<?xml version="1.0" ?>
<!DOCTYPE PubmedArticleSet PUBLIC "-//NLM//DTD PubMedArticle, 1st January 2019//EN" "https://dtd.nlm.nih.gov/ncbi/pubmed/out/pubmed_190101.dtd">
<PubmedArticleSet><PubmedArticle><MedlineCitation Status="MEDLINE" Owner="NLM"><PMID Version="1">1001852</PMID><DateCompleted><Year>1977</Year><Month>02</Month><Day>16</Day></DateCompleted><DateRevised><Year>2019</Year><Month>08</Month><Day>16</Day></DateRevised><Article PubModel="Print"><Journal><ISSN IssnType="Print">0012-186X</ISSN><JournalIssue CitedMedium="Print"><Volume>12</Volume><Issue>6</Issue><PubDate><Year>1976</Year><Month>Dec</Month></PubDate></JournalIssue><Title>Diabetologia</Title><ISOAbbreviation>Diabetologia</ISOAbbreviation></Journal><ArticleTitle>C-peptide in children with juvenile diabetes. A preliminary report.</ArticleTitle><Pagination><MedlinePgn>627-30</MedlinePgn></Pagination><Abstract><AbstractText>Serum C-peptide, insulin-binding IgG and total insulin (IRI) were determined in 96 juvenile diabetics aged 4-21 years, with onset of diabetes at the age of 1-16 years and with 2-17 years' duration of diabetes. Thirty-four patients (35.4%) had detectable levels of C-peptide (greater than or equal to 0.04 pmol/ml). Compared to non-diabetic adults, 19 had values below the normal range, 12 showed values within the normal range (0.18-0.63 pmol/ml) and 3 rated above normal. There was a negative correlation between the fasting C-peptide concentration and the degree of ketonuria at the onset of diabetes and a positive correlation between C-peptide levels and the incidence of post-initial remission periods. Patients without detectable C-peptide had significantly higher levels of insulin antibodies than those who had detectable levels of C-peptide. The possibility of a relationship between the intensity of the initial treatment of diabetes and the preservation of the B-cell function is discussed, as well as the possibility of insulin antibodies being a cause of B-cell exhaustion.</AbstractText></Abstract><AuthorList CompleteYN="Y"><Author ValidYN="Y"><LastName>Ludvigsson</LastName><ForeName>J</ForeName><Initials>J</Initials></Author><Author ValidYN="Y"><LastName>Heding</LastName><ForeName>L G</ForeName><Initials>LG</Initials></Author></AuthorList><Language>eng</Language><PublicationTypeList><PublicationType UI="D016428">Journal Article</PublicationType></PublicationTypeList></Article><MedlineJournalInfo><Country>Germany</Country><MedlineTA>Diabetologia</MedlineTA><NlmUniqueID>0006777</NlmUniqueID><ISSNLinking>0012-186X</ISSNLinking></MedlineJournalInfo><ChemicalList><Chemical><RegistryNumber>0</RegistryNumber><NameOfSubstance UI="D002096">C-Peptide</NameOfSubstance></Chemical><Chemical><RegistryNumber>0</RegistryNumber><NameOfSubstance UI="D007328">Insulin</NameOfSubstance></Chemical><Chemical><RegistryNumber>0</RegistryNumber><NameOfSubstance UI="D007330">Insulin Antibodies</NameOfSubstance></Chemical><Chemical><RegistryNumber>0</RegistryNumber><NameOfSubstance UI="D007657">Ketone Bodies</NameOfSubstance></Chemical><Chemical><RegistryNumber>0</RegistryNumber><NameOfSubstance UI="D010455">Peptides</NameOfSubstance></Chemical></ChemicalList><CitationSubset>IM</CitationSubset><MeshHeadingList><MeshHeading><DescriptorName UI="D000293" MajorTopicYN="N">Adolescent</DescriptorName></MeshHeading><MeshHeading><DescriptorName UI="D000328" MajorTopicYN="N">Adult</DescriptorName></MeshHeading><MeshHeading><DescriptorName UI="D000367" MajorTopicYN="N">Age Factors</DescriptorName></MeshHeading><MeshHeading><DescriptorName UI="D002096" MajorTopicYN="N">C-Peptide</DescriptorName><QualifierName UI="Q000097" MajorTopicYN="Y">blood</QualifierName></MeshHeading><MeshHeading><DescriptorName UI="D002648" MajorTopicYN="N">Child</DescriptorName></MeshHeading><MeshHeading><DescriptorName UI="D002675" MajorTopicYN="N">Child, Preschool</DescriptorName></MeshHeading><MeshHeading><DescriptorName UI="D003922" MajorTopicYN="N">Diabetes Mellitus, Type 1</DescriptorName><QualifierName UI="Q000097" MajorTopicYN="Y">blood</QualifierName><QualifierName UI="Q000188" MajorTopicYN="N">drug therapy</QualifierName></MeshHeading><MeshHeading><DescriptorName UI="D006801" MajorTopicYN="N">Humans</DescriptorName></MeshHeading><MeshHeading><DescriptorName UI="D007328" MajorTopicYN="N">Insulin</DescriptorName><QualifierName UI="Q000627" MajorTopicYN="N">therapeutic use</QualifierName></MeshHeading><MeshHeading><DescriptorName UI="D007330" MajorTopicYN="N">Insulin Antibodies</DescriptorName><QualifierName UI="Q000032" MajorTopicYN="N">analysis</QualifierName></MeshHeading><MeshHeading><DescriptorName UI="D007657" MajorTopicYN="N">Ketone Bodies</DescriptorName><QualifierName UI="Q000652" MajorTopicYN="N">urine</QualifierName></MeshHeading><MeshHeading><DescriptorName UI="D010455" MajorTopicYN="N">Peptides</DescriptorName><QualifierName UI="Q000097" MajorTopicYN="Y">blood</QualifierName></MeshHeading><MeshHeading><DescriptorName UI="D012075" MajorTopicYN="N">Remission, Spontaneous</DescriptorName></MeshHeading></MeshHeadingList></MedlineCitation><PubmedData><History><PubMedPubDate PubStatus="pubmed"><Year>1976</Year><Month>12</Month><Day>1</Day></PubMedPubDate><PubMedPubDate PubStatus="medline"><Year>1976</Year><Month>12</Month><Day>1</Day><Hour>0</Hour><Minute>1</Minute></PubMedPubDate><PubMedPubDate PubStatus="entrez"><Year>1976</Year><Month>12</Month><Day>1</Day><Hour>0</Hour><Minute>0</Minute></PubMedPubDate></History><PublicationStatus>ppublish</PublicationStatus><ArticleIdList><ArticleId IdType="pubmed">1001852</ArticleId><ArticleId IdType="doi">10.1007/BF01220642</ArticleId></ArticleIdList><ReferenceList><Reference><Citation>Anat Rec. 1965 Sep;153(1):49-54</Citation><ArticleIdList><ArticleId IdType="pubmed">5328301</ArticleId></ArticleIdList></Reference><Reference><Citation>Am J Pathol. 1968 May;52(5):1099-115</Citation><ArticleIdList><ArticleId IdType="pubmed">4869188</ArticleId></ArticleIdList></Reference><Reference><Citation>Diabetes. 1965 Dec;14(12):780-7</Citation><ArticleIdList><ArticleId IdType="pubmed">5892262</ArticleId></ArticleIdList></Reference><Reference><Citation>Diabetologia. 1975 Jun;11(3):201-6</Citation><ArticleIdList><ArticleId IdType="pubmed">1149953</ArticleId></ArticleIdList></Reference><Reference><Citation>Horm Metab Res. 1973 May;5(3):147-54</Citation><ArticleIdList><ArticleId IdType="pubmed">4736627</ArticleId></ArticleIdList></Reference><Reference><Citation>Annu Rev Med. 1970;21:219-40</Citation><ArticleIdList><ArticleId IdType="pubmed">4913946</ArticleId></ArticleIdList></Reference><Reference><Citation>Metabolism. 1973 Feb;22(2):255-67</Citation><ArticleIdList><ArticleId IdType="pubmed">4687946</ArticleId></ArticleIdList></Reference><Reference><Citation>Horm Metab Res. 1974 Nov;6(6):439-43</Citation><ArticleIdList><ArticleId IdType="pubmed">4452543</ArticleId></ArticleIdList></Reference><Reference><Citation>Clin Chem. 1971 Oct;17(10):1010-5</Citation><ArticleIdList><ArticleId IdType="pubmed">4398480</ArticleId></ArticleIdList></Reference><Reference><Citation>J Clin Invest. 1975 Jun;55(6):1278-83</Citation><ArticleIdList><ArticleId IdType="pubmed">1133173</ArticleId></ArticleIdList></Reference><Reference><Citation>Diabetologia. 1975 Dec;11(6):541-8</Citation><ArticleIdList><ArticleId IdType="pubmed">1239396</ArticleId></ArticleIdList></Reference><Reference><Citation>Lancet. 1975 Jan 4;1(7897):14-6</Citation><ArticleIdList><ArticleId IdType="pubmed">46337</ArticleId></ArticleIdList></Reference><Reference><Citation>Diabetologia. 1972 Aug;8(4):260-6</Citation><ArticleIdList><ArticleId IdType="pubmed">4673942</ArticleId></ArticleIdList></Reference><Reference><Citation>Pediatr Clin North Am. 1974 Nov;21(4):871-84</Citation><ArticleIdList><ArticleId IdType="pubmed">4215063</ArticleId></ArticleIdList></Reference><Reference><Citation>Diabetes. 1972 Oct;21(10):1013-26</Citation><ArticleIdList><ArticleId IdType="pubmed">4116300</ArticleId></ArticleIdList></Reference><Reference><Citation>Hoppe Seylers Z Physiol Chem. 1976 Jun;357(6):751-7</Citation><ArticleIdList><ArticleId IdType="pubmed">986357</ArticleId></ArticleIdList></Reference></ReferenceList></PubmedData></PubmedArticle></PubmedArticleSet>