<?xml version="1.0" ?>
<!DOCTYPE PubmedArticleSet PUBLIC "-//NLM//DTD PubMedArticle, 1st January 2019//EN" "https://dtd.nlm.nih.gov/ncbi/pubmed/out/pubmed_190101.dtd">
<PubmedArticleSet><PubmedArticle><MedlineCitation Status="MEDLINE" Owner="NLM"><PMID Version="1">10023861</PMID><DateCompleted><Year>1999</Year><Month>02</Month><Day>25</Day></DateCompleted><DateRevised><Year>2019</Year><Month>08</Month><Day>18</Day></DateRevised><Article PubModel="Print"><Journal><ISSN IssnType="Print">0300-9475</ISSN><JournalIssue CitedMedium="Print"><Volume>49</Volume><Issue>1</Issue><PubDate><Year>1999</Year><Month>Jan</Month></PubDate></JournalIssue><Title>Scandinavian journal of immunology</Title><ISOAbbreviation>Scand J Immunol</ISOAbbreviation></Journal><ArticleTitle>CD23 antigen expression on B lymphocytes and soluble CD23 levels in peripheral blood of high-risk type 1 diabetes subjects.</ArticleTitle><Pagination><MedlinePgn>78-81</MedlinePgn></Pagination><Abstract><AbstractText>Soluble CD23 (sCD23), a recently discovered multifunctional cytokine, is a 25-kDa molecule released by autoproteolysis from the 45-kDa CD23 molecule which is found mainly on the surface of B lymphocytes. In the present study we aimed to evaluate, in association with humoral immune and metabolic markers, the changes in CD23 antigen expression on B lymphocytes and levels of sCD23 in the peripheral blood of subjects at high risk of type 1 diabetes. The study was carried out in 28 first-degree relatives of type 1 diabetes patients (versus a control group of 28 age- and sex-matched healthy volunteers) using antibodies against different B-cell antigens: ICA, GADA, IAA, IA-2. Flow cytometry was used to measure the percentage of CD20+ (B lymphocytes) and CD20+CD23+ lymphocyte subsets, and sCD23 levels in serum were determined by enzyme immunoassay. Prediabetic subjects had a significantly (P&lt;0.01) lower percentage of CD20+CD23+ lymphocytes in comparison with healthy age- and sex-matched controls. Expression of CD23+ on B lymphocytes was similar in subjects with ICA only and with two or more antibodies against pancreatic antigens. In the prediabetic group, the median concentration of sCD23 was lower than in the control group and was statistically significant (P &lt; 0.02) in the subgroup of subjects with the most impaired function of pancreatic beta-cells (the lowest values of first phase of insulin release). In conclusion, our study suggests that CD23 molecule expression on B lymphocytes and sCD23 levels in peripheral blood could be additional markers for monitoring the development of type 1 diabetes and play a role in determining the efficacy of prevention trials. However, further prospective studies are needed.</AbstractText></Abstract><AuthorList CompleteYN="Y"><Author ValidYN="Y"><LastName>Kretowski</LastName><ForeName>A</ForeName><Initials>A</Initials><AffiliationInfo><Affiliation>Department of Endocrinology, Medical School Białystok, Poland.</Affiliation></AffiliationInfo></Author><Author ValidYN="Y"><LastName>Szelachowska</LastName><ForeName>M</ForeName><Initials>M</Initials></Author><Author ValidYN="Y"><LastName>Pietruczuk</LastName><ForeName>M</ForeName><Initials>M</Initials></Author><Author ValidYN="Y"><LastName>Kinalska</LastName><ForeName>I</ForeName><Initials>I</Initials></Author></AuthorList><Language>eng</Language><PublicationTypeList><PublicationType UI="D016428">Journal Article</PublicationType></PublicationTypeList></Article><MedlineJournalInfo><Country>England</Country><MedlineTA>Scand J Immunol</MedlineTA><NlmUniqueID>0323767</NlmUniqueID><ISSNLinking>0300-9475</ISSNLinking></MedlineJournalInfo><ChemicalList><Chemical><RegistryNumber>0</RegistryNumber><NameOfSubstance UI="D015415">Biomarkers</NameOfSubstance></Chemical><Chemical><RegistryNumber>0</RegistryNumber><NameOfSubstance UI="D001786">Blood Glucose</NameOfSubstance></Chemical><Chemical><RegistryNumber>0</RegistryNumber><NameOfSubstance UI="D006442">Glycated Hemoglobin A</NameOfSubstance></Chemical><Chemical><RegistryNumber>0</RegistryNumber><NameOfSubstance UI="D017455">Receptors, IgE</NameOfSubstance></Chemical></ChemicalList><CitationSubset>IM</CitationSubset><MeshHeadingList><MeshHeading><DescriptorName UI="D000293" MajorTopicYN="N">Adolescent</DescriptorName></MeshHeading><MeshHeading><DescriptorName UI="D000328" MajorTopicYN="N">Adult</DescriptorName></MeshHeading><MeshHeading><DescriptorName UI="D001402" MajorTopicYN="N">B-Lymphocytes</DescriptorName><QualifierName UI="Q000378" MajorTopicYN="Y">metabolism</QualifierName></MeshHeading><MeshHeading><DescriptorName UI="D015415" MajorTopicYN="N">Biomarkers</DescriptorName><QualifierName UI="Q000097" MajorTopicYN="N">blood</QualifierName></MeshHeading><MeshHeading><DescriptorName UI="D001786" MajorTopicYN="N">Blood Glucose</DescriptorName><QualifierName UI="Q000378" MajorTopicYN="N">metabolism</QualifierName></MeshHeading><MeshHeading><DescriptorName UI="D002648" MajorTopicYN="N">Child</DescriptorName></MeshHeading><MeshHeading><DescriptorName UI="D003922" MajorTopicYN="N">Diabetes Mellitus, Type 1</DescriptorName><QualifierName UI="Q000097" MajorTopicYN="N">blood</QualifierName><QualifierName UI="Q000209" MajorTopicYN="N">etiology</QualifierName><QualifierName UI="Q000276" MajorTopicYN="Y">immunology</QualifierName></MeshHeading><MeshHeading><DescriptorName UI="D005260" MajorTopicYN="N">Female</DescriptorName></MeshHeading><MeshHeading><DescriptorName UI="D006442" MajorTopicYN="N">Glycated Hemoglobin A</DescriptorName><QualifierName UI="Q000378" MajorTopicYN="N">metabolism</QualifierName></MeshHeading><MeshHeading><DescriptorName UI="D006801" MajorTopicYN="N">Humans</DescriptorName></MeshHeading><MeshHeading><DescriptorName UI="D007958" MajorTopicYN="N">Leukocyte Count</DescriptorName></MeshHeading><MeshHeading><DescriptorName UI="D018655" MajorTopicYN="N">Lymphocyte Count</DescriptorName></MeshHeading><MeshHeading><DescriptorName UI="D008297" MajorTopicYN="N">Male</DescriptorName></MeshHeading><MeshHeading><DescriptorName UI="D011236" MajorTopicYN="N">Prediabetic State</DescriptorName><QualifierName UI="Q000097" MajorTopicYN="N">blood</QualifierName><QualifierName UI="Q000276" MajorTopicYN="N">immunology</QualifierName></MeshHeading><MeshHeading><DescriptorName UI="D017455" MajorTopicYN="N">Receptors, IgE</DescriptorName><QualifierName UI="Q000096" MajorTopicYN="Y">biosynthesis</QualifierName><QualifierName UI="Q000097" MajorTopicYN="Y">blood</QualifierName></MeshHeading><MeshHeading><DescriptorName UI="D012307" MajorTopicYN="N">Risk Factors</DescriptorName></MeshHeading><MeshHeading><DescriptorName UI="D012995" MajorTopicYN="N">Solubility</DescriptorName></MeshHeading></MeshHeadingList></MedlineCitation><PubmedData><History><PubMedPubDate PubStatus="pubmed"><Year>1999</Year><Month>2</Month><Day>19</Day></PubMedPubDate><PubMedPubDate PubStatus="medline"><Year>1999</Year><Month>2</Month><Day>19</Day><Hour>0</Hour><Minute>1</Minute></PubMedPubDate><PubMedPubDate PubStatus="entrez"><Year>1999</Year><Month>2</Month><Day>19</Day><Hour>0</Hour><Minute>0</Minute></PubMedPubDate></History><PublicationStatus>ppublish</PublicationStatus><ArticleIdList><ArticleId IdType="pubmed">10023861</ArticleId><ArticleId IdType="doi">10.1046/j.1365-3083.1999.00448.x</ArticleId></ArticleIdList></PubmedData></PubmedArticle></PubmedArticleSet>