<?xml version="1.0" ?>
<!DOCTYPE PubmedArticleSet PUBLIC "-//NLM//DTD PubMedArticle, 1st January 2019//EN" "https://dtd.nlm.nih.gov/ncbi/pubmed/out/pubmed_190101.dtd">
<PubmedArticleSet><PubmedArticle><MedlineCitation Status="MEDLINE" Owner="NLM"><PMID Version="1">10025302</PMID><DateCompleted><Year>1999</Year><Month>02</Month><Day>26</Day></DateCompleted><DateRevised><Year>2021</Year><Month>12</Month><Day>03</Day></DateRevised><Article PubModel="Print"><Journal><ISSN IssnType="Print">1071-5568</ISSN><JournalIssue CitedMedium="Print"><Volume>5</Volume><Issue>3</Issue><PubDate><Year>1998</Year><Season>Fall</Season></PubDate></JournalIssue><Title>Journal of cultural diversity</Title><ISOAbbreviation>J Cult Divers</ISOAbbreviation></Journal><ArticleTitle>Differences in functional status, health status, and community-based service use between black and white diabetic elders.</ArticleTitle><Pagination><MedlinePgn>94-100</MedlinePgn></Pagination><Abstract><AbstractText>This study examined differences between 280 black and 269 white diabetic elders (n = 549) in functional and health status and use of community-based services. Cox's Interaction Model of Client Health Behavior provided the theoretical framework. Nonparametric analysis of variance, independent groups t-tests, and chi-square statistics were used. There were no significant differences between the groups in health status or ADL difficulty as a measure of functional status. White diabetic elders had significantly more IADL difficulty. Community-based service use was significantly lower among black diabetic elders, but both groups underutilized services. Findings have implications for health care delivery systems, health policy, case management, health outcomes evaluation, and advanced practice.</AbstractText></Abstract><AuthorList CompleteYN="Y"><Author ValidYN="Y"><LastName>Witucki</LastName><ForeName>J M</ForeName><Initials>JM</Initials><AffiliationInfo><Affiliation>College of Nursing, University of Tennessee, Knoxville, USA.</Affiliation></AffiliationInfo></Author><Author ValidYN="Y"><LastName>Wallace</LastName><ForeName>D C</ForeName><Initials>DC</Initials></Author></AuthorList><Language>eng</Language><GrantList CompleteYN="Y"><Grant><GrantID>NR1F316293-01</GrantID><Acronym>NR</Acronym><Agency>NINR NIH HHS</Agency><Country>United States</Country></Grant></GrantList><PublicationTypeList><PublicationType UI="D003160">Comparative Study</PublicationType><PublicationType UI="D016428">Journal Article</PublicationType><PublicationType UI="D013487">Research Support, U.S. Gov't, P.H.S.</PublicationType></PublicationTypeList></Article><MedlineJournalInfo><Country>United States</Country><MedlineTA>J Cult Divers</MedlineTA><NlmUniqueID>9439196</NlmUniqueID><ISSNLinking>1071-5568</ISSNLinking></MedlineJournalInfo><MeshHeadingList><MeshHeading><DescriptorName UI="D000203" MajorTopicYN="Y">Activities of Daily Living</DescriptorName></MeshHeading><MeshHeading><DescriptorName UI="D001741" MajorTopicYN="N">African Americans</DescriptorName><QualifierName UI="Q000706" MajorTopicYN="Y">statistics &amp; numerical data</QualifierName></MeshHeading><MeshHeading><DescriptorName UI="D000368" MajorTopicYN="N">Aged</DescriptorName></MeshHeading><MeshHeading><DescriptorName UI="D000369" MajorTopicYN="N">Aged, 80 and over</DescriptorName></MeshHeading><MeshHeading><DescriptorName UI="D000704" MajorTopicYN="N">Analysis of Variance</DescriptorName></MeshHeading><MeshHeading><DescriptorName UI="D016009" MajorTopicYN="N">Chi-Square Distribution</DescriptorName></MeshHeading><MeshHeading><DescriptorName UI="D003153" MajorTopicYN="N">Community Health Services</DescriptorName><QualifierName UI="Q000706" MajorTopicYN="Y">statistics &amp; numerical data</QualifierName></MeshHeading><MeshHeading><DescriptorName UI="D003924" MajorTopicYN="N">Diabetes Mellitus, Type 2</DescriptorName><QualifierName UI="Q000208" MajorTopicYN="Y">ethnology</QualifierName><QualifierName UI="Q000534" MajorTopicYN="N">rehabilitation</QualifierName></MeshHeading><MeshHeading><DescriptorName UI="D005260" MajorTopicYN="N">Female</DescriptorName></MeshHeading><MeshHeading><DescriptorName UI="D006304" MajorTopicYN="Y">Health Status</DescriptorName></MeshHeading><MeshHeading><DescriptorName UI="D006801" MajorTopicYN="N">Humans</DescriptorName></MeshHeading><MeshHeading><DescriptorName UI="D015994" MajorTopicYN="N">Incidence</DescriptorName></MeshHeading><MeshHeading><DescriptorName UI="D008297" MajorTopicYN="N">Male</DescriptorName></MeshHeading><MeshHeading><DescriptorName UI="D008960" MajorTopicYN="N">Models, Psychological</DescriptorName></MeshHeading><MeshHeading><DescriptorName UI="D010342" MajorTopicYN="N">Patient Acceptance of Health Care</DescriptorName><QualifierName UI="Q000208" MajorTopicYN="Y">ethnology</QualifierName></MeshHeading><MeshHeading><DescriptorName UI="D013022" MajorTopicYN="N" Type="Geographic">South Carolina</DescriptorName></MeshHeading><MeshHeading><DescriptorName UI="D011795" MajorTopicYN="N">Surveys and Questionnaires</DescriptorName></MeshHeading><MeshHeading><DescriptorName UI="D044465" MajorTopicYN="N">Whites</DescriptorName><QualifierName UI="Q000706" MajorTopicYN="Y">statistics &amp; numerical data</QualifierName></MeshHeading></MeshHeadingList></MedlineCitation><PubmedData><History><PubMedPubDate PubStatus="pubmed"><Year>1999</Year><Month>2</Month><Day>20</Day></PubMedPubDate><PubMedPubDate PubStatus="medline"><Year>1999</Year><Month>2</Month><Day>20</Day><Hour>0</Hour><Minute>1</Minute></PubMedPubDate><PubMedPubDate PubStatus="entrez"><Year>1999</Year><Month>2</Month><Day>20</Day><Hour>0</Hour><Minute>0</Minute></PubMedPubDate></History><PublicationStatus>ppublish</PublicationStatus><ArticleIdList><ArticleId IdType="pubmed">10025302</ArticleId></ArticleIdList></PubmedData></PubmedArticle></PubmedArticleSet>