<?xml version="1.0" ?>
<!DOCTYPE PubmedArticleSet PUBLIC "-//NLM//DTD PubMedArticle, 1st January 2019//EN" "https://dtd.nlm.nih.gov/ncbi/pubmed/out/pubmed_190101.dtd">
<PubmedArticleSet><PubmedArticle><MedlineCitation Status="MEDLINE" Owner="NLM"><PMID Version="1">10027578</PMID><DateCompleted><Year>1999</Year><Month>04</Month><Day>26</Day></DateCompleted><DateRevised><Year>2022</Year><Month>04</Month><Day>08</Day></DateRevised><Article PubModel="Print"><Journal><ISSN IssnType="Print">0012-186X</ISSN><JournalIssue CitedMedium="Print"><Volume>42</Volume><Issue>1</Issue><PubDate><Year>1999</Year><Month>Jan</Month></PubDate></JournalIssue><Title>Diabetologia</Title><ISOAbbreviation>Diabetologia</ISOAbbreviation></Journal><ArticleTitle>Vitamin D supplement in early childhood and risk for Type I (insulin-dependent) diabetes mellitus. The EURODIAB Substudy 2 Study Group.</ArticleTitle><Pagination><MedlinePgn>51-4</MedlinePgn></Pagination><Abstract><AbstractText>The initiation of the immunopathogenetic process that can lead to Type I (insulin-dependent) diabetes mellitus in childhood probably occurs early in life. Studies in vitro have shown that vitamin D3 is immunosuppressive or immunomodulating and studies in experimental models of autoimmunity, including one for autoimmune diabetes, have shown vitamin D to be protective. Seven centres in Europe with access to population-based and validated case registers of insulin-dependent diabetes patients participated in a case-control study focusing on early exposures and risk of Type I diabetes. Altogether data from 820 patients and 2335 control subjects corresponding to 85% of eligible patients and 76% of eligible control subjects were analysed. Questions focused on perinatal events and early eating habits including vitamin D supplementation. The frequency of vitamin D supplementation in different countries varied from 47 to 97% among control subjects. Vitamin D supplementation was associated with a decreased risk of Type I diabetes without indication of heterogeneity. The Mantel-Haenszel combined odds ratio was 0.67 (95% confidence limits: 0.53, 0.86). Adjustment for the possible confounders: a low birth weight, a short duration of breast feeding, old maternal age and study centre in logistic regression analysis did not affect the significant protective effect of vitamin D. In conclusion, this large multicentre trial covering many different European settings consistently showed a protective effect of vitamin D supplementation in infancy. The findings indicate that activated vitamin D might contribute to immune modulation and thereby protect or arrest an ongoing immune process initiated in susceptible people by early environmental exposures.</AbstractText></Abstract><Language>eng</Language><PublicationTypeList><PublicationType UI="D003160">Comparative Study</PublicationType><PublicationType UI="D016428">Journal Article</PublicationType><PublicationType UI="D016448">Multicenter Study</PublicationType><PublicationType UI="D013485">Research Support, Non-U.S. Gov't</PublicationType></PublicationTypeList></Article><MedlineJournalInfo><Country>Germany</Country><MedlineTA>Diabetologia</MedlineTA><NlmUniqueID>0006777</NlmUniqueID><ISSNLinking>0012-186X</ISSNLinking></MedlineJournalInfo><ChemicalList><Chemical><RegistryNumber>1406-16-2</RegistryNumber><NameOfSubstance UI="D014807">Vitamin D</NameOfSubstance></Chemical></ChemicalList><CitationSubset>IM</CitationSubset><MeshHeadingList><MeshHeading><DescriptorName UI="D000293" MajorTopicYN="N">Adolescent</DescriptorName></MeshHeading><MeshHeading><DescriptorName UI="D000367" MajorTopicYN="N">Age Factors</DescriptorName></MeshHeading><MeshHeading><DescriptorName UI="D017668" MajorTopicYN="N">Age of Onset</DescriptorName></MeshHeading><MeshHeading><DescriptorName UI="D016022" MajorTopicYN="N">Case-Control Studies</DescriptorName></MeshHeading><MeshHeading><DescriptorName UI="D002648" MajorTopicYN="N">Child</DescriptorName></MeshHeading><MeshHeading><DescriptorName UI="D002675" MajorTopicYN="N">Child, Preschool</DescriptorName></MeshHeading><MeshHeading><DescriptorName UI="D016001" MajorTopicYN="N">Confidence Intervals</DescriptorName></MeshHeading><MeshHeading><DescriptorName UI="D003922" MajorTopicYN="N">Diabetes Mellitus, Type 1</DescriptorName><QualifierName UI="Q000453" MajorTopicYN="Y">epidemiology</QualifierName><QualifierName UI="Q000517" MajorTopicYN="Y">prevention &amp; control</QualifierName></MeshHeading><MeshHeading><DescriptorName UI="D019587" MajorTopicYN="Y">Dietary Supplements</DescriptorName></MeshHeading><MeshHeading><DescriptorName UI="D005060" MajorTopicYN="N" Type="Geographic">Europe</DescriptorName><QualifierName UI="Q000453" MajorTopicYN="N">epidemiology</QualifierName></MeshHeading><MeshHeading><DescriptorName UI="D006801" MajorTopicYN="N">Humans</DescriptorName></MeshHeading><MeshHeading><DescriptorName UI="D007223" MajorTopicYN="N">Infant</DescriptorName></MeshHeading><MeshHeading><DescriptorName UI="D016017" MajorTopicYN="N">Odds Ratio</DescriptorName></MeshHeading><MeshHeading><DescriptorName UI="D012042" MajorTopicYN="N">Registries</DescriptorName></MeshHeading><MeshHeading><DescriptorName UI="D015203" MajorTopicYN="N">Reproducibility of Results</DescriptorName></MeshHeading><MeshHeading><DescriptorName UI="D012307" MajorTopicYN="N">Risk Factors</DescriptorName></MeshHeading><MeshHeading><DescriptorName UI="D014807" MajorTopicYN="N">Vitamin D</DescriptorName><QualifierName UI="Q000008" MajorTopicYN="Y">administration &amp; dosage</QualifierName><QualifierName UI="Q000627" MajorTopicYN="N">therapeutic use</QualifierName></MeshHeading></MeshHeadingList></MedlineCitation><PubmedData><History><PubMedPubDate PubStatus="pubmed"><Year>1999</Year><Month>2</Month><Day>23</Day></PubMedPubDate><PubMedPubDate PubStatus="medline"><Year>1999</Year><Month>2</Month><Day>23</Day><Hour>0</Hour><Minute>1</Minute></PubMedPubDate><PubMedPubDate PubStatus="entrez"><Year>1999</Year><Month>2</Month><Day>23</Day><Hour>0</Hour><Minute>0</Minute></PubMedPubDate></History><PublicationStatus>ppublish</PublicationStatus><ArticleIdList><ArticleId IdType="pubmed">10027578</ArticleId><ArticleId IdType="doi">10.1007/s001250051112</ArticleId></ArticleIdList></PubmedData></PubmedArticle></PubmedArticleSet>