<?xml version="1.0" ?>
<!DOCTYPE PubmedArticleSet PUBLIC "-//NLM//DTD PubMedArticle, 1st January 2019//EN" "https://dtd.nlm.nih.gov/ncbi/pubmed/out/pubmed_190101.dtd">
<PubmedArticleSet><PubmedArticle><MedlineCitation Status="MEDLINE" Owner="NLM"><PMID Version="1">10036339</PMID><DateCompleted><Year>1999</Year><Month>04</Month><Day>05</Day></DateCompleted><DateRevised><Year>2019</Year><Month>11</Month><Day>02</Day></DateRevised><Article PubModel="Print"><Journal><ISSN IssnType="Print">1050-1606</ISSN><JournalIssue CitedMedium="Print"><Volume>9</Volume><Issue>1</Issue><PubDate><Year>1999</Year><Month>Mar</Month></PubDate></JournalIssue><Title>International journal of sport nutrition</Title><ISOAbbreviation>Int J Sport Nutr</ISOAbbreviation></Journal><ArticleTitle>Glucose ingestion matched with total carbohydrate utilization attenuates hypoglycemia during exercise in adolescents with IDDM.</ArticleTitle><Pagination><MedlinePgn>24-34</MedlinePgn></Pagination><Abstract><AbstractText>There are currently no guidelines regarding the carbohydrate (CHO) dosage required to prevent exercise-induced hypoglycemia in children with insulin-dependent diabetes mellitus (IDDM). To prevent hypoglycemia by matching glucose ingestion with total-CHO utilization, 20 adolescents with IDDM attended 2 trials: control (CT; drinking water) and glucose (GT; drinking 6-8% glucose). Participants performed 60 min of moderate-intensity cycling 100 min after insulin injection and breakfast. CT's total-CHO utilization during exercise was determined using indirect calorimetry. In GT, participants ingested glucose in the amount equal to total CHO utilization in the CT. A total of 9 participants had BG &lt; 4.0 mmol/L in CT compared to 3 in GT (p &lt; .05). In conclusion, glucose ingestion equal to total-CHO utilization attenuates the drop in blood glucose and reduces the likelihood of hypoglycemia during exercise in adolescents with IDDM.</AbstractText></Abstract><AuthorList CompleteYN="Y"><Author ValidYN="Y"><LastName>Riddell</LastName><ForeName>M C</ForeName><Initials>MC</Initials><AffiliationInfo><Affiliation>Children's Exercise and Nutrition Centre, McMaster University, Hamilton, ON Canada.</Affiliation></AffiliationInfo></Author><Author ValidYN="Y"><LastName>Bar-Or</LastName><ForeName>O</ForeName><Initials>O</Initials></Author><Author ValidYN="Y"><LastName>Ayub</LastName><ForeName>B V</ForeName><Initials>BV</Initials></Author><Author ValidYN="Y"><LastName>Calvert</LastName><ForeName>R E</ForeName><Initials>RE</Initials></Author><Author ValidYN="Y"><LastName>Heigenhauser</LastName><ForeName>G J</ForeName><Initials>GJ</Initials></Author></AuthorList><Language>eng</Language><PublicationTypeList><PublicationType UI="D003160">Comparative Study</PublicationType><PublicationType UI="D016428">Journal Article</PublicationType><PublicationType UI="D013485">Research Support, Non-U.S. Gov't</PublicationType></PublicationTypeList></Article><MedlineJournalInfo><Country>United States</Country><MedlineTA>Int J Sport Nutr</MedlineTA><NlmUniqueID>9307702</NlmUniqueID><ISSNLinking>1050-1606</ISSNLinking></MedlineJournalInfo><ChemicalList><Chemical><RegistryNumber>0</RegistryNumber><NameOfSubstance UI="D001786">Blood Glucose</NameOfSubstance></Chemical><Chemical><RegistryNumber>0</RegistryNumber><NameOfSubstance UI="D004040">Dietary Carbohydrates</NameOfSubstance></Chemical><Chemical><RegistryNumber>0</RegistryNumber><NameOfSubstance UI="D007328">Insulin</NameOfSubstance></Chemical><Chemical><RegistryNumber>IY9XDZ35W2</RegistryNumber><NameOfSubstance UI="D005947">Glucose</NameOfSubstance></Chemical></ChemicalList><CitationSubset>IM</CitationSubset><MeshHeadingList><MeshHeading><DescriptorName UI="D000293" MajorTopicYN="N">Adolescent</DescriptorName></MeshHeading><MeshHeading><DescriptorName UI="D000704" MajorTopicYN="N">Analysis of Variance</DescriptorName></MeshHeading><MeshHeading><DescriptorName UI="D001786" MajorTopicYN="N">Blood Glucose</DescriptorName><QualifierName UI="Q000032" MajorTopicYN="N">analysis</QualifierName></MeshHeading><MeshHeading><DescriptorName UI="D002153" MajorTopicYN="N">Calorimetry, Indirect</DescriptorName></MeshHeading><MeshHeading><DescriptorName UI="D003922" MajorTopicYN="N">Diabetes Mellitus, Type 1</DescriptorName><QualifierName UI="Q000378" MajorTopicYN="Y">metabolism</QualifierName><QualifierName UI="Q000517" MajorTopicYN="N">prevention &amp; control</QualifierName></MeshHeading><MeshHeading><DescriptorName UI="D004040" MajorTopicYN="N">Dietary Carbohydrates</DescriptorName><QualifierName UI="Q000008" MajorTopicYN="Y">administration &amp; dosage</QualifierName><QualifierName UI="Q000378" MajorTopicYN="N">metabolism</QualifierName></MeshHeading><MeshHeading><DescriptorName UI="D005080" MajorTopicYN="N">Exercise Test</DescriptorName></MeshHeading><MeshHeading><DescriptorName UI="D005260" MajorTopicYN="N">Female</DescriptorName></MeshHeading><MeshHeading><DescriptorName UI="D005947" MajorTopicYN="N">Glucose</DescriptorName><QualifierName UI="Q000008" MajorTopicYN="Y">administration &amp; dosage</QualifierName><QualifierName UI="Q000378" MajorTopicYN="N">metabolism</QualifierName></MeshHeading><MeshHeading><DescriptorName UI="D006801" MajorTopicYN="N">Humans</DescriptorName></MeshHeading><MeshHeading><DescriptorName UI="D007003" MajorTopicYN="N">Hypoglycemia</DescriptorName><QualifierName UI="Q000517" MajorTopicYN="Y">prevention &amp; control</QualifierName></MeshHeading><MeshHeading><DescriptorName UI="D007328" MajorTopicYN="N">Insulin</DescriptorName><QualifierName UI="Q000627" MajorTopicYN="N">therapeutic use</QualifierName></MeshHeading><MeshHeading><DescriptorName UI="D008297" MajorTopicYN="N">Male</DescriptorName></MeshHeading><MeshHeading><DescriptorName UI="D010101" MajorTopicYN="N">Oxygen Consumption</DescriptorName></MeshHeading><MeshHeading><DescriptorName UI="D005082" MajorTopicYN="N">Physical Exertion</DescriptorName><QualifierName UI="Q000502" MajorTopicYN="Y">physiology</QualifierName></MeshHeading><MeshHeading><DescriptorName UI="D012119" MajorTopicYN="N">Respiration</DescriptorName></MeshHeading></MeshHeadingList></MedlineCitation><PubmedData><History><PubMedPubDate PubStatus="pubmed"><Year>1999</Year><Month>2</Month><Day>26</Day></PubMedPubDate><PubMedPubDate PubStatus="medline"><Year>1999</Year><Month>2</Month><Day>26</Day><Hour>0</Hour><Minute>1</Minute></PubMedPubDate><PubMedPubDate PubStatus="entrez"><Year>1999</Year><Month>2</Month><Day>26</Day><Hour>0</Hour><Minute>0</Minute></PubMedPubDate></History><PublicationStatus>ppublish</PublicationStatus><ArticleIdList><ArticleId IdType="pubmed">10036339</ArticleId><ArticleId IdType="doi">10.1123/ijsn.9.1.24</ArticleId></ArticleIdList></PubmedData></PubmedArticle></PubmedArticleSet>