<?xml version="1.0" ?>
<!DOCTYPE PubmedArticleSet PUBLIC "-//NLM//DTD PubMedArticle, 1st January 2019//EN" "https://dtd.nlm.nih.gov/ncbi/pubmed/out/pubmed_190101.dtd">
<PubmedArticleSet><PubmedArticle><MedlineCitation Status="MEDLINE" Owner="NLM"><PMID Version="1">10037770</PMID><DateCompleted><Year>1999</Year><Month>03</Month><Day>30</Day></DateCompleted><DateRevised><Year>2022</Year><Month>03</Month><Day>21</Day></DateRevised><Article PubModel="Print"><Journal><ISSN IssnType="Print">0021-9258</ISSN><JournalIssue CitedMedium="Print"><Volume>274</Volume><Issue>10</Issue><PubDate><Year>1999</Year><Month>Mar</Month><Day>05</Day></PubDate></JournalIssue><Title>The Journal of biological chemistry</Title><ISOAbbreviation>J Biol Chem</ISOAbbreviation></Journal><ArticleTitle>Novel peroxisome proliferator-activated receptor (PPAR) gamma and PPARdelta ligands produce distinct biological effects.</ArticleTitle><Pagination><MedlinePgn>6718-25</MedlinePgn></Pagination><Abstract><AbstractText>The peroxisome proliferator-activated receptors (PPARs) include three receptor subtypes encoded by separate genes: PPARalpha, PPARdelta, and PPARgamma. PPARgamma has been implicated as a mediator of adipocyte differentiation and the mechanism by which thiazolidinedione drugs exert in vivo insulin sensitization. Here we characterized novel, non-thiazolidinedione agonists for PPARgamma and PPARdelta that were identified by radioligand binding assays. In transient transactivation assays these ligands were agonists of the receptors to which they bind. Protease protection studies showed that ligand binding produced specific alterations in receptor conformation. Both PPARgamma and PPARdelta directly interacted with a nuclear receptor co-activator (CREB-binding protein) in an agonist-dependent manner. Only the PPARgamma agonists were able to promote differentiation of 3T3-L1 preadipocytes. In diabetic db/db mice all PPARgamma agonists were orally active insulin-sensitizing agents producing reductions of elevated plasma glucose and triglyceride concentrations. In contrast, selective in vivo activation of PPARdelta did not significantly affect these parameters. In vivo PPARalpha activation with WY-14653 resulted in reductions in elevated triglyceride levels with minimal effect on hyperglycemia. We conclude that: 1) synthetic non-thiazolidinediones can serve as ligands of PPARgamma and PPARdelta; 2) ligand-dependent activation of PPARdelta involves an apparent conformational change and association of the receptor ligand binding domain with CREB-binding protein; 3) PPARgamma activation (but not PPARdelta or PPARalpha activation) is sufficient to potentiate preadipocyte differentiation; 4) non-thiazolidinedione PPARgamma agonists improve hyperglycemia and hypertriglyceridemia in vivo; 5) although PPARalpha activation is sufficient to affect triglyceride metabolism, PPARdelta activation does not appear to modulate glucose or triglyceride levels.</AbstractText></Abstract><AuthorList CompleteYN="Y"><Author ValidYN="Y"><LastName>Berger</LastName><ForeName>J</ForeName><Initials>J</Initials><AffiliationInfo><Affiliation>Department of Molecular Endocrinology, Merck Research Laboratories, Rahway, New Jersey 07065, USA. joel_berger@merck.com</Affiliation></AffiliationInfo></Author><Author ValidYN="Y"><LastName>Leibowitz</LastName><ForeName>M D</ForeName><Initials>MD</Initials></Author><Author ValidYN="Y"><LastName>Doebber</LastName><ForeName>T W</ForeName><Initials>TW</Initials></Author><Author ValidYN="Y"><LastName>Elbrecht</LastName><ForeName>A</ForeName><Initials>A</Initials></Author><Author ValidYN="Y"><LastName>Zhang</LastName><ForeName>B</ForeName><Initials>B</Initials></Author><Author ValidYN="Y"><LastName>Zhou</LastName><ForeName>G</ForeName><Initials>G</Initials></Author><Author ValidYN="Y"><LastName>Biswas</LastName><ForeName>C</ForeName><Initials>C</Initials></Author><Author ValidYN="Y"><LastName>Cullinan</LastName><ForeName>C A</ForeName><Initials>CA</Initials></Author><Author ValidYN="Y"><LastName>Hayes</LastName><ForeName>N S</ForeName><Initials>NS</Initials></Author><Author ValidYN="Y"><LastName>Li</LastName><ForeName>Y</ForeName><Initials>Y</Initials></Author><Author ValidYN="Y"><LastName>Tanen</LastName><ForeName>M</ForeName><Initials>M</Initials></Author><Author ValidYN="Y"><LastName>Ventre</LastName><ForeName>J</ForeName><Initials>J</Initials></Author><Author ValidYN="Y"><LastName>Wu</LastName><ForeName>M S</ForeName><Initials>MS</Initials></Author><Author ValidYN="Y"><LastName>Berger</LastName><ForeName>G D</ForeName><Initials>GD</Initials></Author><Author ValidYN="Y"><LastName>Mosley</LastName><ForeName>R</ForeName><Initials>R</Initials></Author><Author ValidYN="Y"><LastName>Marquis</LastName><ForeName>R</ForeName><Initials>R</Initials></Author><Author ValidYN="Y"><LastName>Santini</LastName><ForeName>C</ForeName><Initials>C</Initials></Author><Author ValidYN="Y"><LastName>Sahoo</LastName><ForeName>S P</ForeName><Initials>SP</Initials></Author><Author ValidYN="Y"><LastName>Tolman</LastName><ForeName>R L</ForeName><Initials>RL</Initials></Author><Author ValidYN="Y"><LastName>Smith</LastName><ForeName>R G</ForeName><Initials>RG</Initials></Author><Author ValidYN="Y"><LastName>Moller</LastName><ForeName>D E</ForeName><Initials>DE</Initials></Author></AuthorList><Language>eng</Language><PublicationTypeList><PublicationType UI="D016428">Journal Article</PublicationType></PublicationTypeList></Article><MedlineJournalInfo><Country>United States</Country><MedlineTA>J Biol Chem</MedlineTA><NlmUniqueID>2985121R</NlmUniqueID><ISSNLinking>0021-9258</ISSNLinking></MedlineJournalInfo><ChemicalList><Chemical><RegistryNumber>0</RegistryNumber><NameOfSubstance UI="D001786">Blood Glucose</NameOfSubstance></Chemical><Chemical><RegistryNumber>0</RegistryNumber><NameOfSubstance UI="D008024">Ligands</NameOfSubstance></Chemical><Chemical><RegistryNumber>0</RegistryNumber><NameOfSubstance UI="D018160">Receptors, Cytoplasmic and Nuclear</NameOfSubstance></Chemical><Chemical><RegistryNumber>0</RegistryNumber><NameOfSubstance UI="D014157">Transcription Factors</NameOfSubstance></Chemical></ChemicalList><CitationSubset>IM</CitationSubset><MeshHeadingList><MeshHeading><DescriptorName UI="D017667" MajorTopicYN="N">Adipocytes</DescriptorName><QualifierName UI="Q000166" MajorTopicYN="Y">cytology</QualifierName><QualifierName UI="Q000187" MajorTopicYN="N">drug effects</QualifierName><QualifierName UI="Q000378" MajorTopicYN="N">metabolism</QualifierName></MeshHeading><MeshHeading><DescriptorName UI="D000818" MajorTopicYN="N">Animals</DescriptorName></MeshHeading><MeshHeading><DescriptorName UI="D001786" MajorTopicYN="N">Blood Glucose</DescriptorName><QualifierName UI="Q000187" MajorTopicYN="N">drug effects</QualifierName></MeshHeading><MeshHeading><DescriptorName UI="D002454" MajorTopicYN="N">Cell Differentiation</DescriptorName><QualifierName UI="Q000187" MajorTopicYN="N">drug effects</QualifierName></MeshHeading><MeshHeading><DescriptorName UI="D002460" MajorTopicYN="N">Cell Line</DescriptorName></MeshHeading><MeshHeading><DescriptorName UI="D003921" MajorTopicYN="N">Diabetes Mellitus, Experimental</DescriptorName><QualifierName UI="Q000097" MajorTopicYN="N">blood</QualifierName><QualifierName UI="Q000188" MajorTopicYN="Y">drug therapy</QualifierName></MeshHeading><MeshHeading><DescriptorName UI="D006801" MajorTopicYN="N">Humans</DescriptorName></MeshHeading><MeshHeading><DescriptorName UI="D008024" MajorTopicYN="Y">Ligands</DescriptorName></MeshHeading><MeshHeading><DescriptorName UI="D051379" MajorTopicYN="N">Mice</DescriptorName></MeshHeading><MeshHeading><DescriptorName UI="D011487" MajorTopicYN="N">Protein Conformation</DescriptorName></MeshHeading><MeshHeading><DescriptorName UI="D018160" MajorTopicYN="N">Receptors, Cytoplasmic and Nuclear</DescriptorName><QualifierName UI="Q000819" MajorTopicYN="Y">agonists</QualifierName><QualifierName UI="Q000737" MajorTopicYN="N">chemistry</QualifierName><QualifierName UI="Q000378" MajorTopicYN="Y">metabolism</QualifierName></MeshHeading><MeshHeading><DescriptorName UI="D014157" MajorTopicYN="N">Transcription Factors</DescriptorName><QualifierName UI="Q000819" MajorTopicYN="Y">agonists</QualifierName><QualifierName UI="Q000737" MajorTopicYN="N">chemistry</QualifierName><QualifierName UI="Q000378" MajorTopicYN="Y">metabolism</QualifierName></MeshHeading></MeshHeadingList></MedlineCitation><PubmedData><History><PubMedPubDate PubStatus="pubmed"><Year>1999</Year><Month>2</Month><Day>26</Day></PubMedPubDate><PubMedPubDate PubStatus="medline"><Year>1999</Year><Month>2</Month><Day>26</Day><Hour>0</Hour><Minute>1</Minute></PubMedPubDate><PubMedPubDate PubStatus="entrez"><Year>1999</Year><Month>2</Month><Day>26</Day><Hour>0</Hour><Minute>0</Minute></PubMedPubDate></History><PublicationStatus>ppublish</PublicationStatus><ArticleIdList><ArticleId IdType="pubmed">10037770</ArticleId><ArticleId IdType="doi">10.1074/jbc.274.10.6718</ArticleId><ArticleId IdType="pii">S0021-9258(19)87639-1</ArticleId></ArticleIdList></PubmedData></PubmedArticle></PubmedArticleSet>