<?xml version="1.0" ?>
<!DOCTYPE PubmedArticleSet PUBLIC "-//NLM//DTD PubMedArticle, 1st January 2019//EN" "https://dtd.nlm.nih.gov/ncbi/pubmed/out/pubmed_190101.dtd">
<PubmedArticleSet><PubmedArticle><MedlineCitation Status="MEDLINE" Owner="NLM"><PMID Version="1">10049952</PMID><DateCompleted><Year>1999</Year><Month>06</Month><Day>02</Day></DateCompleted><DateRevised><Year>2020</Year><Month>12</Month><Day>15</Day></DateRevised><Article PubModel="Print"><Journal><ISSN IssnType="Print">0022-1007</ISSN><JournalIssue CitedMedium="Print"><Volume>189</Volume><Issue>5</Issue><PubDate><Year>1999</Year><Month>Mar</Month><Day>01</Day></PubDate></JournalIssue><Title>The Journal of experimental medicine</Title><ISOAbbreviation>J Exp Med</ISOAbbreviation></Journal><ArticleTitle>Peripheral autoantigen induces regulatory T cells that prevent autoimmunity.</ArticleTitle><Pagination><MedlinePgn>877-82</MedlinePgn></Pagination><Abstract><AbstractText>Previous studies have shown that autoimmune thyroiditis can be induced in normal laboratory rats after thymectomy and split dose gamma-irradiation. Development of disease can be prevented by reconstitution of PVG rats shortly after their final irradiation with either peripheral CD4(+)CD45RC- T cells or CD4(+)CD8(-) thymocytes from syngeneic donors. Although the activity of both populations is known to depend on the activities of endogenously produced interleukin 4 and transforming growth factor beta, implying a common mechanism, the issue of antigen specificity of the cells involved has not yet been addressed. In this study, we show that the regulatory T cells that prevent autoimmune thyroiditis are generated in vivo only when the relevant autoantigen is also present. Peripheral CD4(+) T cells, from rats whose thyroids were ablated in utero by treatment with 131I, were unable to prevent disease development upon adoptive transfer into thymectomized and irradiated recipients. This regulatory deficit is specific for thyroid autoimmunity, since CD4(+) T cells from 131I-treated PVG.RT1(u) rats were as effective as those from normal donors at preventing diabetes in thymectomized and irradiated PVG.RT1(u) rats. Significantly, in contrast to the peripheral CD4(+) T cells, CD4(+)CD8(-) thymocytes from 131I-treated PVG donors were still able to prevent thyroiditis upon adoptive transfer. Taken together, these data indicate that it is the peripheral autoantigen itself that stimulates the generation of the appropriate regulatory cells from thymic emigrant precursors.</AbstractText></Abstract><AuthorList CompleteYN="Y"><Author ValidYN="Y"><LastName>Seddon</LastName><ForeName>B</ForeName><Initials>B</Initials><AffiliationInfo><Affiliation>Medical Research Council Cellular Immunology Unit, Sir William Dunn School of Pathology, University of Oxford, Oxford OX1 3RE, United Kingdom. bseddon@nimr.mrc.ac.uk</Affiliation></AffiliationInfo></Author><Author ValidYN="Y"><LastName>Mason</LastName><ForeName>D</ForeName><Initials>D</Initials></Author></AuthorList><Language>eng</Language><GrantList CompleteYN="Y"><Grant><Agency>Wellcome Trust</Agency><Country>United Kingdom</Country></Grant></GrantList><PublicationTypeList><PublicationType UI="D003160">Comparative Study</PublicationType><PublicationType UI="D016428">Journal Article</PublicationType></PublicationTypeList></Article><MedlineJournalInfo><Country>United States</Country><MedlineTA>J Exp Med</MedlineTA><NlmUniqueID>2985109R</NlmUniqueID><ISSNLinking>0022-1007</ISSNLinking></MedlineJournalInfo><ChemicalList><Chemical><RegistryNumber>0</RegistryNumber><NameOfSubstance UI="D001324">Autoantigens</NameOfSubstance></Chemical><Chemical><RegistryNumber>0</RegistryNumber><NameOfSubstance UI="D007457">Iodine Radioisotopes</NameOfSubstance></Chemical><Chemical><RegistryNumber>EC 3.1.3.48</RegistryNumber><NameOfSubstance UI="D017493">Leukocyte Common Antigens</NameOfSubstance></Chemical><Chemical><RegistryNumber>EC 3.1.3.48</RegistryNumber><NameOfSubstance UI="D054562">Protein Tyrosine Phosphatase, Non-Receptor Type 1</NameOfSubstance></Chemical></ChemicalList><CitationSubset>IM</CitationSubset><MeshHeadingList><MeshHeading><DescriptorName UI="D000818" MajorTopicYN="N">Animals</DescriptorName></MeshHeading><MeshHeading><DescriptorName UI="D001324" MajorTopicYN="N">Autoantigens</DescriptorName><QualifierName UI="Q000276" MajorTopicYN="Y">immunology</QualifierName></MeshHeading><MeshHeading><DescriptorName UI="D015496" MajorTopicYN="N">CD4-Positive T-Lymphocytes</DescriptorName><QualifierName UI="Q000276" MajorTopicYN="N">immunology</QualifierName></MeshHeading><MeshHeading><DescriptorName UI="D018414" MajorTopicYN="N">CD8-Positive T-Lymphocytes</DescriptorName><QualifierName UI="Q000276" MajorTopicYN="N">immunology</QualifierName></MeshHeading><MeshHeading><DescriptorName UI="D003922" MajorTopicYN="N">Diabetes Mellitus, Type 1</DescriptorName><QualifierName UI="Q000209" MajorTopicYN="N">etiology</QualifierName><QualifierName UI="Q000276" MajorTopicYN="Y">immunology</QualifierName></MeshHeading><MeshHeading><DescriptorName UI="D005260" MajorTopicYN="N">Female</DescriptorName></MeshHeading><MeshHeading><DescriptorName UI="D007457" MajorTopicYN="N">Iodine Radioisotopes</DescriptorName></MeshHeading><MeshHeading><DescriptorName UI="D017493" MajorTopicYN="N">Leukocyte Common Antigens</DescriptorName><QualifierName UI="Q000276" MajorTopicYN="N">immunology</QualifierName></MeshHeading><MeshHeading><DescriptorName UI="D018448" MajorTopicYN="N">Models, Immunological</DescriptorName></MeshHeading><MeshHeading><DescriptorName UI="D054562" MajorTopicYN="N">Protein Tyrosine Phosphatase, Non-Receptor Type 1</DescriptorName></MeshHeading><MeshHeading><DescriptorName UI="D011828" MajorTopicYN="N">Radiation Chimera</DescriptorName></MeshHeading><MeshHeading><DescriptorName UI="D051381" MajorTopicYN="N">Rats</DescriptorName></MeshHeading><MeshHeading><DescriptorName UI="D016176" MajorTopicYN="N">T-Lymphocyte Subsets</DescriptorName><QualifierName UI="Q000276" MajorTopicYN="N">immunology</QualifierName></MeshHeading><MeshHeading><DescriptorName UI="D013601" MajorTopicYN="N">T-Lymphocytes</DescriptorName><QualifierName UI="Q000276" MajorTopicYN="Y">immunology</QualifierName></MeshHeading><MeshHeading><DescriptorName UI="D013934" MajorTopicYN="N">Thymectomy</DescriptorName></MeshHeading><MeshHeading><DescriptorName UI="D013961" MajorTopicYN="N">Thyroid Gland</DescriptorName><QualifierName UI="Q000528" MajorTopicYN="N">radiation effects</QualifierName></MeshHeading><MeshHeading><DescriptorName UI="D013967" MajorTopicYN="N">Thyroiditis, Autoimmune</DescriptorName><QualifierName UI="Q000209" MajorTopicYN="N">etiology</QualifierName><QualifierName UI="Q000276" MajorTopicYN="Y">immunology</QualifierName></MeshHeading></MeshHeadingList></MedlineCitation><PubmedData><History><PubMedPubDate PubStatus="pubmed"><Year>1999</Year><Month>3</Month><Day>2</Day></PubMedPubDate><PubMedPubDate PubStatus="medline"><Year>1999</Year><Month>3</Month><Day>2</Day><Hour>0</Hour><Minute>1</Minute></PubMedPubDate><PubMedPubDate PubStatus="entrez"><Year>1999</Year><Month>3</Month><Day>2</Day><Hour>0</Hour><Minute>0</Minute></PubMedPubDate></History><PublicationStatus>ppublish</PublicationStatus><ArticleIdList><ArticleId IdType="pubmed">10049952</ArticleId><ArticleId IdType="pmc">PMC2192957</ArticleId><ArticleId IdType="doi">10.1084/jem.189.5.877</ArticleId></ArticleIdList><ReferenceList><Reference><Citation>Clin Exp Immunol. 1975 Sep;21(3):362-75</Citation><ArticleIdList><ArticleId IdType="pubmed">1081932</ArticleId></ArticleIdList></Reference><Reference><Citation>J Exp Med. 1996 Aug 1;184(2):387-96</Citation><ArticleIdList><ArticleId IdType="pubmed">8760792</ArticleId></ArticleIdList></Reference><Reference><Citation>Eur J Immunol. 1980 Aug;10(8):609-15</Citation><ArticleIdList><ArticleId IdType="pubmed">6967416</ArticleId></ArticleIdList></Reference><Reference><Citation>Biochem J. 1980 Apr 1;187(1):1-20</Citation><ArticleIdList><ArticleId IdType="pubmed">6967725</ArticleId></ArticleIdList></Reference><Reference><Citation>Clin Exp Immunol. 1980 Jun;40(3):540-53</Citation><ArticleIdList><ArticleId IdType="pubmed">6998618</ArticleId></ArticleIdList></Reference><Reference><Citation>Cell Tissue Kinet. 1981 Jul;14(4):445-64</Citation><ArticleIdList><ArticleId IdType="pubmed">6973397</ArticleId></ArticleIdList></Reference><Reference><Citation>J Exp Med. 1982 Dec 1;156(6):1577-86</Citation><ArticleIdList><ArticleId IdType="pubmed">6983558</ArticleId></ArticleIdList></Reference><Reference><Citation>J Exp Med. 1987 Jan 1;165(1):146-56</Citation><ArticleIdList><ArticleId IdType="pubmed">2432148</ArticleId></ArticleIdList></Reference><Reference><Citation>Immunology. 1988 Jun;64(2):319-23</Citation><ArticleIdList><ArticleId IdType="pubmed">3391647</ArticleId></ArticleIdList></Reference><Reference><Citation>Eur J Immunol. 1996 Aug;26(8):1807-15</Citation><ArticleIdList><ArticleId IdType="pubmed">8765025</ArticleId></ArticleIdList></Reference><Reference><Citation>Immunol Rev. 1996 Feb;149:195-216</Citation><ArticleIdList><ArticleId IdType="pubmed">9005215</ArticleId></ArticleIdList></Reference><Reference><Citation>J Exp Med. 1996 Dec 1;184(6):2393-8</Citation><ArticleIdList><ArticleId IdType="pubmed">8976193</ArticleId></ArticleIdList></Reference><Reference><Citation>Nature. 1997 Oct 16;389(6652):737-42</Citation><ArticleIdList><ArticleId IdType="pubmed">9338786</ArticleId></ArticleIdList></Reference><Reference><Citation>J Immunol. 1997 Nov 1;159(9):4227-32</Citation><ArticleIdList><ArticleId IdType="pubmed">9379017</ArticleId></ArticleIdList></Reference><Reference><Citation>J Autoimmun. 1998 Aug;11(4):309-18</Citation><ArticleIdList><ArticleId IdType="pubmed">9776708</ArticleId></ArticleIdList></Reference><Reference><Citation>J Exp Med. 1999 Jan 18;189(2):279-88</Citation><ArticleIdList><ArticleId IdType="pubmed">9892610</ArticleId></ArticleIdList></Reference><Reference><Citation>Nature. 1989 Jun 22;339(6226):622-4</Citation><ArticleIdList><ArticleId IdType="pubmed">2786608</ArticleId></ArticleIdList></Reference><Reference><Citation>Eur J Immunol. 1989 Aug;19(8):1387-92</Citation><ArticleIdList><ArticleId IdType="pubmed">2776826</ArticleId></ArticleIdList></Reference><Reference><Citation>Immunology. 1990 Dec;71(4):595-7</Citation><ArticleIdList><ArticleId IdType="pubmed">2279743</ArticleId></ArticleIdList></Reference><Reference><Citation>J Immunol. 1991 Nov 1;147(9):2928-33</Citation><ArticleIdList><ArticleId IdType="pubmed">1717580</ArticleId></ArticleIdList></Reference><Reference><Citation>J Exp Med. 1993 Mar 1;177(3):627-36</Citation><ArticleIdList><ArticleId IdType="pubmed">8094734</ArticleId></ArticleIdList></Reference><Reference><Citation>Cell. 1994 Jan 14;76(1):17-27</Citation><ArticleIdList><ArticleId IdType="pubmed">8287475</ArticleId></ArticleIdList></Reference><Reference><Citation>J Exp Med. 1995 Feb 1;181(2):805-10</Citation><ArticleIdList><ArticleId IdType="pubmed">7836933</ArticleId></ArticleIdList></Reference><Reference><Citation>Immunol Today. 1995 Feb;16(2):61-7</Citation><ArticleIdList><ArticleId IdType="pubmed">7888068</ArticleId></ArticleIdList></Reference><Reference><Citation>Immunity. 1995 Apr;2(4):373-80</Citation><ArticleIdList><ArticleId IdType="pubmed">7536622</ArticleId></ArticleIdList></Reference><Reference><Citation>Int Immunol. 1995 May;7(5):715-25</Citation><ArticleIdList><ArticleId IdType="pubmed">7547699</ArticleId></ArticleIdList></Reference><Reference><Citation>J Exp Med. 1996 Jun 1;183(6):2669-74</Citation><ArticleIdList><ArticleId IdType="pubmed">8676088</ArticleId></ArticleIdList></Reference><Reference><Citation>Eur J Immunol. 1979 Jun;9(6):426-33</Citation><ArticleIdList><ArticleId IdType="pubmed">315315</ArticleId></ArticleIdList></Reference></ReferenceList></PubmedData></PubmedArticle></PubmedArticleSet>