<?xml version="1.0" ?>
<!DOCTYPE PubmedArticleSet PUBLIC "-//NLM//DTD PubMedArticle, 1st January 2019//EN" "https://dtd.nlm.nih.gov/ncbi/pubmed/out/pubmed_190101.dtd">
<PubmedArticleSet><PubmedArticle><MedlineCitation Status="MEDLINE" Owner="NLM"><PMID Version="1">10047432</PMID><DateCompleted><Year>1999</Year><Month>06</Month><Day>21</Day></DateCompleted><DateRevised><Year>2022</Year><Month>03</Month><Day>18</Day></DateRevised><Article PubModel="Print"><Journal><ISSN IssnType="Print">0896-8411</ISSN><JournalIssue CitedMedium="Print"><Volume>12</Volume><Issue>2</Issue><PubDate><Year>1999</Year><Month>Mar</Month></PubDate></JournalIssue><Title>Journal of autoimmunity</Title><ISOAbbreviation>J Autoimmun</ISOAbbreviation></Journal><ArticleTitle>T cell proliferative responses of type 1 diabetes patients and healthy individuals to human hsp60 and its peptides.</ArticleTitle><Pagination><MedlinePgn>121-9</MedlinePgn></Pagination><Abstract><AbstractText>T cell responses to peptide epitopes of the 60 kDa heat shock protein (hsp60) have been shown to play a role in the pathogenesis of type 1 insulin-dependent diabetes mellitus (IDDM) in mice. To test whether hsp60 autoimmunity might be involved in human type 1 diabetes, we studied T cell proliferative responses (stimulation index; SI) to intact human hsp60, to hsp60 peptides and to a recall antigen (tetanus toxoid) in 25 newly diagnosed type 1 diabetes patients, in 22 type 2 (non-insulin-dependent diabetes mellitus, NIDDM) patients, and in 25 healthy blood donors. There were no significant differences between the T cell responses of the three groups to tetanus toxoid. However, the responses to hsp60 of the type 1 diabetes group (median SI=5) were significantly greater (P&lt;0. 01) than those of the type 2 group (median SI=1.67) and of the blood donors (median SI=1.7). Epitope mapping revealed significant responses to at least seven different peptides, with prevalent responses to the p277 peptide previously mapped in NOD mice and to peptide p32. Thus, newly diagnosed type 1 diabetes patients, similar to prediabetic and newly diabetic NOD mice, show heightened autoimmunity to hsp60 and hsp60 peptides.</AbstractText><CopyrightInformation>Copyright 1999 Academic Press.</CopyrightInformation></Abstract><AuthorList CompleteYN="Y"><Author ValidYN="Y"><LastName>Abulafia-Lapid</LastName><ForeName>R</ForeName><Initials>R</Initials><AffiliationInfo><Affiliation>Department of Immunology, The Weizmann Institute of Science, Rehovot, Israel.</Affiliation></AffiliationInfo></Author><Author ValidYN="Y"><LastName>Elias</LastName><ForeName>D</ForeName><Initials>D</Initials></Author><Author ValidYN="Y"><LastName>Raz</LastName><ForeName>I</ForeName><Initials>I</Initials></Author><Author ValidYN="Y"><LastName>Keren-Zur</LastName><ForeName>Y</ForeName><Initials>Y</Initials></Author><Author ValidYN="Y"><LastName>Atlan</LastName><ForeName>H</ForeName><Initials>H</Initials></Author><Author ValidYN="Y"><LastName>Cohen</LastName><ForeName>I R</ForeName><Initials>IR</Initials></Author></AuthorList><Language>eng</Language><PublicationTypeList><PublicationType UI="D016428">Journal Article</PublicationType><PublicationType UI="D013485">Research Support, Non-U.S. Gov't</PublicationType></PublicationTypeList></Article><MedlineJournalInfo><Country>England</Country><MedlineTA>J Autoimmun</MedlineTA><NlmUniqueID>8812164</NlmUniqueID><ISSNLinking>0896-8411</ISSNLinking></MedlineJournalInfo><ChemicalList><Chemical><RegistryNumber>0</RegistryNumber><NameOfSubstance UI="D001324">Autoantigens</NameOfSubstance></Chemical><Chemical><RegistryNumber>0</RegistryNumber><NameOfSubstance UI="D018834">Chaperonin 60</NameOfSubstance></Chemical><Chemical><RegistryNumber>0</RegistryNumber><NameOfSubstance UI="D010446">Peptide Fragments</NameOfSubstance></Chemical></ChemicalList><CitationSubset>IM</CitationSubset><MeshHeadingList><MeshHeading><DescriptorName UI="D000293" MajorTopicYN="N">Adolescent</DescriptorName></MeshHeading><MeshHeading><DescriptorName UI="D000328" MajorTopicYN="N">Adult</DescriptorName></MeshHeading><MeshHeading><DescriptorName UI="D000368" MajorTopicYN="N">Aged</DescriptorName></MeshHeading><MeshHeading><DescriptorName UI="D000595" MajorTopicYN="N">Amino Acid Sequence</DescriptorName></MeshHeading><MeshHeading><DescriptorName UI="D000818" MajorTopicYN="N">Animals</DescriptorName></MeshHeading><MeshHeading><DescriptorName UI="D001324" MajorTopicYN="N">Autoantigens</DescriptorName><QualifierName UI="Q000235" MajorTopicYN="N">genetics</QualifierName></MeshHeading><MeshHeading><DescriptorName UI="D016022" MajorTopicYN="N">Case-Control Studies</DescriptorName></MeshHeading><MeshHeading><DescriptorName UI="D018834" MajorTopicYN="N">Chaperonin 60</DescriptorName><QualifierName UI="Q000235" MajorTopicYN="N">genetics</QualifierName><QualifierName UI="Q000276" MajorTopicYN="Y">immunology</QualifierName></MeshHeading><MeshHeading><DescriptorName UI="D002675" MajorTopicYN="N">Child, Preschool</DescriptorName></MeshHeading><MeshHeading><DescriptorName UI="D003922" MajorTopicYN="N">Diabetes Mellitus, Type 1</DescriptorName><QualifierName UI="Q000235" MajorTopicYN="N">genetics</QualifierName><QualifierName UI="Q000276" MajorTopicYN="Y">immunology</QualifierName></MeshHeading><MeshHeading><DescriptorName UI="D003924" MajorTopicYN="N">Diabetes Mellitus, Type 2</DescriptorName><QualifierName UI="Q000235" MajorTopicYN="N">genetics</QualifierName><QualifierName UI="Q000276" MajorTopicYN="N">immunology</QualifierName></MeshHeading><MeshHeading><DescriptorName UI="D018604" MajorTopicYN="N">Epitope Mapping</DescriptorName></MeshHeading><MeshHeading><DescriptorName UI="D006801" MajorTopicYN="N">Humans</DescriptorName></MeshHeading><MeshHeading><DescriptorName UI="D066298" MajorTopicYN="N">In Vitro Techniques</DescriptorName></MeshHeading><MeshHeading><DescriptorName UI="D008213" MajorTopicYN="Y">Lymphocyte Activation</DescriptorName></MeshHeading><MeshHeading><DescriptorName UI="D051379" MajorTopicYN="N">Mice</DescriptorName></MeshHeading><MeshHeading><DescriptorName UI="D008875" MajorTopicYN="N">Middle Aged</DescriptorName></MeshHeading><MeshHeading><DescriptorName UI="D008969" MajorTopicYN="N">Molecular Sequence Data</DescriptorName></MeshHeading><MeshHeading><DescriptorName UI="D010446" MajorTopicYN="N">Peptide Fragments</DescriptorName><QualifierName UI="Q000235" MajorTopicYN="N">genetics</QualifierName><QualifierName UI="Q000276" MajorTopicYN="N">immunology</QualifierName></MeshHeading><MeshHeading><DescriptorName UI="D013601" MajorTopicYN="N">T-Lymphocytes</DescriptorName><QualifierName UI="Q000276" MajorTopicYN="Y">immunology</QualifierName></MeshHeading></MeshHeadingList></MedlineCitation><PubmedData><History><PubMedPubDate PubStatus="pubmed"><Year>1999</Year><Month>2</Month><Day>27</Day></PubMedPubDate><PubMedPubDate PubStatus="medline"><Year>1999</Year><Month>2</Month><Day>27</Day><Hour>0</Hour><Minute>1</Minute></PubMedPubDate><PubMedPubDate PubStatus="entrez"><Year>1999</Year><Month>2</Month><Day>27</Day><Hour>0</Hour><Minute>0</Minute></PubMedPubDate></History><PublicationStatus>ppublish</PublicationStatus><ArticleIdList><ArticleId IdType="pubmed">10047432</ArticleId><ArticleId IdType="pii">S0896-8411(98)90262-1</ArticleId><ArticleId IdType="doi">10.1006/jaut.1998.0262</ArticleId></ArticleIdList></PubmedData></PubmedArticle></PubmedArticleSet>