<?xml version="1.0" ?>
<!DOCTYPE PubmedArticleSet PUBLIC "-//NLM//DTD PubMedArticle, 1st January 2019//EN" "https://dtd.nlm.nih.gov/ncbi/pubmed/out/pubmed_190101.dtd">
<PubmedArticleSet><PubmedArticle><MedlineCitation Status="MEDLINE" Owner="NLM"><PMID Version="1">10048236</PMID><DateCompleted><Year>1999</Year><Month>03</Month><Day>11</Day></DateCompleted><DateRevised><Year>2022</Year><Month>03</Month><Day>30</Day></DateRevised><Article PubModel="Print"><Journal><ISSN IssnType="Print">0897-1897</ISSN><JournalIssue CitedMedium="Print"><Volume>12</Volume><Issue>1</Issue><PubDate><Year>1999</Year><Month>Feb</Month></PubDate></JournalIssue><Title>Applied nursing research : ANR</Title><ISOAbbreviation>Appl Nurs Res</ISOAbbreviation></Journal><ArticleTitle>Coping skills training for youths with diabetes on intensive therapy.</ArticleTitle><Pagination><MedlinePgn>3-12</MedlinePgn></Pagination><Abstract><AbstractText>The purpose of this study was to determine if a behavioral intervention (coping skills training [CST]) combined with intensive diabetes management can improve the metabolic control and quality of life in adolescents who are implementing intensive therapy. A total of 77 youths (age range, 12.5-20 years) who were beginning intensive insulin therapy were randomly assigned to one of two groups: intensive management with CST or without CST. CST consists of a series of small group efforts designed to teach problem solving skills and communication. Data were collected preintervention and at 3 and 6 months post-intervention by using established clinical and psychosocial indicators. Randomization produced equivalent groups. After 6 months, subjects who received CST had better metabolic control (F = 3.89, p = .02) and better general self-efficacy (F = 4.54, p = 0.01). They reported less negative impact of diabetes on their quality of life (F = 4.55, p = .01) and had fewer worries about diabetes (F = 3.82, p = .02). Thus, nurses may find CST useful in assisting youths with diabetes to achieve metabolic and quality of life goals.</AbstractText></Abstract><AuthorList CompleteYN="Y"><Author ValidYN="Y"><LastName>Grey</LastName><ForeName>M</ForeName><Initials>M</Initials><AffiliationInfo><Affiliation>Yale University School of Nursing, New Haven, CT 06536-0740, USA.</Affiliation></AffiliationInfo></Author><Author ValidYN="Y"><LastName>Boland</LastName><ForeName>E A</ForeName><Initials>EA</Initials></Author><Author ValidYN="Y"><LastName>Davidson</LastName><ForeName>M</ForeName><Initials>M</Initials></Author><Author ValidYN="Y"><LastName>Yu</LastName><ForeName>C</ForeName><Initials>C</Initials></Author><Author ValidYN="Y"><LastName>Tamborlane</LastName><ForeName>W V</ForeName><Initials>WV</Initials></Author></AuthorList><Language>eng</Language><GrantList CompleteYN="Y"><Grant><GrantID>MO1-RR06022</GrantID><Acronym>RR</Acronym><Agency>NCRR NIH HHS</Agency><Country>United States</Country></Grant><Grant><GrantID>R01NR04009</GrantID><Acronym>NR</Acronym><Agency>NINR NIH HHS</Agency><Country>United States</Country></Grant></GrantList><PublicationTypeList><PublicationType UI="D016430">Clinical Trial</PublicationType><PublicationType UI="D016428">Journal Article</PublicationType><PublicationType UI="D016449">Randomized Controlled Trial</PublicationType><PublicationType UI="D013485">Research Support, Non-U.S. Gov't</PublicationType><PublicationType UI="D013487">Research Support, U.S. Gov't, P.H.S.</PublicationType></PublicationTypeList></Article><MedlineJournalInfo><Country>United States</Country><MedlineTA>Appl Nurs Res</MedlineTA><NlmUniqueID>8901557</NlmUniqueID><ISSNLinking>0897-1897</ISSNLinking></MedlineJournalInfo><CitationSubset>IM</CitationSubset><MeshHeadingList><MeshHeading><DescriptorName UI="D000223" MajorTopicYN="Y">Adaptation, Psychological</DescriptorName></MeshHeading><MeshHeading><DescriptorName UI="D000293" MajorTopicYN="N">Adolescent</DescriptorName></MeshHeading><MeshHeading><DescriptorName UI="D003142" MajorTopicYN="N">Communication</DescriptorName></MeshHeading><MeshHeading><DescriptorName UI="D003922" MajorTopicYN="N">Diabetes Mellitus, Type 1</DescriptorName><QualifierName UI="Q000188" MajorTopicYN="Y">drug therapy</QualifierName><QualifierName UI="Q000378" MajorTopicYN="N">metabolism</QualifierName><QualifierName UI="Q000523" MajorTopicYN="Y">psychology</QualifierName></MeshHeading><MeshHeading><DescriptorName UI="D005260" MajorTopicYN="N">Female</DescriptorName></MeshHeading><MeshHeading><DescriptorName UI="D006801" MajorTopicYN="N">Humans</DescriptorName></MeshHeading><MeshHeading><DescriptorName UI="D008297" MajorTopicYN="N">Male</DescriptorName></MeshHeading><MeshHeading><DescriptorName UI="D010353" MajorTopicYN="N">Patient Education as Topic</DescriptorName><QualifierName UI="Q000379" MajorTopicYN="Y">methods</QualifierName></MeshHeading><MeshHeading><DescriptorName UI="D011340" MajorTopicYN="N">Problem Solving</DescriptorName></MeshHeading><MeshHeading><DescriptorName UI="D011788" MajorTopicYN="N">Quality of Life</DescriptorName></MeshHeading><MeshHeading><DescriptorName UI="D012648" MajorTopicYN="N">Self Care</DescriptorName><QualifierName UI="Q000379" MajorTopicYN="Y">methods</QualifierName><QualifierName UI="Q000523" MajorTopicYN="N">psychology</QualifierName></MeshHeading><MeshHeading><DescriptorName UI="D020377" MajorTopicYN="N">Self Efficacy</DescriptorName></MeshHeading></MeshHeadingList></MedlineCitation><PubmedData><History><PubMedPubDate PubStatus="pubmed"><Year>1999</Year><Month>2</Month><Day>27</Day></PubMedPubDate><PubMedPubDate PubStatus="medline"><Year>1999</Year><Month>2</Month><Day>27</Day><Hour>0</Hour><Minute>1</Minute></PubMedPubDate><PubMedPubDate PubStatus="entrez"><Year>1999</Year><Month>2</Month><Day>27</Day><Hour>0</Hour><Minute>0</Minute></PubMedPubDate></History><PublicationStatus>ppublish</PublicationStatus><ArticleIdList><ArticleId IdType="pubmed">10048236</ArticleId><ArticleId IdType="pii">S0897-1897(99)80123-2</ArticleId><ArticleId IdType="doi">10.1016/s0897-1897(99)80123-2</ArticleId></ArticleIdList></PubmedData></PubmedArticle></PubmedArticleSet>