<?xml version="1.0" ?>
<!DOCTYPE PubmedArticleSet PUBLIC "-//NLM//DTD PubMedArticle, 1st January 2019//EN" "https://dtd.nlm.nih.gov/ncbi/pubmed/out/pubmed_190101.dtd">
<PubmedArticleSet><PubmedArticle><MedlineCitation Status="MEDLINE" Owner="NLM"><PMID Version="1">10047431</PMID><DateCompleted><Year>1999</Year><Month>06</Month><Day>21</Day></DateCompleted><DateRevised><Year>2008</Year><Month>11</Month><Day>21</Day></DateRevised><Article PubModel="Print"><Journal><ISSN IssnType="Print">0896-8411</ISSN><JournalIssue CitedMedium="Print"><Volume>12</Volume><Issue>2</Issue><PubDate><Year>1999</Year><Month>Mar</Month></PubDate></JournalIssue><Title>Journal of autoimmunity</Title><ISOAbbreviation>J Autoimmun</ISOAbbreviation></Journal><ArticleTitle>Both CD4(+)and CD8(+)T cells are required for IFN-gamma gene expression in pancreatic islets and autoimmune diabetes development in biobreeding rats.</ArticleTitle><Pagination><MedlinePgn>109-19</MedlinePgn></Pagination><Abstract><AbstractText>To study the relative roles of CD4(+)and CD8(+)T cells and their cytokine products in autoimmune diabetes development, we selectively depleted CD4(+)and CD8(+)T cells in autoimmune diabetes-prone (DP) biobreeding (BB) rats, by administrations of anti-CD2 and anti-CD8 monoclonal antibody (mAb) respectively. We then analysed cytokine mRNA expression, by PCR assay, in mononuclear leukocytes isolated from islets and spleens of control and mAb-treated DP-BB rats. Depletion of CD4(+)T cells (by anti-CD2 mAb) in blood, spleen and islets prevented diabetes development in DP-BB rats, and depletion of CD8(+)T cells (by anti-CD8 mAb) delayed and significantly decreased diabetes incidence. Depletion of either CD4(+)or CD8(+)T cells completely prevented IFN-gamma mRNA upregulation in islets of DP-BB rats above the low level expressed in islets of diabetes-resistant (DR) BB rats. Also, IL-10 mRNA levels in islets of DP-BB rats were significantly decreased by depletion of either CD4(+)or CD8(+)T cells, whereas the effects of the anti-T cell mAb on mRNA levels of other cytokines in islets (IL-2, IL-4, IL-12p40, and TNF-alpha) were discordant. In contrast, both mAb treatments significantly upregulated IL-4 and TNF-alpha mRNA levels in spleens of DP-BB rats. These results demonstrate that islet infiltration by both CD4(+)and CD8(+)T cells is required for IFN-gamma and IL-10 production in islets and beta-cell destruction. Depletion of either CD4(+)or CD8(+)T cells may prevent beta-cell destruction by decreasing IFN-gamma and IL-10 production in islets and increasing IL-4 and TNF-alpha production systemically.</AbstractText><CopyrightInformation>Copyright 1999 Academic Press.</CopyrightInformation></Abstract><AuthorList CompleteYN="Y"><Author ValidYN="Y"><LastName>El-Sheikh</LastName><ForeName>A</ForeName><Initials>A</Initials><AffiliationInfo><Affiliation>Department of Medicine, The University of Alberta, Edmonton, Alberta, Canada.</Affiliation></AffiliationInfo></Author><Author ValidYN="Y"><LastName>Suarez-Pinzon</LastName><ForeName>W L</ForeName><Initials>WL</Initials></Author><Author ValidYN="Y"><LastName>Power</LastName><ForeName>R F</ForeName><Initials>RF</Initials></Author><Author ValidYN="Y"><LastName>Rabinovitch</LastName><ForeName>A</ForeName><Initials>A</Initials></Author></AuthorList><Language>eng</Language><PublicationTypeList><PublicationType UI="D016428">Journal Article</PublicationType><PublicationType UI="D013485">Research Support, Non-U.S. Gov't</PublicationType></PublicationTypeList></Article><MedlineJournalInfo><Country>England</Country><MedlineTA>J Autoimmun</MedlineTA><NlmUniqueID>8812164</NlmUniqueID><ISSNLinking>0896-8411</ISSNLinking></MedlineJournalInfo><ChemicalList><Chemical><RegistryNumber>0</RegistryNumber><NameOfSubstance UI="D000911">Antibodies, Monoclonal</NameOfSubstance></Chemical><Chemical><RegistryNumber>0</RegistryNumber><NameOfSubstance UI="D000961">Antilymphocyte Serum</NameOfSubstance></Chemical><Chemical><RegistryNumber>0</RegistryNumber><NameOfSubstance UI="D016207">Cytokines</NameOfSubstance></Chemical><Chemical><RegistryNumber>0</RegistryNumber><NameOfSubstance UI="D017931">DNA Primers</NameOfSubstance></Chemical><Chemical><RegistryNumber>0</RegistryNumber><NameOfSubstance UI="D012333">RNA, Messenger</NameOfSubstance></Chemical><Chemical><RegistryNumber>82115-62-6</RegistryNumber><NameOfSubstance UI="D007371">Interferon-gamma</NameOfSubstance></Chemical></ChemicalList><CitationSubset>IM</CitationSubset><MeshHeadingList><MeshHeading><DescriptorName UI="D000818" MajorTopicYN="N">Animals</DescriptorName></MeshHeading><MeshHeading><DescriptorName UI="D000911" MajorTopicYN="N">Antibodies, Monoclonal</DescriptorName><QualifierName UI="Q000008" MajorTopicYN="N">administration &amp; dosage</QualifierName></MeshHeading><MeshHeading><DescriptorName UI="D000961" MajorTopicYN="N">Antilymphocyte Serum</DescriptorName><QualifierName UI="Q000008" MajorTopicYN="N">administration &amp; dosage</QualifierName></MeshHeading><MeshHeading><DescriptorName UI="D001483" MajorTopicYN="N">Base Sequence</DescriptorName></MeshHeading><MeshHeading><DescriptorName UI="D015496" MajorTopicYN="N">CD4-Positive T-Lymphocytes</DescriptorName><QualifierName UI="Q000276" MajorTopicYN="Y">immunology</QualifierName></MeshHeading><MeshHeading><DescriptorName UI="D018414" MajorTopicYN="N">CD8-Positive T-Lymphocytes</DescriptorName><QualifierName UI="Q000276" MajorTopicYN="Y">immunology</QualifierName></MeshHeading><MeshHeading><DescriptorName UI="D016207" MajorTopicYN="N">Cytokines</DescriptorName><QualifierName UI="Q000235" MajorTopicYN="N">genetics</QualifierName></MeshHeading><MeshHeading><DescriptorName UI="D017931" MajorTopicYN="N">DNA Primers</DescriptorName><QualifierName UI="Q000235" MajorTopicYN="N">genetics</QualifierName></MeshHeading><MeshHeading><DescriptorName UI="D003922" MajorTopicYN="N">Diabetes Mellitus, Type 1</DescriptorName><QualifierName UI="Q000235" MajorTopicYN="Y">genetics</QualifierName><QualifierName UI="Q000276" MajorTopicYN="Y">immunology</QualifierName><QualifierName UI="Q000517" MajorTopicYN="N">prevention &amp; control</QualifierName></MeshHeading><MeshHeading><DescriptorName UI="D015870" MajorTopicYN="N">Gene Expression</DescriptorName></MeshHeading><MeshHeading><DescriptorName UI="D007371" MajorTopicYN="N">Interferon-gamma</DescriptorName><QualifierName UI="Q000235" MajorTopicYN="Y">genetics</QualifierName></MeshHeading><MeshHeading><DescriptorName UI="D007515" MajorTopicYN="N">Islets of Langerhans</DescriptorName><QualifierName UI="Q000276" MajorTopicYN="Y">immunology</QualifierName></MeshHeading><MeshHeading><DescriptorName UI="D012333" MajorTopicYN="N">RNA, Messenger</DescriptorName><QualifierName UI="Q000235" MajorTopicYN="N">genetics</QualifierName><QualifierName UI="Q000378" MajorTopicYN="N">metabolism</QualifierName></MeshHeading><MeshHeading><DescriptorName UI="D051381" MajorTopicYN="N">Rats</DescriptorName></MeshHeading><MeshHeading><DescriptorName UI="D011913" MajorTopicYN="N">Rats, Inbred BB</DescriptorName></MeshHeading><MeshHeading><DescriptorName UI="D013154" MajorTopicYN="N">Spleen</DescriptorName><QualifierName UI="Q000276" MajorTopicYN="N">immunology</QualifierName></MeshHeading></MeshHeadingList></MedlineCitation><PubmedData><History><PubMedPubDate PubStatus="pubmed"><Year>1999</Year><Month>2</Month><Day>27</Day></PubMedPubDate><PubMedPubDate PubStatus="medline"><Year>1999</Year><Month>2</Month><Day>27</Day><Hour>0</Hour><Minute>1</Minute></PubMedPubDate><PubMedPubDate PubStatus="entrez"><Year>1999</Year><Month>2</Month><Day>27</Day><Hour>0</Hour><Minute>0</Minute></PubMedPubDate></History><PublicationStatus>ppublish</PublicationStatus><ArticleIdList><ArticleId IdType="pubmed">10047431</ArticleId><ArticleId IdType="pii">S0896-8411(98)90264-5</ArticleId><ArticleId IdType="doi">10.1006/jaut.1998.0264</ArticleId></ArticleIdList></PubmedData></PubmedArticle></PubmedArticleSet>