<?xml version="1.0" ?>
<!DOCTYPE PubmedArticleSet PUBLIC "-//NLM//DTD PubMedArticle, 1st January 2019//EN" "https://dtd.nlm.nih.gov/ncbi/pubmed/out/pubmed_190101.dtd">
<PubmedArticleSet><PubmedArticle><MedlineCitation Status="MEDLINE" Owner="NLM"><PMID Version="1">10051618</PMID><DateCompleted><Year>1999</Year><Month>04</Month><Day>15</Day></DateCompleted><DateRevised><Year>2019</Year><Month>05</Month><Day>01</Day></DateRevised><Article PubModel="Print"><Journal><ISSN IssnType="Print">0027-8424</ISSN><JournalIssue CitedMedium="Print"><Volume>96</Volume><Issue>5</Issue><PubDate><Year>1999</Year><Month>Mar</Month><Day>02</Day></PubDate></JournalIssue><Title>Proceedings of the National Academy of Sciences of the United States of America</Title><ISOAbbreviation>Proc Natl Acad Sci U S A</ISOAbbreviation></Journal><ArticleTitle>Type 2 diabetes: evidence for linkage on chromosome 20 in 716 Finnish affected sib pairs.</ArticleTitle><Pagination><MedlinePgn>2198-203</MedlinePgn></Pagination><Abstract><AbstractText>We are conducting a genome scan at an average resolution of 10 centimorgans (cM) for type 2 diabetes susceptibility genes in 716 affected sib pairs from 477 Finnish families. To date, our best evidence for linkage is on chromosome 20 with potentially separable peaks located on both the long and short arms. The unweighted multipoint maximum logarithm of odds score (MLS) was 3.08 on 20p (location, chi = 19.5 cM) under an additive model, whereas the weighted MLS was 2.06 on 20q (chi = 57 cM, recurrence risk,lambda(s) = 1. 25, P = 0.009). Weighted logarithm of odds scores of 2.00 (chi = 69.5 cM, P = 0.010) and 1.92 (chi = 18.5 cM, P = 0.013) were also observed. Ordered subset analyses based on sibships with extreme mean values of diabetes-related quantitative traits yielded sets of families who contributed disproportionately to the peaks. Two-hour glucose levels in offspring of diabetic individuals gave a MLS of 2. 12 (P = 0.0018) at 9.5 cM. Evidence from this and other studies suggests at least two diabetes-susceptibility genes on chromosome 20. We have also screened the gene for maturity-onset diabetes of the young 1, hepatic nuclear factor 4-a (HNF-4alpha) in 64 affected sibships with evidence for high chromosomal sharing at its location on chromosome 20q. We found no evidence that sequence changes in this gene accounted for the linkage results we observed.</AbstractText></Abstract><AuthorList CompleteYN="Y"><Author ValidYN="Y"><LastName>Ghosh</LastName><ForeName>S</ForeName><Initials>S</Initials><AffiliationInfo><Affiliation>Genetics and Molecular Biology Branch, National Human Genome Research Institute, National Institutes of Health, Bethesda, MD 20892, USA. sghosh@alw.nih.gov</Affiliation></AffiliationInfo></Author><Author ValidYN="Y"><LastName>Watanabe</LastName><ForeName>R M</ForeName><Initials>RM</Initials></Author><Author ValidYN="Y"><LastName>Hauser</LastName><ForeName>E R</ForeName><Initials>ER</Initials></Author><Author ValidYN="Y"><LastName>Valle</LastName><ForeName>T</ForeName><Initials>T</Initials></Author><Author ValidYN="Y"><LastName>Magnuson</LastName><ForeName>V L</ForeName><Initials>VL</Initials></Author><Author ValidYN="Y"><LastName>Erdos</LastName><ForeName>M R</ForeName><Initials>MR</Initials></Author><Author ValidYN="Y"><LastName>Langefeld</LastName><ForeName>C D</ForeName><Initials>CD</Initials></Author><Author ValidYN="Y"><LastName>Balow</LastName><ForeName>J</ForeName><Initials>J</Initials><Suffix>Jr</Suffix></Author><Author ValidYN="Y"><LastName>Ally</LastName><ForeName>D S</ForeName><Initials>DS</Initials></Author><Author ValidYN="Y"><LastName>Kohtamaki</LastName><ForeName>K</ForeName><Initials>K</Initials></Author><Author ValidYN="Y"><LastName>Chines</LastName><ForeName>P</ForeName><Initials>P</Initials></Author><Author ValidYN="Y"><LastName>Birznieks</LastName><ForeName>G</ForeName><Initials>G</Initials></Author><Author ValidYN="Y"><LastName>Kaleta</LastName><ForeName>H S</ForeName><Initials>HS</Initials></Author><Author ValidYN="Y"><LastName>Musick</LastName><ForeName>A</ForeName><Initials>A</Initials></Author><Author ValidYN="Y"><LastName>Te</LastName><ForeName>C</ForeName><Initials>C</Initials></Author><Author ValidYN="Y"><LastName>Tannenbaum</LastName><ForeName>J</ForeName><Initials>J</Initials></Author><Author ValidYN="Y"><LastName>Eldridge</LastName><ForeName>W</ForeName><Initials>W</Initials></Author><Author ValidYN="Y"><LastName>Shapiro</LastName><ForeName>S</ForeName><Initials>S</Initials></Author><Author ValidYN="Y"><LastName>Martin</LastName><ForeName>C</ForeName><Initials>C</Initials></Author><Author ValidYN="Y"><LastName>Witt</LastName><ForeName>A</ForeName><Initials>A</Initials></Author><Author ValidYN="Y"><LastName>So</LastName><ForeName>A</ForeName><Initials>A</Initials></Author><Author ValidYN="Y"><LastName>Chang</LastName><ForeName>J</ForeName><Initials>J</Initials></Author><Author ValidYN="Y"><LastName>Shurtleff</LastName><ForeName>B</ForeName><Initials>B</Initials></Author><Author ValidYN="Y"><LastName>Porter</LastName><ForeName>R</ForeName><Initials>R</Initials></Author><Author ValidYN="Y"><LastName>Kudelko</LastName><ForeName>K</ForeName><Initials>K</Initials></Author><Author ValidYN="Y"><LastName>Unni</LastName><ForeName>A</ForeName><Initials>A</Initials></Author><Author ValidYN="Y"><LastName>Segal</LastName><ForeName>L</ForeName><Initials>L</Initials></Author><Author ValidYN="Y"><LastName>Sharaf</LastName><ForeName>R</ForeName><Initials>R</Initials></Author><Author ValidYN="Y"><LastName>Blaschak-Harvan</LastName><ForeName>J</ForeName><Initials>J</Initials></Author><Author ValidYN="Y"><LastName>Eriksson</LastName><ForeName>J</ForeName><Initials>J</Initials></Author><Author ValidYN="Y"><LastName>Tenkula</LastName><ForeName>T</ForeName><Initials>T</Initials></Author><Author ValidYN="Y"><LastName>Vidgren</LastName><ForeName>G</ForeName><Initials>G</Initials></Author><Author ValidYN="Y"><LastName>Ehnholm</LastName><ForeName>C</ForeName><Initials>C</Initials></Author><Author ValidYN="Y"><LastName>Tuomilehto-Wolf</LastName><ForeName>E</ForeName><Initials>E</Initials></Author><Author ValidYN="Y"><LastName>Hagopian</LastName><ForeName>W</ForeName><Initials>W</Initials></Author><Author ValidYN="Y"><LastName>Buchanan</LastName><ForeName>T A</ForeName><Initials>TA</Initials></Author><Author ValidYN="Y"><LastName>Tuomilehto</LastName><ForeName>J</ForeName><Initials>J</Initials></Author><Author ValidYN="Y"><LastName>Bergman</LastName><ForeName>R N</ForeName><Initials>RN</Initials></Author><Author ValidYN="Y"><LastName>Collins</LastName><ForeName>F S</ForeName><Initials>FS</Initials></Author><Author ValidYN="Y"><LastName>Boehnke</LastName><ForeName>M</ForeName><Initials>M</Initials></Author></AuthorList><Language>eng</Language><GrantList CompleteYN="Y"><Grant><GrantID>T32 HG00040</GrantID><Acronym>HG</Acronym><Agency>NHGRI NIH HHS</Agency><Country>United States</Country></Grant><Grant><GrantID>F32 DK009525</GrantID><Acronym>DK</Acronym><Agency>NIDDK NIH HHS</Agency><Country>United States</Country></Grant><Grant><GrantID>F32 DK09525</GrantID><Acronym>DK</Acronym><Agency>NIDDK NIH HHS</Agency><Country>United States</Country></Grant><Grant><GrantID>R01 HG00376</GrantID><Acronym>HG</Acronym><Agency>NHGRI NIH HHS</Agency><Country>United States</Country></Grant><Grant><GrantID>R01 HG000376</GrantID><Acronym>HG</Acronym><Agency>NHGRI NIH HHS</Agency><Country>United States</Country></Grant><Grant><GrantID>T32 HG000040</GrantID><Acronym>HG</Acronym><Agency>NHGRI NIH HHS</Agency><Country>United States</Country></Grant></GrantList><PublicationTypeList><PublicationType UI="D016428">Journal Article</PublicationType><PublicationType UI="D016448">Multicenter Study</PublicationType><PublicationType UI="D013485">Research Support, Non-U.S. Gov't</PublicationType><PublicationType UI="D013487">Research Support, U.S. Gov't, P.H.S.</PublicationType></PublicationTypeList></Article><MedlineJournalInfo><Country>United States</Country><MedlineTA>Proc Natl Acad Sci U S A</MedlineTA><NlmUniqueID>7505876</NlmUniqueID><ISSNLinking>0027-8424</ISSNLinking></MedlineJournalInfo><ChemicalList><Chemical><RegistryNumber>0</RegistryNumber><NameOfSubstance UI="D051778">Basic Helix-Loop-Helix Leucine Zipper Transcription Factors</NameOfSubstance></Chemical><Chemical><RegistryNumber>0</RegistryNumber><NameOfSubstance UI="D001786">Blood Glucose</NameOfSubstance></Chemical><Chemical><RegistryNumber>0</RegistryNumber><NameOfSubstance UI="D004268">DNA-Binding Proteins</NameOfSubstance></Chemical><Chemical><RegistryNumber>0</RegistryNumber><NameOfSubstance UI="D005819">Genetic Markers</NameOfSubstance></Chemical><Chemical><RegistryNumber>0</RegistryNumber><NameOfSubstance UI="C496592">HNF4A protein, human</NameOfSubstance></Chemical><Chemical><RegistryNumber>0</RegistryNumber><NameOfSubstance UI="D051557">Hepatocyte Nuclear Factor 4</NameOfSubstance></Chemical><Chemical><RegistryNumber>0</RegistryNumber><NameOfSubstance UI="C403128">MLX protein, human</NameOfSubstance></Chemical><Chemical><RegistryNumber>0</RegistryNumber><NameOfSubstance UI="D010750">Phosphoproteins</NameOfSubstance></Chemical><Chemical><RegistryNumber>0</RegistryNumber><NameOfSubstance UI="D014157">Transcription Factors</NameOfSubstance></Chemical></ChemicalList><CitationSubset>IM</CitationSubset><MeshHeadingList><MeshHeading><DescriptorName UI="D000328" MajorTopicYN="N">Adult</DescriptorName></MeshHeading><MeshHeading><DescriptorName UI="D051778" MajorTopicYN="N">Basic Helix-Loop-Helix Leucine Zipper Transcription Factors</DescriptorName></MeshHeading><MeshHeading><DescriptorName UI="D001786" MajorTopicYN="N">Blood Glucose</DescriptorName><QualifierName UI="Q000378" MajorTopicYN="N">metabolism</QualifierName></MeshHeading><MeshHeading><DescriptorName UI="D002874" MajorTopicYN="N">Chromosome Mapping</DescriptorName></MeshHeading><MeshHeading><DescriptorName UI="D002890" MajorTopicYN="Y">Chromosomes, Human, Pair 20</DescriptorName></MeshHeading><MeshHeading><DescriptorName UI="D004268" MajorTopicYN="N">DNA-Binding Proteins</DescriptorName><QualifierName UI="Q000235" MajorTopicYN="N">genetics</QualifierName></MeshHeading><MeshHeading><DescriptorName UI="D003924" MajorTopicYN="N">Diabetes Mellitus, Type 2</DescriptorName><QualifierName UI="Q000097" MajorTopicYN="N">blood</QualifierName><QualifierName UI="Q000235" MajorTopicYN="Y">genetics</QualifierName></MeshHeading><MeshHeading><DescriptorName UI="D005091" MajorTopicYN="N">Exons</DescriptorName></MeshHeading><MeshHeading><DescriptorName UI="D005260" MajorTopicYN="N">Female</DescriptorName></MeshHeading><MeshHeading><DescriptorName UI="D005387" MajorTopicYN="N" Type="Geographic">Finland</DescriptorName></MeshHeading><MeshHeading><DescriptorName UI="D008040" MajorTopicYN="N">Genetic Linkage</DescriptorName></MeshHeading><MeshHeading><DescriptorName UI="D005819" MajorTopicYN="N">Genetic Markers</DescriptorName></MeshHeading><MeshHeading><DescriptorName UI="D020022" MajorTopicYN="N">Genetic Predisposition to Disease</DescriptorName><QualifierName UI="Q000235" MajorTopicYN="Y">genetics</QualifierName></MeshHeading><MeshHeading><DescriptorName UI="D014644" MajorTopicYN="Y">Genetic Variation</DescriptorName></MeshHeading><MeshHeading><DescriptorName UI="D005951" MajorTopicYN="N">Glucose Tolerance Test</DescriptorName></MeshHeading><MeshHeading><DescriptorName UI="D051557" MajorTopicYN="N">Hepatocyte Nuclear Factor 4</DescriptorName></MeshHeading><MeshHeading><DescriptorName UI="D006801" MajorTopicYN="N">Humans</DescriptorName></MeshHeading><MeshHeading><DescriptorName UI="D007438" MajorTopicYN="N">Introns</DescriptorName></MeshHeading><MeshHeading><DescriptorName UI="D008297" MajorTopicYN="N">Male</DescriptorName></MeshHeading><MeshHeading><DescriptorName UI="D008875" MajorTopicYN="N">Middle Aged</DescriptorName></MeshHeading><MeshHeading><DescriptorName UI="D008957" MajorTopicYN="Y">Models, Genetic</DescriptorName></MeshHeading><MeshHeading><DescriptorName UI="D009679" MajorTopicYN="N">Nuclear Family</DescriptorName></MeshHeading><MeshHeading><DescriptorName UI="D016017" MajorTopicYN="N">Odds Ratio</DescriptorName></MeshHeading><MeshHeading><DescriptorName UI="D010750" MajorTopicYN="N">Phosphoproteins</DescriptorName><QualifierName UI="Q000235" MajorTopicYN="Y">genetics</QualifierName></MeshHeading><MeshHeading><DescriptorName UI="D017354" MajorTopicYN="N">Point Mutation</DescriptorName></MeshHeading><MeshHeading><DescriptorName UI="D018807" MajorTopicYN="N">Polymorphism, Single-Stranded Conformational</DescriptorName></MeshHeading><MeshHeading><DescriptorName UI="D017384" MajorTopicYN="N">Sequence Deletion</DescriptorName></MeshHeading><MeshHeading><DescriptorName UI="D018454" MajorTopicYN="N">Spouses</DescriptorName></MeshHeading><MeshHeading><DescriptorName UI="D014157" MajorTopicYN="N">Transcription Factors</DescriptorName><QualifierName UI="Q000235" MajorTopicYN="Y">genetics</QualifierName></MeshHeading></MeshHeadingList></MedlineCitation><PubmedData><History><PubMedPubDate PubStatus="pubmed"><Year>1999</Year><Month>3</Month><Day>3</Day><Hour>3</Hour><Minute>3</Minute></PubMedPubDate><PubMedPubDate PubStatus="medline"><Year>2001</Year><Month>3</Month><Day>28</Day><Hour>10</Hour><Minute>1</Minute></PubMedPubDate><PubMedPubDate PubStatus="entrez"><Year>1999</Year><Month>3</Month><Day>3</Day><Hour>3</Hour><Minute>3</Minute></PubMedPubDate></History><PublicationStatus>ppublish</PublicationStatus><ArticleIdList><ArticleId IdType="pubmed">10051618</ArticleId><ArticleId IdType="pmc">PMC26760</ArticleId><ArticleId IdType="doi">10.1073/pnas.96.5.2198</ArticleId></ArticleIdList><ReferenceList><Reference><Citation>Diabetes. 1997 May;46(5):876-81</Citation><ArticleIdList><ArticleId IdType="pubmed">9133558</ArticleId></ArticleIdList></Reference><Reference><Citation>Genome Res. 1997 Feb;7(2):165-78</Citation><ArticleIdList><ArticleId IdType="pubmed">9049634</ArticleId></ArticleIdList></Reference><Reference><Citation>Diabetologia. 1997 Aug;40(8):980-3</Citation><ArticleIdList><ArticleId IdType="pubmed">9267996</ArticleId></ArticleIdList></Reference><Reference><Citation>J Clin Invest. 1997 Sep 1;100(5):1240-7</Citation><ArticleIdList><ArticleId IdType="pubmed">9276742</ArticleId></ArticleIdList></Reference><Reference><Citation>Hum Mol Genet. 1997 Sep;6(9):1401-8</Citation><ArticleIdList><ArticleId IdType="pubmed">9285775</ArticleId></ArticleIdList></Reference><Reference><Citation>Am J Hum Genet. 1997 Aug;61(2):423-9</Citation><ArticleIdList><ArticleId IdType="pubmed">9311748</ArticleId></ArticleIdList></Reference><Reference><Citation>Diabetes. 1997 Oct;46(10):1652-7</Citation><ArticleIdList><ArticleId IdType="pubmed">9313765</ArticleId></ArticleIdList></Reference><Reference><Citation>Nat Genet. 1997 Oct;17(2):138-9</Citation><ArticleIdList><ArticleId IdType="pubmed">9326926</ArticleId></ArticleIdList></Reference><Reference><Citation>Nat Genet. 1997 Dec;17(4):384-5</Citation><ArticleIdList><ArticleId IdType="pubmed">9398836</ArticleId></ArticleIdList></Reference><Reference><Citation>Diabetes. 1998 Jun;47(6):970-2</Citation><ArticleIdList><ArticleId IdType="pubmed">9604877</ArticleId></ArticleIdList></Reference><Reference><Citation>Diabetes Care. 1998 Jun;21(6):949-58</Citation><ArticleIdList><ArticleId IdType="pubmed">9614613</ArticleId></ArticleIdList></Reference><Reference><Citation>Science. 1998 Jul 31;281(5377):692-5</Citation><ArticleIdList><ArticleId IdType="pubmed">9685261</ArticleId></ArticleIdList></Reference><Reference><Citation>Am J Hum Genet. 1998 Oct;63(4):1130-8</Citation><ArticleIdList><ArticleId IdType="pubmed">9758619</ArticleId></ArticleIdList></Reference><Reference><Citation>Biometrics. 1998 Dec;54(4):1238-46</Citation><ArticleIdList><ArticleId IdType="pubmed">9883536</ArticleId></ArticleIdList></Reference><Reference><Citation>Diabetes. 1976 Apr;25(4):245-9</Citation><ArticleIdList><ArticleId IdType="pubmed">773722</ArticleId></ArticleIdList></Reference><Reference><Citation>Ann Hum Genet. 1976 May;39(4):485-91</Citation><ArticleIdList><ArticleId IdType="pubmed">952492</ArticleId></ArticleIdList></Reference><Reference><Citation>Clin Genet. 1979 Feb;15(2):126-36</Citation><ArticleIdList><ArticleId IdType="pubmed">367641</ArticleId></ArticleIdList></Reference><Reference><Citation>J Clin Invest. 1981 Dec;68(6):1456-67</Citation><ArticleIdList><ArticleId IdType="pubmed">7033284</ArticleId></ArticleIdList></Reference><Reference><Citation>J Clin Invest. 1984 Oct;74(4):1318-28</Citation><ArticleIdList><ArticleId IdType="pubmed">6384269</ArticleId></ArticleIdList></Reference><Reference><Citation>J Clin Invest. 1987 Mar;79(3):790-800</Citation><ArticleIdList><ArticleId IdType="pubmed">3546379</ArticleId></ArticleIdList></Reference><Reference><Citation>Proc Natl Acad Sci U S A. 1987 Apr;84(8):2363-7</Citation><ArticleIdList><ArticleId IdType="pubmed">3470801</ArticleId></ArticleIdList></Reference><Reference><Citation>Genet Epidemiol. 1988;5(6):471-2</Citation><ArticleIdList><ArticleId IdType="pubmed">3061869</ArticleId></ArticleIdList></Reference><Reference><Citation>Am J Hum Genet. 1990 Feb;46(2):222-8</Citation><ArticleIdList><ArticleId IdType="pubmed">2301392</ArticleId></ArticleIdList></Reference><Reference><Citation>Am J Hum Genet. 1990 Feb;46(2):229-41</Citation><ArticleIdList><ArticleId IdType="pubmed">2301393</ArticleId></ArticleIdList></Reference><Reference><Citation>Am J Hum Genet. 1990 Feb;46(2):242-53</Citation><ArticleIdList><ArticleId IdType="pubmed">2301394</ArticleId></ArticleIdList></Reference><Reference><Citation>Diabetes Metab Rev. 1990 Feb;6(1):1-27</Citation><ArticleIdList><ArticleId IdType="pubmed">2192853</ArticleId></ArticleIdList></Reference><Reference><Citation>Nature. 1992 Apr 23;356(6371):721-2</Citation><ArticleIdList><ArticleId IdType="pubmed">1570017</ArticleId></ArticleIdList></Reference><Reference><Citation>Am J Hum Genet. 1993 Feb;52(2):362-74</Citation><ArticleIdList><ArticleId IdType="pubmed">8430697</ArticleId></ArticleIdList></Reference><Reference><Citation>Am J Hum Genet. 1994 Mar;54(3):535-43</Citation><ArticleIdList><ArticleId IdType="pubmed">8116623</ArticleId></ArticleIdList></Reference><Reference><Citation>Nat Genet. 1994 Apr;6(4):384-90</Citation><ArticleIdList><ArticleId IdType="pubmed">8054979</ArticleId></ArticleIdList></Reference><Reference><Citation>Nat Genet. 1994 Dec;8(4):387-91</Citation><ArticleIdList><ArticleId IdType="pubmed">7894491</ArticleId></ArticleIdList></Reference><Reference><Citation>Proc Natl Acad Sci U S A. 1995 May 23;92(11):4733-7</Citation><ArticleIdList><ArticleId IdType="pubmed">7761392</ArticleId></ArticleIdList></Reference><Reference><Citation>Mol Cell Biol. 1996 Mar;16(3):925-31</Citation><ArticleIdList><ArticleId IdType="pubmed">8622695</ArticleId></ArticleIdList></Reference><Reference><Citation>Nat Genet. 1996 Jun;13(2):161-6</Citation><ArticleIdList><ArticleId IdType="pubmed">8640221</ArticleId></ArticleIdList></Reference><Reference><Citation>Genet Epidemiol. 1996;13(2):117-37</Citation><ArticleIdList><ArticleId IdType="pubmed">8722742</ArticleId></ArticleIdList></Reference><Reference><Citation>Nat Genet. 1996 Sep;14(1):90-4</Citation><ArticleIdList><ArticleId IdType="pubmed">8782826</ArticleId></ArticleIdList></Reference><Reference><Citation>Biotechniques. 1996 Oct;21(4):700-9</Citation><ArticleIdList><ArticleId IdType="pubmed">8891224</ArticleId></ArticleIdList></Reference><Reference><Citation>Nature. 1996 Dec 5;384(6608):455-8</Citation><ArticleIdList><ArticleId IdType="pubmed">8945470</ArticleId></ArticleIdList></Reference><Reference><Citation>Nature. 1996 Dec 5;384(6608):458-60</Citation><ArticleIdList><ArticleId IdType="pubmed">8945471</ArticleId></ArticleIdList></Reference><Reference><Citation>Diabetes. 1997 May;46(5):882-6</Citation><ArticleIdList><ArticleId IdType="pubmed">9133559</ArticleId></ArticleIdList></Reference></ReferenceList></PubmedData></PubmedArticle></PubmedArticleSet>