<?xml version="1.0" ?>
<!DOCTYPE PubmedArticleSet PUBLIC "-//NLM//DTD PubMedArticle, 1st January 2019//EN" "https://dtd.nlm.nih.gov/ncbi/pubmed/out/pubmed_190101.dtd">
<PubmedArticleSet><PubmedArticle><MedlineCitation Status="MEDLINE" Owner="NLM"><PMID Version="1">10051636</PMID><DateCompleted><Year>1999</Year><Month>04</Month><Day>15</Day></DateCompleted><DateRevised><Year>2019</Year><Month>05</Month><Day>01</Day></DateRevised><Article PubModel="Print"><Journal><ISSN IssnType="Print">0027-8424</ISSN><JournalIssue CitedMedium="Print"><Volume>96</Volume><Issue>5</Issue><PubDate><Year>1999</Year><Month>Mar</Month><Day>02</Day></PubDate></JournalIssue><Title>Proceedings of the National Academy of Sciences of the United States of America</Title><ISOAbbreviation>Proc Natl Acad Sci U S A</ISOAbbreviation></Journal><ArticleTitle>Poly(ADP-ribose) polymerase gene disruption conferred mice resistant to streptozotocin-induced diabetes.</ArticleTitle><Pagination><MedlinePgn>2301-4</MedlinePgn></Pagination><Abstract><AbstractText>Streptozotocin (STZ), a glucose analogue known to induce diabetes in experimental animals, causes DNA strand breaks and subsequent activation of poly(ADPribose) polymerase (Parp). Because Parp uses NAD as a substrate, extensive DNA damage will result in reduction of cellular NAD level. In fact, STZ induces NAD depletion and cell death in isolated pancreatic islets in vitro. Activation of Parp therefore is thought to play an important role in STZ-induced diabetes. In the present study, we established Parp-deficient (Parp-/-) mice by disrupting Parp exon 1 by using the homologous recombination technique. These mice were used to examine the possible involvement of Parp in STZ-induced beta-cell damage in vivo. The wild-type (Parp+/+) mice showed significant increases in blood glucose concentration from 129 mg/dl to 218, 370, 477, and 452 mg/dl on experimental days 1, 7, 21, and 60, respectively, after a single injection of 180 mg STZ/kg body weight. In contrast, the concentration of blood glucose in Parp-/- mice remained normal up to day 7, slightly increased on day 21, but returned to normal levels on day 60. STZ injection caused extensive necrosis in the islets of Parp+/+ mice on day 1, with subsequent progressive islet atrophy and loss of functional beta cells from day 7. In contrast, the extent of islet beta-cell death and dysfunction was markedly less in Parp-/- mice. Our findings clearly implicate Parp activation in islet beta-cell damage and glucose intolerance induced by STZ in vivo.</AbstractText></Abstract><AuthorList CompleteYN="Y"><Author ValidYN="Y"><LastName>Masutani</LastName><ForeName>M</ForeName><Initials>M</Initials><AffiliationInfo><Affiliation>Biochemistry Division, National Cancer Center Research Institute, 1-1 Tsukiji 5-chome, Chuo-ku, Tokyo, 104-0045 Japan. mmasutan@gan2.ncc.go.jp</Affiliation></AffiliationInfo></Author><Author ValidYN="Y"><LastName>Suzuki</LastName><ForeName>H</ForeName><Initials>H</Initials></Author><Author ValidYN="Y"><LastName>Kamada</LastName><ForeName>N</ForeName><Initials>N</Initials></Author><Author ValidYN="Y"><LastName>Watanabe</LastName><ForeName>M</ForeName><Initials>M</Initials></Author><Author ValidYN="Y"><LastName>Ueda</LastName><ForeName>O</ForeName><Initials>O</Initials></Author><Author ValidYN="Y"><LastName>Nozaki</LastName><ForeName>T</ForeName><Initials>T</Initials></Author><Author ValidYN="Y"><LastName>Jishage</LastName><ForeName>K</ForeName><Initials>K</Initials></Author><Author ValidYN="Y"><LastName>Watanabe</LastName><ForeName>T</ForeName><Initials>T</Initials></Author><Author ValidYN="Y"><LastName>Sugimoto</LastName><ForeName>T</ForeName><Initials>T</Initials></Author><Author ValidYN="Y"><LastName>Nakagama</LastName><ForeName>H</ForeName><Initials>H</Initials></Author><Author ValidYN="Y"><LastName>Ochiya</LastName><ForeName>T</ForeName><Initials>T</Initials></Author><Author ValidYN="Y"><LastName>Sugimura</LastName><ForeName>T</ForeName><Initials>T</Initials></Author></AuthorList><Language>eng</Language><PublicationTypeList><PublicationType UI="D016428">Journal Article</PublicationType><PublicationType UI="D013485">Research Support, Non-U.S. Gov't</PublicationType></PublicationTypeList></Article><MedlineJournalInfo><Country>United States</Country><MedlineTA>Proc Natl Acad Sci U S A</MedlineTA><NlmUniqueID>7505876</NlmUniqueID><ISSNLinking>0027-8424</ISSNLinking></MedlineJournalInfo><ChemicalList><Chemical><RegistryNumber>0</RegistryNumber><NameOfSubstance UI="D001786">Blood Glucose</NameOfSubstance></Chemical><Chemical><RegistryNumber>0U46U6E8UK</RegistryNumber><NameOfSubstance UI="D009243">NAD</NameOfSubstance></Chemical><Chemical><RegistryNumber>5W494URQ81</RegistryNumber><NameOfSubstance UI="D013311">Streptozocin</NameOfSubstance></Chemical><Chemical><RegistryNumber>EC 2.4.2.30</RegistryNumber><NameOfSubstance UI="D011065">Poly(ADP-ribose) Polymerases</NameOfSubstance></Chemical></ChemicalList><CitationSubset>IM</CitationSubset><MeshHeadingList><MeshHeading><DescriptorName UI="D000818" MajorTopicYN="N">Animals</DescriptorName></MeshHeading><MeshHeading><DescriptorName UI="D001786" MajorTopicYN="N">Blood Glucose</DescriptorName><QualifierName UI="Q000378" MajorTopicYN="N">metabolism</QualifierName></MeshHeading><MeshHeading><DescriptorName UI="D003921" MajorTopicYN="N">Diabetes Mellitus, Experimental</DescriptorName><QualifierName UI="Q000473" MajorTopicYN="N">pathology</QualifierName><QualifierName UI="Q000517" MajorTopicYN="Y">prevention &amp; control</QualifierName></MeshHeading><MeshHeading><DescriptorName UI="D005091" MajorTopicYN="N">Exons</DescriptorName></MeshHeading><MeshHeading><DescriptorName UI="D007113" MajorTopicYN="N">Immunity, Innate</DescriptorName></MeshHeading><MeshHeading><DescriptorName UI="D007515" MajorTopicYN="N">Islets of Langerhans</DescriptorName><QualifierName UI="Q000201" MajorTopicYN="N">enzymology</QualifierName><QualifierName UI="Q000473" MajorTopicYN="Y">pathology</QualifierName></MeshHeading><MeshHeading><DescriptorName UI="D051379" MajorTopicYN="N">Mice</DescriptorName></MeshHeading><MeshHeading><DescriptorName UI="D018345" MajorTopicYN="N">Mice, Knockout</DescriptorName></MeshHeading><MeshHeading><DescriptorName UI="D009243" MajorTopicYN="N">NAD</DescriptorName><QualifierName UI="Q000378" MajorTopicYN="N">metabolism</QualifierName></MeshHeading><MeshHeading><DescriptorName UI="D011065" MajorTopicYN="N">Poly(ADP-ribose) Polymerases</DescriptorName><QualifierName UI="Q000172" MajorTopicYN="Y">deficiency</QualifierName><QualifierName UI="Q000235" MajorTopicYN="N">genetics</QualifierName><QualifierName UI="Q000378" MajorTopicYN="N">metabolism</QualifierName></MeshHeading><MeshHeading><DescriptorName UI="D011995" MajorTopicYN="N">Recombination, Genetic</DescriptorName></MeshHeading><MeshHeading><DescriptorName UI="D013311" MajorTopicYN="N">Streptozocin</DescriptorName></MeshHeading></MeshHeadingList></MedlineCitation><PubmedData><History><PubMedPubDate PubStatus="pubmed"><Year>1999</Year><Month>3</Month><Day>3</Day></PubMedPubDate><PubMedPubDate PubStatus="medline"><Year>1999</Year><Month>3</Month><Day>3</Day><Hour>0</Hour><Minute>1</Minute></PubMedPubDate><PubMedPubDate PubStatus="entrez"><Year>1999</Year><Month>3</Month><Day>3</Day><Hour>0</Hour><Minute>0</Minute></PubMedPubDate></History><PublicationStatus>ppublish</PublicationStatus><ArticleIdList><ArticleId IdType="pubmed">10051636</ArticleId><ArticleId IdType="pmc">PMC26778</ArticleId><ArticleId IdType="doi">10.1073/pnas.96.5.2301</ArticleId></ArticleIdList><ReferenceList><Reference><Citation>Mol Cell Biochem. 1999 Mar;193(1-2):149-52</Citation><ArticleIdList><ArticleId IdType="pubmed">10331651</ArticleId></ArticleIdList></Reference><Reference><Citation>FEBS Lett. 1973 Mar 1;30(2):225-228</Citation><ArticleIdList><ArticleId IdType="pubmed">11947098</ArticleId></ArticleIdList></Reference><Reference><Citation>Diabetologia. 1976 Oct;12(5):471-81</Citation><ArticleIdList><ArticleId IdType="pubmed">135704</ArticleId></ArticleIdList></Reference><Reference><Citation>Cancer Chemother Rep. 1963 May;29:91-8</Citation><ArticleIdList><ArticleId IdType="pubmed">13990586</ArticleId></ArticleIdList></Reference><Reference><Citation>Cell. 1992 Jun 12;69(6):915-26</Citation><ArticleIdList><ArticleId IdType="pubmed">1606615</ArticleId></ArticleIdList></Reference><Reference><Citation>J Biol Chem. 1990 Dec 15;265(35):21907-13</Citation><ArticleIdList><ArticleId IdType="pubmed">2123876</ArticleId></ArticleIdList></Reference><Reference><Citation>Nucleic Acids Res. 1987 Oct 26;15(20):8125-48</Citation><ArticleIdList><ArticleId IdType="pubmed">3313277</ArticleId></ArticleIdList></Reference><Reference><Citation>N Engl J Med. 1986 May 22;314(21):1360-8</Citation><ArticleIdList><ArticleId IdType="pubmed">3517648</ArticleId></ArticleIdList></Reference><Reference><Citation>Cancer Res. 1967 Dec;27(12):2324-32</Citation><ArticleIdList><ArticleId IdType="pubmed">4295475</ArticleId></ArticleIdList></Reference><Reference><Citation>Diabetes. 1972 Jul;21(7):789-93</Citation><ArticleIdList><ArticleId IdType="pubmed">4339115</ArticleId></ArticleIdList></Reference><Reference><Citation>Biochem Pharmacol. 1973 Oct 15;22(20):2625-31</Citation><ArticleIdList><ArticleId IdType="pubmed">4357891</ArticleId></ArticleIdList></Reference><Reference><Citation>Biochem J. 1974 Jun;140(3):487-94</Citation><ArticleIdList><ArticleId IdType="pubmed">4374939</ArticleId></ArticleIdList></Reference><Reference><Citation>Stain Technol. 1975 May;50(3):161-70</Citation><ArticleIdList><ArticleId IdType="pubmed">49951</ArticleId></ArticleIdList></Reference><Reference><Citation>Mol Cell Biochem. 1981 Jun 9;37(1):43-61</Citation><ArticleIdList><ArticleId IdType="pubmed">6166848</ArticleId></ArticleIdList></Reference><Reference><Citation>Biochem Biophys Res Commun. 1980 Jul 16;95(1):474-81</Citation><ArticleIdList><ArticleId IdType="pubmed">6251809</ArticleId></ArticleIdList></Reference><Reference><Citation>Nature. 1981 Nov 19;294(5838):284-6</Citation><ArticleIdList><ArticleId IdType="pubmed">6272129</ArticleId></ArticleIdList></Reference><Reference><Citation>J Biol Chem. 1982 Jun 10;257(11):6084-8</Citation><ArticleIdList><ArticleId IdType="pubmed">6281256</ArticleId></ArticleIdList></Reference><Reference><Citation>Genes Dev. 1995 Mar 1;9(5):509-20</Citation><ArticleIdList><ArticleId IdType="pubmed">7698643</ArticleId></ArticleIdList></Reference><Reference><Citation>Diabetes. 1994 Jul;43(7):843-50</Citation><ArticleIdList><ArticleId IdType="pubmed">8013746</ArticleId></ArticleIdList></Reference><Reference><Citation>Eur J Biochem. 1994 Mar 1;220(2):607-14</Citation><ArticleIdList><ArticleId IdType="pubmed">8125121</ArticleId></ArticleIdList></Reference><Reference><Citation>Proc Natl Acad Sci U S A. 1997 Jul 8;94(14):7303-7</Citation><ArticleIdList><ArticleId IdType="pubmed">9207086</ArticleId></ArticleIdList></Reference><Reference><Citation>Proc Natl Acad Sci U S A. 1998 Mar 31;95(7):3867-72</Citation><ArticleIdList><ArticleId IdType="pubmed">9520459</ArticleId></ArticleIdList></Reference></ReferenceList></PubmedData></PubmedArticle></PubmedArticleSet>