<?xml version="1.0" ?>
<!DOCTYPE PubmedArticleSet PUBLIC "-//NLM//DTD PubMedArticle, 1st January 2019//EN" "https://dtd.nlm.nih.gov/ncbi/pubmed/out/pubmed_190101.dtd">
<PubmedArticleSet><PubmedArticle><MedlineCitation Status="MEDLINE" Owner="NLM"><PMID Version="1">10051641</PMID><DateCompleted><Year>1999</Year><Month>04</Month><Day>15</Day></DateCompleted><DateRevised><Year>2019</Year><Month>05</Month><Day>01</Day></DateRevised><Article PubModel="Print"><Journal><ISSN IssnType="Print">0027-8424</ISSN><JournalIssue CitedMedium="Print"><Volume>96</Volume><Issue>5</Issue><PubDate><Year>1999</Year><Month>Mar</Month><Day>02</Day></PubDate></JournalIssue><Title>Proceedings of the National Academy of Sciences of the United States of America</Title><ISOAbbreviation>Proc Natl Acad Sci U S A</ISOAbbreviation></Journal><ArticleTitle>Regulation of fatty acid homeostasis in cells: novel role of leptin.</ArticleTitle><Pagination><MedlinePgn>2327-32</MedlinePgn></Pagination><Abstract><AbstractText>It is proposed that an important function of leptin is to confine the storage of triglycerides (TG) to the adipocytes, while limiting TG storage in nonadipocytes, thus protecting them from lipotoxicity. The fact that TG content in nonadipocytes normally remains within a narrow range, while that of adipocytes varies enormously with food intake, is consistent with a system of TG homeostasis in normal nonadipocytes. The facts that when leptin receptors are dysfunctional, TG content in nonadipocytes such as islets can increase 100-fold, and that constitutively expressed ectopic hyperleptinemia depletes TG, suggest that leptin controls the homeostatic system for intracellular TG. The fact that the function and viability of nonadipocytes is compromised when their TG content rises above or falls below the normal range suggests that normal homeostasis of their intracellular TG is critical for optimal function and to prevent lipoapoptosis. Thus far, lipotoxic diabetes of fa/fa Zucker diabetic fatty rats is the only proven lipodegenerative disease, but the possibility of lipotoxic disease of skeletal and/or cardiac muscle may require investigation, as does the possible influence of the intracellular TG content on autoimmune and neoplastic processes.</AbstractText></Abstract><AuthorList CompleteYN="Y"><Author ValidYN="Y"><LastName>Unger</LastName><ForeName>R H</ForeName><Initials>RH</Initials><AffiliationInfo><Affiliation>Gifford Laboratories, Center for Diabetes Research, Department of Internal Medicine, University of Texas Southwestern Medical Center, Dallas, TX 75235, USA. Runger@mednet.SWmed.edu</Affiliation></AffiliationInfo></Author><Author ValidYN="Y"><LastName>Zhou</LastName><ForeName>Y T</ForeName><Initials>YT</Initials></Author><Author ValidYN="Y"><LastName>Orci</LastName><ForeName>L</ForeName><Initials>L</Initials></Author></AuthorList><Language>eng</Language><GrantList CompleteYN="Y"><Grant><GrantID>K08 DK002700</GrantID><Acronym>DK</Acronym><Agency>NIDDK NIH HHS</Agency><Country>United States</Country></Grant><Grant><GrantID>R01 DK002700</GrantID><Acronym>DK</Acronym><Agency>NIDDK NIH HHS</Agency><Country>United States</Country></Grant><Grant><GrantID>DK02700-37</GrantID><Acronym>DK</Acronym><Agency>NIDDK NIH HHS</Agency><Country>United States</Country></Grant></GrantList><PublicationTypeList><PublicationType UI="D016428">Journal Article</PublicationType><PublicationType UI="D013485">Research Support, Non-U.S. Gov't</PublicationType><PublicationType UI="D013486">Research Support, U.S. Gov't, Non-P.H.S.</PublicationType><PublicationType UI="D013487">Research Support, U.S. Gov't, P.H.S.</PublicationType></PublicationTypeList></Article><MedlineJournalInfo><Country>United States</Country><MedlineTA>Proc Natl Acad Sci U S A</MedlineTA><NlmUniqueID>7505876</NlmUniqueID><ISSNLinking>0027-8424</ISSNLinking></MedlineJournalInfo><ChemicalList><Chemical><RegistryNumber>0</RegistryNumber><NameOfSubstance UI="D005227">Fatty Acids</NameOfSubstance></Chemical><Chemical><RegistryNumber>0</RegistryNumber><NameOfSubstance UI="D005230">Fatty Acids, Nonesterified</NameOfSubstance></Chemical><Chemical><RegistryNumber>0</RegistryNumber><NameOfSubstance UI="D020738">Leptin</NameOfSubstance></Chemical><Chemical><RegistryNumber>0</RegistryNumber><NameOfSubstance UI="D011506">Proteins</NameOfSubstance></Chemical><Chemical><RegistryNumber>0</RegistryNumber><NameOfSubstance UI="D014280">Triglycerides</NameOfSubstance></Chemical></ChemicalList><CitationSubset>IM</CitationSubset><MeshHeadingList><MeshHeading><DescriptorName UI="D017667" MajorTopicYN="N">Adipocytes</DescriptorName><QualifierName UI="Q000378" MajorTopicYN="N">metabolism</QualifierName></MeshHeading><MeshHeading><DescriptorName UI="D000368" MajorTopicYN="N">Aged</DescriptorName></MeshHeading><MeshHeading><DescriptorName UI="D000818" MajorTopicYN="N">Animals</DescriptorName></MeshHeading><MeshHeading><DescriptorName UI="D002471" MajorTopicYN="N">Cell Transformation, Neoplastic</DescriptorName></MeshHeading><MeshHeading><DescriptorName UI="D015179" MajorTopicYN="N">Colorectal Neoplasms</DescriptorName><QualifierName UI="Q000453" MajorTopicYN="N">epidemiology</QualifierName><QualifierName UI="Q000503" MajorTopicYN="N">physiopathology</QualifierName></MeshHeading><MeshHeading><DescriptorName UI="D003920" MajorTopicYN="N">Diabetes Mellitus</DescriptorName><QualifierName UI="Q000378" MajorTopicYN="Y">metabolism</QualifierName><QualifierName UI="Q000473" MajorTopicYN="N">pathology</QualifierName></MeshHeading><MeshHeading><DescriptorName UI="D003922" MajorTopicYN="N">Diabetes Mellitus, Type 1</DescriptorName><QualifierName UI="Q000378" MajorTopicYN="Y">metabolism</QualifierName><QualifierName UI="Q000473" MajorTopicYN="N">pathology</QualifierName></MeshHeading><MeshHeading><DescriptorName UI="D002149" MajorTopicYN="N">Energy Intake</DescriptorName></MeshHeading><MeshHeading><DescriptorName UI="D005227" MajorTopicYN="N">Fatty Acids</DescriptorName><QualifierName UI="Q000378" MajorTopicYN="Y">metabolism</QualifierName></MeshHeading><MeshHeading><DescriptorName UI="D005230" MajorTopicYN="N">Fatty Acids, Nonesterified</DescriptorName><QualifierName UI="Q000378" MajorTopicYN="N">metabolism</QualifierName></MeshHeading><MeshHeading><DescriptorName UI="D006706" MajorTopicYN="N">Homeostasis</DescriptorName></MeshHeading><MeshHeading><DescriptorName UI="D006801" MajorTopicYN="N">Humans</DescriptorName></MeshHeading><MeshHeading><DescriptorName UI="D007515" MajorTopicYN="N">Islets of Langerhans</DescriptorName><QualifierName UI="Q000378" MajorTopicYN="N">metabolism</QualifierName><QualifierName UI="Q000473" MajorTopicYN="N">pathology</QualifierName></MeshHeading><MeshHeading><DescriptorName UI="D020738" MajorTopicYN="N">Leptin</DescriptorName></MeshHeading><MeshHeading><DescriptorName UI="D008107" MajorTopicYN="N">Liver Diseases</DescriptorName><QualifierName UI="Q000378" MajorTopicYN="N">metabolism</QualifierName></MeshHeading><MeshHeading><DescriptorName UI="D008954" MajorTopicYN="N">Models, Biological</DescriptorName></MeshHeading><MeshHeading><DescriptorName UI="D009765" MajorTopicYN="N">Obesity</DescriptorName><QualifierName UI="Q000378" MajorTopicYN="N">metabolism</QualifierName><QualifierName UI="Q000503" MajorTopicYN="Y">physiopathology</QualifierName></MeshHeading><MeshHeading><DescriptorName UI="D011506" MajorTopicYN="N">Proteins</DescriptorName><QualifierName UI="Q000502" MajorTopicYN="Y">physiology</QualifierName></MeshHeading><MeshHeading><DescriptorName UI="D051381" MajorTopicYN="N">Rats</DescriptorName></MeshHeading><MeshHeading><DescriptorName UI="D011924" MajorTopicYN="N">Rats, Zucker</DescriptorName></MeshHeading><MeshHeading><DescriptorName UI="D012307" MajorTopicYN="N">Risk Factors</DescriptorName></MeshHeading><MeshHeading><DescriptorName UI="D014280" MajorTopicYN="N">Triglycerides</DescriptorName><QualifierName UI="Q000378" MajorTopicYN="N">metabolism</QualifierName></MeshHeading></MeshHeadingList></MedlineCitation><PubmedData><History><PubMedPubDate PubStatus="pubmed"><Year>1999</Year><Month>3</Month><Day>3</Day></PubMedPubDate><PubMedPubDate PubStatus="medline"><Year>1999</Year><Month>3</Month><Day>3</Day><Hour>0</Hour><Minute>1</Minute></PubMedPubDate><PubMedPubDate PubStatus="entrez"><Year>1999</Year><Month>3</Month><Day>3</Day><Hour>0</Hour><Minute>0</Minute></PubMedPubDate></History><PublicationStatus>ppublish</PublicationStatus><ArticleIdList><ArticleId IdType="pubmed">10051641</ArticleId><ArticleId IdType="pmc">PMC26783</ArticleId><ArticleId IdType="doi">10.1073/pnas.96.5.2327</ArticleId></ArticleIdList><ReferenceList><Reference><Citation>Proc Natl Acad Sci U S A. 1990 Dec;87(24):9953-7</Citation><ArticleIdList><ArticleId IdType="pubmed">2263645</ArticleId></ArticleIdList></Reference><Reference><Citation>Proc Natl Acad Sci U S A. 1998 Jul 21;95(15):8898-903</Citation><ArticleIdList><ArticleId IdType="pubmed">9671776</ArticleId></ArticleIdList></Reference><Reference><Citation>Science. 1993 Mar 19;259(5102):1769-71</Citation><ArticleIdList><ArticleId IdType="pubmed">8456305</ArticleId></ArticleIdList></Reference><Reference><Citation>Proc Natl Acad Sci U S A. 1994 Nov 8;91(23):10878-82</Citation><ArticleIdList><ArticleId IdType="pubmed">7971976</ArticleId></ArticleIdList></Reference><Reference><Citation>Nature. 1994 Dec 1;372(6505):425-32</Citation><ArticleIdList><ArticleId IdType="pubmed">7984236</ArticleId></ArticleIdList></Reference><Reference><Citation>J Biol Chem. 1995 Jan 20;270(3):1295-9</Citation><ArticleIdList><ArticleId IdType="pubmed">7836394</ArticleId></ArticleIdList></Reference><Reference><Citation>Diabetes. 1995 Aug;44(8):863-70</Citation><ArticleIdList><ArticleId IdType="pubmed">7621989</ArticleId></ArticleIdList></Reference><Reference><Citation>Science. 1995 Jul 28;269(5223):540-3</Citation><ArticleIdList><ArticleId IdType="pubmed">7624776</ArticleId></ArticleIdList></Reference><Reference><Citation>Science. 1995 Jul 28;269(5223):543-6</Citation><ArticleIdList><ArticleId IdType="pubmed">7624777</ArticleId></ArticleIdList></Reference><Reference><Citation>Science. 1995 Jul 28;269(5223):546-9</Citation><ArticleIdList><ArticleId IdType="pubmed">7624778</ArticleId></ArticleIdList></Reference><Reference><Citation>J Clin Invest. 1995 Sep;96(3):1658-63</Citation><ArticleIdList><ArticleId IdType="pubmed">7657836</ArticleId></ArticleIdList></Reference><Reference><Citation>Nature. 1995 Oct 12;377(6549):527-9</Citation><ArticleIdList><ArticleId IdType="pubmed">7566150</ArticleId></ArticleIdList></Reference><Reference><Citation>Nat Med. 1995 Nov;1(11):1155-61</Citation><ArticleIdList><ArticleId IdType="pubmed">7584987</ArticleId></ArticleIdList></Reference><Reference><Citation>N Engl J Med. 1996 Feb 1;334(5):292-5</Citation><ArticleIdList><ArticleId IdType="pubmed">8532024</ArticleId></ArticleIdList></Reference><Reference><Citation>Cell. 1996 Feb 9;84(3):491-5</Citation><ArticleIdList><ArticleId IdType="pubmed">8608603</ArticleId></ArticleIdList></Reference><Reference><Citation>J Biol Chem. 1996 Mar 8;271(10):5633-7</Citation><ArticleIdList><ArticleId IdType="pubmed">8621426</ArticleId></ArticleIdList></Reference><Reference><Citation>Nat Genet. 1996 May;13(1):18-9</Citation><ArticleIdList><ArticleId IdType="pubmed">8673096</ArticleId></ArticleIdList></Reference><Reference><Citation>J Clin Invest. 1996 Jun 15;97(12):2728-35</Citation><ArticleIdList><ArticleId IdType="pubmed">8675683</ArticleId></ArticleIdList></Reference><Reference><Citation>Biochem Biophys Res Commun. 1996 Jul 16;224(2):597-604</Citation><ArticleIdList><ArticleId IdType="pubmed">8702432</ArticleId></ArticleIdList></Reference><Reference><Citation>Am J Pathol. 1997 Jan;150(1):201-8</Citation><ArticleIdList><ArticleId IdType="pubmed">9006336</ArticleId></ArticleIdList></Reference><Reference><Citation>Diabetes. 1997 Mar;46(3):408-13</Citation><ArticleIdList><ArticleId IdType="pubmed">9032096</ArticleId></ArticleIdList></Reference><Reference><Citation>Proc Natl Acad Sci U S A. 1997 Apr 29;94(9):4637-41</Citation><ArticleIdList><ArticleId IdType="pubmed">9114043</ArticleId></ArticleIdList></Reference><Reference><Citation>Nature. 1997 Jun 26;387(6636):903-8</Citation><ArticleIdList><ArticleId IdType="pubmed">9202122</ArticleId></ArticleIdList></Reference><Reference><Citation>Diabetes. 1997 Aug;46(8):1276-80</Citation><ArticleIdList><ArticleId IdType="pubmed">9231651</ArticleId></ArticleIdList></Reference><Reference><Citation>J Clin Invest. 1997 Oct 1;100(7):1750-4</Citation><ArticleIdList><ArticleId IdType="pubmed">9312173</ArticleId></ArticleIdList></Reference><Reference><Citation>Am J Physiol. 1997 Oct;273(4 Pt 1):E708-13</Citation><ArticleIdList><ArticleId IdType="pubmed">9357799</ArticleId></ArticleIdList></Reference><Reference><Citation>J Clin Invest. 1997 Dec 1;100(11):2900-8</Citation><ArticleIdList><ArticleId IdType="pubmed">9389757</ArticleId></ArticleIdList></Reference><Reference><Citation>J Biol Chem. 1998 Jan 30;273(5):2591-600</Citation><ArticleIdList><ArticleId IdType="pubmed">9446561</ArticleId></ArticleIdList></Reference><Reference><Citation>Proc Natl Acad Sci U S A. 1998 Jan 20;95(2):714-8</Citation><ArticleIdList><ArticleId IdType="pubmed">9435258</ArticleId></ArticleIdList></Reference><Reference><Citation>Carcinogenesis. 1998 Jan;19(1):49-53</Citation><ArticleIdList><ArticleId IdType="pubmed">9472692</ArticleId></ArticleIdList></Reference><Reference><Citation>Proc Natl Acad Sci U S A. 1998 Aug 4;95(16):9558-61</Citation><ArticleIdList><ArticleId IdType="pubmed">9689119</ArticleId></ArticleIdList></Reference><Reference><Citation>J Clin Invest. 1998 Aug 15;102(4):728-33</Citation><ArticleIdList><ArticleId IdType="pubmed">9710441</ArticleId></ArticleIdList></Reference><Reference><Citation>Nat Med. 1998 Sep;4(9):1053-7</Citation><ArticleIdList><ArticleId IdType="pubmed">9734399</ArticleId></ArticleIdList></Reference><Reference><Citation>Nat Med. 1998 Sep;4(9):1058-61</Citation><ArticleIdList><ArticleId IdType="pubmed">9734400</ArticleId></ArticleIdList></Reference><Reference><Citation>Proc Natl Acad Sci U S A. 1998 Sep 29;95(20):11921-6</Citation><ArticleIdList><ArticleId IdType="pubmed">9751766</ArticleId></ArticleIdList></Reference><Reference><Citation>Genes Dev. 1998 Oct 15;12(20):3168-81</Citation><ArticleIdList><ArticleId IdType="pubmed">9784492</ArticleId></ArticleIdList></Reference><Reference><Citation>Genes Dev. 1998 Oct 15;12(20):3182-94</Citation><ArticleIdList><ArticleId IdType="pubmed">9784493</ArticleId></ArticleIdList></Reference><Reference><Citation>J Biol Chem. 1998 Dec 4;273(49):32487-90</Citation><ArticleIdList><ArticleId IdType="pubmed">9829981</ArticleId></ArticleIdList></Reference><Reference><Citation>Am J Hum Genet. 1962 Dec;14:353-62</Citation><ArticleIdList><ArticleId IdType="pubmed">13937884</ArticleId></ArticleIdList></Reference><Reference><Citation>Hiroshima J Med Sci. 1965 Mar;14(1):31-9</Citation><ArticleIdList><ArticleId IdType="pubmed">5844448</ArticleId></ArticleIdList></Reference><Reference><Citation>J Clin Invest. 1966 Jan;45(1):51-62</Citation><ArticleIdList><ArticleId IdType="pubmed">5901179</ArticleId></ArticleIdList></Reference><Reference><Citation>Arch Fr Pediatr. 1965 Nov;22(9):1116-7</Citation><ArticleIdList><ArticleId IdType="pubmed">5855612</ArticleId></ArticleIdList></Reference><Reference><Citation>Cancer Res. 1975 Nov;35(11 Pt. 2):3395-7</Citation><ArticleIdList><ArticleId IdType="pubmed">1192407</ArticleId></ArticleIdList></Reference><Reference><Citation>Diabetologia. 1978 Mar;14(3):141-8</Citation><ArticleIdList><ArticleId IdType="pubmed">350680</ArticleId></ArticleIdList></Reference><Reference><Citation>Nature. 1990 Oct 18;347(6294):645-50</Citation><ArticleIdList><ArticleId IdType="pubmed">2129546</ArticleId></ArticleIdList></Reference><Reference><Citation>Proc Natl Acad Sci U S A. 1998 Mar 3;95(5):2498-502</Citation><ArticleIdList><ArticleId IdType="pubmed">9482914</ArticleId></ArticleIdList></Reference><Reference><Citation>Nature. 1998 Mar 26;392(6674):330-1</Citation><ArticleIdList><ArticleId IdType="pubmed">9537316</ArticleId></ArticleIdList></Reference><Reference><Citation>J Lab Clin Med. 1992 May;119(5):455-6</Citation><ArticleIdList><ArticleId IdType="pubmed">1583400</ArticleId></ArticleIdList></Reference></ReferenceList></PubmedData></PubmedArticle></PubmedArticleSet>