<?xml version="1.0" ?>
<!DOCTYPE PubmedArticleSet PUBLIC "-//NLM//DTD PubMedArticle, 1st January 2019//EN" "https://dtd.nlm.nih.gov/ncbi/pubmed/out/pubmed_190101.dtd">
<PubmedArticleSet><PubmedArticle><MedlineCitation Status="MEDLINE" Owner="NLM"><PMID Version="1">10052685</PMID><DateCompleted><Year>1999</Year><Month>05</Month><Day>10</Day></DateCompleted><DateRevised><Year>2021</Year><Month>12</Month><Day>03</Day></DateRevised><Article PubModel="Print"><Journal><ISSN IssnType="Print">0891-6934</ISSN><JournalIssue CitedMedium="Print"><Volume>29</Volume><Issue>1</Issue><PubDate><Year>1999</Year></PubDate></JournalIssue><Title>Autoimmunity</Title><ISOAbbreviation>Autoimmunity</ISOAbbreviation></Journal><ArticleTitle>Lack of association between CTLA-4 gene polymorphism and IDDM in Japanese subjects.</ArticleTitle><Pagination><MedlinePgn>53-6</MedlinePgn></Pagination><Abstract><AbstractText>Susceptibility to insulin-dependent diabetes mellitus (IDDM) is determined by both environmental and genetic factors. The main gene associated with predisposition to IDDM is HLA. Recent studies have described linkage and association of IDDM to the CTLA-4 gene (IDDM12) in Caucasians. CTLA-4 is a candidate gene for T-cell-mediated autoimmune diseases because it is a negative regulator of T-cell proliferation. We investigated the distribution of a CTLA-4 gene polymorphism in 110 Japanese patients with IDDM and 200 control subjects. In 84 patients, we also investigated associations between this CTLA-4 gene polymorphism and GAD65 antibody positivity. An A/G transition at position 49 of exon 1 was analyzed by the polymerase chain reaction-restriction fragment length polymorphism method. GAD65 antibody was detected using a radioligand binding assay. There was no significant difference in the distribution of CTLA-4 alleles in patients and controls and no difference was observed in prevalence of CTLA-4 alleles when GAD65 antibody-positive and -negative individuals in the IDDM groups were compared. The present study did not support an association between the CTLA-4 gene and IDDM in the Japanese population.</AbstractText></Abstract><AuthorList CompleteYN="Y"><Author ValidYN="Y"><LastName>Yanagawa</LastName><ForeName>T</ForeName><Initials>T</Initials><AffiliationInfo><Affiliation>Department of Medicine, Nerima General Hospital, Tokyo, Japan. VZA07472@niftyserve.or.jp</Affiliation></AffiliationInfo></Author><Author ValidYN="Y"><LastName>Maruyama</LastName><ForeName>T</ForeName><Initials>T</Initials></Author><Author ValidYN="Y"><LastName>Gomi</LastName><ForeName>K</ForeName><Initials>K</Initials></Author><Author ValidYN="Y"><LastName>Taniyama</LastName><ForeName>M</ForeName><Initials>M</Initials></Author><Author ValidYN="Y"><LastName>Kasuga</LastName><ForeName>A</ForeName><Initials>A</Initials></Author><Author ValidYN="Y"><LastName>Ozawa</LastName><ForeName>Y</ForeName><Initials>Y</Initials></Author><Author ValidYN="Y"><LastName>Terauchi</LastName><ForeName>M</ForeName><Initials>M</Initials></Author><Author ValidYN="Y"><LastName>Hirose</LastName><ForeName>H</ForeName><Initials>H</Initials></Author><Author ValidYN="Y"><LastName>Maruyama</LastName><ForeName>H</ForeName><Initials>H</Initials></Author><Author ValidYN="Y"><LastName>Saruta</LastName><ForeName>T</ForeName><Initials>T</Initials></Author></AuthorList><Language>eng</Language><PublicationTypeList><PublicationType UI="D016428">Journal Article</PublicationType></PublicationTypeList></Article><MedlineJournalInfo><Country>England</Country><MedlineTA>Autoimmunity</MedlineTA><NlmUniqueID>8900070</NlmUniqueID><ISSNLinking>0891-6934</ISSNLinking></MedlineJournalInfo><ChemicalList><Chemical><RegistryNumber>0</RegistryNumber><NameOfSubstance UI="D015703">Antigens, CD</NameOfSubstance></Chemical><Chemical><RegistryNumber>0</RegistryNumber><NameOfSubstance UI="D000943">Antigens, Differentiation</NameOfSubstance></Chemical><Chemical><RegistryNumber>0</RegistryNumber><NameOfSubstance UI="D001323">Autoantibodies</NameOfSubstance></Chemical><Chemical><RegistryNumber>0</RegistryNumber><NameOfSubstance UI="D060908">CTLA-4 Antigen</NameOfSubstance></Chemical><Chemical><RegistryNumber>0</RegistryNumber><NameOfSubstance UI="C556706">CTLA4 protein, human</NameOfSubstance></Chemical><Chemical><RegistryNumber>0</RegistryNumber><NameOfSubstance UI="D018796">Immunoconjugates</NameOfSubstance></Chemical><Chemical><RegistryNumber>0</RegistryNumber><NameOfSubstance UI="D007527">Isoenzymes</NameOfSubstance></Chemical><Chemical><RegistryNumber>7D0YB67S97</RegistryNumber><NameOfSubstance UI="D000069594">Abatacept</NameOfSubstance></Chemical><Chemical><RegistryNumber>EC 4.1.1.15</RegistryNumber><NameOfSubstance UI="D005968">Glutamate Decarboxylase</NameOfSubstance></Chemical></ChemicalList><CitationSubset>IM</CitationSubset><MeshHeadingList><MeshHeading><DescriptorName UI="D000069594" MajorTopicYN="N">Abatacept</DescriptorName></MeshHeading><MeshHeading><DescriptorName UI="D015703" MajorTopicYN="N">Antigens, CD</DescriptorName></MeshHeading><MeshHeading><DescriptorName UI="D000943" MajorTopicYN="N">Antigens, Differentiation</DescriptorName><QualifierName UI="Q000235" MajorTopicYN="Y">genetics</QualifierName></MeshHeading><MeshHeading><DescriptorName UI="D044466" MajorTopicYN="N">Asians</DescriptorName><QualifierName UI="Q000235" MajorTopicYN="Y">genetics</QualifierName></MeshHeading><MeshHeading><DescriptorName UI="D001323" MajorTopicYN="N">Autoantibodies</DescriptorName><QualifierName UI="Q000097" MajorTopicYN="N">blood</QualifierName></MeshHeading><MeshHeading><DescriptorName UI="D015551" MajorTopicYN="N">Autoimmunity</DescriptorName></MeshHeading><MeshHeading><DescriptorName UI="D060908" MajorTopicYN="N">CTLA-4 Antigen</DescriptorName></MeshHeading><MeshHeading><DescriptorName UI="D003922" MajorTopicYN="N">Diabetes Mellitus, Type 1</DescriptorName><QualifierName UI="Q000235" MajorTopicYN="Y">genetics</QualifierName></MeshHeading><MeshHeading><DescriptorName UI="D005787" MajorTopicYN="N">Gene Frequency</DescriptorName></MeshHeading><MeshHeading><DescriptorName UI="D005968" MajorTopicYN="N">Glutamate Decarboxylase</DescriptorName><QualifierName UI="Q000276" MajorTopicYN="N">immunology</QualifierName></MeshHeading><MeshHeading><DescriptorName UI="D006801" MajorTopicYN="N">Humans</DescriptorName></MeshHeading><MeshHeading><DescriptorName UI="D018796" MajorTopicYN="Y">Immunoconjugates</DescriptorName></MeshHeading><MeshHeading><DescriptorName UI="D007527" MajorTopicYN="N">Isoenzymes</DescriptorName><QualifierName UI="Q000276" MajorTopicYN="N">immunology</QualifierName></MeshHeading><MeshHeading><DescriptorName UI="D011110" MajorTopicYN="Y">Polymorphism, Genetic</DescriptorName></MeshHeading></MeshHeadingList></MedlineCitation><PubmedData><History><PubMedPubDate PubStatus="pubmed"><Year>1999</Year><Month>3</Month><Day>3</Day></PubMedPubDate><PubMedPubDate PubStatus="medline"><Year>1999</Year><Month>3</Month><Day>3</Day><Hour>0</Hour><Minute>1</Minute></PubMedPubDate><PubMedPubDate PubStatus="entrez"><Year>1999</Year><Month>3</Month><Day>3</Day><Hour>0</Hour><Minute>0</Minute></PubMedPubDate></History><PublicationStatus>ppublish</PublicationStatus><ArticleIdList><ArticleId IdType="pubmed">10052685</ArticleId><ArticleId IdType="doi">10.3109/08916939908995972</ArticleId></ArticleIdList></PubmedData></PubmedArticle></PubmedArticleSet>