<?xml version="1.0" ?>
<!DOCTYPE PubmedArticleSet PUBLIC "-//NLM//DTD PubMedArticle, 1st January 2019//EN" "https://dtd.nlm.nih.gov/ncbi/pubmed/out/pubmed_190101.dtd">
<PubmedArticleSet><PubmedArticle><MedlineCitation Status="MEDLINE" Owner="NLM"><PMID Version="1">10064098</PMID><DateCompleted><Year>1999</Year><Month>04</Month><Day>22</Day></DateCompleted><DateRevised><Year>2018</Year><Month>10</Month><Day>13</Day></DateRevised><Article PubModel="Print"><Journal><ISSN IssnType="Print">0012-186X</ISSN><JournalIssue CitedMedium="Print"><Volume>42</Volume><Issue>2</Issue><PubDate><Year>1999</Year><Month>Feb</Month></PubDate></JournalIssue><Title>Diabetologia</Title><ISOAbbreviation>Diabetologia</ISOAbbreviation></Journal><ArticleTitle>Islet autoantibodies in cord blood from children who developed type I (insulin-dependent) diabetes mellitus before 15 years of age.</ArticleTitle><Pagination><MedlinePgn>181-7</MedlinePgn></Pagination><Abstract><AbstractText>Islet autoantibodies are early markers for Type I (insulin-dependent) diabetes mellitus. The aim of this study was to establish whether islet autoantibodies were present at birth in children who developed Type I diabetes before 15 years of age. Cord blood sera from 81 children who developed Type I diabetes between 10 months and 14.9 years of age were tested for glutamic acid decarboxylase autoantibodies (GAD65Ab), islet cell antigen 512 autoantibodies (ICA512Ab), insulin autoantibodies (IAA) all by quantitative radioligand binding assays and islet cell autoantibodies (ICA) by indirect immunofluorescence. Cord blood sera from 320 randomly selected matched children were controls. The children who developed Type I diabetes had an increased frequency of cord blood islet autoantibodies compared with control subjects: Glutamic acid decarboxylase autoantibodies were detected in 6% (5/81) patients and 2% (5/320) control subjects (p = 0.03); islet cell antigen 512 autoantibodies in 5% (4/73) patients and 1% (4/288) control subjects (p = 0.06); insulin autoantibodies (IAA) in 0% (0/79) patients and 0.3% (1/320) control subjects (p = 0.36); and islet cell autoantibodies in 10% (8/81) patients compared with 0.6% (2/320) control subjects (p = 0.0001). Taken together, 17% (14/81) patients had one or more islet autoantibody compared with 4% (12/320) control subjects (p = 0.0001). Whereas none of the control children had more than one antibody, 4% (3/81) children who later developed Type I diabetes were double positive (p = 0.002). Although glutamic acid decarboxylase autoantibodies' concentrations in cord-blood correlated to those in the mothers' blood at the time of delivery, no corresponding correlation was found for the other two types of autoantibodies. The increased frequency of cord blood islet autoantibodies suggests that the Type I diabetes process could already be initiated in utero.</AbstractText></Abstract><AuthorList CompleteYN="Y"><Author ValidYN="Y"><LastName>Lindberg</LastName><ForeName>B</ForeName><Initials>B</Initials><AffiliationInfo><Affiliation>Department of Paediatrics, Malmö University Hospital, Sweden.</Affiliation></AffiliationInfo></Author><Author ValidYN="Y"><LastName>Ivarsson</LastName><ForeName>S A</ForeName><Initials>SA</Initials></Author><Author ValidYN="Y"><LastName>Landin-Olsson</LastName><ForeName>M</ForeName><Initials>M</Initials></Author><Author ValidYN="Y"><LastName>Sundkvist</LastName><ForeName>G</ForeName><Initials>G</Initials></Author><Author ValidYN="Y"><LastName>Svanberg</LastName><ForeName>L</ForeName><Initials>L</Initials></Author><Author ValidYN="Y"><LastName>Lernmark</LastName><ForeName>A</ForeName><Initials>A</Initials></Author></AuthorList><Language>eng</Language><GrantList CompleteYN="Y"><Grant><GrantID>R01 DK026190</GrantID><Acronym>DK</Acronym><Agency>NIDDK NIH HHS</Agency><Country>United States</Country></Grant><Grant><GrantID>DK26190</GrantID><Acronym>DK</Acronym><Agency>NIDDK NIH HHS</Agency><Country>United States</Country></Grant></GrantList><PublicationTypeList><PublicationType UI="D016428">Journal Article</PublicationType><PublicationType UI="D013485">Research Support, Non-U.S. Gov't</PublicationType><PublicationType UI="D013487">Research Support, U.S. Gov't, P.H.S.</PublicationType></PublicationTypeList></Article><MedlineJournalInfo><Country>Germany</Country><MedlineTA>Diabetologia</MedlineTA><NlmUniqueID>0006777</NlmUniqueID><ISSNLinking>0012-186X</ISSNLinking></MedlineJournalInfo><ChemicalList><Chemical><RegistryNumber>0</RegistryNumber><NameOfSubstance UI="D001323">Autoantibodies</NameOfSubstance></Chemical><Chemical><RegistryNumber>0</RegistryNumber><NameOfSubstance UI="D001324">Autoantigens</NameOfSubstance></Chemical><Chemical><RegistryNumber>0</RegistryNumber><NameOfSubstance UI="D007328">Insulin</NameOfSubstance></Chemical><Chemical><RegistryNumber>0</RegistryNumber><NameOfSubstance UI="D008565">Membrane Proteins</NameOfSubstance></Chemical><Chemical><RegistryNumber>EC 3.1.3.48</RegistryNumber><NameOfSubstance UI="C516862">PTPRN protein, human</NameOfSubstance></Chemical><Chemical><RegistryNumber>EC 3.1.3.48</RegistryNumber><NameOfSubstance UI="D054562">Protein Tyrosine Phosphatase, Non-Receptor Type 1</NameOfSubstance></Chemical><Chemical><RegistryNumber>EC 3.1.3.48</RegistryNumber><NameOfSubstance UI="D017027">Protein Tyrosine Phosphatases</NameOfSubstance></Chemical><Chemical><RegistryNumber>EC 3.1.3.48</RegistryNumber><NameOfSubstance UI="D054635">Receptor-Like Protein Tyrosine Phosphatases, Class 8</NameOfSubstance></Chemical><Chemical><RegistryNumber>EC 4.1.1.15</RegistryNumber><NameOfSubstance UI="D005968">Glutamate Decarboxylase</NameOfSubstance></Chemical></ChemicalList><CitationSubset>IM</CitationSubset><CommentsCorrectionsList><CommentsCorrections RefType="CommentIn"><RefSource>Diabetologia. 1999 Jul;42(7):896-7</RefSource><PMID Version="1">10440135</PMID></CommentsCorrections><CommentsCorrections RefType="CommentIn"><RefSource>Diabetologia. 1999 Nov;42(11):1375</RefSource><PMID Version="1">10550423</PMID></CommentsCorrections><CommentsCorrections RefType="CommentIn"><RefSource>Diabetologia. 1999 Dec;42(12):1442-3</RefSource><PMID Version="1">10651266</PMID></CommentsCorrections></CommentsCorrectionsList><MeshHeadingList><MeshHeading><DescriptorName UI="D000293" MajorTopicYN="N">Adolescent</DescriptorName></MeshHeading><MeshHeading><DescriptorName UI="D000328" MajorTopicYN="N">Adult</DescriptorName></MeshHeading><MeshHeading><DescriptorName UI="D001323" MajorTopicYN="N">Autoantibodies</DescriptorName><QualifierName UI="Q000097" MajorTopicYN="Y">blood</QualifierName></MeshHeading><MeshHeading><DescriptorName UI="D001324" MajorTopicYN="N">Autoantigens</DescriptorName></MeshHeading><MeshHeading><DescriptorName UI="D002648" MajorTopicYN="N">Child</DescriptorName></MeshHeading><MeshHeading><DescriptorName UI="D002675" MajorTopicYN="N">Child, Preschool</DescriptorName></MeshHeading><MeshHeading><DescriptorName UI="D003922" MajorTopicYN="N">Diabetes Mellitus, Type 1</DescriptorName><QualifierName UI="Q000276" MajorTopicYN="Y">immunology</QualifierName></MeshHeading><MeshHeading><DescriptorName UI="D005260" MajorTopicYN="N">Female</DescriptorName></MeshHeading><MeshHeading><DescriptorName UI="D005312" MajorTopicYN="N">Fetal Blood</DescriptorName><QualifierName UI="Q000276" MajorTopicYN="Y">immunology</QualifierName></MeshHeading><MeshHeading><DescriptorName UI="D019084" MajorTopicYN="N">Fluorescent Antibody Technique, Indirect</DescriptorName></MeshHeading><MeshHeading><DescriptorName UI="D005968" MajorTopicYN="N">Glutamate Decarboxylase</DescriptorName><QualifierName UI="Q000276" MajorTopicYN="N">immunology</QualifierName></MeshHeading><MeshHeading><DescriptorName UI="D006801" MajorTopicYN="N">Humans</DescriptorName></MeshHeading><MeshHeading><DescriptorName UI="D007223" MajorTopicYN="N">Infant</DescriptorName></MeshHeading><MeshHeading><DescriptorName UI="D007328" MajorTopicYN="N">Insulin</DescriptorName><QualifierName UI="Q000276" MajorTopicYN="N">immunology</QualifierName></MeshHeading><MeshHeading><DescriptorName UI="D007515" MajorTopicYN="N">Islets of Langerhans</DescriptorName><QualifierName UI="Q000276" MajorTopicYN="Y">immunology</QualifierName></MeshHeading><MeshHeading><DescriptorName UI="D008297" MajorTopicYN="N">Male</DescriptorName></MeshHeading><MeshHeading><DescriptorName UI="D008423" MajorTopicYN="N">Maternal Age</DescriptorName></MeshHeading><MeshHeading><DescriptorName UI="D008565" MajorTopicYN="N">Membrane Proteins</DescriptorName><QualifierName UI="Q000276" MajorTopicYN="N">immunology</QualifierName></MeshHeading><MeshHeading><DescriptorName UI="D054562" MajorTopicYN="N">Protein Tyrosine Phosphatase, Non-Receptor Type 1</DescriptorName></MeshHeading><MeshHeading><DescriptorName UI="D017027" MajorTopicYN="N">Protein Tyrosine Phosphatases</DescriptorName><QualifierName UI="Q000276" MajorTopicYN="N">immunology</QualifierName></MeshHeading><MeshHeading><DescriptorName UI="D054635" MajorTopicYN="N">Receptor-Like Protein Tyrosine Phosphatases, Class 8</DescriptorName></MeshHeading></MeshHeadingList></MedlineCitation><PubmedData><History><PubMedPubDate PubStatus="pubmed"><Year>1999</Year><Month>3</Month><Day>4</Day></PubMedPubDate><PubMedPubDate PubStatus="medline"><Year>1999</Year><Month>3</Month><Day>4</Day><Hour>0</Hour><Minute>1</Minute></PubMedPubDate><PubMedPubDate PubStatus="entrez"><Year>1999</Year><Month>3</Month><Day>4</Day><Hour>0</Hour><Minute>0</Minute></PubMedPubDate></History><PublicationStatus>ppublish</PublicationStatus><ArticleIdList><ArticleId IdType="pubmed">10064098</ArticleId><ArticleId IdType="doi">10.1007/s001250051137</ArticleId></ArticleIdList></PubmedData></PubmedArticle></PubmedArticleSet>