<?xml version="1.0" ?>
<!DOCTYPE PubmedArticleSet PUBLIC "-//NLM//DTD PubMedArticle, 1st January 2019//EN" "https://dtd.nlm.nih.gov/ncbi/pubmed/out/pubmed_190101.dtd">
<PubmedArticleSet><PubmedArticle><MedlineCitation Status="MEDLINE" Owner="NLM"><PMID Version="1">10067662</PMID><DateCompleted><Year>1999</Year><Month>05</Month><Day>04</Day></DateCompleted><DateRevised><Year>2022</Year><Month>03</Month><Day>17</Day></DateRevised><Article PubModel="Print"><Journal><ISSN IssnType="Print">0731-5724</ISSN><JournalIssue CitedMedium="Print"><Volume>18</Volume><Issue>1</Issue><PubDate><Year>1999</Year><Month>Feb</Month></PubDate></JournalIssue><Title>Journal of the American College of Nutrition</Title><ISOAbbreviation>J Am Coll Nutr</ISOAbbreviation></Journal><ArticleTitle>L-carnitine improves glucose disposal in type 2 diabetic patients.</ArticleTitle><Pagination><MedlinePgn>77-82</MedlinePgn></Pagination><Abstract><AbstractText Label="OBJECTIVE" NlmCategory="OBJECTIVE">Aim of the present study is to evaluate the effects of L-carnitine on insulin-mediated glucose uptake and oxidation in type II diabetic patients and compare the results with those in healthy controls.</AbstractText><AbstractText Label="DESIGN" NlmCategory="METHODS">Fifteen type II diabetic patients and 20 healthy volunteers underwent a short-term (2 hours) euglycemic hyperinsulinemic clamp with simultaneous constant infusion of L-carnitine (0.28 micromole/kg bw/minute) or saline solution. Respiratory gas exchange was measured by an open-circuit ventilated hood system. Plasma glucose, insulin, non-esterified fatty acids (NEFA) and lactate levels were analyzed. Nitrogen urinary excretion was calculated to evaluate protein oxidation.</AbstractText><AbstractText Label="RESULTS" NlmCategory="RESULTS">Whole body glucose uptake was significantly (p&lt;0.001) higher with L-carnitine than with saline solution in the two groups investigated (48.66+/-4.73 without carnitine and 52.75+/-5.19 micromoles/kg(ffm)/minute with carnitine in healthy controls, and 35.90+/-5.00 vs. 38.90+/-5.16 micromoles/kg(ffm)/minute in diabetic patients). Glucose oxidation significantly increased only in the diabetic group (17.61+/-3.33 vs. 16.45+/-2.95 micromoles/kg(ffm)/minute, p&lt;0.001). On the contrary, glucose storage increased in both groups (controls: 26.36+/-3.25 vs. 22.79+/-3.46 micromoles/kg(ffm)/minute, p&lt;0.001; diabetics: 21.28+/-3.18 vs. 19.66+/-3.04 micromoles/kg(ffm)/minute, p&lt;0.001). In type II diabetic patients, plasma lactate significantly decreased during L-carnitine infusion compared to saline, going from the basal period to the end-clamp period (0.028+/-0.0191 without carnitine and 0.0759+/-0.0329 with carnitine, p&lt;0.0003).</AbstractText><AbstractText Label="CONCLUSIONS" NlmCategory="CONCLUSIONS">L-carnitine constant infusion improves insulin sensitivity in insulin resistant diabetic patients; a significant effect on whole body insulin-mediated glucose uptake is also observed in normal subjects. In diabetics, glucose, taken up by the tissues, appears to be promptly utilized as fuel since glucose oxidation is increased during L-carnitine administration. The significantly reduced plasma levels of lactate suggest that this effect might be exerted through the activation of pyruvate dehydrogenase, whose activity is depressed in the insulin resistant status.</AbstractText></Abstract><AuthorList CompleteYN="Y"><Author ValidYN="Y"><LastName>Mingrone</LastName><ForeName>G</ForeName><Initials>G</Initials><AffiliationInfo><Affiliation>Istituto di Medicina Interna, Catholic University, Rome, Italy.</Affiliation></AffiliationInfo></Author><Author ValidYN="Y"><LastName>Greco</LastName><ForeName>A V</ForeName><Initials>AV</Initials></Author><Author ValidYN="Y"><LastName>Capristo</LastName><ForeName>E</ForeName><Initials>E</Initials></Author><Author ValidYN="Y"><LastName>Benedetti</LastName><ForeName>G</ForeName><Initials>G</Initials></Author><Author ValidYN="Y"><LastName>Giancaterini</LastName><ForeName>A</ForeName><Initials>A</Initials></Author><Author ValidYN="Y"><LastName>De Gaetano</LastName><ForeName>A</ForeName><Initials>A</Initials></Author><Author ValidYN="Y"><LastName>Gasbarrini</LastName><ForeName>G</ForeName><Initials>G</Initials></Author></AuthorList><Language>eng</Language><PublicationTypeList><PublicationType UI="D016430">Clinical Trial</PublicationType><PublicationType UI="D018848">Controlled Clinical Trial</PublicationType><PublicationType UI="D016428">Journal Article</PublicationType></PublicationTypeList></Article><MedlineJournalInfo><Country>United States</Country><MedlineTA>J Am Coll Nutr</MedlineTA><NlmUniqueID>8215879</NlmUniqueID><ISSNLinking>0731-5724</ISSNLinking></MedlineJournalInfo><ChemicalList><Chemical><RegistryNumber>0</RegistryNumber><NameOfSubstance UI="D007328">Insulin</NameOfSubstance></Chemical><Chemical><RegistryNumber>0</RegistryNumber><NameOfSubstance UI="D007773">Lactates</NameOfSubstance></Chemical><Chemical><RegistryNumber>IY9XDZ35W2</RegistryNumber><NameOfSubstance UI="D005947">Glucose</NameOfSubstance></Chemical><Chemical><RegistryNumber>S7UI8SM58A</RegistryNumber><NameOfSubstance UI="D002331">Carnitine</NameOfSubstance></Chemical></ChemicalList><CitationSubset>IM</CitationSubset><MeshHeadingList><MeshHeading><DescriptorName UI="D000704" MajorTopicYN="N">Analysis of Variance</DescriptorName></MeshHeading><MeshHeading><DescriptorName UI="D000886" MajorTopicYN="N">Anthropometry</DescriptorName></MeshHeading><MeshHeading><DescriptorName UI="D001481" MajorTopicYN="N">Basal Metabolism</DescriptorName></MeshHeading><MeshHeading><DescriptorName UI="D002331" MajorTopicYN="N">Carnitine</DescriptorName><QualifierName UI="Q000378" MajorTopicYN="N">metabolism</QualifierName><QualifierName UI="Q000494" MajorTopicYN="N">pharmacology</QualifierName><QualifierName UI="Q000627" MajorTopicYN="Y">therapeutic use</QualifierName></MeshHeading><MeshHeading><DescriptorName UI="D003924" MajorTopicYN="N">Diabetes Mellitus, Type 2</DescriptorName><QualifierName UI="Q000188" MajorTopicYN="Y">drug therapy</QualifierName><QualifierName UI="Q000378" MajorTopicYN="N">metabolism</QualifierName></MeshHeading><MeshHeading><DescriptorName UI="D005260" MajorTopicYN="N">Female</DescriptorName></MeshHeading><MeshHeading><DescriptorName UI="D005947" MajorTopicYN="N">Glucose</DescriptorName><QualifierName UI="Q000378" MajorTopicYN="Y">metabolism</QualifierName></MeshHeading><MeshHeading><DescriptorName UI="D015309" MajorTopicYN="N">Glucose Clamp Technique</DescriptorName></MeshHeading><MeshHeading><DescriptorName UI="D006801" MajorTopicYN="N">Humans</DescriptorName></MeshHeading><MeshHeading><DescriptorName UI="D007262" MajorTopicYN="N">Infusions, Intravenous</DescriptorName></MeshHeading><MeshHeading><DescriptorName UI="D007328" MajorTopicYN="N">Insulin</DescriptorName><QualifierName UI="Q000097" MajorTopicYN="N">blood</QualifierName></MeshHeading><MeshHeading><DescriptorName UI="D007333" MajorTopicYN="N">Insulin Resistance</DescriptorName></MeshHeading><MeshHeading><DescriptorName UI="D007773" MajorTopicYN="N">Lactates</DescriptorName><QualifierName UI="Q000097" MajorTopicYN="N">blood</QualifierName></MeshHeading><MeshHeading><DescriptorName UI="D008297" MajorTopicYN="N">Male</DescriptorName></MeshHeading><MeshHeading><DescriptorName UI="D008875" MajorTopicYN="N">Middle Aged</DescriptorName></MeshHeading><MeshHeading><DescriptorName UI="D011659" MajorTopicYN="N">Pulmonary Gas Exchange</DescriptorName></MeshHeading></MeshHeadingList></MedlineCitation><PubmedData><History><PubMedPubDate PubStatus="pubmed"><Year>1999</Year><Month>3</Month><Day>6</Day></PubMedPubDate><PubMedPubDate PubStatus="medline"><Year>1999</Year><Month>3</Month><Day>6</Day><Hour>0</Hour><Minute>1</Minute></PubMedPubDate><PubMedPubDate PubStatus="entrez"><Year>1999</Year><Month>3</Month><Day>6</Day><Hour>0</Hour><Minute>0</Minute></PubMedPubDate></History><PublicationStatus>ppublish</PublicationStatus><ArticleIdList><ArticleId IdType="pubmed">10067662</ArticleId><ArticleId IdType="doi">10.1080/07315724.1999.10718830</ArticleId></ArticleIdList></PubmedData></PubmedArticle></PubmedArticleSet>