<?xml version="1.0" ?>
<!DOCTYPE PubmedArticleSet PUBLIC "-//NLM//DTD PubMedArticle, 1st January 2019//EN" "https://dtd.nlm.nih.gov/ncbi/pubmed/out/pubmed_190101.dtd">
<PubmedArticleSet><PubmedArticle><MedlineCitation Status="MEDLINE" Owner="NLM"><PMID Version="1">10066690</PMID><DateCompleted><Year>1999</Year><Month>05</Month><Day>07</Day></DateCompleted><DateRevised><Year>2019</Year><Month>12</Month><Day>10</Day></DateRevised><Article PubModel="Print"><Journal><ISSN IssnType="Print">8750-7587</ISSN><JournalIssue CitedMedium="Print"><Volume>86</Volume><Issue>3</Issue><PubDate><Year>1999</Year><Month>Mar</Month></PubDate></JournalIssue><Title>Journal of applied physiology (Bethesda, Md. : 1985)</Title><ISOAbbreviation>J Appl Physiol (1985)</ISOAbbreviation></Journal><ArticleTitle>Alterations of heart function and Na+-K+-ATPase activity by etomoxir in diabetic rats.</ArticleTitle><Pagination><MedlinePgn>812-8</MedlinePgn></Pagination><Abstract><AbstractText>To examine the role of changes in myocardial metabolism in cardiac dysfunction in diabetes mellitus, rats were injected with streptozotocin (65 mg/kg body wt) to induce diabetes and were treated 2 wk later with the carnitine palmitoyltransferase inhibitor (carnitine palmitoyltransferase I) etomoxir (8 mg/kg body wt) for 4 wk. Untreated diabetic rats exhibited a reduction in heart rate, left ventricular systolic pressure, and positive and negative rate of pressure development and an increase in end-diastolic pressure. The sarcolemmal Na+-K+-ATPase activity was depressed and was associated with a decrease in maximal density of binding sites (Bmax) value for high-affinity sites for [3H]ouabain, whereas Bmax for low-affinity sites was unaffected. Treatment of diabetic animals with etomoxir partially reversed the depressed cardiac function with the exception of heart rate. The high serum triglyceride and free fatty acid levels were reduced, whereas the levels of glucose, insulin, and 3,3',-5-triiodo-L-thyronine were not affected by etomoxir in diabetic animals. The activity of Na+-K+-ATPase expressed per gram heart weight, but not per milligram sarcolemmal protein, was increased by etomoxir in diabetic animals. Furthermore, Bmax (per g heart wt) for both low-affinity and high-affinity binding sites in control and diabetic animals was increased by etomoxir treatment. Etomoxir treatment also increased the depressed left ventricular weight of diabetic rats and appeared to increase the density of the sarcolemma and transverse tubular system to normalize Na+-K+-ATPase activity. Therefore, a shift in myocardial substrate utilization may represent an important signal for improving the depressed cardiac function and Na+-K+-ATPase activity in diabetic rat hearts with impaired glucose utilization.</AbstractText></Abstract><AuthorList CompleteYN="Y"><Author ValidYN="Y"><LastName>Kato</LastName><ForeName>K</ForeName><Initials>K</Initials><AffiliationInfo><Affiliation>Institute of Cardiovascular Sciences, St. Boniface General Hospital Research Centre, and Department of Physiology, Faculty of Medicine, University of Manitoba, Winnipeg, Manitoba, Canada R2H 2A6.</Affiliation></AffiliationInfo></Author><Author ValidYN="Y"><LastName>Chapman</LastName><ForeName>D C</ForeName><Initials>DC</Initials></Author><Author ValidYN="Y"><LastName>Rupp</LastName><ForeName>H</ForeName><Initials>H</Initials></Author><Author ValidYN="Y"><LastName>Lukas</LastName><ForeName>A</ForeName><Initials>A</Initials></Author><Author ValidYN="Y"><LastName>Dhalla</LastName><ForeName>N S</ForeName><Initials>NS</Initials></Author></AuthorList><Language>eng</Language><PublicationTypeList><PublicationType UI="D016428">Journal Article</PublicationType><PublicationType UI="D013485">Research Support, Non-U.S. Gov't</PublicationType></PublicationTypeList></Article><MedlineJournalInfo><Country>United States</Country><MedlineTA>J Appl Physiol (1985)</MedlineTA><NlmUniqueID>8502536</NlmUniqueID><ISSNLinking>0161-7567</ISSNLinking></MedlineJournalInfo><ChemicalList><Chemical><RegistryNumber>0</RegistryNumber><NameOfSubstance UI="D004791">Enzyme Inhibitors</NameOfSubstance></Chemical><Chemical><RegistryNumber>0</RegistryNumber><NameOfSubstance UI="D004852">Epoxy Compounds</NameOfSubstance></Chemical><Chemical><RegistryNumber>0</RegistryNumber><NameOfSubstance UI="D007004">Hypoglycemic Agents</NameOfSubstance></Chemical><Chemical><RegistryNumber>0</RegistryNumber><NameOfSubstance UI="D007527">Isoenzymes</NameOfSubstance></Chemical><Chemical><RegistryNumber>0</RegistryNumber><NameOfSubstance UI="D008055">Lipids</NameOfSubstance></Chemical><Chemical><RegistryNumber>5ACL011P69</RegistryNumber><NameOfSubstance UI="D010042">Ouabain</NameOfSubstance></Chemical><Chemical><RegistryNumber>EC 3.6.1.-</RegistryNumber><NameOfSubstance UI="D017301">Ca(2+) Mg(2+)-ATPase</NameOfSubstance></Chemical><Chemical><RegistryNumber>EC 7.2.2.13</RegistryNumber><NameOfSubstance UI="D000254">Sodium-Potassium-Exchanging ATPase</NameOfSubstance></Chemical><Chemical><RegistryNumber>MSB3DD2XP6</RegistryNumber><NameOfSubstance UI="C054207">etomoxir</NameOfSubstance></Chemical></ChemicalList><CitationSubset>IM</CitationSubset><MeshHeadingList><MeshHeading><DescriptorName UI="D000818" MajorTopicYN="N">Animals</DescriptorName></MeshHeading><MeshHeading><DescriptorName UI="D001794" MajorTopicYN="N">Blood Pressure</DescriptorName><QualifierName UI="Q000187" MajorTopicYN="N">drug effects</QualifierName><QualifierName UI="Q000502" MajorTopicYN="N">physiology</QualifierName></MeshHeading><MeshHeading><DescriptorName UI="D015153" MajorTopicYN="N">Blotting, Western</DescriptorName></MeshHeading><MeshHeading><DescriptorName UI="D017301" MajorTopicYN="N">Ca(2+) Mg(2+)-ATPase</DescriptorName><QualifierName UI="Q000378" MajorTopicYN="N">metabolism</QualifierName></MeshHeading><MeshHeading><DescriptorName UI="D003921" MajorTopicYN="N">Diabetes Mellitus, Experimental</DescriptorName><QualifierName UI="Q000201" MajorTopicYN="Y">enzymology</QualifierName><QualifierName UI="Q000503" MajorTopicYN="N">physiopathology</QualifierName></MeshHeading><MeshHeading><DescriptorName UI="D004791" MajorTopicYN="N">Enzyme Inhibitors</DescriptorName><QualifierName UI="Q000378" MajorTopicYN="N">metabolism</QualifierName></MeshHeading><MeshHeading><DescriptorName UI="D004852" MajorTopicYN="N">Epoxy Compounds</DescriptorName><QualifierName UI="Q000494" MajorTopicYN="Y">pharmacology</QualifierName></MeshHeading><MeshHeading><DescriptorName UI="D006321" MajorTopicYN="N">Heart</DescriptorName><QualifierName UI="Q000187" MajorTopicYN="Y">drug effects</QualifierName><QualifierName UI="Q000503" MajorTopicYN="N">physiopathology</QualifierName></MeshHeading><MeshHeading><DescriptorName UI="D006339" MajorTopicYN="N">Heart Rate</DescriptorName><QualifierName UI="Q000187" MajorTopicYN="N">drug effects</QualifierName><QualifierName UI="Q000502" MajorTopicYN="N">physiology</QualifierName></MeshHeading><MeshHeading><DescriptorName UI="D006439" MajorTopicYN="N">Hemodynamics</DescriptorName><QualifierName UI="Q000187" MajorTopicYN="N">drug effects</QualifierName></MeshHeading><MeshHeading><DescriptorName UI="D007004" MajorTopicYN="N">Hypoglycemic Agents</DescriptorName><QualifierName UI="Q000494" MajorTopicYN="Y">pharmacology</QualifierName></MeshHeading><MeshHeading><DescriptorName UI="D007527" MajorTopicYN="N">Isoenzymes</DescriptorName><QualifierName UI="Q000096" MajorTopicYN="N">biosynthesis</QualifierName></MeshHeading><MeshHeading><DescriptorName UI="D008055" MajorTopicYN="N">Lipids</DescriptorName><QualifierName UI="Q000097" MajorTopicYN="N">blood</QualifierName></MeshHeading><MeshHeading><DescriptorName UI="D008297" MajorTopicYN="N">Male</DescriptorName></MeshHeading><MeshHeading><DescriptorName UI="D009206" MajorTopicYN="N">Myocardium</DescriptorName><QualifierName UI="Q000201" MajorTopicYN="Y">enzymology</QualifierName></MeshHeading><MeshHeading><DescriptorName UI="D010042" MajorTopicYN="N">Ouabain</DescriptorName><QualifierName UI="Q000378" MajorTopicYN="N">metabolism</QualifierName></MeshHeading><MeshHeading><DescriptorName UI="D051381" MajorTopicYN="N">Rats</DescriptorName></MeshHeading><MeshHeading><DescriptorName UI="D017207" MajorTopicYN="N">Rats, Sprague-Dawley</DescriptorName></MeshHeading><MeshHeading><DescriptorName UI="D012508" MajorTopicYN="N">Sarcolemma</DescriptorName><QualifierName UI="Q000187" MajorTopicYN="N">drug effects</QualifierName><QualifierName UI="Q000201" MajorTopicYN="N">enzymology</QualifierName></MeshHeading><MeshHeading><DescriptorName UI="D000254" MajorTopicYN="N">Sodium-Potassium-Exchanging ATPase</DescriptorName><QualifierName UI="Q000096" MajorTopicYN="Y">biosynthesis</QualifierName></MeshHeading></MeshHeadingList></MedlineCitation><PubmedData><History><PubMedPubDate PubStatus="pubmed"><Year>1999</Year><Month>3</Month><Day>6</Day></PubMedPubDate><PubMedPubDate PubStatus="medline"><Year>1999</Year><Month>3</Month><Day>6</Day><Hour>0</Hour><Minute>1</Minute></PubMedPubDate><PubMedPubDate PubStatus="entrez"><Year>1999</Year><Month>3</Month><Day>6</Day><Hour>0</Hour><Minute>0</Minute></PubMedPubDate></History><PublicationStatus>ppublish</PublicationStatus><ArticleIdList><ArticleId IdType="pubmed">10066690</ArticleId><ArticleId IdType="doi">10.1152/jappl.1999.86.3.812</ArticleId></ArticleIdList></PubmedData></PubmedArticle></PubmedArticleSet>