<?xml version="1.0" ?>
<!DOCTYPE PubmedArticleSet PUBLIC "-//NLM//DTD PubMedArticle, 1st January 2019//EN" "https://dtd.nlm.nih.gov/ncbi/pubmed/out/pubmed_190101.dtd">
<PubmedArticleSet><PubmedArticle><MedlineCitation Status="MEDLINE" Owner="NLM"><PMID Version="1">10064101</PMID><DateCompleted><Year>1999</Year><Month>04</Month><Day>22</Day></DateCompleted><DateRevised><Year>2022</Year><Month>04</Month><Day>08</Day></DateRevised><Article PubModel="Print"><Journal><ISSN IssnType="Print">0012-186X</ISSN><JournalIssue CitedMedium="Print"><Volume>42</Volume><Issue>2</Issue><PubDate><Year>1999</Year><Month>Feb</Month></PubDate></JournalIssue><Title>Diabetologia</Title><ISOAbbreviation>Diabetologia</ISOAbbreviation></Journal><ArticleTitle>Enhanced, unaltered and impaired nitric oxide-mediated endothelium-dependent relaxation in experimental diabetes mellitus: importance of disease duration.</ArticleTitle><Pagination><MedlinePgn>204-13</MedlinePgn></Pagination><Abstract><AbstractText>Long-term diabetes mellitus is characterized by impaired endothelium-dependent relaxation. In contrast, there is limited information on endothelial function in the early stages of the disease. In this study, we evaluated endothelial function ex vivo at early, intermediate and later stages of streptozotocin (STZ)-induced diabetes mellitus. We also evaluated the contribution of various endothelium-derived vasoactive factors at these stages of disease. In aortic rings contracted with norepinephrine, endothelium-dependent relaxation to acetylcholine was increased at 24 h following injection with streptozotocin compared with controls, normal after 1 and 2 weeks of disease or impaired at 8 weeks of disease. Endothelium-independent relaxation to nitroglycerin was unaltered at all stages. The enhanced relaxation at 24 h was mimicked in rings from alloxan-induced diabetic rats. Acute exposure of normal rings to streptozotocin in vitro caused no perturbation in acetylcholine-stimulated relaxation. Enhanced relaxation in diabetic rings at 24 h persisted in the presence of either indomethacin or tetraethylammonium. Acetylcholine-induced relaxation was blocked in both control and diabetic rings using L-nitroarginine but not by aminoguanidine. This suggests that the increased response was mediated by enhanced constitutive nitric oxide (NO). These studies show a triphasic response of increased, unaltered and impaired endothelium-dependent relaxation within the same model but dependent on the duration of disease. These studies could reconcile previous conflicting data in the literature and account for the observations of increases in tissue blood flow seen in early stages of experimental and human diabetes mellitus.</AbstractText></Abstract><AuthorList CompleteYN="Y"><Author ValidYN="Y"><LastName>Pieper</LastName><ForeName>G M</ForeName><Initials>GM</Initials><AffiliationInfo><Affiliation>Department of Transplant Surgery, Medical College of Wisconsin, Milwaukee 53226, USA.</Affiliation></AffiliationInfo></Author></AuthorList><Language>eng</Language><GrantList CompleteYN="Y"><Grant><GrantID>HL47072</GrantID><Acronym>HL</Acronym><Agency>NHLBI NIH HHS</Agency><Country>United States</Country></Grant></GrantList><PublicationTypeList><PublicationType UI="D016428">Journal Article</PublicationType><PublicationType UI="D013487">Research Support, U.S. Gov't, P.H.S.</PublicationType></PublicationTypeList></Article><MedlineJournalInfo><Country>Germany</Country><MedlineTA>Diabetologia</MedlineTA><NlmUniqueID>0006777</NlmUniqueID><ISSNLinking>0012-186X</ISSNLinking></MedlineJournalInfo><ChemicalList><Chemical><RegistryNumber>0</RegistryNumber><NameOfSubstance UI="D004791">Enzyme Inhibitors</NameOfSubstance></Chemical><Chemical><RegistryNumber>0</RegistryNumber><NameOfSubstance UI="D014665">Vasodilator Agents</NameOfSubstance></Chemical><Chemical><RegistryNumber>2149-70-4</RegistryNumber><NameOfSubstance UI="D019335">Nitroarginine</NameOfSubstance></Chemical><Chemical><RegistryNumber>31C4KY9ESH</RegistryNumber><NameOfSubstance UI="D009569">Nitric Oxide</NameOfSubstance></Chemical><Chemical><RegistryNumber>66-40-0</RegistryNumber><NameOfSubstance UI="D019789">Tetraethylammonium</NameOfSubstance></Chemical><Chemical><RegistryNumber>EC 1.14.13.39</RegistryNumber><NameOfSubstance UI="D019001">Nitric Oxide Synthase</NameOfSubstance></Chemical><Chemical><RegistryNumber>G59M7S0WS3</RegistryNumber><NameOfSubstance UI="D005996">Nitroglycerin</NameOfSubstance></Chemical><Chemical><RegistryNumber>N9YNS0M02X</RegistryNumber><NameOfSubstance UI="D000109">Acetylcholine</NameOfSubstance></Chemical><Chemical><RegistryNumber>XXE1CET956</RegistryNumber><NameOfSubstance UI="D007213">Indomethacin</NameOfSubstance></Chemical><Chemical><RegistryNumber>YKH834O4BH</RegistryNumber><NameOfSubstance UI="D004837">Epinephrine</NameOfSubstance></Chemical></ChemicalList><CitationSubset>IM</CitationSubset><MeshHeadingList><MeshHeading><DescriptorName UI="D000109" MajorTopicYN="N">Acetylcholine</DescriptorName><QualifierName UI="Q000494" MajorTopicYN="N">pharmacology</QualifierName></MeshHeading><MeshHeading><DescriptorName UI="D000818" MajorTopicYN="N">Animals</DescriptorName></MeshHeading><MeshHeading><DescriptorName UI="D001011" MajorTopicYN="N">Aorta</DescriptorName><QualifierName UI="Q000503" MajorTopicYN="N">physiopathology</QualifierName></MeshHeading><MeshHeading><DescriptorName UI="D003921" MajorTopicYN="N">Diabetes Mellitus, Experimental</DescriptorName><QualifierName UI="Q000503" MajorTopicYN="Y">physiopathology</QualifierName></MeshHeading><MeshHeading><DescriptorName UI="D004730" MajorTopicYN="N">Endothelium, Vascular</DescriptorName><QualifierName UI="Q000502" MajorTopicYN="Y">physiology</QualifierName></MeshHeading><MeshHeading><DescriptorName UI="D004791" MajorTopicYN="N">Enzyme Inhibitors</DescriptorName><QualifierName UI="Q000494" MajorTopicYN="N">pharmacology</QualifierName></MeshHeading><MeshHeading><DescriptorName UI="D004837" MajorTopicYN="N">Epinephrine</DescriptorName><QualifierName UI="Q000494" MajorTopicYN="N">pharmacology</QualifierName></MeshHeading><MeshHeading><DescriptorName UI="D007213" MajorTopicYN="N">Indomethacin</DescriptorName><QualifierName UI="Q000494" MajorTopicYN="N">pharmacology</QualifierName></MeshHeading><MeshHeading><DescriptorName UI="D008297" MajorTopicYN="N">Male</DescriptorName></MeshHeading><MeshHeading><DescriptorName UI="D009119" MajorTopicYN="N">Muscle Contraction</DescriptorName><QualifierName UI="Q000187" MajorTopicYN="N">drug effects</QualifierName></MeshHeading><MeshHeading><DescriptorName UI="D009126" MajorTopicYN="Y">Muscle Relaxation</DescriptorName></MeshHeading><MeshHeading><DescriptorName UI="D009569" MajorTopicYN="N">Nitric Oxide</DescriptorName><QualifierName UI="Q000502" MajorTopicYN="Y">physiology</QualifierName></MeshHeading><MeshHeading><DescriptorName UI="D019001" MajorTopicYN="N">Nitric Oxide Synthase</DescriptorName><QualifierName UI="Q000037" MajorTopicYN="N">antagonists &amp; inhibitors</QualifierName></MeshHeading><MeshHeading><DescriptorName UI="D019335" MajorTopicYN="N">Nitroarginine</DescriptorName><QualifierName UI="Q000494" MajorTopicYN="N">pharmacology</QualifierName></MeshHeading><MeshHeading><DescriptorName UI="D005996" MajorTopicYN="N">Nitroglycerin</DescriptorName><QualifierName UI="Q000494" MajorTopicYN="N">pharmacology</QualifierName></MeshHeading><MeshHeading><DescriptorName UI="D051381" MajorTopicYN="N">Rats</DescriptorName></MeshHeading><MeshHeading><DescriptorName UI="D017207" MajorTopicYN="N">Rats, Sprague-Dawley</DescriptorName></MeshHeading><MeshHeading><DescriptorName UI="D019789" MajorTopicYN="N">Tetraethylammonium</DescriptorName><QualifierName UI="Q000494" MajorTopicYN="N">pharmacology</QualifierName></MeshHeading><MeshHeading><DescriptorName UI="D013997" MajorTopicYN="N">Time Factors</DescriptorName></MeshHeading><MeshHeading><DescriptorName UI="D014665" MajorTopicYN="N">Vasodilator Agents</DescriptorName><QualifierName UI="Q000494" MajorTopicYN="N">pharmacology</QualifierName></MeshHeading></MeshHeadingList></MedlineCitation><PubmedData><History><PubMedPubDate PubStatus="pubmed"><Year>1999</Year><Month>3</Month><Day>4</Day></PubMedPubDate><PubMedPubDate PubStatus="medline"><Year>1999</Year><Month>3</Month><Day>4</Day><Hour>0</Hour><Minute>1</Minute></PubMedPubDate><PubMedPubDate PubStatus="entrez"><Year>1999</Year><Month>3</Month><Day>4</Day><Hour>0</Hour><Minute>0</Minute></PubMedPubDate></History><PublicationStatus>ppublish</PublicationStatus><ArticleIdList><ArticleId IdType="pubmed">10064101</ArticleId><ArticleId IdType="doi">10.1007/s001250051140</ArticleId></ArticleIdList></PubmedData></PubmedArticle></PubmedArticleSet>