<?xml version="1.0" ?>
<!DOCTYPE PubmedArticleSet PUBLIC "-//NLM//DTD PubMedArticle, 1st January 2019//EN" "https://dtd.nlm.nih.gov/ncbi/pubmed/out/pubmed_190101.dtd">
<PubmedArticleSet><PubmedArticle><MedlineCitation Status="MEDLINE" Owner="NLM"><PMID Version="1">10063931</PMID><DateCompleted><Year>1999</Year><Month>03</Month><Day>22</Day></DateCompleted><DateRevised><Year>2019</Year><Month>12</Month><Day>10</Day></DateRevised><Article PubModel="Print"><Journal><ISSN IssnType="Print">0163-2116</ISSN><JournalIssue CitedMedium="Print"><Volume>44</Volume><Issue>2</Issue><PubDate><Year>1999</Year><Month>Feb</Month></PubDate></JournalIssue><Title>Digestive diseases and sciences</Title><ISOAbbreviation>Dig Dis Sci</ISOAbbreviation></Journal><ArticleTitle>Small intestinal Na+,K+-adenosine triphosphatase activity and gene expression in experimental diabetes mellitus.</ArticleTitle><Pagination><MedlinePgn>407-14</MedlinePgn></Pagination><Abstract><AbstractText>The Na+,K+-ATPase plays a key role in the absorption of electrolytes, water, and nutrients from the small intestine. The effect of streptozotocin-induced diabetes mellitus (STZ-DM) on the activity and expression of Na+,K+-ATPase in the rat small intestine was examined in the present study. Diabetes mellitus was induced by a single intraperitoneal injection of STZ (75 mg/kg) and control and STZ-DM rats were killed at day 30 (chronic diabetic state). Levels of Na+,K+-ATPase activity and numbers of sodium pumps were increased two- to threefold in the jejunum and ileum. Sodium pump kinetics were unaltered in STZ-DM. The levels of Na+,K+-ATPase alpha1 and beta1 isoform protein, corresponding mRNAs, and levels of transcription were increased in the jejunal and ileal mucosa of the chronically diabetic rat. The increases in Na+,K+-ATPase functional activity, protein expression, and mRNA were most marked at the level of the ileal mucosa. While a proximal to distal gradient in Na+,K+-ATPase activity and subunit isoform protein levels were observed in both control and diabetic rats, levels of subunit isoform mRNA abundance were similar in both regions of the small intestine in both groups of rats. The alterations in small intestinal Na+,K+-ATPase expression in the chronic diabetic state appear to involve alterations in transcriptional and posttranscriptional events and may likely represent an adaptive response that leads to increased Na+-coupled monosaccharide absorption in the context of a perceived state of nutrient depletion.</AbstractText></Abstract><AuthorList CompleteYN="Y"><Author ValidYN="Y"><LastName>Wild</LastName><ForeName>G E</ForeName><Initials>GE</Initials><AffiliationInfo><Affiliation>Cell and Molecular Biology Collaborative Network in Gastrointestinal Physiology, and Department of Medicine, McGill University Health Centre, Montreal, Quebec, Canada.</Affiliation></AffiliationInfo></Author><Author ValidYN="Y"><LastName>Thompson</LastName><ForeName>J A</ForeName><Initials>JA</Initials></Author><Author ValidYN="Y"><LastName>Searles</LastName><ForeName>L</ForeName><Initials>L</Initials></Author><Author ValidYN="Y"><LastName>Turner</LastName><ForeName>R</ForeName><Initials>R</Initials></Author><Author ValidYN="Y"><LastName>Hasan</LastName><ForeName>J</ForeName><Initials>J</Initials></Author><Author ValidYN="Y"><LastName>Thomson</LastName><ForeName>A B</ForeName><Initials>AB</Initials></Author></AuthorList><Language>eng</Language><PublicationTypeList><PublicationType UI="D016428">Journal Article</PublicationType><PublicationType UI="D013485">Research Support, Non-U.S. Gov't</PublicationType></PublicationTypeList></Article><MedlineJournalInfo><Country>United States</Country><MedlineTA>Dig Dis Sci</MedlineTA><NlmUniqueID>7902782</NlmUniqueID><ISSNLinking>0163-2116</ISSNLinking></MedlineJournalInfo><ChemicalList><Chemical><RegistryNumber>0</RegistryNumber><NameOfSubstance UI="D004791">Enzyme Inhibitors</NameOfSubstance></Chemical><Chemical><RegistryNumber>0</RegistryNumber><NameOfSubstance UI="D012333">RNA, Messenger</NameOfSubstance></Chemical><Chemical><RegistryNumber>5ACL011P69</RegistryNumber><NameOfSubstance UI="D010042">Ouabain</NameOfSubstance></Chemical><Chemical><RegistryNumber>5W494URQ81</RegistryNumber><NameOfSubstance UI="D013311">Streptozocin</NameOfSubstance></Chemical><Chemical><RegistryNumber>EC 7.2.2.13</RegistryNumber><NameOfSubstance UI="D000254">Sodium-Potassium-Exchanging ATPase</NameOfSubstance></Chemical></ChemicalList><CitationSubset>IM</CitationSubset><MeshHeadingList><MeshHeading><DescriptorName UI="D000818" MajorTopicYN="N">Animals</DescriptorName></MeshHeading><MeshHeading><DescriptorName UI="D003921" MajorTopicYN="N">Diabetes Mellitus, Experimental</DescriptorName><QualifierName UI="Q000139" MajorTopicYN="N">chemically induced</QualifierName><QualifierName UI="Q000201" MajorTopicYN="Y">enzymology</QualifierName></MeshHeading><MeshHeading><DescriptorName UI="D004791" MajorTopicYN="N">Enzyme Inhibitors</DescriptorName><QualifierName UI="Q000494" MajorTopicYN="N">pharmacology</QualifierName></MeshHeading><MeshHeading><DescriptorName UI="D015971" MajorTopicYN="N">Gene Expression Regulation, Enzymologic</DescriptorName></MeshHeading><MeshHeading><DescriptorName UI="D007082" MajorTopicYN="N">Ileum</DescriptorName><QualifierName UI="Q000378" MajorTopicYN="N">metabolism</QualifierName></MeshHeading><MeshHeading><DescriptorName UI="D015151" MajorTopicYN="N">Immunoblotting</DescriptorName></MeshHeading><MeshHeading><DescriptorName UI="D007413" MajorTopicYN="N">Intestinal Mucosa</DescriptorName><QualifierName UI="Q000201" MajorTopicYN="N">enzymology</QualifierName><QualifierName UI="Q000378" MajorTopicYN="N">metabolism</QualifierName></MeshHeading><MeshHeading><DescriptorName UI="D007421" MajorTopicYN="N">Intestine, Small</DescriptorName><QualifierName UI="Q000201" MajorTopicYN="Y">enzymology</QualifierName><QualifierName UI="Q000378" MajorTopicYN="N">metabolism</QualifierName></MeshHeading><MeshHeading><DescriptorName UI="D007583" MajorTopicYN="N">Jejunum</DescriptorName><QualifierName UI="Q000378" MajorTopicYN="N">metabolism</QualifierName></MeshHeading><MeshHeading><DescriptorName UI="D008297" MajorTopicYN="N">Male</DescriptorName></MeshHeading><MeshHeading><DescriptorName UI="D010042" MajorTopicYN="N">Ouabain</DescriptorName><QualifierName UI="Q000494" MajorTopicYN="N">pharmacology</QualifierName></MeshHeading><MeshHeading><DescriptorName UI="D010766" MajorTopicYN="N">Phosphorylation</DescriptorName></MeshHeading><MeshHeading><DescriptorName UI="D012333" MajorTopicYN="N">RNA, Messenger</DescriptorName><QualifierName UI="Q000032" MajorTopicYN="N">analysis</QualifierName></MeshHeading><MeshHeading><DescriptorName UI="D051381" MajorTopicYN="N">Rats</DescriptorName></MeshHeading><MeshHeading><DescriptorName UI="D017207" MajorTopicYN="N">Rats, Sprague-Dawley</DescriptorName></MeshHeading><MeshHeading><DescriptorName UI="D000254" MajorTopicYN="N">Sodium-Potassium-Exchanging ATPase</DescriptorName><QualifierName UI="Q000235" MajorTopicYN="N">genetics</QualifierName><QualifierName UI="Q000378" MajorTopicYN="Y">metabolism</QualifierName></MeshHeading><MeshHeading><DescriptorName UI="D013311" MajorTopicYN="N">Streptozocin</DescriptorName></MeshHeading><MeshHeading><DescriptorName UI="D014158" MajorTopicYN="N">Transcription, Genetic</DescriptorName></MeshHeading></MeshHeadingList></MedlineCitation><PubmedData><History><PubMedPubDate PubStatus="pubmed"><Year>1999</Year><Month>3</Month><Day>4</Day></PubMedPubDate><PubMedPubDate PubStatus="medline"><Year>1999</Year><Month>3</Month><Day>4</Day><Hour>0</Hour><Minute>1</Minute></PubMedPubDate><PubMedPubDate PubStatus="entrez"><Year>1999</Year><Month>3</Month><Day>4</Day><Hour>0</Hour><Minute>0</Minute></PubMedPubDate></History><PublicationStatus>ppublish</PublicationStatus><ArticleIdList><ArticleId IdType="pubmed">10063931</ArticleId><ArticleId IdType="doi">10.1023/a:1026631207219</ArticleId></ArticleIdList><ReferenceList><Reference><Citation>Can J Physiol Pharmacol. 1992 Nov;70(11):1483-90</Citation><ArticleIdList><ArticleId IdType="pubmed">1338373</ArticleId></ArticleIdList></Reference><Reference><Citation>Am J Physiol. 1991 Oct;261(4 Pt 1):G585-91</Citation><ArticleIdList><ArticleId IdType="pubmed">1928347</ArticleId></ArticleIdList></Reference><Reference><Citation>J Physiol. 1990 May;424:13-25</Citation><ArticleIdList><ArticleId IdType="pubmed">2144023</ArticleId></ArticleIdList></Reference><Reference><Citation>J Clin Invest. 1994 Feb;93(2):578-85</Citation><ArticleIdList><ArticleId IdType="pubmed">8113395</ArticleId></ArticleIdList></Reference><Reference><Citation>Biochim Biophys Acta. 1992 Jun 11;1107(1):86-92</Citation><ArticleIdList><ArticleId IdType="pubmed">1535513</ArticleId></ArticleIdList></Reference><Reference><Citation>Prog Nucleic Acid Res Mol Biol. 1990;38:37-89</Citation><ArticleIdList><ArticleId IdType="pubmed">2158121</ArticleId></ArticleIdList></Reference><Reference><Citation>Biochim Biophys Acta. 1991 Mar 18;1063(1):90-4</Citation><ArticleIdList><ArticleId IdType="pubmed">2015265</ArticleId></ArticleIdList></Reference><Reference><Citation>Annu Rev Physiol. 1991;53:565-84</Citation><ArticleIdList><ArticleId IdType="pubmed">1645948</ArticleId></ArticleIdList></Reference><Reference><Citation>Am J Physiol. 1996 Apr;270(4 Pt 1):G541-53</Citation><ArticleIdList><ArticleId IdType="pubmed">8928783</ArticleId></ArticleIdList></Reference><Reference><Citation>Am J Physiol. 1995 Nov;269(5 Pt 1):G666-75</Citation><ArticleIdList><ArticleId IdType="pubmed">7491957</ArticleId></ArticleIdList></Reference><Reference><Citation>Pflugers Arch. 1995 Jun;430(2):151-9</Citation><ArticleIdList><ArticleId IdType="pubmed">7675626</ArticleId></ArticleIdList></Reference><Reference><Citation>Dig Dis Sci. 1989 Nov;34(11):1739-44</Citation><ArticleIdList><ArticleId IdType="pubmed">2555121</ArticleId></ArticleIdList></Reference><Reference><Citation>Am J Physiol. 1994 Mar;266(3 Pt 1):C579-89</Citation><ArticleIdList><ArticleId IdType="pubmed">8166221</ArticleId></ArticleIdList></Reference><Reference><Citation>Anal Biochem. 1983 Jul 1;132(1):6-13</Citation><ArticleIdList><ArticleId IdType="pubmed">6312838</ArticleId></ArticleIdList></Reference><Reference><Citation>Methods Enzymol. 1988;156:105-15</Citation><ArticleIdList><ArticleId IdType="pubmed">2835596</ArticleId></ArticleIdList></Reference><Reference><Citation>Am J Physiol. 1993 Oct;265(4 Pt 1):G775-82</Citation><ArticleIdList><ArticleId IdType="pubmed">8238361</ArticleId></ArticleIdList></Reference><Reference><Citation>Mol Pharmacol. 1990 Jun;37(6):810-9</Citation><ArticleIdList><ArticleId IdType="pubmed">2359402</ArticleId></ArticleIdList></Reference><Reference><Citation>J Clin Invest. 1992 Sep;90(3):1016-22</Citation><ArticleIdList><ArticleId IdType="pubmed">1325991</ArticleId></ArticleIdList></Reference><Reference><Citation>Biol Neonate. 1993;63(4):246-57</Citation><ArticleIdList><ArticleId IdType="pubmed">8390304</ArticleId></ArticleIdList></Reference><Reference><Citation>Am J Physiol. 1987 Feb;252(2 Pt 1):G262-71</Citation><ArticleIdList><ArticleId IdType="pubmed">3826353</ArticleId></ArticleIdList></Reference><Reference><Citation>Gastroenterology. 1989 Jan;96(1):37-44</Citation><ArticleIdList><ArticleId IdType="pubmed">2521211</ArticleId></ArticleIdList></Reference><Reference><Citation>Dig Dis Sci. 1992 Mar;37(3):417-25</Citation><ArticleIdList><ArticleId IdType="pubmed">1310459</ArticleId></ArticleIdList></Reference><Reference><Citation>Anal Biochem. 1968 Jan;22(1):99-107</Citation><ArticleIdList><ArticleId IdType="pubmed">5636962</ArticleId></ArticleIdList></Reference><Reference><Citation>Methods Enzymol. 1988;156:29-43</Citation><ArticleIdList><ArticleId IdType="pubmed">2835612</ArticleId></ArticleIdList></Reference><Reference><Citation>Can J Physiol Pharmacol. 1990 May;68(5):630-5</Citation><ArticleIdList><ArticleId IdType="pubmed">2187577</ArticleId></ArticleIdList></Reference><Reference><Citation>Am J Physiol. 1996 Jul;271(1 Pt 1):C136-43</Citation><ArticleIdList><ArticleId IdType="pubmed">8760039</ArticleId></ArticleIdList></Reference><Reference><Citation>Am J Physiol. 1993 Jun;264(6 Pt 1):G1160-8</Citation><ArticleIdList><ArticleId IdType="pubmed">7687413</ArticleId></ArticleIdList></Reference><Reference><Citation>J Biol Chem. 1982 Oct 25;257(20):11946-52</Citation><ArticleIdList><ArticleId IdType="pubmed">6288705</ArticleId></ArticleIdList></Reference><Reference><Citation>Anal Biochem. 1987 Apr;162(1):156-9</Citation><ArticleIdList><ArticleId IdType="pubmed">2440339</ArticleId></ArticleIdList></Reference><Reference><Citation>Dig Dis Sci. 1997 Mar;42(3):453-69</Citation><ArticleIdList><ArticleId IdType="pubmed">9073126</ArticleId></ArticleIdList></Reference><Reference><Citation>Am J Physiol. 1995 Aug;269(2 Pt 1):C295-311</Citation><ArticleIdList><ArticleId IdType="pubmed">7653511</ArticleId></ArticleIdList></Reference></ReferenceList></PubmedData></PubmedArticle></PubmedArticleSet>