<?xml version="1.0" ?>
<!DOCTYPE PubmedArticleSet PUBLIC "-//NLM//DTD PubMedArticle, 1st January 2019//EN" "https://dtd.nlm.nih.gov/ncbi/pubmed/out/pubmed_190101.dtd">
<PubmedArticleSet><PubmedArticle><MedlineCitation Status="MEDLINE" Owner="NLM"><PMID Version="1">10067726</PMID><DateCompleted><Year>1999</Year><Month>04</Month><Day>29</Day></DateCompleted><DateRevised><Year>2019</Year><Month>08</Month><Day>17</Day></DateRevised><Article PubModel="Print"><Journal><ISSN IssnType="Print">0277-2116</ISSN><JournalIssue CitedMedium="Print"><Volume>28</Volume><Issue>3</Issue><PubDate><Year>1999</Year><Month>Mar</Month></PubDate></JournalIssue><Title>Journal of pediatric gastroenterology and nutrition</Title><ISOAbbreviation>J Pediatr Gastroenterol Nutr</ISOAbbreviation></Journal><ArticleTitle>Altered intestinal permeability to mannitol in diabetes mellitus type I.</ArticleTitle><Pagination><MedlinePgn>264-9</MedlinePgn></Pagination><Abstract><AbstractText Label="BACKGROUND" NlmCategory="BACKGROUND">Intestinal permeability has seldom been investigated in diabetes mellitus, even though patients frequently report gastrointestinal symptoms, and it has recently been shown that the prevalence of celiac disease associated with diabetes mellitus is higher than expected.</AbstractText><AbstractText Label="METHODS" NlmCategory="METHODS">Intestinal permeability to cellobiose and mannitol was investigated in 31 patients affected by type I uncomplicated diabetes mellitus. Values were compared with those obtained in 32 normal subjects.</AbstractText><AbstractText Label="RESULTS" NlmCategory="RESULTS">The percentage of mannitol recovery was far higher than normal in two thirds of the investigated patients and correlated with the length of disease, even though the probes' ratio (cellobiose/mannitol) was in the normal range.</AbstractText><AbstractText Label="CONCLUSIONS" NlmCategory="CONCLUSIONS">A not previously reported increase of intestinal permeability to mannitol, clear-cut and not associated with that of the larger probe, is found in type I uncomplicated diabetes mellitus. These results may describe a primary feature of type I diabetes mellitus and the initial steps of evolution to celiac disease.</AbstractText></Abstract><AuthorList CompleteYN="Y"><Author ValidYN="Y"><LastName>Carratù</LastName><ForeName>R</ForeName><Initials>R</Initials><AffiliationInfo><Affiliation>Gastroenterology Unit, Seconda Università di Napoli, Italy.</Affiliation></AffiliationInfo></Author><Author ValidYN="Y"><LastName>Secondulfo</LastName><ForeName>M</ForeName><Initials>M</Initials></Author><Author ValidYN="Y"><LastName>de Magistris</LastName><ForeName>L</ForeName><Initials>L</Initials></Author><Author ValidYN="Y"><LastName>Iafusco</LastName><ForeName>D</ForeName><Initials>D</Initials></Author><Author ValidYN="Y"><LastName>Urio</LastName><ForeName>A</ForeName><Initials>A</Initials></Author><Author ValidYN="Y"><LastName>Carbone</LastName><ForeName>M G</ForeName><Initials>MG</Initials></Author><Author ValidYN="Y"><LastName>Pontoni</LastName><ForeName>G</ForeName><Initials>G</Initials></Author><Author ValidYN="Y"><LastName>Cartenì</LastName><ForeName>M</ForeName><Initials>M</Initials></Author><Author ValidYN="Y"><LastName>Prisco</LastName><ForeName>F</ForeName><Initials>F</Initials></Author></AuthorList><Language>eng</Language><PublicationTypeList><PublicationType UI="D016428">Journal Article</PublicationType></PublicationTypeList></Article><MedlineJournalInfo><Country>United States</Country><MedlineTA>J Pediatr Gastroenterol Nutr</MedlineTA><NlmUniqueID>8211545</NlmUniqueID><ISSNLinking>0277-2116</ISSNLinking></MedlineJournalInfo><ChemicalList><Chemical><RegistryNumber>16462-44-5</RegistryNumber><NameOfSubstance UI="D002475">Cellobiose</NameOfSubstance></Chemical><Chemical><RegistryNumber>3OWL53L36A</RegistryNumber><NameOfSubstance UI="D008353">Mannitol</NameOfSubstance></Chemical></ChemicalList><CitationSubset>IM</CitationSubset><MeshHeadingList><MeshHeading><DescriptorName UI="D000293" MajorTopicYN="N">Adolescent</DescriptorName></MeshHeading><MeshHeading><DescriptorName UI="D000328" MajorTopicYN="N">Adult</DescriptorName></MeshHeading><MeshHeading><DescriptorName UI="D002463" MajorTopicYN="N">Cell Membrane Permeability</DescriptorName></MeshHeading><MeshHeading><DescriptorName UI="D002475" MajorTopicYN="N">Cellobiose</DescriptorName><QualifierName UI="Q000378" MajorTopicYN="N">metabolism</QualifierName></MeshHeading><MeshHeading><DescriptorName UI="D002648" MajorTopicYN="N">Child</DescriptorName></MeshHeading><MeshHeading><DescriptorName UI="D003922" MajorTopicYN="N">Diabetes Mellitus, Type 1</DescriptorName><QualifierName UI="Q000503" MajorTopicYN="Y">physiopathology</QualifierName></MeshHeading><MeshHeading><DescriptorName UI="D005260" MajorTopicYN="N">Female</DescriptorName></MeshHeading><MeshHeading><DescriptorName UI="D006801" MajorTopicYN="N">Humans</DescriptorName></MeshHeading><MeshHeading><DescriptorName UI="D007408" MajorTopicYN="Y">Intestinal Absorption</DescriptorName></MeshHeading><MeshHeading><DescriptorName UI="D009682" MajorTopicYN="N">Magnetic Resonance Spectroscopy</DescriptorName></MeshHeading><MeshHeading><DescriptorName UI="D008297" MajorTopicYN="N">Male</DescriptorName></MeshHeading><MeshHeading><DescriptorName UI="D008353" MajorTopicYN="N">Mannitol</DescriptorName><QualifierName UI="Q000378" MajorTopicYN="Y">metabolism</QualifierName></MeshHeading></MeshHeadingList></MedlineCitation><PubmedData><History><PubMedPubDate PubStatus="pubmed"><Year>1999</Year><Month>3</Month><Day>6</Day></PubMedPubDate><PubMedPubDate PubStatus="medline"><Year>1999</Year><Month>3</Month><Day>6</Day><Hour>0</Hour><Minute>1</Minute></PubMedPubDate><PubMedPubDate PubStatus="entrez"><Year>1999</Year><Month>3</Month><Day>6</Day><Hour>0</Hour><Minute>0</Minute></PubMedPubDate></History><PublicationStatus>ppublish</PublicationStatus><ArticleIdList><ArticleId IdType="pubmed">10067726</ArticleId><ArticleId IdType="doi">10.1097/00005176-199903000-00010</ArticleId></ArticleIdList></PubmedData></PubmedArticle></PubmedArticleSet>