<?xml version="1.0" ?>
<!DOCTYPE PubmedArticleSet PUBLIC "-//NLM//DTD PubMedArticle, 1st January 2019//EN" "https://dtd.nlm.nih.gov/ncbi/pubmed/out/pubmed_190101.dtd">
<PubmedArticleSet><PubmedArticle><MedlineCitation Status="MEDLINE" Owner="NLM"><PMID Version="1">10064671</PMID><DateCompleted><Year>1999</Year><Month>03</Month><Day>25</Day></DateCompleted><DateRevised><Year>2022</Year><Month>03</Month><Day>16</Day></DateRevised><Article PubModel="Print"><Journal><ISSN IssnType="Print">0022-3476</ISSN><JournalIssue CitedMedium="Print"><Volume>134</Volume><Issue>3</Issue><PubDate><Year>1999</Year><Month>Mar</Month></PubDate></JournalIssue><Title>The Journal of pediatrics</Title><ISOAbbreviation>J Pediatr</ISOAbbreviation></Journal><ArticleTitle>The natural history of microalbuminuria in adolescents with type 1 diabetes.</ArticleTitle><Pagination><MedlinePgn>333-7</MedlinePgn></Pagination><Abstract><AbstractText Label="OBJECTIVE" NlmCategory="OBJECTIVE">To describe the natural history of urinary albumin excretion measured initially during the first decade of type 1 diabetes in adolescents and to identify predictors of the onset and progression of microalbuminuria (MA) in this population.</AbstractText><AbstractText Label="STUDY DESIGN" NlmCategory="METHODS">A retrospective cohort follow-up study was done on 76 adolescents whose albumin excretion rate (AER) had been determined in the first decade of their diabetes. Subjects were monitored for a mean of 6 years after initial AER testing. Those with MA were compared with a group with similar age, sex, and diabetes duration who initially had normoalbuminuria (NA).</AbstractText><AbstractText Label="RESULTS" NlmCategory="RESULTS">Of the 28 with initial MA, 9 (32%) regressed (8 to within the NA range), whereas MA was persistent in 10 (36%) and progressed in 9 (32%), 5 to overt proteinuria. Of the 47 who had initial NA, MA developed in 14 (30%) and overt proteinuria in 3 (6%). With MA status at follow-up as the dependent variable, multiple regression analysis showed that initial AER (P =.0002) and hemoglobin A1c (P =.02) measured at the same time were significant independent variables.</AbstractText><AbstractText Label="CONCLUSIONS" NlmCategory="CONCLUSIONS">These data suggest that in adolescents: (1) MA detected in the first decade of disease will persist or progress in the second decade in approximately two thirds of patients, and new MA will develop in a third of those initially normoalbuminuric; and (2) the appearance, persistence, or progression of MA is influenced in large part by metabolic control assessed by hemoglobin A1c both at initial MA screening and throughout the course of diabetes. This underlines the need for MA screening starting early in the course of type 1 diabetes in adolescents and for maintenance of good metabolic control.</AbstractText></Abstract><AuthorList CompleteYN="Y"><Author ValidYN="Y"><LastName>Gorman</LastName><ForeName>D</ForeName><Initials>D</Initials><AffiliationInfo><Affiliation>Division of Endocrinology, Department of Pediatrics, The Hospital for Sick Children and the University of Toronto, Ontario, Canada.</Affiliation></AffiliationInfo></Author><Author ValidYN="Y"><LastName>Sochett</LastName><ForeName>E</ForeName><Initials>E</Initials></Author><Author ValidYN="Y"><LastName>Daneman</LastName><ForeName>D</ForeName><Initials>D</Initials></Author></AuthorList><Language>eng</Language><PublicationTypeList><PublicationType UI="D003160">Comparative Study</PublicationType><PublicationType UI="D016428">Journal Article</PublicationType><PublicationType UI="D013485">Research Support, Non-U.S. Gov't</PublicationType></PublicationTypeList></Article><MedlineJournalInfo><Country>United States</Country><MedlineTA>J Pediatr</MedlineTA><NlmUniqueID>0375410</NlmUniqueID><ISSNLinking>0022-3476</ISSNLinking></MedlineJournalInfo><CitationSubset>IM</CitationSubset><CommentsCorrectionsList><CommentsCorrections RefType="CommentIn"><RefSource>J Pediatr. 2000 Feb;136(2):271-2</RefSource><PMID Version="1">10657844</PMID></CommentsCorrections></CommentsCorrectionsList><MeshHeadingList><MeshHeading><DescriptorName UI="D000293" MajorTopicYN="N">Adolescent</DescriptorName></MeshHeading><MeshHeading><DescriptorName UI="D000419" MajorTopicYN="N">Albuminuria</DescriptorName><QualifierName UI="Q000652" MajorTopicYN="Y">urine</QualifierName></MeshHeading><MeshHeading><DescriptorName UI="D015331" MajorTopicYN="N">Cohort Studies</DescriptorName></MeshHeading><MeshHeading><DescriptorName UI="D003922" MajorTopicYN="N">Diabetes Mellitus, Type 1</DescriptorName><QualifierName UI="Q000652" MajorTopicYN="Y">urine</QualifierName></MeshHeading><MeshHeading><DescriptorName UI="D018450" MajorTopicYN="N">Disease Progression</DescriptorName></MeshHeading><MeshHeading><DescriptorName UI="D005260" MajorTopicYN="N">Female</DescriptorName></MeshHeading><MeshHeading><DescriptorName UI="D005500" MajorTopicYN="N">Follow-Up Studies</DescriptorName></MeshHeading><MeshHeading><DescriptorName UI="D006801" MajorTopicYN="N">Humans</DescriptorName></MeshHeading><MeshHeading><DescriptorName UI="D008297" MajorTopicYN="N">Male</DescriptorName></MeshHeading><MeshHeading><DescriptorName UI="D011379" MajorTopicYN="N">Prognosis</DescriptorName></MeshHeading><MeshHeading><DescriptorName UI="D012016" MajorTopicYN="N">Reference Values</DescriptorName></MeshHeading><MeshHeading><DescriptorName UI="D012189" MajorTopicYN="N">Retrospective Studies</DescriptorName></MeshHeading><MeshHeading><DescriptorName UI="D013997" MajorTopicYN="N">Time Factors</DescriptorName></MeshHeading></MeshHeadingList></MedlineCitation><PubmedData><History><PubMedPubDate PubStatus="pubmed"><Year>1999</Year><Month>3</Month><Day>4</Day></PubMedPubDate><PubMedPubDate PubStatus="medline"><Year>1999</Year><Month>3</Month><Day>4</Day><Hour>0</Hour><Minute>1</Minute></PubMedPubDate><PubMedPubDate PubStatus="entrez"><Year>1999</Year><Month>3</Month><Day>4</Day><Hour>0</Hour><Minute>0</Minute></PubMedPubDate></History><PublicationStatus>ppublish</PublicationStatus><ArticleIdList><ArticleId IdType="pubmed">10064671</ArticleId><ArticleId IdType="pii">S0022-3476(99)70459-2</ArticleId><ArticleId IdType="doi">10.1016/s0022-3476(99)70459-2</ArticleId></ArticleIdList></PubmedData></PubmedArticle></PubmedArticleSet>