<?xml version="1.0" ?>
<!DOCTYPE PubmedArticleSet PUBLIC "-//NLM//DTD PubMedArticle, 1st January 2019//EN" "https://dtd.nlm.nih.gov/ncbi/pubmed/out/pubmed_190101.dtd">
<PubmedArticleSet><PubmedArticle><MedlineCitation Status="MEDLINE" Owner="NLM"><PMID Version="1">10078563</PMID><DateCompleted><Year>1999</Year><Month>03</Month><Day>30</Day></DateCompleted><DateRevised><Year>2019</Year><Month>05</Month><Day>15</Day></DateRevised><Article PubModel="Print"><Journal><ISSN IssnType="Print">0012-1797</ISSN><JournalIssue CitedMedium="Print"><Volume>48</Volume><Issue>3</Issue><PubDate><Year>1999</Year><Month>Mar</Month></PubDate></JournalIssue><Title>Diabetes</Title><ISOAbbreviation>Diabetes</ISOAbbreviation></Journal><ArticleTitle>Heterogeneous cardiac sympathetic denervation and decreased myocardial nerve growth factor in streptozotocin-induced diabetic rats: implications for cardiac sympathetic dysinnervation complicating diabetes.</ArticleTitle><Pagination><MedlinePgn>603-8</MedlinePgn></Pagination><Abstract><AbstractText>Heterogeneous myocardial sympathetic denervation complicating diabetes has been invoked as a factor contributing to sudden unexplained cardiac death. In subjects with diabetic autonomic neuropathy (DAN), distal left ventricular (LV) denervation contrasts with preservation of islands of proximal innervation, which exhibit impaired vascular responsiveness. The aims of this study were to determine whether this heterogeneous pattern of myocardial sympathetic denervation occurs in a rat model of diabetes and to explore a potential association with regional fluctuations in myocardial nerve growth factor (NGF) protein. Myocardial sympathetic denervation was characterized scintigraphically using the sympathetic neurotransmitter analog C-11 hydroxyephedrine ([11C]HED) and compared with regional changes in myocardial NGF protein abundance and norepinephrine content after 6 and 9 months in nondiabetic (ND) and streptozotocin-induced diabetic (STZ-D) rats. In ND rats, no difference in [11C]HED retention or norepinephrine content was detected in the proximal versus distal myocardium. After 6 months, compared with ND rats, myocardial [11C]HED retention had declined in the proximal segments of STZ-D rats by only 9% (NS) compared with a 33% decrease in the distal myocardium (P &lt; 0.05). Myocardial norepinephrine content was similar in both ND and STZ-D rats. At 6 months, LV myocardial NGF protein content in STZ-D rats decreased by 52% in the proximal myocardial segments (P &lt; 0.01 vs. ND rats) and by 82% distally (P &lt; 0.01 vs. ND rats, P &lt; 0.05 vs. proximal segments). By 9 months, [11C]HED retention had declined in both the proximal and distal myocardial segments of the STZ-D rats by 42% (P &lt; 0.01 vs. ND rats), and LV norepinephrine content and NGF protein were decreased in parallel. Therefore, 6 months of STZ-induced diabetes results in heterogeneous cardiac sympathetic denervation in the rat, with maximal denervation occurring distally, and is associated with a proximal-to-distal gradient of LV NGF protein depletion. It is tempting to speculate that regional fluctuations of NGF protein in the diabetic myocardium contribute to heterogeneous cardiac sympathetic denervation complicating diabetes.</AbstractText></Abstract><AuthorList CompleteYN="Y"><Author ValidYN="Y"><LastName>Schmid</LastName><ForeName>H</ForeName><Initials>H</Initials><AffiliationInfo><Affiliation>Department of Internal Medicine, University of Michigan, Ann Arbor 48109-0678, USA.</Affiliation></AffiliationInfo></Author><Author ValidYN="Y"><LastName>Forman</LastName><ForeName>L A</ForeName><Initials>LA</Initials></Author><Author ValidYN="Y"><LastName>Cao</LastName><ForeName>X</ForeName><Initials>X</Initials></Author><Author ValidYN="Y"><LastName>Sherman</LastName><ForeName>P S</ForeName><Initials>PS</Initials></Author><Author ValidYN="Y"><LastName>Stevens</LastName><ForeName>M J</ForeName><Initials>MJ</Initials></Author></AuthorList><Language>eng</Language><PublicationTypeList><PublicationType UI="D016428">Journal Article</PublicationType><PublicationType UI="D013485">Research Support, Non-U.S. Gov't</PublicationType></PublicationTypeList></Article><MedlineJournalInfo><Country>United States</Country><MedlineTA>Diabetes</MedlineTA><NlmUniqueID>0372763</NlmUniqueID><ISSNLinking>0012-1797</ISSNLinking></MedlineJournalInfo><ChemicalList><Chemical><RegistryNumber>0</RegistryNumber><NameOfSubstance UI="D001786">Blood Glucose</NameOfSubstance></Chemical><Chemical><RegistryNumber>0</RegistryNumber><NameOfSubstance UI="D002250">Carbon Radioisotopes</NameOfSubstance></Chemical><Chemical><RegistryNumber>0</RegistryNumber><NameOfSubstance UI="D009414">Nerve Growth Factors</NameOfSubstance></Chemical><Chemical><RegistryNumber>3002-40-2</RegistryNumber><NameOfSubstance UI="C065363">3-hydroxyephedrine</NameOfSubstance></Chemical><Chemical><RegistryNumber>GN83C131XS</RegistryNumber><NameOfSubstance UI="D004809">Ephedrine</NameOfSubstance></Chemical><Chemical><RegistryNumber>X4W3ENH1CV</RegistryNumber><NameOfSubstance UI="D009638">Norepinephrine</NameOfSubstance></Chemical></ChemicalList><CitationSubset>IM</CitationSubset><MeshHeadingList><MeshHeading><DescriptorName UI="D000818" MajorTopicYN="N">Animals</DescriptorName></MeshHeading><MeshHeading><DescriptorName UI="D001786" MajorTopicYN="N">Blood Glucose</DescriptorName><QualifierName UI="Q000378" MajorTopicYN="N">metabolism</QualifierName></MeshHeading><MeshHeading><DescriptorName UI="D001835" MajorTopicYN="N">Body Weight</DescriptorName></MeshHeading><MeshHeading><DescriptorName UI="D002250" MajorTopicYN="N">Carbon Radioisotopes</DescriptorName><QualifierName UI="Q000493" MajorTopicYN="N">pharmacokinetics</QualifierName></MeshHeading><MeshHeading><DescriptorName UI="D003714" MajorTopicYN="N">Denervation</DescriptorName></MeshHeading><MeshHeading><DescriptorName UI="D003921" MajorTopicYN="N">Diabetes Mellitus, Experimental</DescriptorName><QualifierName UI="Q000378" MajorTopicYN="N">metabolism</QualifierName><QualifierName UI="Q000503" MajorTopicYN="Y">physiopathology</QualifierName></MeshHeading><MeshHeading><DescriptorName UI="D003929" MajorTopicYN="N">Diabetic Neuropathies</DescriptorName><QualifierName UI="Q000378" MajorTopicYN="N">metabolism</QualifierName><QualifierName UI="Q000503" MajorTopicYN="Y">physiopathology</QualifierName></MeshHeading><MeshHeading><DescriptorName UI="D004809" MajorTopicYN="N">Ephedrine</DescriptorName><QualifierName UI="Q000031" MajorTopicYN="N">analogs &amp; derivatives</QualifierName><QualifierName UI="Q000493" MajorTopicYN="N">pharmacokinetics</QualifierName></MeshHeading><MeshHeading><DescriptorName UI="D006321" MajorTopicYN="N">Heart</DescriptorName><QualifierName UI="Q000000981" MajorTopicYN="N">diagnostic imaging</QualifierName><QualifierName UI="Q000294" MajorTopicYN="N">innervation</QualifierName><QualifierName UI="Q000503" MajorTopicYN="N">physiopathology</QualifierName></MeshHeading><MeshHeading><DescriptorName UI="D008297" MajorTopicYN="N">Male</DescriptorName></MeshHeading><MeshHeading><DescriptorName UI="D009206" MajorTopicYN="N">Myocardium</DescriptorName><QualifierName UI="Q000378" MajorTopicYN="Y">metabolism</QualifierName></MeshHeading><MeshHeading><DescriptorName UI="D009414" MajorTopicYN="N">Nerve Growth Factors</DescriptorName><QualifierName UI="Q000378" MajorTopicYN="Y">metabolism</QualifierName></MeshHeading><MeshHeading><DescriptorName UI="D009638" MajorTopicYN="N">Norepinephrine</DescriptorName><QualifierName UI="Q000378" MajorTopicYN="N">metabolism</QualifierName></MeshHeading><MeshHeading><DescriptorName UI="D011877" MajorTopicYN="N">Radionuclide Imaging</DescriptorName></MeshHeading><MeshHeading><DescriptorName UI="D051381" MajorTopicYN="N">Rats</DescriptorName></MeshHeading><MeshHeading><DescriptorName UI="D017208" MajorTopicYN="N">Rats, Wistar</DescriptorName></MeshHeading><MeshHeading><DescriptorName UI="D013564" MajorTopicYN="N">Sympathetic Nervous System</DescriptorName><QualifierName UI="Q000503" MajorTopicYN="Y">physiopathology</QualifierName></MeshHeading><MeshHeading><DescriptorName UI="D014018" MajorTopicYN="N">Tissue Distribution</DescriptorName></MeshHeading><MeshHeading><DescriptorName UI="D016276" MajorTopicYN="N">Ventricular Function</DescriptorName></MeshHeading></MeshHeadingList></MedlineCitation><PubmedData><History><PubMedPubDate PubStatus="pubmed"><Year>1999</Year><Month>3</Month><Day>17</Day></PubMedPubDate><PubMedPubDate PubStatus="medline"><Year>1999</Year><Month>3</Month><Day>17</Day><Hour>0</Hour><Minute>1</Minute></PubMedPubDate><PubMedPubDate PubStatus="entrez"><Year>1999</Year><Month>3</Month><Day>17</Day><Hour>0</Hour><Minute>0</Minute></PubMedPubDate></History><PublicationStatus>ppublish</PublicationStatus><ArticleIdList><ArticleId IdType="pubmed">10078563</ArticleId><ArticleId IdType="doi">10.2337/diabetes.48.3.603</ArticleId></ArticleIdList></PubmedData></PubmedArticle></PubmedArticleSet>