<?xml version="1.0" ?>
<!DOCTYPE PubmedArticleSet PUBLIC "-//NLM//DTD PubMedArticle, 1st January 2019//EN" "https://dtd.nlm.nih.gov/ncbi/pubmed/out/pubmed_190101.dtd">
<PubmedArticleSet><PubmedArticle><MedlineCitation Status="MEDLINE" Owner="NLM"><PMID Version="1">10074012</PMID><DateCompleted><Year>1999</Year><Month>04</Month><Day>16</Day></DateCompleted><DateRevised><Year>2019</Year><Month>05</Month><Day>01</Day></DateRevised><Article PubModel="Print"><Journal><ISSN IssnType="Print">0959-8138</ISSN><JournalIssue CitedMedium="Print"><Volume>318</Volume><Issue>7185</Issue><PubDate><Year>1999</Year><Month>Mar</Month><Day>13</Day></PubDate></JournalIssue><Title>BMJ (Clinical research ed.)</Title><ISOAbbreviation>BMJ</ISOAbbreviation></Journal><ArticleTitle>Genetic determination of islet cell autoimmunity in monozygotic twin, dizygotic twin, and non-twin siblings of patients with type 1 diabetes: prospective twin study.</ArticleTitle><Pagination><MedlinePgn>698-702</MedlinePgn></Pagination><Abstract><AbstractText Label="OBJECTIVE" NlmCategory="OBJECTIVE">To test the hypothesis that non-diabetic dizygotic and monozygotic twin siblings of patients with type 1 diabetes have a similar high prevalence of islet cell autoantibodies, thus suggesting that islet cell autoimmunity is mainly environmentally determined.</AbstractText><AbstractText Label="DESIGN" NlmCategory="METHODS">Prospective twin study.</AbstractText><AbstractText Label="SETTING" NlmCategory="METHODS">Two specialist centres for diabetes in the United States.</AbstractText><AbstractText Label="PARTICIPANTS" NlmCategory="METHODS">Non-diabetic monozygotic twin (n=53), dizygotic twin (n=30), and non-twin (n=149) siblings of patients with type 1 diabetes; 101 controls.</AbstractText><AbstractText Label="MAIN OUTCOME MEASURES" NlmCategory="METHODS">Analysis of progression to diabetes and expression of anti-islet autoantibodies.</AbstractText><AbstractText Label="RESULTS" NlmCategory="RESULTS">Monozygotic twin siblings had a higher risk of progression to diabetes (12/53) than dizygotic twin siblings (0/30; P&lt;0.005). At the last follow up 22 (41.5%) monozygotic twin siblings expressed autoantibodies compared with 6 (20%) dizygotic twin siblings (P&lt;0.05), 16 (10.7%) non-twin siblings (P&lt;0.0001), and 6 (5.9%) controls (P&lt;0.0001). Monozygotic twin siblings expressed multiple (&gt;/=2) antibodies more often than dizygotic twin siblings (10/38 v 1/23; P&lt;0.05). By life table analysis the probability of developing positive autoantibodies was higher among the monozygotic twin siblings bearing the diabetes associated HLA DQ8/DQ2 genotype than in those without this genotype (64.2% (95% confidence interval 32.5% to 96%) v 23.5% (7% to 40%) at 10 years of discordance; P&lt;0.05).</AbstractText><AbstractText Label="CONCLUSION" NlmCategory="CONCLUSIONS">Monozygotic and dizygotic twins differ in progression to diabetes and expression of islet cell autoantibodies. Dizygotic twin siblings are similar to non-twin siblings. These two observations suggest that genetic factors play an important part in determination of islet cell autoimmunity, thus rejecting the hypothesis. In addition, there is a high penetrance of islet cell autoimmunity in DQ8/DQ2 monozygotic twin siblings.</AbstractText></Abstract><AuthorList CompleteYN="Y"><Author ValidYN="Y"><LastName>Redondo</LastName><ForeName>M J</ForeName><Initials>MJ</Initials><AffiliationInfo><Affiliation>Barbara Davis Center for Childhood Diabetes, University of Colorado Health Sciences Center, Box B 140, Denver, CL 80262, USA.</Affiliation></AffiliationInfo></Author><Author ValidYN="Y"><LastName>Rewers</LastName><ForeName>M</ForeName><Initials>M</Initials></Author><Author ValidYN="Y"><LastName>Yu</LastName><ForeName>L</ForeName><Initials>L</Initials></Author><Author ValidYN="Y"><LastName>Garg</LastName><ForeName>S</ForeName><Initials>S</Initials></Author><Author ValidYN="Y"><LastName>Pilcher</LastName><ForeName>C C</ForeName><Initials>CC</Initials></Author><Author ValidYN="Y"><LastName>Elliott</LastName><ForeName>R B</ForeName><Initials>RB</Initials></Author><Author ValidYN="Y"><LastName>Eisenbarth</LastName><ForeName>G S</ForeName><Initials>GS</Initials></Author></AuthorList><Language>eng</Language><GrantList CompleteYN="Y"><Grant><GrantID>R01 DK032083</GrantID><Acronym>DK</Acronym><Agency>NIDDK NIH HHS</Agency><Country>United States</Country></Grant><Grant><GrantID>R01 DK032493</GrantID><Acronym>DK</Acronym><Agency>NIDDK NIH HHS</Agency><Country>United States</Country></Grant><Grant><GrantID>R37 DK032083</GrantID><Acronym>DK</Acronym><Agency>NIDDK NIH HHS</Agency><Country>United States</Country></Grant><Grant><GrantID>5 R01 DK 32493</GrantID><Acronym>DK</Acronym><Agency>NIDDK NIH HHS</Agency><Country>United States</Country></Grant></GrantList><PublicationTypeList><PublicationType UI="D016428">Journal Article</PublicationType><PublicationType UI="D016448">Multicenter Study</PublicationType><PublicationType UI="D013485">Research Support, Non-U.S. Gov't</PublicationType><PublicationType UI="D013487">Research Support, U.S. Gov't, P.H.S.</PublicationType><PublicationType UI="D018486">Twin Study</PublicationType></PublicationTypeList></Article><MedlineJournalInfo><Country>England</Country><MedlineTA>BMJ</MedlineTA><NlmUniqueID>8900488</NlmUniqueID><ISSNLinking>0959-8138</ISSNLinking></MedlineJournalInfo><ChemicalList><Chemical><RegistryNumber>0</RegistryNumber><NameOfSubstance UI="D001323">Autoantibodies</NameOfSubstance></Chemical></ChemicalList><CitationSubset>IM</CitationSubset><CommentsCorrectionsList><CommentsCorrections RefType="CommentIn"><RefSource>BMJ. 2001 Oct 27;323(7319):997-8</RefSource><PMID Version="1">11679394</PMID></CommentsCorrections></CommentsCorrectionsList><MeshHeadingList><MeshHeading><DescriptorName UI="D000293" MajorTopicYN="N">Adolescent</DescriptorName></MeshHeading><MeshHeading><DescriptorName UI="D000328" MajorTopicYN="N">Adult</DescriptorName></MeshHeading><MeshHeading><DescriptorName UI="D000368" MajorTopicYN="N">Aged</DescriptorName></MeshHeading><MeshHeading><DescriptorName UI="D000918" MajorTopicYN="N">Antibody Specificity</DescriptorName></MeshHeading><MeshHeading><DescriptorName UI="D001323" MajorTopicYN="N">Autoantibodies</DescriptorName><QualifierName UI="Q000032" MajorTopicYN="Y">analysis</QualifierName></MeshHeading><MeshHeading><DescriptorName UI="D002648" MajorTopicYN="N">Child</DescriptorName></MeshHeading><MeshHeading><DescriptorName UI="D002675" MajorTopicYN="N">Child, Preschool</DescriptorName></MeshHeading><MeshHeading><DescriptorName UI="D003922" MajorTopicYN="N">Diabetes Mellitus, Type 1</DescriptorName><QualifierName UI="Q000235" MajorTopicYN="Y">genetics</QualifierName><QualifierName UI="Q000276" MajorTopicYN="N">immunology</QualifierName></MeshHeading><MeshHeading><DescriptorName UI="D018450" MajorTopicYN="N">Disease Progression</DescriptorName></MeshHeading><MeshHeading><DescriptorName UI="D005260" MajorTopicYN="N">Female</DescriptorName></MeshHeading><MeshHeading><DescriptorName UI="D006650" MajorTopicYN="N">Histocompatibility Testing</DescriptorName></MeshHeading><MeshHeading><DescriptorName UI="D006801" MajorTopicYN="N">Humans</DescriptorName></MeshHeading><MeshHeading><DescriptorName UI="D007223" MajorTopicYN="N">Infant</DescriptorName></MeshHeading><MeshHeading><DescriptorName UI="D007515" MajorTopicYN="N">Islets of Langerhans</DescriptorName><QualifierName UI="Q000276" MajorTopicYN="Y">immunology</QualifierName></MeshHeading><MeshHeading><DescriptorName UI="D008297" MajorTopicYN="N">Male</DescriptorName></MeshHeading><MeshHeading><DescriptorName UI="D008875" MajorTopicYN="N">Middle Aged</DescriptorName></MeshHeading><MeshHeading><DescriptorName UI="D011446" MajorTopicYN="N">Prospective Studies</DescriptorName></MeshHeading><MeshHeading><DescriptorName UI="D012680" MajorTopicYN="N">Sensitivity and Specificity</DescriptorName></MeshHeading><MeshHeading><DescriptorName UI="D014429" MajorTopicYN="N">Twins, Dizygotic</DescriptorName></MeshHeading><MeshHeading><DescriptorName UI="D014430" MajorTopicYN="N">Twins, Monozygotic</DescriptorName></MeshHeading></MeshHeadingList></MedlineCitation><PubmedData><History><PubMedPubDate PubStatus="pubmed"><Year>1999</Year><Month>3</Month><Day>12</Day></PubMedPubDate><PubMedPubDate PubStatus="medline"><Year>1999</Year><Month>3</Month><Day>12</Day><Hour>0</Hour><Minute>1</Minute></PubMedPubDate><PubMedPubDate PubStatus="entrez"><Year>1999</Year><Month>3</Month><Day>12</Day><Hour>0</Hour><Minute>0</Minute></PubMedPubDate></History><PublicationStatus>ppublish</PublicationStatus><ArticleIdList><ArticleId IdType="pubmed">10074012</ArticleId><ArticleId IdType="pmc">PMC27778</ArticleId><ArticleId IdType="doi">10.1136/bmj.318.7185.698</ArticleId></ArticleIdList><ReferenceList><Reference><Citation>Br Med J (Clin Res Ed). 1983 Jan 22;286(6361):253-5</Citation><ArticleIdList><ArticleId IdType="pubmed">6402059</ArticleId></ArticleIdList></Reference><Reference><Citation>N Engl J Med. 1983 Feb 10;308(6):322-5</Citation><ArticleIdList><ArticleId IdType="pubmed">6337325</ArticleId></ArticleIdList></Reference><Reference><Citation>Br Med J (Clin Res Ed). 1986 Jun 21;292(6536):1670</Citation><ArticleIdList><ArticleId IdType="pubmed">3087567</ArticleId></ArticleIdList></Reference><Reference><Citation>Diabetes. 1989 Oct;38(10):1320-5</Citation><ArticleIdList><ArticleId IdType="pubmed">2676660</ArticleId></ArticleIdList></Reference><Reference><Citation>J Immunol Methods. 1990 May 8;129(1):111-7</Citation><ArticleIdList><ArticleId IdType="pubmed">2187031</ArticleId></ArticleIdList></Reference><Reference><Citation>Immunogenetics. 1991;33(3):163-70</Citation><ArticleIdList><ArticleId IdType="pubmed">2010218</ArticleId></ArticleIdList></Reference><Reference><Citation>Diabetes. 1993 Sep;42(9):1351-63</Citation><ArticleIdList><ArticleId IdType="pubmed">8349046</ArticleId></ArticleIdList></Reference><Reference><Citation>J Clin Invest. 1993 Oct;92(4):1608-16</Citation><ArticleIdList><ArticleId IdType="pubmed">8408615</ArticleId></ArticleIdList></Reference><Reference><Citation>Diabetologia. 1994 Mar;37(3):321-7</Citation><ArticleIdList><ArticleId IdType="pubmed">8174848</ArticleId></ArticleIdList></Reference><Reference><Citation>Diabetes. 1995 Oct;44(10):1176-9</Citation><ArticleIdList><ArticleId IdType="pubmed">7556954</ArticleId></ArticleIdList></Reference><Reference><Citation>BMJ. 1995 Oct 7;311(7010):913-7</Citation><ArticleIdList><ArticleId IdType="pubmed">7580548</ArticleId></ArticleIdList></Reference><Reference><Citation>Diabetes. 1995 Nov;44(11):1340-4</Citation><ArticleIdList><ArticleId IdType="pubmed">7589834</ArticleId></ArticleIdList></Reference><Reference><Citation>J Immunol Methods. 1995 Oct 12;186(1):89-99</Citation><ArticleIdList><ArticleId IdType="pubmed">7561152</ArticleId></ArticleIdList></Reference><Reference><Citation>Diabetes Metab Rev. 1995 Jul;11(2):121-35</Citation><ArticleIdList><ArticleId IdType="pubmed">7555564</ArticleId></ArticleIdList></Reference><Reference><Citation>Ugeskr Laeger. 1996 Jun 10;158(24):3456-60</Citation><ArticleIdList><ArticleId IdType="pubmed">8650815</ArticleId></ArticleIdList></Reference><Reference><Citation>Diabetes. 1996 Jul;45(7):926-33</Citation><ArticleIdList><ArticleId IdType="pubmed">8666144</ArticleId></ArticleIdList></Reference><Reference><Citation>Diabetologia. 1996 Jul;39(7):807-12</Citation><ArticleIdList><ArticleId IdType="pubmed">8817105</ArticleId></ArticleIdList></Reference><Reference><Citation>J Clin Endocrinol Metab. 1997 Feb;82(2):375-80</Citation><ArticleIdList><ArticleId IdType="pubmed">9024221</ArticleId></ArticleIdList></Reference><Reference><Citation>Ugeskr Laeger. 1997 Feb 24;159(9):1257-60</Citation><ArticleIdList><ArticleId IdType="pubmed">9072870</ArticleId></ArticleIdList></Reference><Reference><Citation>Diabet Med. 1997 May;14(5):347-52</Citation><ArticleIdList><ArticleId IdType="pubmed">9171248</ArticleId></ArticleIdList></Reference><Reference><Citation>BMJ. 1997 May 31;314(7094):1575-9</Citation><ArticleIdList><ArticleId IdType="pubmed">9169400</ArticleId></ArticleIdList></Reference><Reference><Citation>Diabetes. 1997 Aug;46(8):1270-5</Citation><ArticleIdList><ArticleId IdType="pubmed">9231650</ArticleId></ArticleIdList></Reference><Reference><Citation>Diabetes. 1998 Dec;47(12):1857-66</Citation><ArticleIdList><ArticleId IdType="pubmed">9836516</ArticleId></ArticleIdList></Reference><Reference><Citation>Ann Intern Med. 1983 Sep;99(3):320-6</Citation><ArticleIdList><ArticleId IdType="pubmed">6351687</ArticleId></ArticleIdList></Reference></ReferenceList></PubmedData></PubmedArticle></PubmedArticleSet>