<?xml version="1.0" ?>
<!DOCTYPE PubmedArticleSet PUBLIC "-//NLM//DTD PubMedArticle, 1st January 2019//EN" "https://dtd.nlm.nih.gov/ncbi/pubmed/out/pubmed_190101.dtd">
<PubmedArticleSet><PubmedArticle><MedlineCitation Status="MEDLINE" Owner="NLM"><PMID Version="1">10077454</PMID><DateCompleted><Year>1999</Year><Month>05</Month><Day>25</Day></DateCompleted><DateRevised><Year>2019</Year><Month>06</Month><Day>07</Day></DateRevised><Article PubModel="Print"><Journal><ISSN IssnType="Print">1340-3478</ISSN><JournalIssue CitedMedium="Print"><Volume>5</Volume><Issue>1</Issue><PubDate><Year>1998</Year></PubDate></JournalIssue><Title>Journal of atherosclerosis and thrombosis</Title><ISOAbbreviation>J Atheroscler Thromb</ISOAbbreviation></Journal><ArticleTitle>Circulating thrombomodulin and hematological alterations in type 2 diabetic patients with retinopathy.</ArticleTitle><Pagination><MedlinePgn>21-8</MedlinePgn></Pagination><Abstract><AbstractText>To clarify the relationship between circulating thrombomodulin (TM) and endothelial cell damage in diabetes mellitus, plasma levels of TM were quantitated by an enzyme linked immunoabsorbant assay (ELISA) in 164 type 2 diabetes mellitus and 72 normal control subjects, and these levels were compared with those of von Willebrand factor antigen (vWf: Ag), thrombin antithrombin III complexes (TAT), plasmin-alpha2-plasmin inhibitor complexes (PIC), fibrinogen, D-dimer, urinary albumin excretion rate (AER), intima-media thickness (IMT) and plaque score of the common carotid artery assessed with high resolution B-mode ultrasonography. Plasma levels of TM, vWf: Ag, TAT, PIC, AER, IMT and plaque score were significantly increased in the diabetic patients compared to the normal control subjects. Plasma TM levels showed significant correlation with vWf: Ag (r=0.350, p&lt;0.0001), TAT (r = 0.334, p &lt; 0.0001), PIC (r = 0.450, p &lt; 0.0001), AER (r = 0.334, p &lt; 0.0001), IMT (r = 0.181, P&lt;0.01), plaque score (r=0.385, p&lt;0.0001). Among four groups of diabetic patients, divided based on their severity of diabetic retinopathy, there were no significant differences in age, sex, systolic and diastolic blood pressure levels, HbA,1c, or plasma lipid levels, although the plasma levels of TM, vWf: Ag, TAT, PIC, AER, IMT and the plaque score in the patients with proliferative retinopathy were significantly higher than those of the healthy controls and patients with simple retinopathy. Among the 43 normoalbuminuric patients without intima-media thickness or thickened plaque (AER&lt;30 mg/g Creatinine, IMT&lt;1.0 mm, plaque score = 0), plasma levels of TM, vWf: Ag, TAT, PIC were significantly higher in those patients with retinopathy than in those without retinopathy. Multivariate analysis showed TM, TAT and PIC levels to be independent predictors of diabetic retinopathy. In conclusion, circulating TM reflects endothelial cell damage in patients with diabetic retinopathy, and hypercoagulability might play an important role in endothelial cell damage.</AbstractText></Abstract><AuthorList CompleteYN="Y"><Author ValidYN="Y"><LastName>Fujiwara</LastName><ForeName>Y</ForeName><Initials>Y</Initials><AffiliationInfo><Affiliation>Department of Internal Medicine, Bibai Rosai Hospital, Hokkaido, Japan.</Affiliation></AffiliationInfo></Author><Author ValidYN="Y"><LastName>Tagami</LastName><ForeName>S</ForeName><Initials>S</Initials></Author><Author ValidYN="Y"><LastName>Kawakami</LastName><ForeName>Y</ForeName><Initials>Y</Initials></Author></AuthorList><Language>eng</Language><PublicationTypeList><PublicationType UI="D003160">Comparative Study</PublicationType><PublicationType UI="D016428">Journal Article</PublicationType><PublicationType UI="D013485">Research Support, Non-U.S. Gov't</PublicationType></PublicationTypeList></Article><MedlineJournalInfo><Country>Japan</Country><MedlineTA>J Atheroscler Thromb</MedlineTA><NlmUniqueID>9506298</NlmUniqueID><ISSNLinking>1340-3478</ISSNLinking></MedlineJournalInfo><ChemicalList><Chemical><RegistryNumber>0</RegistryNumber><NameOfSubstance UI="D000933">Antifibrinolytic Agents</NameOfSubstance></Chemical><Chemical><RegistryNumber>0</RegistryNumber><NameOfSubstance UI="D015415">Biomarkers</NameOfSubstance></Chemical><Chemical><RegistryNumber>0</RegistryNumber><NameOfSubstance UI="D001786">Blood Glucose</NameOfSubstance></Chemical><Chemical><RegistryNumber>0</RegistryNumber><NameOfSubstance UI="D008055">Lipids</NameOfSubstance></Chemical><Chemical><RegistryNumber>0</RegistryNumber><NameOfSubstance UI="D018180">Thrombomodulin</NameOfSubstance></Chemical><Chemical><RegistryNumber>0</RegistryNumber><NameOfSubstance UI="D000979">alpha-2-Antiplasmin</NameOfSubstance></Chemical><Chemical><RegistryNumber>0</RegistryNumber><NameOfSubstance UI="C046193">antithrombin III-protease complex</NameOfSubstance></Chemical><Chemical><RegistryNumber>0</RegistryNumber><NameOfSubstance UI="C037742">plasmin-plasmin inhibitor complex</NameOfSubstance></Chemical><Chemical><RegistryNumber>0</RegistryNumber><NameOfSubstance UI="D014841">von Willebrand Factor</NameOfSubstance></Chemical><Chemical><RegistryNumber>9000-94-6</RegistryNumber><NameOfSubstance UI="D000990">Antithrombin III</NameOfSubstance></Chemical><Chemical><RegistryNumber>9001-32-5</RegistryNumber><NameOfSubstance UI="D005340">Fibrinogen</NameOfSubstance></Chemical><Chemical><RegistryNumber>AYI8EX34EU</RegistryNumber><NameOfSubstance UI="D003404">Creatinine</NameOfSubstance></Chemical><Chemical><RegistryNumber>EC 3.4.-</RegistryNumber><NameOfSubstance UI="D010447">Peptide Hydrolases</NameOfSubstance></Chemical><Chemical><RegistryNumber>EC 3.4.21.7</RegistryNumber><NameOfSubstance UI="D005341">Fibrinolysin</NameOfSubstance></Chemical></ChemicalList><CitationSubset>IM</CitationSubset><MeshHeadingList><MeshHeading><DescriptorName UI="D000368" MajorTopicYN="N">Aged</DescriptorName></MeshHeading><MeshHeading><DescriptorName UI="D000369" MajorTopicYN="N">Aged, 80 and over</DescriptorName></MeshHeading><MeshHeading><DescriptorName UI="D000933" MajorTopicYN="N">Antifibrinolytic Agents</DescriptorName><QualifierName UI="Q000378" MajorTopicYN="N">metabolism</QualifierName></MeshHeading><MeshHeading><DescriptorName UI="D000990" MajorTopicYN="N">Antithrombin III</DescriptorName><QualifierName UI="Q000378" MajorTopicYN="N">metabolism</QualifierName></MeshHeading><MeshHeading><DescriptorName UI="D015415" MajorTopicYN="N">Biomarkers</DescriptorName><QualifierName UI="Q000097" MajorTopicYN="N">blood</QualifierName></MeshHeading><MeshHeading><DescriptorName UI="D001786" MajorTopicYN="N">Blood Glucose</DescriptorName><QualifierName UI="Q000378" MajorTopicYN="N">metabolism</QualifierName></MeshHeading><MeshHeading><DescriptorName UI="D016022" MajorTopicYN="N">Case-Control Studies</DescriptorName></MeshHeading><MeshHeading><DescriptorName UI="D003404" MajorTopicYN="N">Creatinine</DescriptorName><QualifierName UI="Q000097" MajorTopicYN="N">blood</QualifierName></MeshHeading><MeshHeading><DescriptorName UI="D003924" MajorTopicYN="N">Diabetes Mellitus, Type 2</DescriptorName><QualifierName UI="Q000097" MajorTopicYN="Y">blood</QualifierName><QualifierName UI="Q000473" MajorTopicYN="N">pathology</QualifierName></MeshHeading><MeshHeading><DescriptorName UI="D003930" MajorTopicYN="N">Diabetic Retinopathy</DescriptorName><QualifierName UI="Q000097" MajorTopicYN="Y">blood</QualifierName><QualifierName UI="Q000473" MajorTopicYN="N">pathology</QualifierName></MeshHeading><MeshHeading><DescriptorName UI="D004730" MajorTopicYN="N">Endothelium, Vascular</DescriptorName><QualifierName UI="Q000378" MajorTopicYN="N">metabolism</QualifierName><QualifierName UI="Q000473" MajorTopicYN="N">pathology</QualifierName></MeshHeading><MeshHeading><DescriptorName UI="D005260" MajorTopicYN="N">Female</DescriptorName></MeshHeading><MeshHeading><DescriptorName UI="D005340" MajorTopicYN="N">Fibrinogen</DescriptorName><QualifierName UI="Q000378" MajorTopicYN="N">metabolism</QualifierName></MeshHeading><MeshHeading><DescriptorName UI="D005341" MajorTopicYN="N">Fibrinolysin</DescriptorName><QualifierName UI="Q000378" MajorTopicYN="N">metabolism</QualifierName></MeshHeading><MeshHeading><DescriptorName UI="D006801" MajorTopicYN="N">Humans</DescriptorName></MeshHeading><MeshHeading><DescriptorName UI="D008055" MajorTopicYN="N">Lipids</DescriptorName><QualifierName UI="Q000097" MajorTopicYN="N">blood</QualifierName></MeshHeading><MeshHeading><DescriptorName UI="D008297" MajorTopicYN="N">Male</DescriptorName></MeshHeading><MeshHeading><DescriptorName UI="D008875" MajorTopicYN="N">Middle Aged</DescriptorName></MeshHeading><MeshHeading><DescriptorName UI="D015999" MajorTopicYN="N">Multivariate Analysis</DescriptorName></MeshHeading><MeshHeading><DescriptorName UI="D010447" MajorTopicYN="N">Peptide Hydrolases</DescriptorName><QualifierName UI="Q000378" MajorTopicYN="N">metabolism</QualifierName></MeshHeading><MeshHeading><DescriptorName UI="D011237" MajorTopicYN="N">Predictive Value of Tests</DescriptorName></MeshHeading><MeshHeading><DescriptorName UI="D018180" MajorTopicYN="N">Thrombomodulin</DescriptorName><QualifierName UI="Q000097" MajorTopicYN="Y">blood</QualifierName></MeshHeading><MeshHeading><DescriptorName UI="D017539" MajorTopicYN="N">Tunica Intima</DescriptorName><QualifierName UI="Q000473" MajorTopicYN="N">pathology</QualifierName><QualifierName UI="Q000648" MajorTopicYN="N">ultrastructure</QualifierName></MeshHeading><MeshHeading><DescriptorName UI="D000979" MajorTopicYN="Y">alpha-2-Antiplasmin</DescriptorName></MeshHeading><MeshHeading><DescriptorName UI="D014841" MajorTopicYN="N">von Willebrand Factor</DescriptorName><QualifierName UI="Q000378" MajorTopicYN="N">metabolism</QualifierName></MeshHeading></MeshHeadingList></MedlineCitation><PubmedData><History><PubMedPubDate PubStatus="pubmed"><Year>1999</Year><Month>3</Month><Day>17</Day></PubMedPubDate><PubMedPubDate PubStatus="medline"><Year>1999</Year><Month>3</Month><Day>17</Day><Hour>0</Hour><Minute>1</Minute></PubMedPubDate><PubMedPubDate PubStatus="entrez"><Year>1999</Year><Month>3</Month><Day>17</Day><Hour>0</Hour><Minute>0</Minute></PubMedPubDate></History><PublicationStatus>ppublish</PublicationStatus><ArticleIdList><ArticleId IdType="pubmed">10077454</ArticleId><ArticleId IdType="doi">10.5551/jat1994.5.21</ArticleId></ArticleIdList></PubmedData></PubmedArticle></PubmedArticleSet>