<?xml version="1.0" ?>
<!DOCTYPE PubmedArticleSet PUBLIC "-//NLM//DTD PubMedArticle, 1st January 2019//EN" "https://dtd.nlm.nih.gov/ncbi/pubmed/out/pubmed_190101.dtd">
<PubmedArticleSet><PubmedArticle><MedlineCitation Status="MEDLINE" Owner="NLM"><PMID Version="1">10078575</PMID><DateCompleted><Year>1999</Year><Month>03</Month><Day>30</Day></DateCompleted><DateRevised><Year>2021</Year><Month>12</Month><Day>03</Day></DateRevised><Article PubModel="Print"><Journal><ISSN IssnType="Print">0012-1797</ISSN><JournalIssue CitedMedium="Print"><Volume>48</Volume><Issue>3</Issue><PubDate><Year>1999</Year><Month>Mar</Month></PubDate></JournalIssue><Title>Diabetes</Title><ISOAbbreviation>Diabetes</ISOAbbreviation></Journal><ArticleTitle>Muscle fiber type-specific defects in insulin signal transduction to glucose transport in diabetic GK rats.</ArticleTitle><Pagination><MedlinePgn>664-70</MedlinePgn></Pagination><Abstract><AbstractText>To determine whether defects in the insulin signal transduction pathway to glucose transport occur in a muscle fiber type-specific manner, post-receptor insulin-signaling events were assessed in oxidative (soleus) and glycolytic (extensor digitorum longus [EDL]) skeletal muscle from Wistar or diabetic GK rats. In soleus muscle from GK rats, maximal insulin-stimulated (120 nmol/l) glucose transport was significantly decreased, compared with that of Wistar rats. In EDL muscle from GK rats, maximal insulin-stimulated glucose transport was normal, while the submaximal response was reduced compared with that of Wistar rats. We next treated diabetic GK rats with phlorizin for 4 weeks to determine whether restoration of glycemia would lead to improved insulin signal transduction. Phlorizin treatment of GK rats resulted in full restoration of insulin-stimulated glucose transport in soleus and EDL muscle. In soleus muscle from GK rats, submaximal and maximal insulin-stimulated insulin receptor substrate (IRS)-1 tyrosine phosphorylation and IRS-1-associated phosphatidylinositol (PI) 3-kinase activity were markedly reduced, compared with that of Wistar rats, but only submaximal insulin-stimulated PI 3-kinase was restored after phlorizin treatment. In EDL muscle, insulin-stimulated IRS-1 tyrosine phosphorylation and IRS-1-associated PI-3 kinase were not altered between GK and Wistar rats. Maximal insulin-stimulated Akt (protein kinase B) kinase activity is decreased in soleus muscle from GK rats and restored upon normalization of glycemia (Krook et al., Diabetes 46:2100-2114, 1997). Here, we show that in EDL muscle from GK rats, maximal insulin-stimulated Akt kinase activity is also impaired and restored to Wistar rat levels after phlorizin treatment. In conclusion, functional defects in IRS-1 and PI 3-kinase in skeletal muscle from diabetic GK rats are fiber-type-specific, with alterations observed in oxidative, but not glycolytic, muscle. Furthermore, regardless of muscle fiber type, downstream steps to PI 3-kinase (i.e., Akt and glucose transport) are sensitive to changes in the level of glycemia.</AbstractText></Abstract><AuthorList CompleteYN="Y"><Author ValidYN="Y"><LastName>Song</LastName><ForeName>X M</ForeName><Initials>XM</Initials><AffiliationInfo><Affiliation>Department of Clinical Physiology, Karolinska Hospital, Stockholm, Sweden.</Affiliation></AffiliationInfo></Author><Author ValidYN="Y"><LastName>Kawano</LastName><ForeName>Y</ForeName><Initials>Y</Initials></Author><Author ValidYN="Y"><LastName>Krook</LastName><ForeName>A</ForeName><Initials>A</Initials></Author><Author ValidYN="Y"><LastName>Ryder</LastName><ForeName>J W</ForeName><Initials>JW</Initials></Author><Author ValidYN="Y"><LastName>Efendic</LastName><ForeName>S</ForeName><Initials>S</Initials></Author><Author ValidYN="Y"><LastName>Roth</LastName><ForeName>R A</ForeName><Initials>RA</Initials></Author><Author ValidYN="Y"><LastName>Wallberg-Henriksson</LastName><ForeName>H</ForeName><Initials>H</Initials></Author><Author ValidYN="Y"><LastName>Zierath</LastName><ForeName>J R</ForeName><Initials>JR</Initials></Author></AuthorList><Language>eng</Language><GrantList CompleteYN="Y"><Grant><GrantID>DK-34926</GrantID><Acronym>DK</Acronym><Agency>NIDDK NIH HHS</Agency><Country>United States</Country></Grant></GrantList><PublicationTypeList><PublicationType UI="D016428">Journal Article</PublicationType><PublicationType UI="D013485">Research Support, Non-U.S. Gov't</PublicationType><PublicationType UI="D013487">Research Support, U.S. Gov't, P.H.S.</PublicationType></PublicationTypeList></Article><MedlineJournalInfo><Country>United States</Country><MedlineTA>Diabetes</MedlineTA><NlmUniqueID>0372763</NlmUniqueID><ISSNLinking>0012-1797</ISSNLinking></MedlineJournalInfo><ChemicalList><Chemical><RegistryNumber>0</RegistryNumber><NameOfSubstance UI="D051275">Glucose Transporter Type 4</NameOfSubstance></Chemical><Chemical><RegistryNumber>0</RegistryNumber><NameOfSubstance UI="D007328">Insulin</NameOfSubstance></Chemical><Chemical><RegistryNumber>0</RegistryNumber><NameOfSubstance UI="D055504">Insulin Receptor Substrate Proteins</NameOfSubstance></Chemical><Chemical><RegistryNumber>0</RegistryNumber><NameOfSubstance UI="C526296">Irs1 protein, rat</NameOfSubstance></Chemical><Chemical><RegistryNumber>0</RegistryNumber><NameOfSubstance UI="D009004">Monosaccharide Transport Proteins</NameOfSubstance></Chemical><Chemical><RegistryNumber>0</RegistryNumber><NameOfSubstance UI="D009124">Muscle Proteins</NameOfSubstance></Chemical><Chemical><RegistryNumber>0</RegistryNumber><NameOfSubstance UI="D010750">Phosphoproteins</NameOfSubstance></Chemical><Chemical><RegistryNumber>0</RegistryNumber><NameOfSubstance UI="D011518">Proto-Oncogene Proteins</NameOfSubstance></Chemical><Chemical><RegistryNumber>0</RegistryNumber><NameOfSubstance UI="C495694">Slc2a4 protein, rat</NameOfSubstance></Chemical><Chemical><RegistryNumber>146-72-5</RegistryNumber><NameOfSubstance UI="D019325">3-O-Methylglucose</NameOfSubstance></Chemical><Chemical><RegistryNumber>CU9S17279X</RegistryNumber><NameOfSubstance UI="D010695">Phlorhizin</NameOfSubstance></Chemical><Chemical><RegistryNumber>EC 2.4.1.11</RegistryNumber><NameOfSubstance UI="D006006">Glycogen Synthase</NameOfSubstance></Chemical><Chemical><RegistryNumber>EC 2.7.11.1</RegistryNumber><NameOfSubstance UI="C494920">Akt1 protein, rat</NameOfSubstance></Chemical><Chemical><RegistryNumber>EC 2.7.11.1</RegistryNumber><NameOfSubstance UI="D017346">Protein Serine-Threonine Kinases</NameOfSubstance></Chemical><Chemical><RegistryNumber>EC 2.7.11.1</RegistryNumber><NameOfSubstance UI="D051057">Proto-Oncogene Proteins c-akt</NameOfSubstance></Chemical><Chemical><RegistryNumber>IY9XDZ35W2</RegistryNumber><NameOfSubstance UI="D005947">Glucose</NameOfSubstance></Chemical></ChemicalList><CitationSubset>IM</CitationSubset><MeshHeadingList><MeshHeading><DescriptorName UI="D019325" MajorTopicYN="N">3-O-Methylglucose</DescriptorName><QualifierName UI="Q000493" MajorTopicYN="N">pharmacokinetics</QualifierName></MeshHeading><MeshHeading><DescriptorName UI="D000818" MajorTopicYN="N">Animals</DescriptorName></MeshHeading><MeshHeading><DescriptorName UI="D001692" MajorTopicYN="N">Biological Transport</DescriptorName><QualifierName UI="Q000187" MajorTopicYN="N">drug effects</QualifierName></MeshHeading><MeshHeading><DescriptorName UI="D001835" MajorTopicYN="N">Body Weight</DescriptorName></MeshHeading><MeshHeading><DescriptorName UI="D003924" MajorTopicYN="N">Diabetes Mellitus, Type 2</DescriptorName><QualifierName UI="Q000235" MajorTopicYN="N">genetics</QualifierName><QualifierName UI="Q000503" MajorTopicYN="Y">physiopathology</QualifierName></MeshHeading><MeshHeading><DescriptorName UI="D005786" MajorTopicYN="Y">Gene Expression Regulation</DescriptorName><QualifierName UI="Q000187" MajorTopicYN="N">drug effects</QualifierName></MeshHeading><MeshHeading><DescriptorName UI="D005947" MajorTopicYN="N">Glucose</DescriptorName><QualifierName UI="Q000378" MajorTopicYN="Y">metabolism</QualifierName></MeshHeading><MeshHeading><DescriptorName UI="D051275" MajorTopicYN="N">Glucose Transporter Type 4</DescriptorName></MeshHeading><MeshHeading><DescriptorName UI="D006006" MajorTopicYN="N">Glycogen Synthase</DescriptorName><QualifierName UI="Q000235" MajorTopicYN="N">genetics</QualifierName></MeshHeading><MeshHeading><DescriptorName UI="D007328" MajorTopicYN="N">Insulin</DescriptorName><QualifierName UI="Q000502" MajorTopicYN="Y">physiology</QualifierName></MeshHeading><MeshHeading><DescriptorName UI="D055504" MajorTopicYN="N">Insulin Receptor Substrate Proteins</DescriptorName></MeshHeading><MeshHeading><DescriptorName UI="D009004" MajorTopicYN="N">Monosaccharide Transport Proteins</DescriptorName><QualifierName UI="Q000235" MajorTopicYN="N">genetics</QualifierName></MeshHeading><MeshHeading><DescriptorName UI="D018485" MajorTopicYN="N">Muscle Fibers, Skeletal</DescriptorName><QualifierName UI="Q000187" MajorTopicYN="N">drug effects</QualifierName><QualifierName UI="Q000378" MajorTopicYN="Y">metabolism</QualifierName></MeshHeading><MeshHeading><DescriptorName UI="D009124" MajorTopicYN="Y">Muscle Proteins</DescriptorName></MeshHeading><MeshHeading><DescriptorName UI="D018482" MajorTopicYN="N">Muscle, Skeletal</DescriptorName><QualifierName UI="Q000187" MajorTopicYN="N">drug effects</QualifierName><QualifierName UI="Q000378" MajorTopicYN="Y">metabolism</QualifierName></MeshHeading><MeshHeading><DescriptorName UI="D010695" MajorTopicYN="N">Phlorhizin</DescriptorName><QualifierName UI="Q000494" MajorTopicYN="N">pharmacology</QualifierName></MeshHeading><MeshHeading><DescriptorName UI="D019869" MajorTopicYN="N">Phosphatidylinositol 3-Kinases</DescriptorName><QualifierName UI="Q000235" MajorTopicYN="N">genetics</QualifierName><QualifierName UI="Q000378" MajorTopicYN="N">metabolism</QualifierName></MeshHeading><MeshHeading><DescriptorName UI="D010750" MajorTopicYN="N">Phosphoproteins</DescriptorName><QualifierName UI="Q000235" MajorTopicYN="N">genetics</QualifierName><QualifierName UI="Q000378" MajorTopicYN="N">metabolism</QualifierName></MeshHeading><MeshHeading><DescriptorName UI="D017346" MajorTopicYN="Y">Protein Serine-Threonine Kinases</DescriptorName></MeshHeading><MeshHeading><DescriptorName UI="D011518" MajorTopicYN="N">Proto-Oncogene Proteins</DescriptorName><QualifierName UI="Q000378" MajorTopicYN="N">metabolism</QualifierName></MeshHeading><MeshHeading><DescriptorName UI="D051057" MajorTopicYN="N">Proto-Oncogene Proteins c-akt</DescriptorName></MeshHeading><MeshHeading><DescriptorName UI="D051381" MajorTopicYN="N">Rats</DescriptorName></MeshHeading><MeshHeading><DescriptorName UI="D011919" MajorTopicYN="N">Rats, Inbred Strains</DescriptorName></MeshHeading><MeshHeading><DescriptorName UI="D017208" MajorTopicYN="N">Rats, Wistar</DescriptorName></MeshHeading><MeshHeading><DescriptorName UI="D015398" MajorTopicYN="N">Signal Transduction</DescriptorName><QualifierName UI="Q000502" MajorTopicYN="Y">physiology</QualifierName></MeshHeading><MeshHeading><DescriptorName UI="D013045" MajorTopicYN="N">Species Specificity</DescriptorName></MeshHeading></MeshHeadingList></MedlineCitation><PubmedData><History><PubMedPubDate PubStatus="pubmed"><Year>1999</Year><Month>3</Month><Day>17</Day></PubMedPubDate><PubMedPubDate PubStatus="medline"><Year>1999</Year><Month>3</Month><Day>17</Day><Hour>0</Hour><Minute>1</Minute></PubMedPubDate><PubMedPubDate PubStatus="entrez"><Year>1999</Year><Month>3</Month><Day>17</Day><Hour>0</Hour><Minute>0</Minute></PubMedPubDate></History><PublicationStatus>ppublish</PublicationStatus><ArticleIdList><ArticleId IdType="pubmed">10078575</ArticleId><ArticleId IdType="doi">10.2337/diabetes.48.3.664</ArticleId></ArticleIdList></PubmedData></PubmedArticle></PubmedArticleSet>