<?xml version="1.0" ?>
<!DOCTYPE PubmedArticleSet PUBLIC "-//NLM//DTD PubMedArticle, 1st January 2019//EN" "https://dtd.nlm.nih.gov/ncbi/pubmed/out/pubmed_190101.dtd">
<PubmedArticleSet><PubmedArticle><MedlineCitation Status="MEDLINE" Owner="NLM"><PMID Version="1">10078573</PMID><DateCompleted><Year>1999</Year><Month>03</Month><Day>30</Day></DateCompleted><DateRevised><Year>2019</Year><Month>05</Month><Day>15</Day></DateRevised><Article PubModel="Print"><Journal><ISSN IssnType="Print">0012-1797</ISSN><JournalIssue CitedMedium="Print"><Volume>48</Volume><Issue>3</Issue><PubDate><Year>1999</Year><Month>Mar</Month></PubDate></JournalIssue><Title>Diabetes</Title><ISOAbbreviation>Diabetes</ISOAbbreviation></Journal><ArticleTitle>Prevention of autoimmune recurrence and rejection by adenovirus-mediated CTLA4Ig gene transfer to the pancreatic graft in BB rat.</ArticleTitle><Pagination><MedlinePgn>652-7</MedlinePgn></Pagination><Abstract><AbstractText>Type 1 diabetes is the result of a selective destruction of pancreatic islets by autoreactive T-cells. Therefore, in the context of islet or pancreas transplantation, newly transplanted beta-cells are threatened by both recurrent autoimmune and alloimmune responses in recipients with type 1 diabetes. In the present study, using spontaneously diabetic BB rats, we demonstrate that whereas isolated islets are susceptible to autoimmune recurrence and rejection, pancreaticoduodenal grafts are resistant to these biological processes. This resistance is mediated by lymphohematopoietic cells transplanted with the graft, since inactivation of these passenger cells by irradiation uniformly rendered the pancreaticoduodenal grafts susceptible to recurrent autoimmunity. We further studied the impact of local immunomodulation on autoimmune recurrence and rejection by ex vivo adenovirus-mediated CTLA4Ig gene transfer to pancreaticoduodenal grafts. Syngeneic DR-BB pancreaticoduodenal grafts transduced with AdmCTLA4Ig were rescued from recurrent autoimmunity. In fully histoincompatible LEW--&gt;BB transplants, in which rejection and recurrence should be able to act synergistically, AdmCTLA4Ig transduced LEW-pancreaticoduodenal allografts enjoyed markedly prolonged survival in diabetic BB recipients. In situ reverse transcription-polymerase chain reaction revealed that transferred CTLA4Ig gene was strongly expressed in both endocrine and exocrine tissues on day 3. These results indicate the potential utility of local CD28-B7 costimulatory blockade for prevention of alloimmune and autoimmune destruction of pancreatic grafts in type 1 diabetic hosts.</AbstractText></Abstract><AuthorList CompleteYN="Y"><Author ValidYN="Y"><LastName>Uchikoshi</LastName><ForeName>F</ForeName><Initials>F</Initials><AffiliationInfo><Affiliation>Department of Surgery, University of Pennsylvania Medical Center, Philadelphia, USA.</Affiliation></AffiliationInfo></Author><Author ValidYN="Y"><LastName>Yang</LastName><ForeName>Z D</ForeName><Initials>ZD</Initials></Author><Author ValidYN="Y"><LastName>Rostami</LastName><ForeName>S</ForeName><Initials>S</Initials></Author><Author ValidYN="Y"><LastName>Yokoi</LastName><ForeName>Y</ForeName><Initials>Y</Initials></Author><Author ValidYN="Y"><LastName>Capocci</LastName><ForeName>P</ForeName><Initials>P</Initials></Author><Author ValidYN="Y"><LastName>Barker</LastName><ForeName>C F</ForeName><Initials>CF</Initials></Author><Author ValidYN="Y"><LastName>Naji</LastName><ForeName>A</ForeName><Initials>A</Initials></Author></AuthorList><Language>eng</Language><GrantList CompleteYN="Y"><Grant><GrantID>DK-34878</GrantID><Acronym>DK</Acronym><Agency>NIDDK NIH HHS</Agency><Country>United States</Country></Grant><Grant><GrantID>DK-49814</GrantID><Acronym>DK</Acronym><Agency>NIDDK NIH HHS</Agency><Country>United States</Country></Grant></GrantList><PublicationTypeList><PublicationType UI="D016428">Journal Article</PublicationType><PublicationType UI="D013485">Research Support, Non-U.S. Gov't</PublicationType><PublicationType UI="D013487">Research Support, U.S. Gov't, P.H.S.</PublicationType></PublicationTypeList></Article><MedlineJournalInfo><Country>United States</Country><MedlineTA>Diabetes</MedlineTA><NlmUniqueID>0372763</NlmUniqueID><ISSNLinking>0012-1797</ISSNLinking></MedlineJournalInfo><ChemicalList><Chemical><RegistryNumber>0</RegistryNumber><NameOfSubstance UI="D015703">Antigens, CD</NameOfSubstance></Chemical><Chemical><RegistryNumber>0</RegistryNumber><NameOfSubstance UI="D000943">Antigens, Differentiation</NameOfSubstance></Chemical><Chemical><RegistryNumber>0</RegistryNumber><NameOfSubstance UI="D060908">CTLA-4 Antigen</NameOfSubstance></Chemical><Chemical><RegistryNumber>0</RegistryNumber><NameOfSubstance UI="C556708">Ctla4 protein, rat</NameOfSubstance></Chemical><Chemical><RegistryNumber>0</RegistryNumber><NameOfSubstance UI="D018796">Immunoconjugates</NameOfSubstance></Chemical><Chemical><RegistryNumber>0</RegistryNumber><NameOfSubstance UI="D007166">Immunosuppressive Agents</NameOfSubstance></Chemical><Chemical><RegistryNumber>7D0YB67S97</RegistryNumber><NameOfSubstance UI="D000069594">Abatacept</NameOfSubstance></Chemical></ChemicalList><CitationSubset>IM</CitationSubset><MeshHeadingList><MeshHeading><DescriptorName UI="D000069594" MajorTopicYN="N">Abatacept</DescriptorName></MeshHeading><MeshHeading><DescriptorName UI="D000256" MajorTopicYN="N">Adenoviridae</DescriptorName><QualifierName UI="Q000235" MajorTopicYN="N">genetics</QualifierName></MeshHeading><MeshHeading><DescriptorName UI="D000818" MajorTopicYN="N">Animals</DescriptorName></MeshHeading><MeshHeading><DescriptorName UI="D015703" MajorTopicYN="N">Antigens, CD</DescriptorName></MeshHeading><MeshHeading><DescriptorName UI="D000943" MajorTopicYN="N">Antigens, Differentiation</DescriptorName><QualifierName UI="Q000096" MajorTopicYN="N">biosynthesis</QualifierName><QualifierName UI="Q000235" MajorTopicYN="Y">genetics</QualifierName></MeshHeading><MeshHeading><DescriptorName UI="D060908" MajorTopicYN="N">CTLA-4 Antigen</DescriptorName></MeshHeading><MeshHeading><DescriptorName UI="D003922" MajorTopicYN="N">Diabetes Mellitus, Type 1</DescriptorName><QualifierName UI="Q000276" MajorTopicYN="Y">immunology</QualifierName><QualifierName UI="Q000601" MajorTopicYN="Y">surgery</QualifierName></MeshHeading><MeshHeading><DescriptorName UI="D004386" MajorTopicYN="N">Duodenum</DescriptorName><QualifierName UI="Q000637" MajorTopicYN="N">transplantation</QualifierName></MeshHeading><MeshHeading><DescriptorName UI="D018014" MajorTopicYN="N">Gene Transfer Techniques</DescriptorName></MeshHeading><MeshHeading><DescriptorName UI="D005822" MajorTopicYN="N">Genetic Vectors</DescriptorName></MeshHeading><MeshHeading><DescriptorName UI="D006084" MajorTopicYN="N">Graft Rejection</DescriptorName><QualifierName UI="Q000276" MajorTopicYN="N">immunology</QualifierName></MeshHeading><MeshHeading><DescriptorName UI="D006085" MajorTopicYN="N">Graft Survival</DescriptorName></MeshHeading><MeshHeading><DescriptorName UI="D018796" MajorTopicYN="Y">Immunoconjugates</DescriptorName></MeshHeading><MeshHeading><DescriptorName UI="D007166" MajorTopicYN="N">Immunosuppressive Agents</DescriptorName></MeshHeading><MeshHeading><DescriptorName UI="D007515" MajorTopicYN="N">Islets of Langerhans</DescriptorName><QualifierName UI="Q000166" MajorTopicYN="N">cytology</QualifierName></MeshHeading><MeshHeading><DescriptorName UI="D008297" MajorTopicYN="N">Male</DescriptorName></MeshHeading><MeshHeading><DescriptorName UI="D016035" MajorTopicYN="N">Pancreas Transplantation</DescriptorName><QualifierName UI="Q000276" MajorTopicYN="Y">immunology</QualifierName><QualifierName UI="Q000379" MajorTopicYN="N">methods</QualifierName><QualifierName UI="Q000502" MajorTopicYN="N">physiology</QualifierName></MeshHeading><MeshHeading><DescriptorName UI="D051381" MajorTopicYN="N">Rats</DescriptorName></MeshHeading><MeshHeading><DescriptorName UI="D011913" MajorTopicYN="N">Rats, Inbred BB</DescriptorName></MeshHeading><MeshHeading><DescriptorName UI="D011917" MajorTopicYN="N">Rats, Inbred Lew</DescriptorName></MeshHeading><MeshHeading><DescriptorName UI="D012008" MajorTopicYN="N">Recurrence</DescriptorName></MeshHeading><MeshHeading><DescriptorName UI="D014184" MajorTopicYN="N">Transplantation, Homologous</DescriptorName></MeshHeading><MeshHeading><DescriptorName UI="D014185" MajorTopicYN="N">Transplantation, Isogeneic</DescriptorName></MeshHeading></MeshHeadingList></MedlineCitation><PubmedData><History><PubMedPubDate PubStatus="pubmed"><Year>1999</Year><Month>3</Month><Day>17</Day></PubMedPubDate><PubMedPubDate PubStatus="medline"><Year>1999</Year><Month>3</Month><Day>17</Day><Hour>0</Hour><Minute>1</Minute></PubMedPubDate><PubMedPubDate PubStatus="entrez"><Year>1999</Year><Month>3</Month><Day>17</Day><Hour>0</Hour><Minute>0</Minute></PubMedPubDate></History><PublicationStatus>ppublish</PublicationStatus><ArticleIdList><ArticleId IdType="pubmed">10078573</ArticleId><ArticleId IdType="doi">10.2337/diabetes.48.3.652</ArticleId></ArticleIdList></PubmedData></PubmedArticle></PubmedArticleSet>