<?xml version="1.0" ?>
<!DOCTYPE PubmedArticleSet PUBLIC "-//NLM//DTD PubMedArticle, 1st January 2019//EN" "https://dtd.nlm.nih.gov/ncbi/pubmed/out/pubmed_190101.dtd">
<PubmedArticleSet><PubmedArticle><MedlineCitation Status="MEDLINE" Owner="NLM"><PMID Version="1">10077636</PMID><DateCompleted><Year>1999</Year><Month>05</Month><Day>20</Day></DateCompleted><DateRevised><Year>2019</Year><Month>05</Month><Day>01</Day></DateRevised><Article PubModel="Print"><Journal><ISSN IssnType="Print">0027-8424</ISSN><JournalIssue CitedMedium="Print"><Volume>96</Volume><Issue>6</Issue><PubDate><Year>1999</Year><Month>Mar</Month><Day>16</Day></PubDate></JournalIssue><Title>Proceedings of the National Academy of Sciences of the United States of America</Title><ISOAbbreviation>Proc Natl Acad Sci U S A</ISOAbbreviation></Journal><ArticleTitle>Poly(ADP-ribose) polymerase-deficient mice are protected from streptozotocin-induced diabetes.</ArticleTitle><Pagination><MedlinePgn>3059-64</MedlinePgn></Pagination><Abstract><AbstractText>Streptozotocin (STZ) selectively destroys insulin-producing beta islet cells of the pancreas providing a model of type I diabetes. Poly(ADP-ribose) polymerase (PARP) is a nuclear enzyme whose overactivation by DNA strand breaks depletes its substrate NAD+ and then ATP, leading to cellular death from energy depletion. We demonstrate DNA damage and a major activation of PARP in pancreatic islets of STZ-treated mice. These mice display a 500% increase in blood glucose and major pancreatic islet damage. In mice with homozygous targeted deletion of PARP (PARP -/-), blood glucose and pancreatic islet structure are normal, indicating virtually total protection from STZ diabetes. Partial protection occurs in PARP +/- animals. Thus, PARP activation may participate in the pathophysiology of type I diabetes, for which PARP inhibitors might afford therapeutic benefit.</AbstractText></Abstract><AuthorList CompleteYN="Y"><Author ValidYN="Y"><LastName>Pieper</LastName><ForeName>A A</ForeName><Initials>AA</Initials><AffiliationInfo><Affiliation>Departments of Neuroscience, Pharmacology and Molecular Sciences, and Psychiatry, The Johns Hopkins University School of Medicine, 725 North Wolfe Street, Baltimore, MD 21205, USA.</Affiliation></AffiliationInfo></Author><Author ValidYN="Y"><LastName>Brat</LastName><ForeName>D J</ForeName><Initials>DJ</Initials></Author><Author ValidYN="Y"><LastName>Krug</LastName><ForeName>D K</ForeName><Initials>DK</Initials></Author><Author ValidYN="Y"><LastName>Watkins</LastName><ForeName>C C</ForeName><Initials>CC</Initials></Author><Author ValidYN="Y"><LastName>Gupta</LastName><ForeName>A</ForeName><Initials>A</Initials></Author><Author ValidYN="Y"><LastName>Blackshaw</LastName><ForeName>S</ForeName><Initials>S</Initials></Author><Author ValidYN="Y"><LastName>Verma</LastName><ForeName>A</ForeName><Initials>A</Initials></Author><Author ValidYN="Y"><LastName>Wang</LastName><ForeName>Z Q</ForeName><Initials>ZQ</Initials></Author><Author ValidYN="Y"><LastName>Snyder</LastName><ForeName>S H</ForeName><Initials>SH</Initials></Author></AuthorList><Language>eng</Language><GrantList CompleteYN="Y"><Grant><GrantID>DA00266</GrantID><Acronym>DA</Acronym><Agency>NIDA NIH HHS</Agency><Country>United States</Country></Grant><Grant><GrantID>DA00074</GrantID><Acronym>DA</Acronym><Agency>NIDA NIH HHS</Agency><Country>United States</Country></Grant><Grant><GrantID>R37 MH018501</GrantID><Acronym>MH</Acronym><Agency>NIMH NIH HHS</Agency><Country>United States</Country></Grant><Grant><GrantID>MH18501</GrantID><Acronym>MH</Acronym><Agency>NIMH NIH HHS</Agency><Country>United States</Country></Grant><Grant><GrantID>R01 MH018501</GrantID><Acronym>MH</Acronym><Agency>NIMH NIH HHS</Agency><Country>United States</Country></Grant><Grant><GrantID>P50 DA000266</GrantID><Acronym>DA</Acronym><Agency>NIDA NIH HHS</Agency><Country>United States</Country></Grant><Grant><GrantID>K05 DA000074</GrantID><Acronym>DA</Acronym><Agency>NIDA NIH HHS</Agency><Country>United States</Country></Grant></GrantList><PublicationTypeList><PublicationType UI="D016428">Journal Article</PublicationType><PublicationType UI="D013486">Research Support, U.S. Gov't, Non-P.H.S.</PublicationType><PublicationType UI="D013487">Research Support, U.S. Gov't, P.H.S.</PublicationType></PublicationTypeList></Article><MedlineJournalInfo><Country>United States</Country><MedlineTA>Proc Natl Acad Sci U S A</MedlineTA><NlmUniqueID>7505876</NlmUniqueID><ISSNLinking>0027-8424</ISSNLinking></MedlineJournalInfo><ChemicalList><Chemical><RegistryNumber>0</RegistryNumber><NameOfSubstance UI="D004791">Enzyme Inhibitors</NameOfSubstance></Chemical><Chemical><RegistryNumber>5W494URQ81</RegistryNumber><NameOfSubstance UI="D013311">Streptozocin</NameOfSubstance></Chemical><Chemical><RegistryNumber>EC 2.4.2.30</RegistryNumber><NameOfSubstance UI="D011065">Poly(ADP-ribose) Polymerases</NameOfSubstance></Chemical></ChemicalList><CitationSubset>IM</CitationSubset><MeshHeadingList><MeshHeading><DescriptorName UI="D000818" MajorTopicYN="N">Animals</DescriptorName></MeshHeading><MeshHeading><DescriptorName UI="D004249" MajorTopicYN="N">DNA Damage</DescriptorName></MeshHeading><MeshHeading><DescriptorName UI="D003921" MajorTopicYN="N">Diabetes Mellitus, Experimental</DescriptorName><QualifierName UI="Q000235" MajorTopicYN="Y">genetics</QualifierName><QualifierName UI="Q000517" MajorTopicYN="N">prevention &amp; control</QualifierName></MeshHeading><MeshHeading><DescriptorName UI="D004791" MajorTopicYN="N">Enzyme Inhibitors</DescriptorName><QualifierName UI="Q000627" MajorTopicYN="N">therapeutic use</QualifierName></MeshHeading><MeshHeading><DescriptorName UI="D020022" MajorTopicYN="N">Genetic Predisposition to Disease</DescriptorName></MeshHeading><MeshHeading><DescriptorName UI="D051379" MajorTopicYN="N">Mice</DescriptorName></MeshHeading><MeshHeading><DescriptorName UI="D018345" MajorTopicYN="N">Mice, Knockout</DescriptorName></MeshHeading><MeshHeading><DescriptorName UI="D011065" MajorTopicYN="N">Poly(ADP-ribose) Polymerases</DescriptorName><QualifierName UI="Q000172" MajorTopicYN="N">deficiency</QualifierName><QualifierName UI="Q000235" MajorTopicYN="Y">genetics</QualifierName></MeshHeading><MeshHeading><DescriptorName UI="D013311" MajorTopicYN="N">Streptozocin</DescriptorName></MeshHeading></MeshHeadingList></MedlineCitation><PubmedData><History><PubMedPubDate PubStatus="pubmed"><Year>1999</Year><Month>3</Month><Day>17</Day></PubMedPubDate><PubMedPubDate PubStatus="medline"><Year>1999</Year><Month>3</Month><Day>17</Day><Hour>0</Hour><Minute>1</Minute></PubMedPubDate><PubMedPubDate PubStatus="entrez"><Year>1999</Year><Month>3</Month><Day>17</Day><Hour>0</Hour><Minute>0</Minute></PubMedPubDate></History><PublicationStatus>ppublish</PublicationStatus><ArticleIdList><ArticleId IdType="pubmed">10077636</ArticleId><ArticleId IdType="pmc">PMC15894</ArticleId><ArticleId IdType="doi">10.1073/pnas.96.6.3059</ArticleId></ArticleIdList><ReferenceList><Reference><Citation>Biochem Biophys Res Commun. 1997 Apr 17;233(2):518-22</Citation><ArticleIdList><ArticleId IdType="pubmed">9144569</ArticleId></ArticleIdList></Reference><Reference><Citation>J Biol Chem. 1995 May 12;270(19):11176-80</Citation><ArticleIdList><ArticleId IdType="pubmed">7744749</ArticleId></ArticleIdList></Reference><Reference><Citation>Plant J. 1998 Sep;15(5):635-45</Citation><ArticleIdList><ArticleId IdType="pubmed">9778846</ArticleId></ArticleIdList></Reference><Reference><Citation>J Cereb Blood Flow Metab. 1997 Nov;17(11):1137-42</Citation><ArticleIdList><ArticleId IdType="pubmed">9390644</ArticleId></ArticleIdList></Reference><Reference><Citation>Ann N Y Acad Sci. 1993 Nov 30;696:333-41</Citation><ArticleIdList><ArticleId IdType="pubmed">8109840</ArticleId></ArticleIdList></Reference><Reference><Citation>Eur J Pharmacol. 1998 Oct 23;359(2-3):143-50</Citation><ArticleIdList><ArticleId IdType="pubmed">9832385</ArticleId></ArticleIdList></Reference><Reference><Citation>Science. 1998 Nov 20;282(5393):1484-7</Citation><ArticleIdList><ArticleId IdType="pubmed">9822378</ArticleId></ArticleIdList></Reference><Reference><Citation>Pharmacol Rev. 1970 Dec;22(4):485-518</Citation><ArticleIdList><ArticleId IdType="pubmed">4921840</ArticleId></ArticleIdList></Reference><Reference><Citation>J Biol Chem. 1998 Nov 13;273(46):30069-72</Citation><ArticleIdList><ArticleId IdType="pubmed">9804757</ArticleId></ArticleIdList></Reference><Reference><Citation>Diabetologia. 1992 May;35(5):409-13</Citation><ArticleIdList><ArticleId IdType="pubmed">1521720</ArticleId></ArticleIdList></Reference><Reference><Citation>J Cereb Blood Flow Metab. 1997 Nov;17(11):1143-51</Citation><ArticleIdList><ArticleId IdType="pubmed">9390645</ArticleId></ArticleIdList></Reference><Reference><Citation>Radiat Res. 1985 Jan;101(1):4-15</Citation><ArticleIdList><ArticleId IdType="pubmed">3155867</ArticleId></ArticleIdList></Reference><Reference><Citation>Diabetologia. 1989 May;32(5):316-21</Citation><ArticleIdList><ArticleId IdType="pubmed">2526769</ArticleId></ArticleIdList></Reference><Reference><Citation>Diabetes Metab Rev. 1993 Dec;9(4):295-309</Citation><ArticleIdList><ArticleId IdType="pubmed">7924827</ArticleId></ArticleIdList></Reference><Reference><Citation>Diabetes. 1989 Mar;38(3):379-85</Citation><ArticleIdList><ArticleId IdType="pubmed">2521836</ArticleId></ArticleIdList></Reference><Reference><Citation>J Neurochem. 1997 Jul;69(1):232-45</Citation><ArticleIdList><ArticleId IdType="pubmed">9202315</ArticleId></ArticleIdList></Reference><Reference><Citation>J Med Chem. 1998 Dec 17;41(26):5247-56</Citation><ArticleIdList><ArticleId IdType="pubmed">9857092</ArticleId></ArticleIdList></Reference><Reference><Citation>Lancet. 1987 Mar 14;1(8533):619-20</Citation><ArticleIdList><ArticleId IdType="pubmed">2881146</ArticleId></ArticleIdList></Reference><Reference><Citation>Clin Exp Immunol. 1993 Aug;93(2):273-8</Citation><ArticleIdList><ArticleId IdType="pubmed">8348756</ArticleId></ArticleIdList></Reference><Reference><Citation>Proc Natl Acad Sci U S A. 1997 Jan 21;94(2):679-83</Citation><ArticleIdList><ArticleId IdType="pubmed">9012844</ArticleId></ArticleIdList></Reference><Reference><Citation>Brain Res. 1998 Oct 26;809(1):58-67</Citation><ArticleIdList><ArticleId IdType="pubmed">9795136</ArticleId></ArticleIdList></Reference><Reference><Citation>J Biol Chem. 1998 Dec 11;273(50):33533-9</Citation><ArticleIdList><ArticleId IdType="pubmed">9837934</ArticleId></ArticleIdList></Reference><Reference><Citation>Diabetes. 1972 Jul;21(7):789-93</Citation><ArticleIdList><ArticleId IdType="pubmed">4339115</ArticleId></ArticleIdList></Reference><Reference><Citation>Mol Cell Biol. 1998 Jun;18(6):3563-71</Citation><ArticleIdList><ArticleId IdType="pubmed">9584196</ArticleId></ArticleIdList></Reference><Reference><Citation>Brain Res. 1996 Oct 7;735(2):343-8</Citation><ArticleIdList><ArticleId IdType="pubmed">8911677</ArticleId></ArticleIdList></Reference><Reference><Citation>Nat Med. 1997 Oct;3(10):1089-95</Citation><ArticleIdList><ArticleId IdType="pubmed">9334719</ArticleId></ArticleIdList></Reference><Reference><Citation>Development. 1996 Apr;122(4):1165-74</Citation><ArticleIdList><ArticleId IdType="pubmed">8620843</ArticleId></ArticleIdList></Reference><Reference><Citation>Cancer Res. 1967 Dec;27(12):2324-32</Citation><ArticleIdList><ArticleId IdType="pubmed">4295475</ArticleId></ArticleIdList></Reference><Reference><Citation>Nature. 1981 Nov 19;294(5838):284-6</Citation><ArticleIdList><ArticleId IdType="pubmed">6272129</ArticleId></ArticleIdList></Reference><Reference><Citation>J Neurochem. 1995 Sep;65(3):1411-4</Citation><ArticleIdList><ArticleId IdType="pubmed">7643121</ArticleId></ArticleIdList></Reference><Reference><Citation>Brain Res. 1996 Aug 12;729(2):264-9</Citation><ArticleIdList><ArticleId IdType="pubmed">8876997</ArticleId></ArticleIdList></Reference><Reference><Citation>FEBS Lett. 1973 Mar 1;30(2):225-228</Citation><ArticleIdList><ArticleId IdType="pubmed">11947098</ArticleId></ArticleIdList></Reference><Reference><Citation>J Pediatr Endocrinol Metab. 1996 May-Jun;9(3):375-9</Citation><ArticleIdList><ArticleId IdType="pubmed">8887146</ArticleId></ArticleIdList></Reference><Reference><Citation>FEBS Lett. 1980 Oct 20;120(1):1-3</Citation><ArticleIdList><ArticleId IdType="pubmed">6108240</ArticleId></ArticleIdList></Reference><Reference><Citation>Proc Natl Acad Sci U S A. 1996 May 14;93(10):4688-92</Citation><ArticleIdList><ArticleId IdType="pubmed">8643465</ArticleId></ArticleIdList></Reference><Reference><Citation>Circ Res. 1998 Jul 13;83(1):85-94</Citation><ArticleIdList><ArticleId IdType="pubmed">9670921</ArticleId></ArticleIdList></Reference><Reference><Citation>J Cereb Blood Flow Metab. 1998 Sep;18(9):991-7</Citation><ArticleIdList><ArticleId IdType="pubmed">9740102</ArticleId></ArticleIdList></Reference><Reference><Citation>Proc Natl Acad Sci U S A. 1997 Jul 8;94(14):7303-7</Citation><ArticleIdList><ArticleId IdType="pubmed">9207086</ArticleId></ArticleIdList></Reference><Reference><Citation>Proc Natl Acad Sci U S A. 1977 Jun;74(6):2485-9</Citation><ArticleIdList><ArticleId IdType="pubmed">142253</ArticleId></ArticleIdList></Reference><Reference><Citation>Biochem Biophys Res Commun. 1994 Mar 30;199(3):1270-7</Citation><ArticleIdList><ArticleId IdType="pubmed">8147870</ArticleId></ArticleIdList></Reference><Reference><Citation>J Mol Cell Cardiol. 1997 Sep;29(9):2585-97</Citation><ArticleIdList><ArticleId IdType="pubmed">9299380</ArticleId></ArticleIdList></Reference><Reference><Citation>Life Sci. 1995;56(18):1467-74</Citation><ArticleIdList><ArticleId IdType="pubmed">7752811</ArticleId></ArticleIdList></Reference><Reference><Citation>Genes Dev. 1997 Sep 15;11(18):2347-58</Citation><ArticleIdList><ArticleId IdType="pubmed">9308963</ArticleId></ArticleIdList></Reference><Reference><Citation>Diabetologia. 1989 Mar;32(3):160-2</Citation><ArticleIdList><ArticleId IdType="pubmed">2526767</ArticleId></ArticleIdList></Reference><Reference><Citation>Science. 1994 Feb 4;263(5147):687-9</Citation><ArticleIdList><ArticleId IdType="pubmed">8080500</ArticleId></ArticleIdList></Reference></ReferenceList></PubmedData></PubmedArticle></PubmedArticleSet>