<?xml version="1.0" ?>
<!DOCTYPE PubmedArticleSet PUBLIC "-//NLM//DTD PubMedArticle, 1st January 2019//EN" "https://dtd.nlm.nih.gov/ncbi/pubmed/out/pubmed_190101.dtd">
<PubmedArticleSet><PubmedArticle><MedlineCitation Status="MEDLINE" Owner="NLM"><PMID Version="1">10078995</PMID><DateCompleted><Year>1999</Year><Month>06</Month><Day>22</Day></DateCompleted><DateRevised><Year>2019</Year><Month>06</Month><Day>24</Day></DateRevised><Article PubModel="Print"><Journal><ISSN IssnType="Print">0014-2999</ISSN><JournalIssue CitedMedium="Print"><Volume>367</Volume><Issue>2-3</Issue><PubDate><Year>1999</Year><Month>Feb</Month><Day>19</Day></PubDate></JournalIssue><Title>European journal of pharmacology</Title><ISOAbbreviation>Eur J Pharmacol</ISOAbbreviation></Journal><ArticleTitle>Relationship among cholesterol, superoxide anion and endothelium-dependent relaxation in diabetic rats.</ArticleTitle><Pagination><MedlinePgn>213-22</MedlinePgn></Pagination><Abstract><AbstractText>The purpose of the present study was to investigate the time course of changes in plasma low-density lipoprotein (LDL) cholesterol, tissue lipid peroxidation, the expression of hepatic LDL-receptor mRNA and aortic superoxide dismutase, and the relaxation response to acetylcholine in streptozotocin-induced diabetic rats. Plasma cholesterol and LDL levels were significantly increased in both 4- and 10-week diabetic rats. The tissue malonic dialdehyde content in aortas was increased in 10-week compared to 1- or 4-week diabetic rats. The expression of mRNA for LDL receptor mRNA in the liver showed a decrease in both 4- and 10-week diabetic rats. Hepatic LDL-receptor binding activity decreased significantly in 10-week diabetic rats, and decreased binding activity in diabetic rats was improved by the chronic administration of cholestyramine. The relaxation responses to acetylcholine in helical strips of the aorta precontracted with noradrenaline were significantly decreased in 10-week, but not in 1- or 4-week streptozotocin-induced diabetic rats. The decreased relaxation response to acetylcholine was improved by chronic cholestyramine. Both the expression of Mn-superoxide dismutase mRNA and the activity of superoxide dismutase in the aorta were decreased in 10-week, but not in 4-week diabetic rats. From time-course studies, our data suggest that not only increased LDL cholesterol but also decreased activity of superoxide dismutase are responsible for the decreased relaxation response induced by acetylcholine.</AbstractText></Abstract><AuthorList CompleteYN="Y"><Author ValidYN="Y"><LastName>Kobayashi</LastName><ForeName>T</ForeName><Initials>T</Initials><AffiliationInfo><Affiliation>Department of Physiology and Morphology, Institute of Medicinal Chemistry, Hoshi University, Tokyo, Japan.</Affiliation></AffiliationInfo></Author><Author ValidYN="Y"><LastName>Kamata</LastName><ForeName>K</ForeName><Initials>K</Initials></Author></AuthorList><Language>eng</Language><PublicationTypeList><PublicationType UI="D016428">Journal Article</PublicationType><PublicationType UI="D013485">Research Support, Non-U.S. Gov't</PublicationType></PublicationTypeList></Article><MedlineJournalInfo><Country>Netherlands</Country><MedlineTA>Eur J Pharmacol</MedlineTA><NlmUniqueID>1254354</NlmUniqueID><ISSNLinking>0014-2999</ISSNLinking></MedlineJournalInfo><ChemicalList><Chemical><RegistryNumber>0</RegistryNumber><NameOfSubstance UI="D001786">Blood Glucose</NameOfSubstance></Chemical><Chemical><RegistryNumber>0</RegistryNumber><NameOfSubstance UI="D008078">Cholesterol, LDL</NameOfSubstance></Chemical><Chemical><RegistryNumber>0</RegistryNumber><NameOfSubstance UI="D009841">Oligonucleotides</NameOfSubstance></Chemical><Chemical><RegistryNumber>0</RegistryNumber><NameOfSubstance UI="D011973">Receptors, LDL</NameOfSubstance></Chemical><Chemical><RegistryNumber>0</RegistryNumber><NameOfSubstance UI="D014665">Vasodilator Agents</NameOfSubstance></Chemical><Chemical><RegistryNumber>31C4KY9ESH</RegistryNumber><NameOfSubstance UI="D009569">Nitric Oxide</NameOfSubstance></Chemical><Chemical><RegistryNumber>EC 1.15.1.1</RegistryNumber><NameOfSubstance UI="D013482">Superoxide Dismutase</NameOfSubstance></Chemical><Chemical><RegistryNumber>N9YNS0M02X</RegistryNumber><NameOfSubstance UI="D000109">Acetylcholine</NameOfSubstance></Chemical></ChemicalList><CitationSubset>IM</CitationSubset><MeshHeadingList><MeshHeading><DescriptorName UI="D000109" MajorTopicYN="N">Acetylcholine</DescriptorName><QualifierName UI="Q000494" MajorTopicYN="N">pharmacology</QualifierName></MeshHeading><MeshHeading><DescriptorName UI="D000818" MajorTopicYN="N">Animals</DescriptorName></MeshHeading><MeshHeading><DescriptorName UI="D001013" MajorTopicYN="N">Aorta, Thoracic</DescriptorName><QualifierName UI="Q000187" MajorTopicYN="N">drug effects</QualifierName></MeshHeading><MeshHeading><DescriptorName UI="D001786" MajorTopicYN="N">Blood Glucose</DescriptorName><QualifierName UI="Q000378" MajorTopicYN="Y">metabolism</QualifierName></MeshHeading><MeshHeading><DescriptorName UI="D008078" MajorTopicYN="N">Cholesterol, LDL</DescriptorName><QualifierName UI="Q000097" MajorTopicYN="Y">blood</QualifierName></MeshHeading><MeshHeading><DescriptorName UI="D003921" MajorTopicYN="N">Diabetes Mellitus, Experimental</DescriptorName><QualifierName UI="Q000378" MajorTopicYN="Y">metabolism</QualifierName></MeshHeading><MeshHeading><DescriptorName UI="D007537" MajorTopicYN="N">Isometric Contraction</DescriptorName><QualifierName UI="Q000187" MajorTopicYN="N">drug effects</QualifierName></MeshHeading><MeshHeading><DescriptorName UI="D015227" MajorTopicYN="N">Lipid Peroxidation</DescriptorName><QualifierName UI="Q000187" MajorTopicYN="N">drug effects</QualifierName></MeshHeading><MeshHeading><DescriptorName UI="D008297" MajorTopicYN="N">Male</DescriptorName></MeshHeading><MeshHeading><DescriptorName UI="D009126" MajorTopicYN="N">Muscle Relaxation</DescriptorName><QualifierName UI="Q000187" MajorTopicYN="Y">drug effects</QualifierName></MeshHeading><MeshHeading><DescriptorName UI="D009130" MajorTopicYN="N">Muscle, Smooth</DescriptorName><QualifierName UI="Q000187" MajorTopicYN="Y">drug effects</QualifierName></MeshHeading><MeshHeading><DescriptorName UI="D009569" MajorTopicYN="N">Nitric Oxide</DescriptorName><QualifierName UI="Q000378" MajorTopicYN="N">metabolism</QualifierName></MeshHeading><MeshHeading><DescriptorName UI="D009841" MajorTopicYN="N">Oligonucleotides</DescriptorName><QualifierName UI="Q000378" MajorTopicYN="N">metabolism</QualifierName></MeshHeading><MeshHeading><DescriptorName UI="D051381" MajorTopicYN="N">Rats</DescriptorName></MeshHeading><MeshHeading><DescriptorName UI="D017208" MajorTopicYN="N">Rats, Wistar</DescriptorName></MeshHeading><MeshHeading><DescriptorName UI="D011973" MajorTopicYN="N">Receptors, LDL</DescriptorName><QualifierName UI="Q000235" MajorTopicYN="N">genetics</QualifierName><QualifierName UI="Q000378" MajorTopicYN="N">metabolism</QualifierName></MeshHeading><MeshHeading><DescriptorName UI="D020133" MajorTopicYN="N">Reverse Transcriptase Polymerase Chain Reaction</DescriptorName></MeshHeading><MeshHeading><DescriptorName UI="D013482" MajorTopicYN="N">Superoxide Dismutase</DescriptorName><QualifierName UI="Q000097" MajorTopicYN="Y">blood</QualifierName></MeshHeading><MeshHeading><DescriptorName UI="D014665" MajorTopicYN="N">Vasodilator Agents</DescriptorName><QualifierName UI="Q000494" MajorTopicYN="N">pharmacology</QualifierName></MeshHeading></MeshHeadingList></MedlineCitation><PubmedData><History><PubMedPubDate PubStatus="pubmed"><Year>1999</Year><Month>3</Month><Day>17</Day></PubMedPubDate><PubMedPubDate PubStatus="medline"><Year>1999</Year><Month>3</Month><Day>17</Day><Hour>0</Hour><Minute>1</Minute></PubMedPubDate><PubMedPubDate PubStatus="entrez"><Year>1999</Year><Month>3</Month><Day>17</Day><Hour>0</Hour><Minute>0</Minute></PubMedPubDate></History><PublicationStatus>ppublish</PublicationStatus><ArticleIdList><ArticleId IdType="pubmed">10078995</ArticleId><ArticleId IdType="pii">S0014-2999(98)00971-6</ArticleId><ArticleId IdType="doi">10.1016/s0014-2999(98)00971-6</ArticleId></ArticleIdList></PubmedData></PubmedArticle></PubmedArticleSet>