<?xml version="1.0" ?>
<!DOCTYPE PubmedArticleSet PUBLIC "-//NLM//DTD PubMedArticle, 1st January 2019//EN" "https://dtd.nlm.nih.gov/ncbi/pubmed/out/pubmed_190101.dtd">
<PubmedArticleSet><PubmedArticle><MedlineCitation Status="MEDLINE" Owner="NLM"><PMID Version="1">10084243</PMID><DateCompleted><Year>1999</Year><Month>03</Month><Day>29</Day></DateCompleted><DateRevised><Year>2019</Year><Month>05</Month><Day>13</Day></DateRevised><Article PubModel="Print"><Journal><ISSN IssnType="Print">0002-9262</ISSN><JournalIssue CitedMedium="Print"><Volume>149</Volume><Issue>6</Issue><PubDate><Year>1999</Year><Month>Mar</Month><Day>15</Day></PubDate></JournalIssue><Title>American journal of epidemiology</Title><ISOAbbreviation>Am J Epidemiol</ISOAbbreviation></Journal><ArticleTitle>Agreement between drug treatment data and a discharge diagnosis of diabetes mellitus in the elderly.</ArticleTitle><Pagination><MedlinePgn>541-9</MedlinePgn></Pagination><Abstract><AbstractText>The authors examined agreement between drug treatment data and a discharge diagnosis of diabetes, considered whether agreement was modified by demographic variables and measures of comorbidity, and evaluated construct validity through consideration of relations with subsequent mortality. The study sample comprised 81,700 residents of New Jersey aged 65-99 years who had prescription drug coverage either through Medicaid or that state's Pharmacy Assistance for the Aged and Disabled program and had at least one hospitalization between July 1, 1989, and June 30, 1991. In this population, 16.4% filled a prescription for insulin or an oral hypoglycemic agent during the 120 days before admission, and 16.3% had a discharge diagnosis of diabetes. Overall agreement between these two indicators was modest (kappa = 0.67, 95% confidence interval 0.66-0.67) and was weaker in those aged 85 years and above (kappa = 0.58, 95% confidence interval 0.56-0.60), those in nursing homes (kappa = 0.42, 95% confidence interval 0.39-0.44), and those with a high level of comorbidity (modified Charlson index &gt; or =5; kappa = 0.59, 95% confidence interval 0.56-0.62). Presence of a diagnosis of diabetes was associated with an apparent 24% reduction in the risk of death during the study interval (p&lt;0.001), while prior treatment for diabetes had little relation to mortality (p = 0.15). These paradoxical associations with mortality and the lower agreement between discharge diagnoses and drug treatments associated with older age, nursing home residence, and comorbidity suggest limitations in the use of claims data to identify diabetes in the elderly.</AbstractText></Abstract><AuthorList CompleteYN="Y"><Author ValidYN="Y"><LastName>Glynn</LastName><ForeName>R J</ForeName><Initials>RJ</Initials><AffiliationInfo><Affiliation>Department of Medicine, Brigham and Women's Hospital and Harvard Medical School, Boston, MA 02215-1204, USA.</Affiliation></AffiliationInfo></Author><Author ValidYN="Y"><LastName>Monane</LastName><ForeName>M</ForeName><Initials>M</Initials></Author><Author ValidYN="Y"><LastName>Gurwitz</LastName><ForeName>J H</ForeName><Initials>JH</Initials></Author><Author ValidYN="Y"><LastName>Choodnovskiy</LastName><ForeName>I</ForeName><Initials>I</Initials></Author><Author ValidYN="Y"><LastName>Avorn</LastName><ForeName>J</ForeName><Initials>J</Initials></Author></AuthorList><Language>eng</Language><GrantList CompleteYN="Y"><Grant><GrantID>AG00512</GrantID><Acronym>AG</Acronym><Agency>NIA NIH HHS</Agency><Country>United States</Country></Grant><Grant><GrantID>AG12106</GrantID><Acronym>AG</Acronym><Agency>NIA NIH HHS</Agency><Country>United States</Country></Grant><Grant><GrantID>K08 AG00642</GrantID><Acronym>AG</Acronym><Agency>NIA NIH HHS</Agency><Country>United States</Country></Grant></GrantList><PublicationTypeList><PublicationType UI="D016428">Journal Article</PublicationType><PublicationType UI="D013487">Research Support, U.S. Gov't, P.H.S.</PublicationType></PublicationTypeList></Article><MedlineJournalInfo><Country>United States</Country><MedlineTA>Am J Epidemiol</MedlineTA><NlmUniqueID>7910653</NlmUniqueID><ISSNLinking>0002-9262</ISSNLinking></MedlineJournalInfo><ChemicalList><Chemical><RegistryNumber>0</RegistryNumber><NameOfSubstance UI="D007004">Hypoglycemic Agents</NameOfSubstance></Chemical></ChemicalList><CitationSubset>IM</CitationSubset><MeshHeadingList><MeshHeading><DescriptorName UI="D000368" MajorTopicYN="N">Aged</DescriptorName></MeshHeading><MeshHeading><DescriptorName UI="D000369" MajorTopicYN="N">Aged, 80 and over</DescriptorName></MeshHeading><MeshHeading><DescriptorName UI="D015982" MajorTopicYN="N">Bias</DescriptorName></MeshHeading><MeshHeading><DescriptorName UI="D003627" MajorTopicYN="N">Data Interpretation, Statistical</DescriptorName></MeshHeading><MeshHeading><DescriptorName UI="D003924" MajorTopicYN="N">Diabetes Mellitus, Type 2</DescriptorName><QualifierName UI="Q000188" MajorTopicYN="Y">drug therapy</QualifierName><QualifierName UI="Q000401" MajorTopicYN="N">mortality</QualifierName></MeshHeading><MeshHeading><DescriptorName UI="D004363" MajorTopicYN="N">Drug Utilization</DescriptorName></MeshHeading><MeshHeading><DescriptorName UI="D005260" MajorTopicYN="N">Female</DescriptorName></MeshHeading><MeshHeading><DescriptorName UI="D006801" MajorTopicYN="N">Humans</DescriptorName></MeshHeading><MeshHeading><DescriptorName UI="D007004" MajorTopicYN="N">Hypoglycemic Agents</DescriptorName><QualifierName UI="Q000008" MajorTopicYN="Y">administration &amp; dosage</QualifierName></MeshHeading><MeshHeading><DescriptorName UI="D008297" MajorTopicYN="N">Male</DescriptorName></MeshHeading><MeshHeading><DescriptorName UI="D009515" MajorTopicYN="N">New Jersey</DescriptorName><QualifierName UI="Q000453" MajorTopicYN="N">epidemiology</QualifierName></MeshHeading><MeshHeading><DescriptorName UI="D010351" MajorTopicYN="N">Patient Discharge</DescriptorName><QualifierName UI="Q000706" MajorTopicYN="Y">statistics &amp; numerical data</QualifierName></MeshHeading></MeshHeadingList></MedlineCitation><PubmedData><History><PubMedPubDate PubStatus="pubmed"><Year>1999</Year><Month>3</Month><Day>20</Day></PubMedPubDate><PubMedPubDate PubStatus="medline"><Year>1999</Year><Month>3</Month><Day>20</Day><Hour>0</Hour><Minute>1</Minute></PubMedPubDate><PubMedPubDate PubStatus="entrez"><Year>1999</Year><Month>3</Month><Day>20</Day><Hour>0</Hour><Minute>0</Minute></PubMedPubDate></History><PublicationStatus>ppublish</PublicationStatus><ArticleIdList><ArticleId IdType="pubmed">10084243</ArticleId><ArticleId IdType="doi">10.1093/oxfordjournals.aje.a009850</ArticleId></ArticleIdList></PubmedData></PubmedArticle></PubmedArticleSet>