<?xml version="1.0" ?>
<!DOCTYPE PubmedArticleSet PUBLIC "-//NLM//DTD PubMedArticle, 1st January 2019//EN" "https://dtd.nlm.nih.gov/ncbi/pubmed/out/pubmed_190101.dtd">
<PubmedArticleSet><PubmedArticle><MedlineCitation Status="MEDLINE" Owner="NLM"><PMID Version="1">10088625</PMID><DateCompleted><Year>1999</Year><Month>04</Month><Day>01</Day></DateCompleted><DateRevised><Year>2022</Year><Month>04</Month><Day>08</Day></DateRevised><Article PubModel="Print"><Journal><ISSN IssnType="Print">0027-8874</ISSN><JournalIssue CitedMedium="Print"><Volume>91</Volume><Issue>6</Issue><PubDate><Year>1999</Year><Month>Mar</Month><Day>17</Day></PubDate></JournalIssue><Title>Journal of the National Cancer Institute</Title><ISOAbbreviation>J Natl Cancer Inst</ISOAbbreviation></Journal><ArticleTitle>Prospective study of adult onset diabetes mellitus (type 2) and risk of colorectal cancer in women.</ArticleTitle><Pagination><MedlinePgn>542-7</MedlinePgn></Pagination><Abstract><AbstractText Label="BACKGROUND" NlmCategory="BACKGROUND">The remarkable similarity of lifestyle and environmental risk factors for type 2 (non-insulin-dependent) diabetes mellitus and colon cancer has led to the hypothesis that diabetes may increase the risk of this cancer. We prospectively examined the relationship between diabetes and risk of colorectal cancer in a cohort of 118403 women aged 30 through 55 years who were without previously diagnosed cancer at baseline in 1976.</AbstractText><AbstractText Label="METHODS" NlmCategory="METHODS">The women, who were enrolled in the Nurses' Health Study, were assessed for history of diabetes at baseline and during follow-up by use of biennial questionnaires. Self-reported diabetes was validated by information obtained from a supplemental questionnaire on symptoms and treatment and was confirmed by medical record review in a sample of the participants. Incident cases of colorectal cancer were ascertained through medical record review. All reported P values are two-sided.</AbstractText><AbstractText Label="RESULTS" NlmCategory="RESULTS">During 18 years of follow-up (201061 person-years), we documented 892 new cases of colorectal cancer. After adjustment for age, body mass index (weight in kg/height in m2), physical activity, and other covariates, relative risks (RRs) were 1.43 (95% confidence interval [CI] = 1.10-1.87; P = .009) for colorectal cancer, 1.49 (95% CI = 1.09-2.06; P = .01) for colon cancer, 1.11 (95% CI = 0.56-2.21; P = .76) for rectal cancer, 1.56 (95% CI = 1.07-2.28; P = .02) for advanced colorectal cancer, and 2.39 (95% CI = 1.46-3.92; P = .0005) for fatal colorectal cancer.</AbstractText><AbstractText Label="CONCLUSION" NlmCategory="CONCLUSIONS">Our data provide support for the hypothesis that diabetes is associated with an increased risk of colorectal cancer in women.</AbstractText></Abstract><AuthorList CompleteYN="Y"><Author ValidYN="Y"><LastName>Hu</LastName><ForeName>F B</ForeName><Initials>FB</Initials><AffiliationInfo><Affiliation>Department of Nutrition, Harvard School of Public Health, Boston, MA 02115, USA. frank.hu@channing.harvard.edu</Affiliation></AffiliationInfo></Author><Author ValidYN="Y"><LastName>Manson</LastName><ForeName>J E</ForeName><Initials>JE</Initials></Author><Author ValidYN="Y"><LastName>Liu</LastName><ForeName>S</ForeName><Initials>S</Initials></Author><Author ValidYN="Y"><LastName>Hunter</LastName><ForeName>D</ForeName><Initials>D</Initials></Author><Author ValidYN="Y"><LastName>Colditz</LastName><ForeName>G A</ForeName><Initials>GA</Initials></Author><Author ValidYN="Y"><LastName>Michels</LastName><ForeName>K B</ForeName><Initials>KB</Initials></Author><Author ValidYN="Y"><LastName>Speizer</LastName><ForeName>F E</ForeName><Initials>FE</Initials></Author><Author ValidYN="Y"><LastName>Giovannucci</LastName><ForeName>E</ForeName><Initials>E</Initials></Author></AuthorList><Language>eng</Language><GrantList CompleteYN="Y"><Grant><GrantID>CA40356</GrantID><Acronym>CA</Acronym><Agency>NCI NIH HHS</Agency><Country>United States</Country></Grant><Grant><GrantID>DK46200</GrantID><Acronym>DK</Acronym><Agency>NIDDK NIH HHS</Agency><Country>United States</Country></Grant><Grant><GrantID>T32DK07703</GrantID><Acronym>DK</Acronym><Agency>NIDDK NIH HHS</Agency><Country>United States</Country></Grant></GrantList><PublicationTypeList><PublicationType UI="D016428">Journal Article</PublicationType><PublicationType UI="D013485">Research Support, Non-U.S. Gov't</PublicationType><PublicationType UI="D013487">Research Support, U.S. Gov't, P.H.S.</PublicationType></PublicationTypeList></Article><MedlineJournalInfo><Country>United States</Country><MedlineTA>J Natl Cancer Inst</MedlineTA><NlmUniqueID>7503089</NlmUniqueID><ISSNLinking>0027-8874</ISSNLinking></MedlineJournalInfo><CitationSubset>IM</CitationSubset><CommentsCorrectionsList><CommentsCorrections RefType="CommentIn"><RefSource>J Natl Cancer Inst. 1999 Aug 4;91(15):1334</RefSource><PMID Version="1">10433628</PMID></CommentsCorrections></CommentsCorrectionsList><MeshHeadingList><MeshHeading><DescriptorName UI="D000328" MajorTopicYN="N">Adult</DescriptorName></MeshHeading><MeshHeading><DescriptorName UI="D015179" MajorTopicYN="N">Colorectal Neoplasms</DescriptorName><QualifierName UI="Q000209" MajorTopicYN="Y">etiology</QualifierName></MeshHeading><MeshHeading><DescriptorName UI="D003924" MajorTopicYN="N">Diabetes Mellitus, Type 2</DescriptorName><QualifierName UI="Q000150" MajorTopicYN="Y">complications</QualifierName></MeshHeading><MeshHeading><DescriptorName UI="D005260" MajorTopicYN="N">Female</DescriptorName></MeshHeading><MeshHeading><DescriptorName UI="D006801" MajorTopicYN="N">Humans</DescriptorName></MeshHeading><MeshHeading><DescriptorName UI="D008019" MajorTopicYN="N">Life Style</DescriptorName></MeshHeading><MeshHeading><DescriptorName UI="D008875" MajorTopicYN="N">Middle Aged</DescriptorName></MeshHeading><MeshHeading><DescriptorName UI="D011446" MajorTopicYN="N">Prospective Studies</DescriptorName></MeshHeading><MeshHeading><DescriptorName UI="D012306" MajorTopicYN="N">Risk</DescriptorName></MeshHeading><MeshHeading><DescriptorName UI="D012307" MajorTopicYN="N">Risk Factors</DescriptorName></MeshHeading><MeshHeading><DescriptorName UI="D011795" MajorTopicYN="N">Surveys and Questionnaires</DescriptorName></MeshHeading></MeshHeadingList></MedlineCitation><PubmedData><History><PubMedPubDate PubStatus="pubmed"><Year>1999</Year><Month>3</Month><Day>24</Day><Hour>3</Hour><Minute>3</Minute></PubMedPubDate><PubMedPubDate PubStatus="medline"><Year>2000</Year><Month>2</Month><Day>19</Day><Hour>9</Hour><Minute>0</Minute></PubMedPubDate><PubMedPubDate PubStatus="entrez"><Year>1999</Year><Month>3</Month><Day>24</Day><Hour>3</Hour><Minute>3</Minute></PubMedPubDate></History><PublicationStatus>ppublish</PublicationStatus><ArticleIdList><ArticleId IdType="pubmed">10088625</ArticleId><ArticleId IdType="doi">10.1093/jnci/91.6.542</ArticleId></ArticleIdList></PubmedData></PubmedArticle></PubmedArticleSet>