<?xml version="1.0" ?>
<!DOCTYPE PubmedArticleSet PUBLIC "-//NLM//DTD PubMedArticle, 1st January 2019//EN" "https://dtd.nlm.nih.gov/ncbi/pubmed/out/pubmed_190101.dtd">
<PubmedArticleSet><PubmedArticle><MedlineCitation Status="MEDLINE" Owner="NLM"><PMID Version="1">10086946</PMID><DateCompleted><Year>1999</Year><Month>10</Month><Day>14</Day></DateCompleted><DateRevised><Year>2019</Year><Month>05</Month><Day>01</Day></DateRevised><Article PubModel="Print"><Journal><ISSN IssnType="Electronic">1468-2044</ISSN><JournalIssue CitedMedium="Internet"><Volume>80</Volume><Issue>4</Issue><PubDate><Year>1999</Year><Month>Apr</Month></PubDate></JournalIssue><Title>Archives of disease in childhood</Title><ISOAbbreviation>Arch Dis Child</ISOAbbreviation></Journal><ArticleTitle>Partial remission phase of diabetes in children younger than age 10 years.</ArticleTitle><Pagination><MedlinePgn>367-9</MedlinePgn></Pagination><Abstract><AbstractText>There is renewed interest in the phase of partial remission in recently diagnosed diabetes because of the potential for pharmacological and immune intervention to preserve beta cell function. 95 children younger than 10 years were investigated to assess the influence of age, sex, diabetic ketoacidosis (DKA), admission at diagnosis, and ethnicity on the frequency of remission and insulin requirements during the first two years after diagnosis. Partial remission was defined as a requirement of insulin &lt; 0.5 U/kg body weight/day. There was partial remission in 41 patients, with no differences for children aged 2-4 years and those aged 5-9 years. None of the five children aged &lt; 2 years remitted. Forty five of 95 children were admitted to hospital at diagnosis, of whom 26 of 45 had DKA (blood pH &lt; 7.25). In this number of children we were unable to show a statistical difference in the rate of remission with respect to DKA, admission to hospital at diagnosis, sex, or South Asian ethnic background. There were no differences in insulin requirements between the different groups by the end of two years and at that time seven of the children required insulin &lt; 0.5 U/kg/day. The results suggest that even in preschool children there is potential for attempting to preserve beta cell function.</AbstractText></Abstract><AuthorList CompleteYN="Y"><Author ValidYN="Y"><LastName>Muhammad</LastName><ForeName>B J</ForeName><Initials>BJ</Initials><AffiliationInfo><Affiliation>The Children's Hospital, Leicester Royal Infirmary, Leicester LE1 5WW, UK.</Affiliation></AffiliationInfo></Author><Author ValidYN="Y"><LastName>Swift</LastName><ForeName>P G</ForeName><Initials>PG</Initials></Author><Author ValidYN="Y"><LastName>Raymond</LastName><ForeName>N T</ForeName><Initials>NT</Initials></Author><Author ValidYN="Y"><LastName>Botha</LastName><ForeName>J L</ForeName><Initials>JL</Initials></Author></AuthorList><Language>eng</Language><PublicationTypeList><PublicationType UI="D016428">Journal Article</PublicationType></PublicationTypeList></Article><MedlineJournalInfo><Country>England</Country><MedlineTA>Arch Dis Child</MedlineTA><NlmUniqueID>0372434</NlmUniqueID><ISSNLinking>0003-9888</ISSNLinking></MedlineJournalInfo><ChemicalList><Chemical><RegistryNumber>0</RegistryNumber><NameOfSubstance UI="D007004">Hypoglycemic Agents</NameOfSubstance></Chemical><Chemical><RegistryNumber>0</RegistryNumber><NameOfSubstance UI="D007328">Insulin</NameOfSubstance></Chemical></ChemicalList><CitationSubset>IM</CitationSubset><MeshHeadingList><MeshHeading><DescriptorName UI="D000367" MajorTopicYN="N">Age Factors</DescriptorName></MeshHeading><MeshHeading><DescriptorName UI="D001210" MajorTopicYN="N" Type="Geographic">Asia, Southeastern</DescriptorName><QualifierName UI="Q000208" MajorTopicYN="N">ethnology</QualifierName></MeshHeading><MeshHeading><DescriptorName UI="D002648" MajorTopicYN="N">Child</DescriptorName></MeshHeading><MeshHeading><DescriptorName UI="D002675" MajorTopicYN="N">Child, Preschool</DescriptorName></MeshHeading><MeshHeading><DescriptorName UI="D003922" MajorTopicYN="N">Diabetes Mellitus, Type 1</DescriptorName><QualifierName UI="Q000188" MajorTopicYN="Y">drug therapy</QualifierName><QualifierName UI="Q000208" MajorTopicYN="N">ethnology</QualifierName></MeshHeading><MeshHeading><DescriptorName UI="D016883" MajorTopicYN="N">Diabetic Ketoacidosis</DescriptorName><QualifierName UI="Q000188" MajorTopicYN="N">drug therapy</QualifierName></MeshHeading><MeshHeading><DescriptorName UI="D004334" MajorTopicYN="N">Drug Administration Schedule</DescriptorName></MeshHeading><MeshHeading><DescriptorName UI="D004739" MajorTopicYN="N" Type="Geographic">England</DescriptorName></MeshHeading><MeshHeading><DescriptorName UI="D005260" MajorTopicYN="N">Female</DescriptorName></MeshHeading><MeshHeading><DescriptorName UI="D006760" MajorTopicYN="N">Hospitalization</DescriptorName></MeshHeading><MeshHeading><DescriptorName UI="D006801" MajorTopicYN="N">Humans</DescriptorName></MeshHeading><MeshHeading><DescriptorName UI="D007004" MajorTopicYN="N">Hypoglycemic Agents</DescriptorName><QualifierName UI="Q000627" MajorTopicYN="Y">therapeutic use</QualifierName></MeshHeading><MeshHeading><DescriptorName UI="D007223" MajorTopicYN="N">Infant</DescriptorName></MeshHeading><MeshHeading><DescriptorName UI="D007231" MajorTopicYN="N">Infant, Newborn</DescriptorName></MeshHeading><MeshHeading><DescriptorName UI="D007328" MajorTopicYN="N">Insulin</DescriptorName><QualifierName UI="Q000627" MajorTopicYN="Y">therapeutic use</QualifierName></MeshHeading><MeshHeading><DescriptorName UI="D008297" MajorTopicYN="N">Male</DescriptorName></MeshHeading><MeshHeading><DescriptorName UI="D011379" MajorTopicYN="N">Prognosis</DescriptorName></MeshHeading><MeshHeading><DescriptorName UI="D012737" MajorTopicYN="N">Sex Factors</DescriptorName></MeshHeading></MeshHeadingList></MedlineCitation><PubmedData><History><PubMedPubDate PubStatus="pubmed"><Year>1999</Year><Month>3</Month><Day>23</Day></PubMedPubDate><PubMedPubDate PubStatus="medline"><Year>1999</Year><Month>3</Month><Day>23</Day><Hour>0</Hour><Minute>1</Minute></PubMedPubDate><PubMedPubDate PubStatus="entrez"><Year>1999</Year><Month>3</Month><Day>23</Day><Hour>0</Hour><Minute>0</Minute></PubMedPubDate></History><PublicationStatus>ppublish</PublicationStatus><ArticleIdList><ArticleId IdType="pubmed">10086946</ArticleId><ArticleId IdType="pmc">PMC1717883</ArticleId><ArticleId IdType="doi">10.1136/adc.80.4.367</ArticleId></ArticleIdList><ReferenceList><Reference><Citation>Eur J Clin Invest. 1995 Feb;25(2):106-12</Citation><ArticleIdList><ArticleId IdType="pubmed">7737259</ArticleId></ArticleIdList></Reference><Reference><Citation>Lancet. 1993 Apr 10;341(8850):927-8</Citation><ArticleIdList><ArticleId IdType="pubmed">8096268</ArticleId></ArticleIdList></Reference><Reference><Citation>Diabetes Care. 1997 Apr;20(4):657-60</Citation><ArticleIdList><ArticleId IdType="pubmed">9096999</ArticleId></ArticleIdList></Reference><Reference><Citation>Diabetes. 1997 Oct;46(10):1607-11</Citation><ArticleIdList><ArticleId IdType="pubmed">9313757</ArticleId></ArticleIdList></Reference><Reference><Citation>J Pediatr. 1967 Dec;71(6):825-31</Citation><ArticleIdList><ArticleId IdType="pubmed">6075208</ArticleId></ArticleIdList></Reference><Reference><Citation>Diabetes. 1978;27 Suppl 1:230-4</Citation><ArticleIdList><ArticleId IdType="pubmed">344114</ArticleId></ArticleIdList></Reference><Reference><Citation>Diabetologia. 1978 Apr;14(4):223-7</Citation><ArticleIdList><ArticleId IdType="pubmed">640299</ArticleId></ArticleIdList></Reference><Reference><Citation>Acta Paediatr Scand. 1982 Nov;71(6):901-8</Citation><ArticleIdList><ArticleId IdType="pubmed">6760664</ArticleId></ArticleIdList></Reference><Reference><Citation>Arch Dis Child. 1985 Dec;60(12):1144-8</Citation><ArticleIdList><ArticleId IdType="pubmed">3911910</ArticleId></ArticleIdList></Reference><Reference><Citation>Diabetologia. 1986 Jun;29(6):347-51</Citation><ArticleIdList><ArticleId IdType="pubmed">3527834</ArticleId></ArticleIdList></Reference><Reference><Citation>Br Med J (Clin Res Ed). 1987 Feb 7;294(6568):342-5</Citation><ArticleIdList><ArticleId IdType="pubmed">3101866</ArticleId></ArticleIdList></Reference><Reference><Citation>Diabetes Care. 1987 Mar-Apr;10(2):164-9</Citation><ArticleIdList><ArticleId IdType="pubmed">3556104</ArticleId></ArticleIdList></Reference><Reference><Citation>N Engl J Med. 1989 Mar 2;320(9):550-4</Citation><ArticleIdList><ArticleId IdType="pubmed">2644534</ArticleId></ArticleIdList></Reference><Reference><Citation>BMJ. 1990 Jan 27;300(6719):230-5</Citation><ArticleIdList><ArticleId IdType="pubmed">2106931</ArticleId></ArticleIdList></Reference><Reference><Citation>Diabetes Res. 1990 Jul;14(3):123-6</Citation><ArticleIdList><ArticleId IdType="pubmed">2132183</ArticleId></ArticleIdList></Reference><Reference><Citation>Arch Dis Child. 1996 Nov;75(5):410-5</Citation><ArticleIdList><ArticleId IdType="pubmed">8957954</ArticleId></ArticleIdList></Reference></ReferenceList></PubmedData></PubmedArticle></PubmedArticleSet>