<?xml version="1.0" ?>
<!DOCTYPE PubmedArticleSet PUBLIC "-//NLM//DTD PubMedArticle, 1st January 2019//EN" "https://dtd.nlm.nih.gov/ncbi/pubmed/out/pubmed_190101.dtd">
<PubmedArticleSet><PubmedArticle><MedlineCitation Status="MEDLINE" Owner="NLM"><PMID Version="1">1009003</PMID><DateCompleted><Year>1977</Year><Month>03</Month><Day>31</Day></DateCompleted><DateRevised><Year>2018</Year><Month>11</Month><Day>13</Day></DateRevised><Article PubModel="Print"><Journal><ISSN IssnType="Print">0007-1021</ISSN><JournalIssue CitedMedium="Print"><Volume>57</Volume><Issue>6</Issue><PubDate><Year>1976</Year><Month>Dec</Month></PubDate></JournalIssue><Title>British journal of experimental pathology</Title><ISOAbbreviation>Br J Exp Pathol</ISOAbbreviation></Journal><ArticleTitle>Decreased vascular reactions to permeability factors in experimental diabetes.</ArticleTitle><Pagination><MedlinePgn>747-54</MedlinePgn></Pagination><Abstract><AbstractText>Light and electron microscopic studies showed that blood vessels of the cremaster muscle of alloxan-diabetic rats under the local influence of histamine or serotonin presented less labelling by colloidal carbon, previously injected i.v., than vessels of normal rats. The hyporeactive state of these vessels was promptly reversed to normal conditions by the administration of insulin. Insulin also potentiated leakage of carbon particles in the vessels of normal animals. These findings add new evidence that insulin might be involved in vascular events following injury and that decreased levels of the hormone, as occurring in diabetes, might result in decreased inflammatory reactions.</AbstractText></Abstract><AuthorList CompleteYN="Y"><Author ValidYN="Y"><LastName>Llorach</LastName><ForeName>M A</ForeName><Initials>MA</Initials></Author><Author ValidYN="Y"><LastName>Böhm</LastName><ForeName>G M</ForeName><Initials>GM</Initials></Author><Author ValidYN="Y"><LastName>Leme</LastName><ForeName>J G</ForeName><Initials>JG</Initials></Author></AuthorList><Language>eng</Language><PublicationTypeList><PublicationType UI="D016428">Journal Article</PublicationType></PublicationTypeList></Article><MedlineJournalInfo><Country>England</Country><MedlineTA>Br J Exp Pathol</MedlineTA><NlmUniqueID>0372543</NlmUniqueID><ISSNLinking>0007-1021</ISSNLinking></MedlineJournalInfo><ChemicalList><Chemical><RegistryNumber>0</RegistryNumber><NameOfSubstance UI="D007328">Insulin</NameOfSubstance></Chemical><Chemical><RegistryNumber>333DO1RDJY</RegistryNumber><NameOfSubstance UI="D012701">Serotonin</NameOfSubstance></Chemical><Chemical><RegistryNumber>820484N8I3</RegistryNumber><NameOfSubstance UI="D006632">Histamine</NameOfSubstance></Chemical></ChemicalList><CitationSubset>IM</CitationSubset><MeshHeadingList><MeshHeading><DescriptorName UI="D000818" MajorTopicYN="N">Animals</DescriptorName></MeshHeading><MeshHeading><DescriptorName UI="D001808" MajorTopicYN="N">Blood Vessels</DescriptorName><QualifierName UI="Q000503" MajorTopicYN="Y">physiopathology</QualifierName></MeshHeading><MeshHeading><DescriptorName UI="D002196" MajorTopicYN="N">Capillaries</DescriptorName><QualifierName UI="Q000648" MajorTopicYN="N">ultrastructure</QualifierName></MeshHeading><MeshHeading><DescriptorName UI="D002199" MajorTopicYN="Y">Capillary Permeability</DescriptorName><QualifierName UI="Q000187" MajorTopicYN="N">drug effects</QualifierName></MeshHeading><MeshHeading><DescriptorName UI="D003921" MajorTopicYN="N">Diabetes Mellitus, Experimental</DescriptorName><QualifierName UI="Q000503" MajorTopicYN="Y">physiopathology</QualifierName></MeshHeading><MeshHeading><DescriptorName UI="D006632" MajorTopicYN="N">Histamine</DescriptorName><QualifierName UI="Q000494" MajorTopicYN="N">pharmacology</QualifierName></MeshHeading><MeshHeading><DescriptorName UI="D007328" MajorTopicYN="N">Insulin</DescriptorName><QualifierName UI="Q000502" MajorTopicYN="N">physiology</QualifierName></MeshHeading><MeshHeading><DescriptorName UI="D008297" MajorTopicYN="N">Male</DescriptorName></MeshHeading><MeshHeading><DescriptorName UI="D008854" MajorTopicYN="N">Microscopy, Electron</DescriptorName></MeshHeading><MeshHeading><DescriptorName UI="D009132" MajorTopicYN="N">Muscles</DescriptorName><QualifierName UI="Q000098" MajorTopicYN="N">blood supply</QualifierName></MeshHeading><MeshHeading><DescriptorName UI="D051381" MajorTopicYN="N">Rats</DescriptorName></MeshHeading><MeshHeading><DescriptorName UI="D012701" MajorTopicYN="N">Serotonin</DescriptorName><QualifierName UI="Q000494" MajorTopicYN="N">pharmacology</QualifierName></MeshHeading></MeshHeadingList></MedlineCitation><PubmedData><History><PubMedPubDate PubStatus="pubmed"><Year>1976</Year><Month>12</Month><Day>1</Day></PubMedPubDate><PubMedPubDate PubStatus="medline"><Year>1976</Year><Month>12</Month><Day>1</Day><Hour>0</Hour><Minute>1</Minute></PubMedPubDate><PubMedPubDate PubStatus="entrez"><Year>1976</Year><Month>12</Month><Day>1</Day><Hour>0</Hour><Minute>0</Minute></PubMedPubDate></History><PublicationStatus>ppublish</PublicationStatus><ArticleIdList><ArticleId IdType="pubmed">1009003</ArticleId><ArticleId IdType="pmc">PMC2041250</ArticleId></ArticleIdList><ReferenceList><Reference><Citation>Lab Invest. 1975 Feb;32(2):227-34</Citation><ArticleIdList><ArticleId IdType="pubmed">1089842</ArticleId></ArticleIdList></Reference><Reference><Citation>Eur J Pharmacol. 1974 Dec;29(2):298-306</Citation><ArticleIdList><ArticleId IdType="pubmed">4140783</ArticleId></ArticleIdList></Reference><Reference><Citation>Adv Intern Med. 1972;18:325-44</Citation><ArticleIdList><ArticleId IdType="pubmed">4197108</ArticleId></ArticleIdList></Reference><Reference><Citation>J Cell Biol. 1969 Sep;42(3):647-72</Citation><ArticleIdList><ArticleId IdType="pubmed">5801425</ArticleId></ArticleIdList></Reference><Reference><Citation>Can J Biochem Physiol. 1957 Apr;35(4):251-6</Citation><ArticleIdList><ArticleId IdType="pubmed">13413715</ArticleId></ArticleIdList></Reference><Reference><Citation>J Biophys Biochem Cytol. 1961 Dec;11:607-26</Citation><ArticleIdList><ArticleId IdType="pubmed">14468625</ArticleId></ArticleIdList></Reference><Reference><Citation>J Biophys Biochem Cytol. 1961 Dec;11:571-605</Citation><ArticleIdList><ArticleId IdType="pubmed">14468626</ArticleId></ArticleIdList></Reference></ReferenceList></PubmedData></PubmedArticle></PubmedArticleSet>