<?xml version="1.0" ?>
<!DOCTYPE PubmedArticleSet PUBLIC "-//NLM//DTD PubMedArticle, 1st January 2019//EN" "https://dtd.nlm.nih.gov/ncbi/pubmed/out/pubmed_190101.dtd">
<PubmedArticleSet><PubmedArticle><MedlineCitation Status="MEDLINE" Owner="NLM"><PMID Version="1">10097254</PMID><DateCompleted><Year>1999</Year><Month>06</Month><Day>01</Day></DateCompleted><DateRevised><Year>2019</Year><Month>09</Month><Day>05</Day></DateRevised><Article PubModel="Print"><Journal><ISSN IssnType="Print">0804-4643</ISSN><JournalIssue CitedMedium="Print"><Volume>140</Volume><Issue>4</Issue><PubDate><Year>1999</Year><Month>Apr</Month></PubDate></JournalIssue><Title>European journal of endocrinology</Title><ISOAbbreviation>Eur J Endocrinol</ISOAbbreviation></Journal><ArticleTitle>Antihypertensive effect of insulin via nitric oxide production in the Zucker diabetic fatty rat, an animal model for non-insulin-dependent diabetes mellitus.</ArticleTitle><Pagination><MedlinePgn>341-9</MedlinePgn></Pagination><Abstract><AbstractText>It has been reported that insulin treatment improves hypertension in patients with diabetes mellitus. The mechanisms of the antihypertensive effect of insulin, however, remain to be fully elucidated. In the present study, we investigated a possible involvement of nitric oxide (NO) in insulin-induced reduction of blood pressure using the Zucker diabetic fatty (ZDF) rat, an animal model of non-insulin-dependent diabetes mellitus. The animals were divided into three groups and treated for 4 weeks with daily subcutaneous injections of insulin (25U/kg body weight) with or without oral administration of l-nitro-arginine methyl ester (L-NAME, 50mg/kg/day body weight as drinking water), an inhibitor of NO synthase (NOS). Saline solution was injected subcutaneously in the control groups. During the experimental period, body weight gain was greater in the insulin-treated groups than in the control groups whereas water intake was considerably decreased in the insulin-treated groups. Insulin treatment resulted in a decrease in plasma glucose and blood pressure, and an increase in both NO metabolites (NOx) in the plasma and NOS activity in the aorta tissue. L-NAME treatment blunted not only the antihypertensive effect of insulin but also the changes in NOx and NOS activity. These findings suggest that insulin reduces blood pressure in the ZDF rat by stimulating NOS activation and NO production.</AbstractText></Abstract><AuthorList CompleteYN="Y"><Author ValidYN="Y"><LastName>Kawaguchi</LastName><ForeName>M</ForeName><Initials>M</Initials><AffiliationInfo><Affiliation>First Division, Department of Medicine, Shimane Medical University, Izumo, Japan.</Affiliation></AffiliationInfo></Author><Author ValidYN="Y"><LastName>Koshimura</LastName><ForeName>K</ForeName><Initials>K</Initials></Author><Author ValidYN="Y"><LastName>Murakami</LastName><ForeName>Y</ForeName><Initials>Y</Initials></Author><Author ValidYN="Y"><LastName>Tsumori</LastName><ForeName>M</ForeName><Initials>M</Initials></Author><Author ValidYN="Y"><LastName>Gonda</LastName><ForeName>T</ForeName><Initials>T</Initials></Author><Author ValidYN="Y"><LastName>Kato</LastName><ForeName>Y</ForeName><Initials>Y</Initials></Author></AuthorList><Language>eng</Language><PublicationTypeList><PublicationType UI="D016428">Journal Article</PublicationType><PublicationType UI="D013485">Research Support, Non-U.S. Gov't</PublicationType></PublicationTypeList></Article><MedlineJournalInfo><Country>England</Country><MedlineTA>Eur J Endocrinol</MedlineTA><NlmUniqueID>9423848</NlmUniqueID><ISSNLinking>0804-4643</ISSNLinking></MedlineJournalInfo><ChemicalList><Chemical><RegistryNumber>0</RegistryNumber><NameOfSubstance UI="D000959">Antihypertensive Agents</NameOfSubstance></Chemical><Chemical><RegistryNumber>0</RegistryNumber><NameOfSubstance UI="D001786">Blood Glucose</NameOfSubstance></Chemical><Chemical><RegistryNumber>0</RegistryNumber><NameOfSubstance UI="D004791">Enzyme Inhibitors</NameOfSubstance></Chemical><Chemical><RegistryNumber>0</RegistryNumber><NameOfSubstance UI="D007328">Insulin</NameOfSubstance></Chemical><Chemical><RegistryNumber>0</RegistryNumber><NameOfSubstance UI="D011994">Recombinant Proteins</NameOfSubstance></Chemical><Chemical><RegistryNumber>31C4KY9ESH</RegistryNumber><NameOfSubstance UI="D009569">Nitric Oxide</NameOfSubstance></Chemical><Chemical><RegistryNumber>EC 1.14.13.39</RegistryNumber><NameOfSubstance UI="D019001">Nitric Oxide Synthase</NameOfSubstance></Chemical><Chemical><RegistryNumber>EC 1.6.99.1</RegistryNumber><NameOfSubstance UI="D009252">NADPH Dehydrogenase</NameOfSubstance></Chemical><Chemical><RegistryNumber>V55S2QJN2X</RegistryNumber><NameOfSubstance UI="D019331">NG-Nitroarginine Methyl Ester</NameOfSubstance></Chemical></ChemicalList><CitationSubset>IM</CitationSubset><MeshHeadingList><MeshHeading><DescriptorName UI="D000818" MajorTopicYN="N">Animals</DescriptorName></MeshHeading><MeshHeading><DescriptorName UI="D000959" MajorTopicYN="N">Antihypertensive Agents</DescriptorName><QualifierName UI="Q000494" MajorTopicYN="Y">pharmacology</QualifierName></MeshHeading><MeshHeading><DescriptorName UI="D001011" MajorTopicYN="N">Aorta</DescriptorName><QualifierName UI="Q000201" MajorTopicYN="N">enzymology</QualifierName></MeshHeading><MeshHeading><DescriptorName UI="D001786" MajorTopicYN="N">Blood Glucose</DescriptorName><QualifierName UI="Q000378" MajorTopicYN="N">metabolism</QualifierName></MeshHeading><MeshHeading><DescriptorName UI="D001794" MajorTopicYN="N">Blood Pressure</DescriptorName><QualifierName UI="Q000187" MajorTopicYN="N">drug effects</QualifierName></MeshHeading><MeshHeading><DescriptorName UI="D003924" MajorTopicYN="N">Diabetes Mellitus, Type 2</DescriptorName><QualifierName UI="Q000150" MajorTopicYN="N">complications</QualifierName><QualifierName UI="Q000235" MajorTopicYN="N">genetics</QualifierName><QualifierName UI="Q000378" MajorTopicYN="Y">metabolism</QualifierName></MeshHeading><MeshHeading><DescriptorName UI="D004789" MajorTopicYN="N">Enzyme Activation</DescriptorName></MeshHeading><MeshHeading><DescriptorName UI="D004791" MajorTopicYN="N">Enzyme Inhibitors</DescriptorName><QualifierName UI="Q000494" MajorTopicYN="N">pharmacology</QualifierName></MeshHeading><MeshHeading><DescriptorName UI="D006651" MajorTopicYN="N">Histocytochemistry</DescriptorName></MeshHeading><MeshHeading><DescriptorName UI="D006801" MajorTopicYN="N">Humans</DescriptorName></MeshHeading><MeshHeading><DescriptorName UI="D006973" MajorTopicYN="N">Hypertension</DescriptorName><QualifierName UI="Q000188" MajorTopicYN="N">drug therapy</QualifierName><QualifierName UI="Q000209" MajorTopicYN="N">etiology</QualifierName><QualifierName UI="Q000378" MajorTopicYN="Y">metabolism</QualifierName></MeshHeading><MeshHeading><DescriptorName UI="D066298" MajorTopicYN="N">In Vitro Techniques</DescriptorName></MeshHeading><MeshHeading><DescriptorName UI="D007328" MajorTopicYN="N">Insulin</DescriptorName><QualifierName UI="Q000494" MajorTopicYN="Y">pharmacology</QualifierName></MeshHeading><MeshHeading><DescriptorName UI="D008297" MajorTopicYN="N">Male</DescriptorName></MeshHeading><MeshHeading><DescriptorName UI="D009252" MajorTopicYN="N">NADPH Dehydrogenase</DescriptorName><QualifierName UI="Q000378" MajorTopicYN="N">metabolism</QualifierName></MeshHeading><MeshHeading><DescriptorName UI="D019331" MajorTopicYN="N">NG-Nitroarginine Methyl Ester</DescriptorName><QualifierName UI="Q000494" MajorTopicYN="N">pharmacology</QualifierName></MeshHeading><MeshHeading><DescriptorName UI="D009569" MajorTopicYN="N">Nitric Oxide</DescriptorName><QualifierName UI="Q000096" MajorTopicYN="Y">biosynthesis</QualifierName></MeshHeading><MeshHeading><DescriptorName UI="D019001" MajorTopicYN="N">Nitric Oxide Synthase</DescriptorName><QualifierName UI="Q000037" MajorTopicYN="N">antagonists &amp; inhibitors</QualifierName><QualifierName UI="Q000378" MajorTopicYN="N">metabolism</QualifierName></MeshHeading><MeshHeading><DescriptorName UI="D051381" MajorTopicYN="N">Rats</DescriptorName></MeshHeading><MeshHeading><DescriptorName UI="D011924" MajorTopicYN="N">Rats, Zucker</DescriptorName></MeshHeading><MeshHeading><DescriptorName UI="D011994" MajorTopicYN="N">Recombinant Proteins</DescriptorName><QualifierName UI="Q000494" MajorTopicYN="N">pharmacology</QualifierName></MeshHeading></MeshHeadingList></MedlineCitation><PubmedData><History><PubMedPubDate PubStatus="pubmed"><Year>1999</Year><Month>3</Month><Day>31</Day></PubMedPubDate><PubMedPubDate PubStatus="medline"><Year>1999</Year><Month>3</Month><Day>31</Day><Hour>0</Hour><Minute>1</Minute></PubMedPubDate><PubMedPubDate PubStatus="entrez"><Year>1999</Year><Month>3</Month><Day>31</Day><Hour>0</Hour><Minute>0</Minute></PubMedPubDate></History><PublicationStatus>ppublish</PublicationStatus><ArticleIdList><ArticleId IdType="pubmed">10097254</ArticleId><ArticleId IdType="doi">10.1530/eje.0.1400341</ArticleId></ArticleIdList></PubmedData></PubmedArticle></PubmedArticleSet>