<?xml version="1.0" ?>
<!DOCTYPE PubmedArticleSet PUBLIC "-//NLM//DTD PubMedArticle, 1st January 2019//EN" "https://dtd.nlm.nih.gov/ncbi/pubmed/out/pubmed_190101.dtd">
<PubmedArticleSet><PubmedArticle><MedlineCitation Status="MEDLINE" Owner="NLM"><PMID Version="1">10096516</PMID><DateCompleted><Year>1999</Year><Month>04</Month><Day>13</Day></DateCompleted><DateRevised><Year>2019</Year><Month>07</Month><Day>13</Day></DateRevised><Article PubModel="Print"><Journal><ISSN IssnType="Print">0041-1337</ISSN><JournalIssue CitedMedium="Print"><Volume>67</Volume><Issue>5</Issue><PubDate><Year>1999</Year><Month>Mar</Month><Day>15</Day></PubDate></JournalIssue><Title>Transplantation</Title><ISOAbbreviation>Transplantation</ISOAbbreviation></Journal><ArticleTitle>Improved survival in patients with insulin-dependent diabetes mellitus and end-stage diabetic nephropathy 10 years after combined pancreas and kidney transplantation.</ArticleTitle><Pagination><MedlinePgn>645-8</MedlinePgn></Pagination><Abstract><AbstractText Label="BACKGROUND" NlmCategory="BACKGROUND">The purpose of pancreatic transplantation in insulin-dependent diabetic patients is to restore normoglycemia and thereby prevent the secondary complications of diabetes. However, uncertainty remains as to whether the mortality rate in diabetic patients can be affected by this procedure.</AbstractText><AbstractText Label="METHOD" NlmCategory="METHODS">We followed 14 patients with insulin-dependent diabetes mellitus (IDDM) and end-stage diabetic nephropathy for 10 years after successful combined kidney and pancreas transplantation. Fifteen diabetic patients subjected to kidney transplantation alone have served as controls. The glycemic control has been studied annually for 10 years and diabetic polyneuropathy has been assessed in both groups after 2, 4, and 8 years.</AbstractText><AbstractText Label="RESULTS" NlmCategory="RESULTS">In recipients of pancreas-kidney grafts, metabolic control was maintained throughout the observation period, with values of glycated hemoglobin in the normal range. In contrast, glucose metabolism was impaired in the control group, with glycated hemoglobin values around 10%. Nerve conduction and parasympathetic autonomic dysfunction improved in both groups after 2 years; there was no difference between the groups. After 4 years, we found a significant difference between the study group and the control group, and after 8 years it had widened. At the 4-year evaluation, there was no difference in mortality between the groups. At 8 years, however, a significant difference was noted, which was further substantiated at 10 years with a 20% mortality rate in the pancreas-kidney group versus an 80% mortality in the kidney alone group.</AbstractText><AbstractText Label="CONCLUSIONS" NlmCategory="CONCLUSIONS">We found a substantial reduction in mortality in IDDM patients 10 years after successful combined pancreas and kidney transplantation. We speculate that the decrease in mortality was due to the beneficial effect of long-term normoglycemia on diabetic late complications and suggest therefore that combined pancreas and kidney transplantation, rather than kidney transplantation alone, should be offered to IDDM patients with end-stage diabetic nephropathy.</AbstractText></Abstract><AuthorList CompleteYN="Y"><Author ValidYN="Y"><LastName>Tydén</LastName><ForeName>G</ForeName><Initials>G</Initials><AffiliationInfo><Affiliation>Department of Transplantation Surgery, Karolinska Institute, Huddinge Hospital, Sweden.</Affiliation></AffiliationInfo></Author><Author ValidYN="Y"><LastName>Bolinder</LastName><ForeName>J</ForeName><Initials>J</Initials></Author><Author ValidYN="Y"><LastName>Solders</LastName><ForeName>G</ForeName><Initials>G</Initials></Author><Author ValidYN="Y"><LastName>Brattström</LastName><ForeName>C</ForeName><Initials>C</Initials></Author><Author ValidYN="Y"><LastName>Tibell</LastName><ForeName>A</ForeName><Initials>A</Initials></Author><Author ValidYN="Y"><LastName>Groth</LastName><ForeName>C G</ForeName><Initials>CG</Initials></Author></AuthorList><Language>eng</Language><PublicationTypeList><PublicationType UI="D016428">Journal Article</PublicationType><PublicationType UI="D013485">Research Support, Non-U.S. Gov't</PublicationType></PublicationTypeList></Article><MedlineJournalInfo><Country>United States</Country><MedlineTA>Transplantation</MedlineTA><NlmUniqueID>0132144</NlmUniqueID><ISSNLinking>0041-1337</ISSNLinking></MedlineJournalInfo><ChemicalList><Chemical><RegistryNumber>0</RegistryNumber><NameOfSubstance UI="D001786">Blood Glucose</NameOfSubstance></Chemical></ChemicalList><CitationSubset>IM</CitationSubset><MeshHeadingList><MeshHeading><DescriptorName UI="D000328" MajorTopicYN="N">Adult</DescriptorName></MeshHeading><MeshHeading><DescriptorName UI="D001786" MajorTopicYN="N">Blood Glucose</DescriptorName><QualifierName UI="Q000378" MajorTopicYN="N">metabolism</QualifierName></MeshHeading><MeshHeading><DescriptorName UI="D003922" MajorTopicYN="N">Diabetes Mellitus, Type 1</DescriptorName><QualifierName UI="Q000401" MajorTopicYN="Y">mortality</QualifierName><QualifierName UI="Q000503" MajorTopicYN="N">physiopathology</QualifierName><QualifierName UI="Q000601" MajorTopicYN="N">surgery</QualifierName></MeshHeading><MeshHeading><DescriptorName UI="D003928" MajorTopicYN="N">Diabetic Nephropathies</DescriptorName><QualifierName UI="Q000401" MajorTopicYN="Y">mortality</QualifierName><QualifierName UI="Q000503" MajorTopicYN="N">physiopathology</QualifierName><QualifierName UI="Q000601" MajorTopicYN="N">surgery</QualifierName></MeshHeading><MeshHeading><DescriptorName UI="D006801" MajorTopicYN="N">Humans</DescriptorName></MeshHeading><MeshHeading><DescriptorName UI="D016030" MajorTopicYN="Y">Kidney Transplantation</DescriptorName></MeshHeading><MeshHeading><DescriptorName UI="D008137" MajorTopicYN="N">Longitudinal Studies</DescriptorName></MeshHeading><MeshHeading><DescriptorName UI="D009431" MajorTopicYN="N">Neural Conduction</DescriptorName></MeshHeading><MeshHeading><DescriptorName UI="D016035" MajorTopicYN="Y">Pancreas Transplantation</DescriptorName></MeshHeading><MeshHeading><DescriptorName UI="D015996" MajorTopicYN="N">Survival Rate</DescriptorName></MeshHeading></MeshHeadingList></MedlineCitation><PubmedData><History><PubMedPubDate PubStatus="pubmed"><Year>1999</Year><Month>3</Month><Day>30</Day></PubMedPubDate><PubMedPubDate PubStatus="medline"><Year>1999</Year><Month>3</Month><Day>30</Day><Hour>0</Hour><Minute>1</Minute></PubMedPubDate><PubMedPubDate PubStatus="entrez"><Year>1999</Year><Month>3</Month><Day>30</Day><Hour>0</Hour><Minute>0</Minute></PubMedPubDate></History><PublicationStatus>ppublish</PublicationStatus><ArticleIdList><ArticleId IdType="pubmed">10096516</ArticleId><ArticleId IdType="doi">10.1097/00007890-199903150-00001</ArticleId></ArticleIdList></PubmedData></PubmedArticle></PubmedArticleSet>