<?xml version="1.0" ?>
<!DOCTYPE PubmedArticleSet PUBLIC "-//NLM//DTD PubMedArticle, 1st January 2019//EN" "https://dtd.nlm.nih.gov/ncbi/pubmed/out/pubmed_190101.dtd">
<PubmedArticleSet><PubmedArticle><MedlineCitation Status="MEDLINE" Owner="NLM"><PMID Version="1">10097917</PMID><DateCompleted><Year>1999</Year><Month>05</Month><Day>27</Day></DateCompleted><DateRevised><Year>2022</Year><Month>04</Month><Day>08</Day></DateRevised><Article PubModel="Print"><Journal><ISSN IssnType="Print">0149-5992</ISSN><JournalIssue CitedMedium="Print"><Volume>22</Volume><Issue>3</Issue><PubDate><Year>1999</Year><Month>Mar</Month></PubDate></JournalIssue><Title>Diabetes care</Title><ISOAbbreviation>Diabetes Care</ISOAbbreviation></Journal><ArticleTitle>Impaired fasting glucose or impaired glucose tolerance. What best predicts future diabetes in Mauritius?</ArticleTitle><Pagination><MedlinePgn>399-402</MedlinePgn></Pagination><Abstract><AbstractText Label="OBJECTIVE" NlmCategory="OBJECTIVE">To determine if impaired fasting glucose (IFG; fasting plasma glucose level 6.1-6.9 mmol/l) can predict future type 2 diabetes as accurately as does impaired glucose tolerance (IGT; 2-h plasma glucose level 7.8-11.0 mmol/l).</AbstractText><AbstractText Label="RESEARCH DESIGN AND METHODS" NlmCategory="METHODS">A longitudinal population-based study was performed with surveys in 1987 and 1992 on the island of Mauritius, assessing diabetes status by the oral glucose tolerance test. A total of 3,717 subjects took part in both surveys. Of these subjects, 3,229 were not diabetic in 1987 and formed the basis of this study.</AbstractText><AbstractText Label="RESULTS" NlmCategory="RESULTS">At baseline, there were 607 subjects with IGT and 266 subjects with IFG. There were 297 subjects who developed diabetes by 1992. For predicting progression to type 2 diabetes, the sensitivity, specificity, and positive predictive values were 26, 94, and 29% for IFG and 50, 84, and 24% for IGT, respectively. Only 26% of subjects that progressed to type 2 diabetes were predicted by their IFG values, but a further 35% could be identified by also considering IGT. The sensitivities were 24% for IFG and 37% for IGT in men and 26% for IFG and 66% for IGT in women, respectively.</AbstractText><AbstractText Label="CONCLUSIONS" NlmCategory="CONCLUSIONS">These data demonstrate the higher sensitivity of IGT over IFG for predicting progression to type 2 diabetes. Screening by the criteria for IFG alone would identify fewer people who subsequently progress to type 2 diabetes than would the oral glucose tolerance test.</AbstractText></Abstract><AuthorList CompleteYN="Y"><Author ValidYN="Y"><LastName>Shaw</LastName><ForeName>J E</ForeName><Initials>JE</Initials><AffiliationInfo><Affiliation>International Diabetes Institute, Melbourne, Australia. jshaw@idi.org.au</Affiliation></AffiliationInfo></Author><Author ValidYN="Y"><LastName>Zimmet</LastName><ForeName>P Z</ForeName><Initials>PZ</Initials></Author><Author ValidYN="Y"><LastName>de Courten</LastName><ForeName>M</ForeName><Initials>M</Initials></Author><Author ValidYN="Y"><LastName>Dowse</LastName><ForeName>G K</ForeName><Initials>GK</Initials></Author><Author ValidYN="Y"><LastName>Chitson</LastName><ForeName>P</ForeName><Initials>P</Initials></Author><Author ValidYN="Y"><LastName>Gareeboo</LastName><ForeName>H</ForeName><Initials>H</Initials></Author><Author ValidYN="Y"><LastName>Hemraj</LastName><ForeName>F</ForeName><Initials>F</Initials></Author><Author ValidYN="Y"><LastName>Fareed</LastName><ForeName>D</ForeName><Initials>D</Initials></Author><Author ValidYN="Y"><LastName>Tuomilehto</LastName><ForeName>J</ForeName><Initials>J</Initials></Author><Author ValidYN="Y"><LastName>Alberti</LastName><ForeName>K G</ForeName><Initials>KG</Initials></Author></AuthorList><Language>eng</Language><GrantList CompleteYN="Y"><Grant><GrantID>DK-25446</GrantID><Acronym>DK</Acronym><Agency>NIDDK NIH HHS</Agency><Country>United States</Country></Grant></GrantList><PublicationTypeList><PublicationType UI="D016428">Journal Article</PublicationType><PublicationType UI="D013485">Research Support, Non-U.S. Gov't</PublicationType><PublicationType UI="D013487">Research Support, U.S. Gov't, P.H.S.</PublicationType></PublicationTypeList></Article><MedlineJournalInfo><Country>United States</Country><MedlineTA>Diabetes Care</MedlineTA><NlmUniqueID>7805975</NlmUniqueID><ISSNLinking>0149-5992</ISSNLinking></MedlineJournalInfo><ChemicalList><Chemical><RegistryNumber>0</RegistryNumber><NameOfSubstance UI="D001786">Blood Glucose</NameOfSubstance></Chemical></ChemicalList><CitationSubset>IM</CitationSubset><CommentsCorrectionsList><CommentsCorrections RefType="CommentIn"><RefSource>Diabetes Care. 2000 May;23(5):714-5</RefSource><PMID Version="1">10834445</PMID></CommentsCorrections></CommentsCorrectionsList><MeshHeadingList><MeshHeading><DescriptorName UI="D000328" MajorTopicYN="N">Adult</DescriptorName></MeshHeading><MeshHeading><DescriptorName UI="D000368" MajorTopicYN="N">Aged</DescriptorName></MeshHeading><MeshHeading><DescriptorName UI="D001786" MajorTopicYN="N">Blood Glucose</DescriptorName><QualifierName UI="Q000032" MajorTopicYN="Y">analysis</QualifierName></MeshHeading><MeshHeading><DescriptorName UI="D003924" MajorTopicYN="N">Diabetes Mellitus, Type 2</DescriptorName><QualifierName UI="Q000453" MajorTopicYN="N">epidemiology</QualifierName><QualifierName UI="Q000209" MajorTopicYN="Y">etiology</QualifierName></MeshHeading><MeshHeading><DescriptorName UI="D018450" MajorTopicYN="N">Disease Progression</DescriptorName></MeshHeading><MeshHeading><DescriptorName UI="D005215" MajorTopicYN="N">Fasting</DescriptorName><QualifierName UI="Q000097" MajorTopicYN="Y">blood</QualifierName></MeshHeading><MeshHeading><DescriptorName UI="D005260" MajorTopicYN="N">Female</DescriptorName></MeshHeading><MeshHeading><DescriptorName UI="D005544" MajorTopicYN="N">Forecasting</DescriptorName></MeshHeading><MeshHeading><DescriptorName UI="D018149" MajorTopicYN="N">Glucose Intolerance</DescriptorName><QualifierName UI="Q000503" MajorTopicYN="Y">physiopathology</QualifierName></MeshHeading><MeshHeading><DescriptorName UI="D005951" MajorTopicYN="N">Glucose Tolerance Test</DescriptorName></MeshHeading><MeshHeading><DescriptorName UI="D006306" MajorTopicYN="N">Health Surveys</DescriptorName></MeshHeading><MeshHeading><DescriptorName UI="D006801" MajorTopicYN="N">Humans</DescriptorName></MeshHeading><MeshHeading><DescriptorName UI="D015994" MajorTopicYN="N">Incidence</DescriptorName></MeshHeading><MeshHeading><DescriptorName UI="D008137" MajorTopicYN="N">Longitudinal Studies</DescriptorName></MeshHeading><MeshHeading><DescriptorName UI="D008297" MajorTopicYN="N">Male</DescriptorName></MeshHeading><MeshHeading><DescriptorName UI="D008436" MajorTopicYN="N" Type="Geographic">Mauritius</DescriptorName></MeshHeading><MeshHeading><DescriptorName UI="D008875" MajorTopicYN="N">Middle Aged</DescriptorName></MeshHeading><MeshHeading><DescriptorName UI="D012680" MajorTopicYN="N">Sensitivity and Specificity</DescriptorName></MeshHeading></MeshHeadingList></MedlineCitation><PubmedData><History><PubMedPubDate PubStatus="pubmed"><Year>1999</Year><Month>3</Month><Day>31</Day></PubMedPubDate><PubMedPubDate PubStatus="medline"><Year>1999</Year><Month>3</Month><Day>31</Day><Hour>0</Hour><Minute>1</Minute></PubMedPubDate><PubMedPubDate PubStatus="entrez"><Year>1999</Year><Month>3</Month><Day>31</Day><Hour>0</Hour><Minute>0</Minute></PubMedPubDate></History><PublicationStatus>ppublish</PublicationStatus><ArticleIdList><ArticleId IdType="pubmed">10097917</ArticleId><ArticleId IdType="doi">10.2337/diacare.22.3.399</ArticleId></ArticleIdList></PubmedData></PubmedArticle></PubmedArticleSet>