<?xml version="1.0" ?>
<!DOCTYPE PubmedArticleSet PUBLIC "-//NLM//DTD PubMedArticle, 1st January 2019//EN" "https://dtd.nlm.nih.gov/ncbi/pubmed/out/pubmed_190101.dtd">
<PubmedArticleSet><PubmedArticle><MedlineCitation Status="MEDLINE" Owner="NLM"><PMID Version="1">10097932</PMID><DateCompleted><Year>1999</Year><Month>05</Month><Day>27</Day></DateCompleted><DateRevised><Year>2019</Year><Month>05</Month><Day>15</Day></DateRevised><Article PubModel="Print"><Journal><ISSN IssnType="Print">0149-5992</ISSN><JournalIssue CitedMedium="Print"><Volume>22</Volume><Issue>3</Issue><PubDate><Year>1999</Year><Month>Mar</Month></PubDate></JournalIssue><Title>Diabetes care</Title><ISOAbbreviation>Diabetes Care</ISOAbbreviation></Journal><ArticleTitle>Cyclosporine nephrotoxicity in type 1 diabetic patients. A 7-year follow-up study.</ArticleTitle><Pagination><MedlinePgn>478-83</MedlinePgn></Pagination><Abstract><AbstractText Label="OBJECTIVE" NlmCategory="OBJECTIVE">To evaluate kidney function 7 years after the end of treatment with cyclosporine A (CsA) (initial dosage of 9.3 tapered off to 7.0 mg.kg-1.day-1) in young patients (mean age 20 years) with newly diagnosed type 1 diabetes participating in a randomized, double-blind, placebo-controlled CsA trial.</AbstractText><AbstractText Label="RESEARCH DESIGN AND METHODS" NlmCategory="METHODS">In this study, 21 patients received CsA for 12.5 +/- 4.0 months (mean +/- SD) and 19 patients received placebo for 14.4 +/- 3.8 months. The two groups were similar with regard to mean arterial blood pressure (BP), urinary albumin excretion rate (UAER), serum creatinine, and estimated glomerular filtration rate (GFR [Cockcroft and Gault]) at initiation of CsA treatment (baseline). HbA1c (mean +/- SEM) during 7 years of follow-up was also the same: 8.7 +/- 0.4 vs. 8.3 +/- 0.4% in the CsA and placebo groups, respectively.</AbstractText><AbstractText Label="RESULTS" NlmCategory="RESULTS">During the 7 years after cessation of study medication, two CsA group patients and one control patient were lost to follow-up. One placebo-treated patient developed IgA nephropathy (biopsy proven) and was excluded. Four CsA-treated patients developed persistently elevated UAER &gt; 30 mg/24 h (n = 3 with microalbuminuria), whereas all the 17 placebo-treated patients had normal UAER (&lt; 30 mg/24 h) after 7 years of follow-up. At the end of follow-up, the CsA group had a more pronounced rise in UAER: 2.5-fold (95% CI 1.4-4.5) higher than baseline value vs. 1.1-fold (0.7-1.7) in the placebo-treated group (P &lt; 0.05). Estimated GFR (ml.min-1.1.73 m-2) declined from baseline to end of follow-up (1994) by 6.3 +/- 6.0 in the former CsA group, whereas it rose by 7.4 +/- 5.0 in the placebo group (P = 0.05). In 1994, 24-h blood pressure was nearly the same: 131/77 +/- 4/2 vs. 127/75 +/- 2/2 mmHg (NS) in the CsA and placebo groups, respectively. Five randomly selected CsA-treated patients had a kidney biopsy performed shortly after the CsA treatment was stopped. Interstitial fibrosis/tubular atrophy and/or arteriolopathy were present in two subjects who both subsequently developed persistent microalbuminuria.</AbstractText><AbstractText Label="CONCLUSIONS" NlmCategory="CONCLUSIONS">The results of our 7-year follow-up study suggested that short-lasting CsA treatment in young, newly diagnosed type 1 diabetic patients accelerated the rate of progression in UAER and tended to induce a loss in kidney function. Longer term follow-up is mandatory to clarify whether CsA-treated patients are at increased risk of developing clinical nephropathy.</AbstractText></Abstract><AuthorList CompleteYN="Y"><Author ValidYN="Y"><LastName>Parving</LastName><ForeName>H H</ForeName><Initials>HH</Initials><AffiliationInfo><Affiliation>Steno Diabetes Center, Gentofte, Denmark.</Affiliation></AffiliationInfo></Author><Author ValidYN="Y"><LastName>Tarnow</LastName><ForeName>L</ForeName><Initials>L</Initials></Author><Author ValidYN="Y"><LastName>Nielsen</LastName><ForeName>F S</ForeName><Initials>FS</Initials></Author><Author ValidYN="Y"><LastName>Rossing</LastName><ForeName>P</ForeName><Initials>P</Initials></Author><Author ValidYN="Y"><LastName>Mandrup-Poulsen</LastName><ForeName>T</ForeName><Initials>T</Initials></Author><Author ValidYN="Y"><LastName>Osterby</LastName><ForeName>R</ForeName><Initials>R</Initials></Author><Author ValidYN="Y"><LastName>Nerup</LastName><ForeName>J</ForeName><Initials>J</Initials></Author></AuthorList><Language>eng</Language><PublicationTypeList><PublicationType UI="D016430">Clinical Trial</PublicationType><PublicationType UI="D016428">Journal Article</PublicationType><PublicationType UI="D016449">Randomized Controlled Trial</PublicationType></PublicationTypeList></Article><MedlineJournalInfo><Country>United States</Country><MedlineTA>Diabetes Care</MedlineTA><NlmUniqueID>7805975</NlmUniqueID><ISSNLinking>0149-5992</ISSNLinking></MedlineJournalInfo><ChemicalList><Chemical><RegistryNumber>83HN0GTJ6D</RegistryNumber><NameOfSubstance UI="D016572">Cyclosporine</NameOfSubstance></Chemical></ChemicalList><CitationSubset>IM</CitationSubset><MeshHeadingList><MeshHeading><DescriptorName UI="D000328" MajorTopicYN="N">Adult</DescriptorName></MeshHeading><MeshHeading><DescriptorName UI="D000419" MajorTopicYN="N">Albuminuria</DescriptorName></MeshHeading><MeshHeading><DescriptorName UI="D001794" MajorTopicYN="N">Blood Pressure</DescriptorName><QualifierName UI="Q000187" MajorTopicYN="N">drug effects</QualifierName></MeshHeading><MeshHeading><DescriptorName UI="D016572" MajorTopicYN="N">Cyclosporine</DescriptorName><QualifierName UI="Q000506" MajorTopicYN="Y">poisoning</QualifierName><QualifierName UI="Q000627" MajorTopicYN="N">therapeutic use</QualifierName></MeshHeading><MeshHeading><DescriptorName UI="D003922" MajorTopicYN="N">Diabetes Mellitus, Type 1</DescriptorName><QualifierName UI="Q000188" MajorTopicYN="Y">drug therapy</QualifierName><QualifierName UI="Q000503" MajorTopicYN="N">physiopathology</QualifierName><QualifierName UI="Q000652" MajorTopicYN="N">urine</QualifierName></MeshHeading><MeshHeading><DescriptorName UI="D004311" MajorTopicYN="N">Double-Blind Method</DescriptorName></MeshHeading><MeshHeading><DescriptorName UI="D005260" MajorTopicYN="N">Female</DescriptorName></MeshHeading><MeshHeading><DescriptorName UI="D005500" MajorTopicYN="N">Follow-Up Studies</DescriptorName></MeshHeading><MeshHeading><DescriptorName UI="D005919" MajorTopicYN="N">Glomerular Filtration Rate</DescriptorName><QualifierName UI="Q000502" MajorTopicYN="N">physiology</QualifierName></MeshHeading><MeshHeading><DescriptorName UI="D006801" MajorTopicYN="N">Humans</DescriptorName></MeshHeading><MeshHeading><DescriptorName UI="D007668" MajorTopicYN="N">Kidney</DescriptorName><QualifierName UI="Q000187" MajorTopicYN="Y">drug effects</QualifierName><QualifierName UI="Q000503" MajorTopicYN="N">physiopathology</QualifierName></MeshHeading><MeshHeading><DescriptorName UI="D008137" MajorTopicYN="N">Longitudinal Studies</DescriptorName></MeshHeading><MeshHeading><DescriptorName UI="D008297" MajorTopicYN="N">Male</DescriptorName></MeshHeading></MeshHeadingList></MedlineCitation><PubmedData><History><PubMedPubDate PubStatus="pubmed"><Year>1999</Year><Month>3</Month><Day>31</Day></PubMedPubDate><PubMedPubDate PubStatus="medline"><Year>1999</Year><Month>3</Month><Day>31</Day><Hour>0</Hour><Minute>1</Minute></PubMedPubDate><PubMedPubDate PubStatus="entrez"><Year>1999</Year><Month>3</Month><Day>31</Day><Hour>0</Hour><Minute>0</Minute></PubMedPubDate></History><PublicationStatus>ppublish</PublicationStatus><ArticleIdList><ArticleId IdType="pubmed">10097932</ArticleId><ArticleId IdType="doi">10.2337/diacare.22.3.478</ArticleId></ArticleIdList></PubmedData></PubmedArticle></PubmedArticleSet>