<?xml version="1.0" ?>
<!DOCTYPE PubmedArticleSet PUBLIC "-//NLM//DTD PubMedArticle, 1st January 2019//EN" "https://dtd.nlm.nih.gov/ncbi/pubmed/out/pubmed_190101.dtd">
<PubmedArticleSet><PubmedArticle><MedlineCitation Status="MEDLINE" Owner="NLM"><PMID Version="1">10097897</PMID><DateCompleted><Year>1999</Year><Month>05</Month><Day>27</Day></DateCompleted><DateRevised><Year>2022</Year><Month>03</Month><Day>17</Day></DateRevised><Article PubModel="Print"><Journal><ISSN IssnType="Print">0149-5992</ISSN><JournalIssue CitedMedium="Print"><Volume>22 Suppl 2</Volume><PubDate><Year>1999</Year><Month>Mar</Month></PubDate></JournalIssue><Title>Diabetes care</Title><ISOAbbreviation>Diabetes Care</ISOAbbreviation></Journal><ArticleTitle>Effect of intensive therapy on early macrovascular disease in young individuals with type 1 diabetes. A systematic review and meta-analysis.</ArticleTitle><Pagination><MedlinePgn>B35-9</MedlinePgn></Pagination><Abstract><AbstractText Label="OBJECTIVE" NlmCategory="OBJECTIVE">We conducted a systematic review of randomized controlled trials (RCTs) of intensive insulin therapy (IIT) in type 1 diabetes to determine the effect on macrovascular complications.</AbstractText><AbstractText Label="RESEARCH DESIGN AND METHODS" NlmCategory="METHODS">MEDLINE (1966-1996), Citation Index, reference lists, and personal files were used to identify RCTs of &gt; 2 years' duration comparing IIT to conventional therapy (CT) in type 1 diabetes. Two independent reviewers applied selection criteria and identified 11 studies; 5 were subsequently excluded because no data were available for macrovascular complications. Data were extracted on macrovascular disease and cardiovascular risk factors. Macrovascular disease was defined as angina, myocardial infarction, angioplasty, coronary artery bypass graft, stroke, claudication, or peripheral bypass. The first event of each type was counted.</AbstractText><AbstractText Label="RESULTS" NlmCategory="RESULTS">IIT decreased the number of macrovascular events (odds ratio [OR] 0.55, [95% CI 0.35-0.88], P = 0.015) but had no significant effect on the number of patients developing macrovascular disease (OR 0.72, [95% CI 0.44-1.17], P = 0.22) or on macrovascular mortality (OR 0.91, [95% CI 0.31-2.65], P = 0.93).</AbstractText><AbstractText Label="CONCLUSIONS" NlmCategory="CONCLUSIONS">IIT decreases the extent of early macrovascular disease in young individuals with type 1 diabetes but has no effect on the number of patients affected or on macrovascular mortality. These data suggest that IIT may stabilize macrovascular disease or prevent progression in those at risk.</AbstractText></Abstract><AuthorList CompleteYN="Y"><Author ValidYN="Y"><LastName>Lawson</LastName><ForeName>M L</ForeName><Initials>ML</Initials><AffiliationInfo><Affiliation>Department of Pediatrics, Children's Hospital of Eastern Ontario, University of Ottawa, Ontario, Canada.</Affiliation></AffiliationInfo></Author><Author ValidYN="Y"><LastName>Gerstein</LastName><ForeName>H C</ForeName><Initials>HC</Initials></Author><Author ValidYN="Y"><LastName>Tsui</LastName><ForeName>E</ForeName><Initials>E</Initials></Author><Author ValidYN="Y"><LastName>Zinman</LastName><ForeName>B</ForeName><Initials>B</Initials></Author></AuthorList><Language>eng</Language><PublicationTypeList><PublicationType UI="D016428">Journal Article</PublicationType><PublicationType UI="D017418">Meta-Analysis</PublicationType><PublicationType UI="D000078182">Systematic Review</PublicationType></PublicationTypeList></Article><MedlineJournalInfo><Country>United States</Country><MedlineTA>Diabetes Care</MedlineTA><NlmUniqueID>7805975</NlmUniqueID><ISSNLinking>0149-5992</ISSNLinking></MedlineJournalInfo><ChemicalList><Chemical><RegistryNumber>0</RegistryNumber><NameOfSubstance UI="D007328">Insulin</NameOfSubstance></Chemical></ChemicalList><CitationSubset>IM</CitationSubset><MeshHeadingList><MeshHeading><DescriptorName UI="D000293" MajorTopicYN="N">Adolescent</DescriptorName></MeshHeading><MeshHeading><DescriptorName UI="D000328" MajorTopicYN="N">Adult</DescriptorName></MeshHeading><MeshHeading><DescriptorName UI="D002318" MajorTopicYN="N">Cardiovascular Diseases</DescriptorName><QualifierName UI="Q000517" MajorTopicYN="N">prevention &amp; control</QualifierName></MeshHeading><MeshHeading><DescriptorName UI="D003922" MajorTopicYN="N">Diabetes Mellitus, Type 1</DescriptorName><QualifierName UI="Q000188" MajorTopicYN="Y">drug therapy</QualifierName></MeshHeading><MeshHeading><DescriptorName UI="D003925" MajorTopicYN="N">Diabetic Angiopathies</DescriptorName><QualifierName UI="Q000517" MajorTopicYN="Y">prevention &amp; control</QualifierName></MeshHeading><MeshHeading><DescriptorName UI="D006801" MajorTopicYN="N">Humans</DescriptorName></MeshHeading><MeshHeading><DescriptorName UI="D007328" MajorTopicYN="N">Insulin</DescriptorName><QualifierName UI="Q000627" MajorTopicYN="Y">therapeutic use</QualifierName></MeshHeading><MeshHeading><DescriptorName UI="D016239" MajorTopicYN="N">MEDLINE</DescriptorName></MeshHeading><MeshHeading><DescriptorName UI="D008875" MajorTopicYN="N">Middle Aged</DescriptorName></MeshHeading><MeshHeading><DescriptorName UI="D017063" MajorTopicYN="N">Outcome Assessment, Health Care</DescriptorName></MeshHeading><MeshHeading><DescriptorName UI="D016032" MajorTopicYN="N">Randomized Controlled Trials as Topic</DescriptorName><QualifierName UI="Q000592" MajorTopicYN="N">standards</QualifierName></MeshHeading><MeshHeading><DescriptorName UI="D012307" MajorTopicYN="N">Risk Factors</DescriptorName></MeshHeading></MeshHeadingList></MedlineCitation><PubmedData><History><PubMedPubDate PubStatus="pubmed"><Year>1999</Year><Month>3</Month><Day>31</Day></PubMedPubDate><PubMedPubDate PubStatus="medline"><Year>1999</Year><Month>3</Month><Day>31</Day><Hour>0</Hour><Minute>1</Minute></PubMedPubDate><PubMedPubDate PubStatus="entrez"><Year>1999</Year><Month>3</Month><Day>31</Day><Hour>0</Hour><Minute>0</Minute></PubMedPubDate></History><PublicationStatus>ppublish</PublicationStatus><ArticleIdList><ArticleId IdType="pubmed">10097897</ArticleId></ArticleIdList></PubmedData></PubmedArticle></PubmedArticleSet>