<?xml version="1.0" ?>
<!DOCTYPE PubmedArticleSet PUBLIC "-//NLM//DTD PubMedArticle, 1st January 2019//EN" "https://dtd.nlm.nih.gov/ncbi/pubmed/out/pubmed_190101.dtd">
<PubmedArticleSet><PubmedArticle><MedlineCitation Status="MEDLINE" Owner="NLM"><PMID Version="1">10090898</PMID><DateCompleted><Year>2000</Year><Month>04</Month><Day>05</Day></DateCompleted><DateRevised><Year>2022</Year><Month>03</Month><Day>31</Day></DateRevised><Article PubModel="Print"><Journal><ISSN IssnType="Print">0002-9297</ISSN><JournalIssue CitedMedium="Print"><Volume>64</Volume><Issue>4</Issue><PubDate><Year>1999</Year><Month>Apr</Month></PubDate></JournalIssue><Title>American journal of human genetics</Title><ISOAbbreviation>Am J Hum Genet</ISOAbbreviation></Journal><ArticleTitle>Linkage of type 2 diabetes mellitus and of age at onset to a genetic location on chromosome 10q in Mexican Americans.</ArticleTitle><Pagination><MedlinePgn>1127-40</MedlinePgn></Pagination><Abstract><AbstractText>Since little is known about chromosomal locations harboring type 2 diabetes-susceptibility genes, we conducted a genomewide scan for such genes in a Mexican American population. We used data from 27 low-income extended Mexican American pedigrees consisting of 440 individuals for whom genotypic data are available for 379 markers. We used a variance-components technique to conduct multipoint linkage analyses for two phenotypes: type 2 diabetes (a discrete trait) and age at onset of diabetes (a truncated quantitative trait). For the multipoint analyses, a subset of 295 markers was selected on the basis of optimal spacing and informativeness. We found significant evidence that a susceptibility locus near the marker D10S587 on chromosome 10q influences age at onset of diabetes (LOD score 3.75) and is also linked with type 2 diabetes itself (LOD score 2.88). This susceptibility locus explains 63.8%+/-9.9% (P=. 000016) of the total phenotypic variation in age at onset of diabetes and 65.7%+/-10.9% (P=.000135) of the total variation in liability to type 2 diabetes. Weaker evidence was found for linkage of diabetes and of age at onset to regions on chromosomes 3p, 4q, and 9p. In conclusion, our strongest evidence for linkage to both age at onset of diabetes and type 2 diabetes itself in the Mexican American population was for a region on chromosome 10q.</AbstractText></Abstract><AuthorList CompleteYN="Y"><Author ValidYN="Y"><LastName>Duggirala</LastName><ForeName>R</ForeName><Initials>R</Initials><AffiliationInfo><Affiliation>Division of Clinical Epidemiology, Department of Medicine, University of Texas Health Science Center at San Antonio, San Antonio, TX 78284-7873, USA ravi@snow.uthscsa.edu</Affiliation></AffiliationInfo></Author><Author ValidYN="Y"><LastName>Blangero</LastName><ForeName>J</ForeName><Initials>J</Initials></Author><Author ValidYN="Y"><LastName>Almasy</LastName><ForeName>L</ForeName><Initials>L</Initials></Author><Author ValidYN="Y"><LastName>Dyer</LastName><ForeName>T D</ForeName><Initials>TD</Initials></Author><Author ValidYN="Y"><LastName>Williams</LastName><ForeName>K L</ForeName><Initials>KL</Initials></Author><Author ValidYN="Y"><LastName>Leach</LastName><ForeName>R J</ForeName><Initials>RJ</Initials></Author><Author ValidYN="Y"><LastName>O'Connell</LastName><ForeName>P</ForeName><Initials>P</Initials></Author><Author ValidYN="Y"><LastName>Stern</LastName><ForeName>M P</ForeName><Initials>MP</Initials></Author></AuthorList><Language>eng</Language><GrantList CompleteYN="Y"><Grant><GrantID>DK42273</GrantID><Acronym>DK</Acronym><Agency>NIDDK NIH HHS</Agency><Country>United States</Country></Grant><Grant><GrantID>DK44297</GrantID><Acronym>DK</Acronym><Agency>NIDDK NIH HHS</Agency><Country>United States</Country></Grant><Grant><GrantID>DK47482</GrantID><Acronym>DK</Acronym><Agency>NIDDK NIH HHS</Agency><Country>United States</Country></Grant></GrantList><PublicationTypeList><PublicationType UI="D016428">Journal Article</PublicationType><PublicationType UI="D013487">Research Support, U.S. Gov't, P.H.S.</PublicationType></PublicationTypeList></Article><MedlineJournalInfo><Country>United States</Country><MedlineTA>Am J Hum Genet</MedlineTA><NlmUniqueID>0370475</NlmUniqueID><ISSNLinking>0002-9297</ISSNLinking></MedlineJournalInfo><CitationSubset>IM</CitationSubset><MeshHeadingList><MeshHeading><DescriptorName UI="D000367" MajorTopicYN="N">Age Factors</DescriptorName></MeshHeading><MeshHeading><DescriptorName UI="D017668" MajorTopicYN="N">Age of Onset</DescriptorName></MeshHeading><MeshHeading><DescriptorName UI="D002874" MajorTopicYN="N">Chromosome Mapping</DescriptorName></MeshHeading><MeshHeading><DescriptorName UI="D002879" MajorTopicYN="N">Chromosomes, Human, Pair 10</DescriptorName><QualifierName UI="Q000235" MajorTopicYN="Y">genetics</QualifierName></MeshHeading><MeshHeading><DescriptorName UI="D003924" MajorTopicYN="N">Diabetes Mellitus, Type 2</DescriptorName><QualifierName UI="Q000453" MajorTopicYN="Y">epidemiology</QualifierName><QualifierName UI="Q000235" MajorTopicYN="Y">genetics</QualifierName></MeshHeading><MeshHeading><DescriptorName UI="D018572" MajorTopicYN="N">Disease-Free Survival</DescriptorName></MeshHeading><MeshHeading><DescriptorName UI="D005260" MajorTopicYN="N">Female</DescriptorName></MeshHeading><MeshHeading><DescriptorName UI="D020022" MajorTopicYN="N">Genetic Predisposition to Disease</DescriptorName><QualifierName UI="Q000235" MajorTopicYN="Y">genetics</QualifierName></MeshHeading><MeshHeading><DescriptorName UI="D005838" MajorTopicYN="N">Genotype</DescriptorName></MeshHeading><MeshHeading><DescriptorName UI="D006630" MajorTopicYN="N">Hispanic or Latino</DescriptorName><QualifierName UI="Q000235" MajorTopicYN="Y">genetics</QualifierName></MeshHeading><MeshHeading><DescriptorName UI="D006801" MajorTopicYN="N">Humans</DescriptorName></MeshHeading><MeshHeading><DescriptorName UI="D008126" MajorTopicYN="Y">Lod Score</DescriptorName></MeshHeading><MeshHeading><DescriptorName UI="D008297" MajorTopicYN="N">Male</DescriptorName></MeshHeading><MeshHeading><DescriptorName UI="D008800" MajorTopicYN="N" Type="Geographic">Mexico</DescriptorName><QualifierName UI="Q000208" MajorTopicYN="N">ethnology</QualifierName></MeshHeading><MeshHeading><DescriptorName UI="D018895" MajorTopicYN="N">Microsatellite Repeats</DescriptorName><QualifierName UI="Q000235" MajorTopicYN="N">genetics</QualifierName></MeshHeading><MeshHeading><DescriptorName UI="D010375" MajorTopicYN="N">Pedigree</DescriptorName></MeshHeading><MeshHeading><DescriptorName UI="D019683" MajorTopicYN="N">Penetrance</DescriptorName></MeshHeading><MeshHeading><DescriptorName UI="D019655" MajorTopicYN="N">Quantitative Trait, Heritable</DescriptorName></MeshHeading><MeshHeading><DescriptorName UI="D012737" MajorTopicYN="N">Sex Factors</DescriptorName></MeshHeading><MeshHeading><DescriptorName UI="D014481" MajorTopicYN="N" Type="Geographic">United States</DescriptorName><QualifierName UI="Q000453" MajorTopicYN="N">epidemiology</QualifierName></MeshHeading></MeshHeadingList></MedlineCitation><PubmedData><History><PubMedPubDate PubStatus="pubmed"><Year>1999</Year><Month>3</Month><Day>26</Day><Hour>3</Hour><Minute>2</Minute></PubMedPubDate><PubMedPubDate PubStatus="medline"><Year>2001</Year><Month>7</Month><Day>4</Day><Hour>10</Hour><Minute>1</Minute></PubMedPubDate><PubMedPubDate PubStatus="entrez"><Year>1999</Year><Month>3</Month><Day>26</Day><Hour>3</Hour><Minute>2</Minute></PubMedPubDate></History><PublicationStatus>ppublish</PublicationStatus><ArticleIdList><ArticleId IdType="pubmed">10090898</ArticleId><ArticleId IdType="pii">AJHG980631</ArticleId><ArticleId IdType="pmc">PMC1377837</ArticleId><ArticleId IdType="doi">10.1086/302316</ArticleId></ArticleIdList><ReferenceList><Reference><Citation>Diabetes Metab Rev. 1990 Feb;6(1):29-45</Citation><ArticleIdList><ArticleId IdType="pubmed">2192854</ArticleId></ArticleIdList></Reference><Reference><Citation>Genet Epidemiol. 1997;14(6):719-35</Citation><ArticleIdList><ArticleId IdType="pubmed">9433569</ArticleId></ArticleIdList></Reference><Reference><Citation>Proc Natl Acad Sci U S A. 1991 Feb 15;88(4):1484-8</Citation><ArticleIdList><ArticleId IdType="pubmed">1899928</ArticleId></ArticleIdList></Reference><Reference><Citation>Nature. 1992 Mar 12;356(6365):162-4</Citation><ArticleIdList><ArticleId IdType="pubmed">1545870</ArticleId></ArticleIdList></Reference><Reference><Citation>Nucleic Acids Res. 1994 Sep;22(17):3462-9</Citation><ArticleIdList><ArticleId IdType="pubmed">7937047</ArticleId></ArticleIdList></Reference><Reference><Citation>Diabetologia. 1994 Oct;37(10):959-68</Citation><ArticleIdList><ArticleId IdType="pubmed">7851690</ArticleId></ArticleIdList></Reference><Reference><Citation>J Clin Invest. 1995 Mar;95(3):1281-7</Citation><ArticleIdList><ArticleId IdType="pubmed">7883976</ArticleId></ArticleIdList></Reference><Reference><Citation>Genomics. 1994 Dec;24(3):557-67</Citation><ArticleIdList><ArticleId IdType="pubmed">7713508</ArticleId></ArticleIdList></Reference><Reference><Citation>Science. 1995 Apr 21;268(5209):426-9</Citation><ArticleIdList><ArticleId IdType="pubmed">7716548</ArticleId></ArticleIdList></Reference><Reference><Citation>Am J Hum Genet. 1995 May;56(5):1224-33</Citation><ArticleIdList><ArticleId IdType="pubmed">7726180</ArticleId></ArticleIdList></Reference><Reference><Citation>Adv Genet. 1995;32:51-98</Citation><ArticleIdList><ArticleId IdType="pubmed">7741025</ArticleId></ArticleIdList></Reference><Reference><Citation>Nat Genet. 1995 Apr;9(4):418-23</Citation><ArticleIdList><ArticleId IdType="pubmed">7795649</ArticleId></ArticleIdList></Reference><Reference><Citation>Am J Hum Genet. 1995 Jul;57(1):160-70</Citation><ArticleIdList><ArticleId IdType="pubmed">7611284</ArticleId></ArticleIdList></Reference><Reference><Citation>Am J Hum Genet. 1974 Jan;26(1):13-34</Citation><ArticleIdList><ArticleId IdType="pubmed">4811752</ArticleId></ArticleIdList></Reference><Reference><Citation>Biometrics. 1974 Mar;30(1):41-57</Citation><ArticleIdList><ArticleId IdType="pubmed">4813384</ArticleId></ArticleIdList></Reference><Reference><Citation>Clin Genet. 1977 Oct;12(4):208-12</Citation><ArticleIdList><ArticleId IdType="pubmed">334399</ArticleId></ArticleIdList></Reference><Reference><Citation>Am J Public Health. 1979 Dec;69(12):1277-8</Citation><ArticleIdList><ArticleId IdType="pubmed">507261</ArticleId></ArticleIdList></Reference><Reference><Citation>Diabetes Care. 1979 Mar-Apr;2(2):144-53</Citation><ArticleIdList><ArticleId IdType="pubmed">520118</ArticleId></ArticleIdList></Reference><Reference><Citation>Diabetologia. 1981 Feb;20(2):87-93</Citation><ArticleIdList><ArticleId IdType="pubmed">7193616</ArticleId></ArticleIdList></Reference><Reference><Citation>Am J Epidemiol. 1984 Dec;120(6):834-51</Citation><ArticleIdList><ArticleId IdType="pubmed">6507426</ArticleId></ArticleIdList></Reference><Reference><Citation>Genet Epidemiol. 1986;3(6):435-54</Citation><ArticleIdList><ArticleId IdType="pubmed">3803913</ArticleId></ArticleIdList></Reference><Reference><Citation>Diabetologia. 1987 Oct;30(10):763-8</Citation><ArticleIdList><ArticleId IdType="pubmed">3428496</ArticleId></ArticleIdList></Reference><Reference><Citation>Am J Hum Genet. 1988 Oct;43(4):520-6</Citation><ArticleIdList><ArticleId IdType="pubmed">3177389</ArticleId></ArticleIdList></Reference><Reference><Citation>Adv Intern Med. 1989;34:73-96</Citation><ArticleIdList><ArticleId IdType="pubmed">2644769</ArticleId></ArticleIdList></Reference><Reference><Citation>Diabetes. 1995 Sep;44(9):1046-53</Citation><ArticleIdList><ArticleId IdType="pubmed">7657027</ArticleId></ArticleIdList></Reference><Reference><Citation>Nat Genet. 1995 Nov;11(3):241-7</Citation><ArticleIdList><ArticleId IdType="pubmed">7581446</ArticleId></ArticleIdList></Reference><Reference><Citation>Diabetes. 1996 Jan;45(1):1-14</Citation><ArticleIdList><ArticleId IdType="pubmed">8522051</ArticleId></ArticleIdList></Reference><Reference><Citation>N Engl J Med. 1996 Mar 21;334(12):777-83</Citation><ArticleIdList><ArticleId IdType="pubmed">8592553</ArticleId></ArticleIdList></Reference><Reference><Citation>Nucleic Acids Res. 1996 Jan 1;24(1):57-63</Citation><ArticleIdList><ArticleId IdType="pubmed">8594601</ArticleId></ArticleIdList></Reference><Reference><Citation>Diabetes. 1996 May;45(5):563-8</Citation><ArticleIdList><ArticleId IdType="pubmed">8621004</ArticleId></ArticleIdList></Reference><Reference><Citation>Diabetes. 1996 Jun;45(6):825-31</Citation><ArticleIdList><ArticleId IdType="pubmed">8635661</ArticleId></ArticleIdList></Reference><Reference><Citation>Am J Hum Genet. 1996 Apr;58(4):867-80</Citation><ArticleIdList><ArticleId IdType="pubmed">8644751</ArticleId></ArticleIdList></Reference><Reference><Citation>Am J Hum Genet. 1996 Apr;58(4):892-5</Citation><ArticleIdList><ArticleId IdType="pubmed">8644756</ArticleId></ArticleIdList></Reference><Reference><Citation>Nat Genet. 1996 Jun;13(2):161-6</Citation><ArticleIdList><ArticleId IdType="pubmed">8640221</ArticleId></ArticleIdList></Reference><Reference><Citation>Diabetologia. 1995 Dec;38(12):1479-81</Citation><ArticleIdList><ArticleId IdType="pubmed">8786023</ArticleId></ArticleIdList></Reference><Reference><Citation>Annu Rev Med. 1996;47:509-31</Citation><ArticleIdList><ArticleId IdType="pubmed">8712800</ArticleId></ArticleIdList></Reference><Reference><Citation>Am J Hum Genet. 1996 Sep;59(3):694-703</Citation><ArticleIdList><ArticleId IdType="pubmed">8751871</ArticleId></ArticleIdList></Reference><Reference><Citation>Nat Genet. 1996 Sep;14(1):90-4</Citation><ArticleIdList><ArticleId IdType="pubmed">8782826</ArticleId></ArticleIdList></Reference><Reference><Citation>Genome Res. 1996 Aug;6(8):724-34</Citation><ArticleIdList><ArticleId IdType="pubmed">8858347</ArticleId></ArticleIdList></Reference><Reference><Citation>Hum Mol Genet. 1996 Nov;5(11):1813-22</Citation><ArticleIdList><ArticleId IdType="pubmed">8923011</ArticleId></ArticleIdList></Reference><Reference><Citation>Proc Natl Acad Sci U S A. 1996 Dec 10;93(25):14771-5</Citation><ArticleIdList><ArticleId IdType="pubmed">8962130</ArticleId></ArticleIdList></Reference><Reference><Citation>Am J Hum Genet. 1997 Mar;60(3):735-8</Citation><ArticleIdList><ArticleId IdType="pubmed">9042936</ArticleId></ArticleIdList></Reference><Reference><Citation>Nat Genet. 1997 Mar;15(3):273-6</Citation><ArticleIdList><ArticleId IdType="pubmed">9054940</ArticleId></ArticleIdList></Reference><Reference><Citation>Genet Epidemiol. 1997;14(6):953-8</Citation><ArticleIdList><ArticleId IdType="pubmed">9433606</ArticleId></ArticleIdList></Reference><Reference><Citation>Genet Epidemiol. 1997;14(6):959-64</Citation><ArticleIdList><ArticleId IdType="pubmed">9433607</ArticleId></ArticleIdList></Reference><Reference><Citation>Genet Epidemiol. 1997;14(6):987-92</Citation><ArticleIdList><ArticleId IdType="pubmed">9433612</ArticleId></ArticleIdList></Reference><Reference><Citation>Genet Epidemiol. 1997;14(6):1065-70</Citation><ArticleIdList><ArticleId IdType="pubmed">9433625</ArticleId></ArticleIdList></Reference><Reference><Citation>Diabetes. 1998 Mar;47(3):476-81</Citation><ArticleIdList><ArticleId IdType="pubmed">9519757</ArticleId></ArticleIdList></Reference><Reference><Citation>Am J Hum Genet. 1998 May;62(5):1198-211</Citation><ArticleIdList><ArticleId IdType="pubmed">9545414</ArticleId></ArticleIdList></Reference><Reference><Citation>Diabetes. 1997 Apr;46(4):688-94</Citation><ArticleIdList><ArticleId IdType="pubmed">9075812</ArticleId></ArticleIdList></Reference><Reference><Citation>Diabetes. 1997 Jul;46(7):1225-6</Citation><ArticleIdList><ArticleId IdType="pubmed">9200659</ArticleId></ArticleIdList></Reference><Reference><Citation>Diabetes. 1997 Jul;46(7):1227-9</Citation><ArticleIdList><ArticleId IdType="pubmed">9200660</ArticleId></ArticleIdList></Reference><Reference><Citation>J Nutr. 1997 Sep;127(9):1891S-1896S</Citation><ArticleIdList><ArticleId IdType="pubmed">9278577</ArticleId></ArticleIdList></Reference><Reference><Citation>Am J Hum Genet. 1997 Aug;61(2):430-8</Citation><ArticleIdList><ArticleId IdType="pubmed">9311749</ArticleId></ArticleIdList></Reference><Reference><Citation>Nat Genet. 1997 Oct;17(2):148</Citation><ArticleIdList><ArticleId IdType="pubmed">9326932</ArticleId></ArticleIdList></Reference><Reference><Citation>Lancet. 1991 Feb 16;337(8738):382-6</Citation><ArticleIdList><ArticleId IdType="pubmed">1671422</ArticleId></ArticleIdList></Reference></ReferenceList></PubmedData></PubmedArticle></PubmedArticleSet>