<?xml version="1.0" ?>
<!DOCTYPE PubmedArticleSet PUBLIC "-//NLM//DTD PubMedArticle, 1st January 2019//EN" "https://dtd.nlm.nih.gov/ncbi/pubmed/out/pubmed_190101.dtd">
<PubmedArticleSet><PubmedArticle><MedlineCitation Status="MEDLINE" Owner="NLM"><PMID Version="1">10096786</PMID><DateCompleted><Year>1999</Year><Month>05</Month><Day>17</Day></DateCompleted><DateRevised><Year>2014</Year><Month>11</Month><Day>20</Day></DateRevised><Article PubModel="Print"><Journal><ISSN IssnType="Print">0012-186X</ISSN><JournalIssue CitedMedium="Print"><Volume>42</Volume><Issue>3</Issue><PubDate><Year>1999</Year><Month>Mar</Month></PubDate></JournalIssue><Title>Diabetologia</Title><ISOAbbreviation>Diabetologia</ISOAbbreviation></Journal><ArticleTitle>Intensity and mechanisms of in vitro xenorecognition of adult pig pancreatic islet cells by CD4+ and CD8+ lymphocytes from type I diabetic or healthy subjects.</ArticleTitle><Pagination><MedlinePgn>330-5</MedlinePgn></Pagination><Abstract><AbstractText>The intensity and mechanisms of cell-mediated rejection of pig islet cells were studied in 49 Type I diabetic and 34 healthy subjects. Human peripheral mononuclear cells proliferated strongly in response to pig islet cells (p&lt;0.001), though with notable interindividual variations (stimulation index 2 to 215). The variance of stimulation index was higher in diabetic than healthy subjects (p&lt;0.0001). The response to islet cells was stronger (p&lt;0.01) than that to pig splenocytes. Proliferation in response to islet cells was strongly decreased (p&lt;0.01) when CD4+ T cells were blocked with monoclonal antibodies, whereas the blocking of CD8+ cells or NK cells gave less pronounced effects. The response to islet cells was decreased (p&lt;0.01), but not abolished, after antigen-presenting cells were removed. Purified CD4+ cells alone did not proliferate in response to islet cells but recovered their proliferative ability when mixed with antigen-presenting cells, whereas CD8+ cells alone proliferated in the presence of interleukin-2 in response to islet cells. Proliferation was blocked (p&lt;0.01) by anti-DR monoclonal antibodies. During proliferation in response to islet cells, interleukin-10 increased 43-fold (p&lt;0.01) but interferon-gamma increased only slightly. No statistical differences were detected between diabetic and control subjects with respect to lymphocyte subsets and the recognition mechanisms or to interferon-gamma/interleukin-10 production in response to islet cells. These results provide the first detailed information on human cell-mediated xenoreaction to pig islet cells. This situation involves a dominant CD4 class II-restricted Th2 response, with an indirect recognition pathway, as well as a CD8 T-cell response resulting from direct recognition. This strong reaction constitutes a serious obstacle which may vary in degree among subjects.</AbstractText></Abstract><AuthorList CompleteYN="Y"><Author ValidYN="Y"><LastName>Lalain</LastName><ForeName>S</ForeName><Initials>S</Initials><AffiliationInfo><Affiliation>Cellular and Molecular Immuno-Endocrinology, University/INRA/ENVN, Nantes, France.</Affiliation></AffiliationInfo></Author><Author ValidYN="Y"><LastName>Chaillous</LastName><ForeName>L</ForeName><Initials>L</Initials></Author><Author ValidYN="Y"><LastName>Gouin</LastName><ForeName>E</ForeName><Initials>E</Initials></Author><Author ValidYN="Y"><LastName>Saï</LastName><ForeName>P</ForeName><Initials>P</Initials></Author></AuthorList><Language>eng</Language><PublicationTypeList><PublicationType UI="D016428">Journal Article</PublicationType></PublicationTypeList></Article><MedlineJournalInfo><Country>Germany</Country><MedlineTA>Diabetologia</MedlineTA><NlmUniqueID>0006777</NlmUniqueID><ISSNLinking>0012-186X</ISSNLinking></MedlineJournalInfo><ChemicalList><Chemical><RegistryNumber>0</RegistryNumber><NameOfSubstance UI="D000911">Antibodies, Monoclonal</NameOfSubstance></Chemical></ChemicalList><CitationSubset>IM</CitationSubset><MeshHeadingList><MeshHeading><DescriptorName UI="D000328" MajorTopicYN="N">Adult</DescriptorName></MeshHeading><MeshHeading><DescriptorName UI="D000818" MajorTopicYN="N">Animals</DescriptorName></MeshHeading><MeshHeading><DescriptorName UI="D000911" MajorTopicYN="N">Antibodies, Monoclonal</DescriptorName></MeshHeading><MeshHeading><DescriptorName UI="D015496" MajorTopicYN="N">CD4-Positive T-Lymphocytes</DescriptorName><QualifierName UI="Q000276" MajorTopicYN="Y">immunology</QualifierName></MeshHeading><MeshHeading><DescriptorName UI="D018414" MajorTopicYN="N">CD8-Positive T-Lymphocytes</DescriptorName><QualifierName UI="Q000276" MajorTopicYN="Y">immunology</QualifierName></MeshHeading><MeshHeading><DescriptorName UI="D002478" MajorTopicYN="N">Cells, Cultured</DescriptorName></MeshHeading><MeshHeading><DescriptorName UI="D003922" MajorTopicYN="N">Diabetes Mellitus, Type 1</DescriptorName><QualifierName UI="Q000276" MajorTopicYN="Y">immunology</QualifierName></MeshHeading><MeshHeading><DescriptorName UI="D005260" MajorTopicYN="N">Female</DescriptorName></MeshHeading><MeshHeading><DescriptorName UI="D006801" MajorTopicYN="N">Humans</DescriptorName></MeshHeading><MeshHeading><DescriptorName UI="D066298" MajorTopicYN="N">In Vitro Techniques</DescriptorName></MeshHeading><MeshHeading><DescriptorName UI="D007515" MajorTopicYN="N">Islets of Langerhans</DescriptorName><QualifierName UI="Q000276" MajorTopicYN="Y">immunology</QualifierName></MeshHeading><MeshHeading><DescriptorName UI="D007694" MajorTopicYN="N">Killer Cells, Natural</DescriptorName><QualifierName UI="Q000276" MajorTopicYN="N">immunology</QualifierName></MeshHeading><MeshHeading><DescriptorName UI="D008213" MajorTopicYN="Y">Lymphocyte Activation</DescriptorName></MeshHeading><MeshHeading><DescriptorName UI="D008297" MajorTopicYN="N">Male</DescriptorName></MeshHeading><MeshHeading><DescriptorName UI="D012016" MajorTopicYN="N">Reference Values</DescriptorName></MeshHeading><MeshHeading><DescriptorName UI="D013154" MajorTopicYN="N">Spleen</DescriptorName><QualifierName UI="Q000276" MajorTopicYN="N">immunology</QualifierName></MeshHeading><MeshHeading><DescriptorName UI="D013552" MajorTopicYN="N">Swine</DescriptorName></MeshHeading><MeshHeading><DescriptorName UI="D014183" MajorTopicYN="N">Transplantation, Heterologous</DescriptorName><QualifierName UI="Q000276" MajorTopicYN="N">immunology</QualifierName></MeshHeading></MeshHeadingList></MedlineCitation><PubmedData><History><PubMedPubDate PubStatus="pubmed"><Year>1999</Year><Month>3</Month><Day>30</Day></PubMedPubDate><PubMedPubDate PubStatus="medline"><Year>1999</Year><Month>3</Month><Day>30</Day><Hour>0</Hour><Minute>1</Minute></PubMedPubDate><PubMedPubDate PubStatus="entrez"><Year>1999</Year><Month>3</Month><Day>30</Day><Hour>0</Hour><Minute>0</Minute></PubMedPubDate></History><PublicationStatus>ppublish</PublicationStatus><ArticleIdList><ArticleId IdType="pubmed">10096786</ArticleId><ArticleId IdType="doi">10.1007/s001250051159</ArticleId></ArticleIdList></PubmedData></PubmedArticle></PubmedArticleSet>