<?xml version="1.0" ?>
<!DOCTYPE PubmedArticleSet PUBLIC "-//NLM//DTD PubMedArticle, 1st January 2019//EN" "https://dtd.nlm.nih.gov/ncbi/pubmed/out/pubmed_190101.dtd">
<PubmedArticleSet><PubmedArticle><MedlineCitation Status="MEDLINE" Owner="NLM"><PMID Version="1">10102711</PMID><DateCompleted><Year>1999</Year><Month>04</Month><Day>15</Day></DateCompleted><DateRevised><Year>2019</Year><Month>05</Month><Day>15</Day></DateRevised><Article PubModel="Print"><Journal><ISSN IssnType="Print">0012-1797</ISSN><JournalIssue CitedMedium="Print"><Volume>48</Volume><Issue>4</Issue><PubDate><Year>1999</Year><Month>Apr</Month></PubDate></JournalIssue><Title>Diabetes</Title><ISOAbbreviation>Diabetes</ISOAbbreviation></Journal><ArticleTitle>Familial clustering of diabetic nephropathy in Brazilian type 2 diabetic patients.</ArticleTitle><Pagination><MedlinePgn>909-13</MedlinePgn></Pagination><Abstract><AbstractText>There is evidence for genetic predisposition to diabetic nephropathy in type 1 diabetic patients. However, there are few studies on type 2 diabetic patients, and most of those have been conducted on ethnic minorities or Caucasian individuals. The aim of this study was to ascertain the presence of an inherited predisposition to diabetic nephropathy in a sample of Brazilian type 2 diabetic patients. Families with two or more type 2 diabetic siblings were identified. Subjects with the longest duration of known diabetes were considered probands. Some 90 probands and their 107 diabetic siblings were studied. Urinary albumin excretion rate was measured in a sterile 24-h urine sample on at least three different occasions. Probands and siblings were classified according to urinary albumin excretion rate as normo- (&lt;20 microg/min), micro- (20-200 microg/min), or macroalbuminuric (&gt;200 microg/min). Patients with end-stage renal disease were included in the macroalbuminuric group. Macroalbuminuria was identified in 5.2% of the siblings of normoalbuminuric probands and in 24.1% of the siblings of macroalbuminuric probands (P = 0.024). In multiple logistic regression, the presence of diabetic nephropathy in probands (micro- or macroalbuminuria and end-stage renal disease) was significantly associated with the presence of sibling diabetic nephropathy (odds ratio = 3.75, 95% CI = 1.36-10.40, P = 0.011) adjusted for proband fasting plasma glucose and diabetes duration. Interpretation of these results should take into account the possibility that the families including siblings with diabetic nephropathy may have been overcounted and, on the other hand, that the siblings without diabetic nephropathy may have been undercounted. In conclusion, there is a familial aggregation of diabetic nephropathy in this sample of type 2 diabetic patients.</AbstractText></Abstract><AuthorList CompleteYN="Y"><Author ValidYN="Y"><LastName>Canani</LastName><ForeName>L H</ForeName><Initials>LH</Initials><AffiliationInfo><Affiliation>Hospital de Clínicas de Porto Alegre, Federal University of Rio Grande do Sul, Brazil.</Affiliation></AffiliationInfo></Author><Author ValidYN="Y"><LastName>Gerchman</LastName><ForeName>F</ForeName><Initials>F</Initials></Author><Author ValidYN="Y"><LastName>Gross</LastName><ForeName>J L</ForeName><Initials>JL</Initials></Author></AuthorList><Language>eng</Language><PublicationTypeList><PublicationType UI="D016428">Journal Article</PublicationType><PublicationType UI="D013485">Research Support, Non-U.S. Gov't</PublicationType></PublicationTypeList></Article><MedlineJournalInfo><Country>United States</Country><MedlineTA>Diabetes</MedlineTA><NlmUniqueID>0372763</NlmUniqueID><ISSNLinking>0012-1797</ISSNLinking></MedlineJournalInfo><CitationSubset>IM</CitationSubset><MeshHeadingList><MeshHeading><DescriptorName UI="D000328" MajorTopicYN="N">Adult</DescriptorName></MeshHeading><MeshHeading><DescriptorName UI="D000368" MajorTopicYN="N">Aged</DescriptorName></MeshHeading><MeshHeading><DescriptorName UI="D000419" MajorTopicYN="N">Albuminuria</DescriptorName><QualifierName UI="Q000652" MajorTopicYN="N">urine</QualifierName></MeshHeading><MeshHeading><DescriptorName UI="D001938" MajorTopicYN="N" Type="Geographic">Brazil</DescriptorName></MeshHeading><MeshHeading><DescriptorName UI="D003924" MajorTopicYN="N">Diabetes Mellitus, Type 2</DescriptorName><QualifierName UI="Q000235" MajorTopicYN="Y">genetics</QualifierName></MeshHeading><MeshHeading><DescriptorName UI="D003928" MajorTopicYN="N">Diabetic Nephropathies</DescriptorName><QualifierName UI="Q000453" MajorTopicYN="N">epidemiology</QualifierName><QualifierName UI="Q000235" MajorTopicYN="Y">genetics</QualifierName><QualifierName UI="Q000652" MajorTopicYN="N">urine</QualifierName></MeshHeading><MeshHeading><DescriptorName UI="D005260" MajorTopicYN="N">Female</DescriptorName></MeshHeading><MeshHeading><DescriptorName UI="D020022" MajorTopicYN="Y">Genetic Predisposition to Disease</DescriptorName></MeshHeading><MeshHeading><DescriptorName UI="D006801" MajorTopicYN="N">Humans</DescriptorName></MeshHeading><MeshHeading><DescriptorName UI="D008297" MajorTopicYN="N">Male</DescriptorName></MeshHeading><MeshHeading><DescriptorName UI="D008875" MajorTopicYN="N">Middle Aged</DescriptorName></MeshHeading><MeshHeading><DescriptorName UI="D015995" MajorTopicYN="N">Prevalence</DescriptorName></MeshHeading></MeshHeadingList></MedlineCitation><PubmedData><History><PubMedPubDate PubStatus="pubmed"><Year>1999</Year><Month>4</Month><Day>2</Day></PubMedPubDate><PubMedPubDate PubStatus="medline"><Year>1999</Year><Month>4</Month><Day>2</Day><Hour>0</Hour><Minute>1</Minute></PubMedPubDate><PubMedPubDate PubStatus="entrez"><Year>1999</Year><Month>4</Month><Day>2</Day><Hour>0</Hour><Minute>0</Minute></PubMedPubDate></History><PublicationStatus>ppublish</PublicationStatus><ArticleIdList><ArticleId IdType="pubmed">10102711</ArticleId><ArticleId IdType="doi">10.2337/diabetes.48.4.909</ArticleId></ArticleIdList></PubmedData></PubmedArticle></PubmedArticleSet>