<?xml version="1.0" ?>
<!DOCTYPE PubmedArticleSet PUBLIC "-//NLM//DTD PubMedArticle, 1st January 2019//EN" "https://dtd.nlm.nih.gov/ncbi/pubmed/out/pubmed_190101.dtd">
<PubmedArticleSet><PubmedArticle><MedlineCitation Status="MEDLINE" Owner="NLM"><PMID Version="1">10102689</PMID><DateCompleted><Year>1999</Year><Month>04</Month><Day>15</Day></DateCompleted><DateRevised><Year>2022</Year><Month>02</Month><Day>25</Day></DateRevised><Article PubModel="Print"><Journal><ISSN IssnType="Print">0012-1797</ISSN><JournalIssue CitedMedium="Print"><Volume>48</Volume><Issue>4</Issue><PubDate><Year>1999</Year><Month>Apr</Month></PubDate></JournalIssue><Title>Diabetes</Title><ISOAbbreviation>Diabetes</ISOAbbreviation></Journal><ArticleTitle>Hyperglycemia-induced beta-cell apoptosis in pancreatic islets of Psammomys obesus during development of diabetes.</ArticleTitle><Pagination><MedlinePgn>738-44</MedlinePgn></Pagination><Abstract><AbstractText>The gerbil Psammomys obesus develops nutrition-dependent diabetes associated with moderate obesity. The disease is characterized by initial hyperinsulinemia, progressing to hypoinsulinemia associated with depleted pancreatic insulin stores. The contribution of changes in beta-cell turnover to insulin deficiency was investigated in vivo during transition to overt diabetes. Normo glycemic diabetes-prone P. obesus animals who were given a high-calorie diet developed hyperglycemia within 4 days, which was found to be associated with a progressive decline in pancreatic insulin content. This was accompanied by a transient increase in beta-cell proliferative activity and by a prolonged increase in the rate of beta-cell death, culminating in disruption of islet architecture. The hypothesis that "glucotoxicity" was responsible for these in vivo changes was investigated in vitro in primary islet cultures. Exposure of islets from diabetes-prone P. obesus to high glucose levels resulted in a dose-dependent increase in beta-cell DNA fragmentation. In contrast, high glucose levels did not induce DNA fragmentation in rat islets, whereas islets from a diabetes-resistant P. obesus line exhibited a reduced and delayed response. Aminoguanidine did not prevent glucose-induced beta-cell DNA fragmentation in vitro, suggesting that formation of nitric oxide and/or advanced glycation end products plays no major role. Elevated glucose concentrations stimulated beta-cell proliferation in both rat and P. obesus islets. However, unlike the marked long-lasting effect in rat islets, only a transient and reduced proliferative response was observed in P. obesus islets; furthermore, beta-cell proliferation was inhibited after prolonged exposure to elevated glucose levels. These results suggest that hyperglycemia-induced beta-cell death coupled with reduced proliferative capacity may contribute to the insulin deficiency and deterioration of glucose homeostasis in P. obesus. Similar adverse effects of hyperglycemia could play a role in the evolution of type 2 diabetes in genetically susceptible individuals.</AbstractText></Abstract><AuthorList CompleteYN="Y"><Author ValidYN="Y"><LastName>Donath</LastName><ForeName>M Y</ForeName><Initials>MY</Initials><AffiliationInfo><Affiliation>Department of Endocrinology and Metabolism, Hebrew University-Hadassah Medical Center, Jerusalem, Israel.</Affiliation></AffiliationInfo></Author><Author ValidYN="Y"><LastName>Gross</LastName><ForeName>D J</ForeName><Initials>DJ</Initials></Author><Author ValidYN="Y"><LastName>Cerasi</LastName><ForeName>E</ForeName><Initials>E</Initials></Author><Author ValidYN="Y"><LastName>Kaiser</LastName><ForeName>N</ForeName><Initials>N</Initials></Author></AuthorList><Language>eng</Language><PublicationTypeList><PublicationType UI="D003160">Comparative Study</PublicationType><PublicationType UI="D016428">Journal Article</PublicationType><PublicationType UI="D013485">Research Support, Non-U.S. Gov't</PublicationType></PublicationTypeList></Article><MedlineJournalInfo><Country>United States</Country><MedlineTA>Diabetes</MedlineTA><NlmUniqueID>0372763</NlmUniqueID><ISSNLinking>0012-1797</ISSNLinking></MedlineJournalInfo><ChemicalList><Chemical><RegistryNumber>IY9XDZ35W2</RegistryNumber><NameOfSubstance UI="D005947">Glucose</NameOfSubstance></Chemical></ChemicalList><CitationSubset>IM</CitationSubset><MeshHeadingList><MeshHeading><DescriptorName UI="D000818" MajorTopicYN="N">Animals</DescriptorName></MeshHeading><MeshHeading><DescriptorName UI="D017209" MajorTopicYN="N">Apoptosis</DescriptorName><QualifierName UI="Q000502" MajorTopicYN="Y">physiology</QualifierName></MeshHeading><MeshHeading><DescriptorName UI="D002455" MajorTopicYN="N">Cell Division</DescriptorName><QualifierName UI="Q000187" MajorTopicYN="N">drug effects</QualifierName></MeshHeading><MeshHeading><DescriptorName UI="D002478" MajorTopicYN="N">Cells, Cultured</DescriptorName></MeshHeading><MeshHeading><DescriptorName UI="D053938" MajorTopicYN="N">DNA Fragmentation</DescriptorName></MeshHeading><MeshHeading><DescriptorName UI="D003924" MajorTopicYN="N">Diabetes Mellitus, Type 2</DescriptorName><QualifierName UI="Q000235" MajorTopicYN="N">genetics</QualifierName><QualifierName UI="Q000503" MajorTopicYN="Y">physiopathology</QualifierName></MeshHeading><MeshHeading><DescriptorName UI="D005260" MajorTopicYN="N">Female</DescriptorName></MeshHeading><MeshHeading><DescriptorName UI="D005849" MajorTopicYN="N">Gerbillinae</DescriptorName></MeshHeading><MeshHeading><DescriptorName UI="D005947" MajorTopicYN="N">Glucose</DescriptorName><QualifierName UI="Q000494" MajorTopicYN="N">pharmacology</QualifierName></MeshHeading><MeshHeading><DescriptorName UI="D006943" MajorTopicYN="N">Hyperglycemia</DescriptorName><QualifierName UI="Q000503" MajorTopicYN="Y">physiopathology</QualifierName></MeshHeading><MeshHeading><DescriptorName UI="D007515" MajorTopicYN="N">Islets of Langerhans</DescriptorName><QualifierName UI="Q000473" MajorTopicYN="N">pathology</QualifierName><QualifierName UI="Q000503" MajorTopicYN="Y">physiopathology</QualifierName></MeshHeading><MeshHeading><DescriptorName UI="D008297" MajorTopicYN="N">Male</DescriptorName></MeshHeading><MeshHeading><DescriptorName UI="D051381" MajorTopicYN="N">Rats</DescriptorName></MeshHeading><MeshHeading><DescriptorName UI="D017207" MajorTopicYN="N">Rats, Sprague-Dawley</DescriptorName></MeshHeading></MeshHeadingList></MedlineCitation><PubmedData><History><PubMedPubDate PubStatus="pubmed"><Year>1999</Year><Month>4</Month><Day>2</Day></PubMedPubDate><PubMedPubDate PubStatus="medline"><Year>1999</Year><Month>4</Month><Day>2</Day><Hour>0</Hour><Minute>1</Minute></PubMedPubDate><PubMedPubDate PubStatus="entrez"><Year>1999</Year><Month>4</Month><Day>2</Day><Hour>0</Hour><Minute>0</Minute></PubMedPubDate></History><PublicationStatus>ppublish</PublicationStatus><ArticleIdList><ArticleId IdType="pubmed">10102689</ArticleId><ArticleId IdType="doi">10.2337/diabetes.48.4.738</ArticleId></ArticleIdList></PubmedData></PubmedArticle></PubmedArticleSet>