<?xml version="1.0" ?>
<!DOCTYPE PubmedArticleSet PUBLIC "-//NLM//DTD PubMedArticle, 1st January 2019//EN" "https://dtd.nlm.nih.gov/ncbi/pubmed/out/pubmed_190101.dtd">
<PubmedArticleSet><PubmedArticle><MedlineCitation Status="MEDLINE" Owner="NLM"><PMID Version="1">10102716</PMID><DateCompleted><Year>1999</Year><Month>04</Month><Day>15</Day></DateCompleted><DateRevised><Year>2022</Year><Month>04</Month><Day>09</Day></DateRevised><Article PubModel="Print"><Journal><ISSN IssnType="Print">0012-1797</ISSN><JournalIssue CitedMedium="Print"><Volume>48</Volume><Issue>4</Issue><PubDate><Year>1999</Year><Month>Apr</Month></PubDate></JournalIssue><Title>Diabetes</Title><ISOAbbreviation>Diabetes</ISOAbbreviation></Journal><ArticleTitle>Hyperglycemia causes oxidative stress in pancreatic beta-cells of GK rats, a model of type 2 diabetes.</ArticleTitle><Pagination><MedlinePgn>927-32</MedlinePgn></Pagination><Abstract><AbstractText>Reactive oxygen species are involved in a diversity of biological phenomena such as inflammation, carcinogenesis, aging, and atherosclerosis. We and other investigators have shown that the level of 8-hydroxy-2'-deoxyguanosine (8-OHdG), a marker for oxidative stress, is increased in either the urine or the mononuclear cells of the blood of type 2 diabetic patients. However, the association between type 2 diabetes and oxidative stress in the pancreatic beta-cells has not been previously described. We measured the levels of 8-OHdG and 4-hydroxy-2-nonenal (HNE)-modified proteins in the pancreatic beta-cells of GK rats, a model of nonobese type 2 diabetes. Quantitative immunohistochemical analyses with specific antibodies revealed higher levels of 8-OHdG and HNE-modified proteins in the pancreatic beta-cells of GK rats than in the control Wistar rats, with the levels increasing proportionally with age and fibrosis of the pancreatic islets. We further investigated whether the levels of 8-OHdG and HNE-modified proteins would be modified in the pancreatic beta-cells of GK rats fed with 30% sucrose solution or 50 ppm of voglibose (alpha-glucosidase inhibitor). In the GK rats, the levels of 8-OHdG and HNE-modified proteins, as well as islet fibrosis, were increased by sucrose treatment but reduced by voglibose treatment. These results indicate that the pancreatic beta-cells of GK rats are oxidatively stressed, and that chronic hyperglycemia might be responsible for the oxidative stress observed in the pancreatic beta-cells.</AbstractText></Abstract><AuthorList CompleteYN="Y"><Author ValidYN="Y"><LastName>Ihara</LastName><ForeName>Y</ForeName><Initials>Y</Initials><AffiliationInfo><Affiliation>Department of Metabolism and Clinical Nutrition, Graduate School of Medicine, Kyoto University, Japan. ihara@metab.kuhp.kyoto-u.ac.jp</Affiliation></AffiliationInfo></Author><Author ValidYN="Y"><LastName>Toyokuni</LastName><ForeName>S</ForeName><Initials>S</Initials></Author><Author ValidYN="Y"><LastName>Uchida</LastName><ForeName>K</ForeName><Initials>K</Initials></Author><Author ValidYN="Y"><LastName>Odaka</LastName><ForeName>H</ForeName><Initials>H</Initials></Author><Author ValidYN="Y"><LastName>Tanaka</LastName><ForeName>T</ForeName><Initials>T</Initials></Author><Author ValidYN="Y"><LastName>Ikeda</LastName><ForeName>H</ForeName><Initials>H</Initials></Author><Author ValidYN="Y"><LastName>Hiai</LastName><ForeName>H</ForeName><Initials>H</Initials></Author><Author ValidYN="Y"><LastName>Seino</LastName><ForeName>Y</ForeName><Initials>Y</Initials></Author><Author ValidYN="Y"><LastName>Yamada</LastName><ForeName>Y</ForeName><Initials>Y</Initials></Author></AuthorList><Language>eng</Language><PublicationTypeList><PublicationType UI="D016428">Journal Article</PublicationType><PublicationType UI="D013485">Research Support, Non-U.S. Gov't</PublicationType></PublicationTypeList></Article><MedlineJournalInfo><Country>United States</Country><MedlineTA>Diabetes</MedlineTA><NlmUniqueID>0372763</NlmUniqueID><ISSNLinking>0012-1797</ISSNLinking></MedlineJournalInfo><ChemicalList><Chemical><RegistryNumber>0</RegistryNumber><NameOfSubstance UI="D000447">Aldehydes</NameOfSubstance></Chemical><Chemical><RegistryNumber>0</RegistryNumber><NameOfSubstance UI="D001786">Blood Glucose</NameOfSubstance></Chemical><Chemical><RegistryNumber>0</RegistryNumber><NameOfSubstance UI="D004791">Enzyme Inhibitors</NameOfSubstance></Chemical><Chemical><RegistryNumber>0</RegistryNumber><NameOfSubstance UI="D007328">Insulin</NameOfSubstance></Chemical><Chemical><RegistryNumber>0</RegistryNumber><NameOfSubstance UI="D011506">Proteins</NameOfSubstance></Chemical><Chemical><RegistryNumber>0</RegistryNumber><NameOfSubstance UI="D012996">Solutions</NameOfSubstance></Chemical><Chemical><RegistryNumber>4L6452S749</RegistryNumber><NameOfSubstance UI="D007294">Inositol</NameOfSubstance></Chemical><Chemical><RegistryNumber>57-50-1</RegistryNumber><NameOfSubstance UI="D013395">Sucrose</NameOfSubstance></Chemical><Chemical><RegistryNumber>88847-89-6</RegistryNumber><NameOfSubstance UI="D000080242">8-Hydroxy-2'-Deoxyguanosine</NameOfSubstance></Chemical><Chemical><RegistryNumber>G9481N71RO</RegistryNumber><NameOfSubstance UI="D003849">Deoxyguanosine</NameOfSubstance></Chemical><Chemical><RegistryNumber>K1CVM13F96</RegistryNumber><NameOfSubstance UI="C027576">4-hydroxy-2-nonenal</NameOfSubstance></Chemical><Chemical><RegistryNumber>S77P977AG8</RegistryNumber><NameOfSubstance UI="C102817">voglibose</NameOfSubstance></Chemical></ChemicalList><CitationSubset>IM</CitationSubset><MeshHeadingList><MeshHeading><DescriptorName UI="D000080242" MajorTopicYN="N">8-Hydroxy-2'-Deoxyguanosine</DescriptorName></MeshHeading><MeshHeading><DescriptorName UI="D000447" MajorTopicYN="N">Aldehydes</DescriptorName><QualifierName UI="Q000378" MajorTopicYN="N">metabolism</QualifierName></MeshHeading><MeshHeading><DescriptorName UI="D000818" MajorTopicYN="N">Animals</DescriptorName></MeshHeading><MeshHeading><DescriptorName UI="D001786" MajorTopicYN="N">Blood Glucose</DescriptorName><QualifierName UI="Q000032" MajorTopicYN="N">analysis</QualifierName></MeshHeading><MeshHeading><DescriptorName UI="D003849" MajorTopicYN="N">Deoxyguanosine</DescriptorName><QualifierName UI="Q000031" MajorTopicYN="N">analogs &amp; derivatives</QualifierName><QualifierName UI="Q000378" MajorTopicYN="N">metabolism</QualifierName></MeshHeading><MeshHeading><DescriptorName UI="D003924" MajorTopicYN="N">Diabetes Mellitus, Type 2</DescriptorName><QualifierName UI="Q000097" MajorTopicYN="N">blood</QualifierName><QualifierName UI="Q000235" MajorTopicYN="N">genetics</QualifierName><QualifierName UI="Q000378" MajorTopicYN="Y">metabolism</QualifierName><QualifierName UI="Q000473" MajorTopicYN="N">pathology</QualifierName></MeshHeading><MeshHeading><DescriptorName UI="D004791" MajorTopicYN="N">Enzyme Inhibitors</DescriptorName><QualifierName UI="Q000494" MajorTopicYN="N">pharmacology</QualifierName></MeshHeading><MeshHeading><DescriptorName UI="D006943" MajorTopicYN="N">Hyperglycemia</DescriptorName><QualifierName UI="Q000378" MajorTopicYN="Y">metabolism</QualifierName></MeshHeading><MeshHeading><DescriptorName UI="D007150" MajorTopicYN="N">Immunohistochemistry</DescriptorName></MeshHeading><MeshHeading><DescriptorName UI="D007294" MajorTopicYN="N">Inositol</DescriptorName><QualifierName UI="Q000031" MajorTopicYN="N">analogs &amp; derivatives</QualifierName><QualifierName UI="Q000494" MajorTopicYN="N">pharmacology</QualifierName></MeshHeading><MeshHeading><DescriptorName UI="D007328" MajorTopicYN="N">Insulin</DescriptorName><QualifierName UI="Q000097" MajorTopicYN="N">blood</QualifierName></MeshHeading><MeshHeading><DescriptorName UI="D007515" MajorTopicYN="N">Islets of Langerhans</DescriptorName><QualifierName UI="Q000378" MajorTopicYN="N">metabolism</QualifierName><QualifierName UI="Q000473" MajorTopicYN="N">pathology</QualifierName></MeshHeading><MeshHeading><DescriptorName UI="D018384" MajorTopicYN="N">Oxidative Stress</DescriptorName><QualifierName UI="Q000502" MajorTopicYN="Y">physiology</QualifierName></MeshHeading><MeshHeading><DescriptorName UI="D011506" MajorTopicYN="N">Proteins</DescriptorName><QualifierName UI="Q000378" MajorTopicYN="N">metabolism</QualifierName></MeshHeading><MeshHeading><DescriptorName UI="D051381" MajorTopicYN="N">Rats</DescriptorName></MeshHeading><MeshHeading><DescriptorName UI="D011919" MajorTopicYN="N">Rats, Inbred Strains</DescriptorName><QualifierName UI="Q000235" MajorTopicYN="N">genetics</QualifierName></MeshHeading><MeshHeading><DescriptorName UI="D012996" MajorTopicYN="N">Solutions</DescriptorName></MeshHeading><MeshHeading><DescriptorName UI="D013395" MajorTopicYN="N">Sucrose</DescriptorName><QualifierName UI="Q000494" MajorTopicYN="N">pharmacology</QualifierName></MeshHeading></MeshHeadingList></MedlineCitation><PubmedData><History><PubMedPubDate PubStatus="pubmed"><Year>1999</Year><Month>4</Month><Day>2</Day></PubMedPubDate><PubMedPubDate PubStatus="medline"><Year>1999</Year><Month>4</Month><Day>2</Day><Hour>0</Hour><Minute>1</Minute></PubMedPubDate><PubMedPubDate PubStatus="entrez"><Year>1999</Year><Month>4</Month><Day>2</Day><Hour>0</Hour><Minute>0</Minute></PubMedPubDate></History><PublicationStatus>ppublish</PublicationStatus><ArticleIdList><ArticleId IdType="pubmed">10102716</ArticleId><ArticleId IdType="doi">10.2337/diabetes.48.4.927</ArticleId></ArticleIdList></PubmedData></PubmedArticle></PubmedArticleSet>