<?xml version="1.0" ?>
<!DOCTYPE PubmedArticleSet PUBLIC "-//NLM//DTD PubMedArticle, 1st January 2019//EN" "https://dtd.nlm.nih.gov/ncbi/pubmed/out/pubmed_190101.dtd">
<PubmedArticleSet><PubmedArticle><MedlineCitation Status="MEDLINE" Owner="NLM"><PMID Version="1">10147629</PMID><DateCompleted><Year>1993</Year><Month>02</Month><Day>25</Day></DateCompleted><DateRevised><Year>2021</Year><Month>12</Month><Day>03</Day></DateRevised><Article PubModel="Print"><Journal><ISSN IssnType="Print">0902-0063</ISSN><JournalIssue CitedMedium="Print"><Volume>4</Volume><Issue>4</Issue><PubDate><Year>1990</Year><Month>Aug</Month></PubDate></JournalIssue><Title>Clinical transplantation</Title><ISOAbbreviation>Clin Transplant</ISOAbbreviation></Journal><ArticleTitle>Quality of life in diabetic recipients of kidney transplants is better with the addition of the pancreas.</ArticleTitle><Pagination><MedlinePgn>238-41</MedlinePgn></Pagination><Abstract><AbstractText>The present study is an evaluation of the quality of life of 32 patients following successful pancreatic transplantation.  These patients were studied at from 6 months to 5 years post-transplantation.  Over one-half of them were beyond the 21/2-yr mark.  A questionnaire was developed that focused on symptoms of neuropathy, enteropathy, and retinopathy.  All of the patients evaluated had completely normal carbohydrate metabolism, as evidenced by normal fasting blood sugars and hemoglobin A1C levels.  Twenty-one of the 32 patients had symptomatic neuropathy pre-operatively, and 11 of these reported substantial subjective improvement.  Eight remained unchanged and 2 became worse. Twenty-four patients had symptoms of enteropathy and 23 noted improvement post-transplantation.  Retinopathy symptoms were not improved, but there was a suggestion that after 3 or 31/2 yr progression did not occur as rapidly as earlier.  Virtually all of the patients had mood improvements and considerably less fatigue.  We have determined that the risk of the procedure when receiving simultaneous renal and pancreas grafts is not significantly greater than that associated with a kidney transplant alone.  Patients who are not uremic, either those with a successful kidney graft or those preuremic patients, are better candidates if symptoms are present. The risk of immunosuppression is insignificant in those patients who already have a successful renal transplant and are already on immunosuppressant drugs.  Pancreatic transplantation can substantially improve the quality of life in diabetic patients, and should be considered as a therapeutic measure.</AbstractText></Abstract><AuthorList CompleteYN="Y"><Author ValidYN="Y"><LastName>Corry</LastName><ForeName>R J</ForeName><Initials>RJ</Initials><AffiliationInfo><Affiliation>Department of Surgery, University of Iowa Hospitals and Clinics, Iowa City.</Affiliation></AffiliationInfo></Author><Author ValidYN="Y"><LastName>Zehr</LastName><ForeName>P</ForeName><Initials>P</Initials></Author></AuthorList><Language>eng</Language><PublicationTypeList><PublicationType UI="D003160">Comparative Study</PublicationType><PublicationType UI="D016428">Journal Article</PublicationType></PublicationTypeList></Article><MedlineJournalInfo><Country>Denmark</Country><MedlineTA>Clin Transplant</MedlineTA><NlmUniqueID>8710240</NlmUniqueID><ISSNLinking>0902-0063</ISSNLinking></MedlineJournalInfo><CommentsCorrectionsList><CommentsCorrections RefType="CommentIn"><RefSource>Clin Transplant. 1990 Aug;4(4):242-6</RefSource><PMID Version="1">10147630</PMID></CommentsCorrections></CommentsCorrectionsList><MeshHeadingList><MeshHeading><DescriptorName UI="D003922" MajorTopicYN="N">Diabetes Mellitus, Type 1</DescriptorName><QualifierName UI="Q000150" MajorTopicYN="N">complications</QualifierName><QualifierName UI="Q000523" MajorTopicYN="N">psychology</QualifierName><QualifierName UI="Q000601" MajorTopicYN="Y">surgery</QualifierName></MeshHeading><MeshHeading><DescriptorName UI="D005500" MajorTopicYN="N">Follow-Up Studies</DescriptorName></MeshHeading><MeshHeading><DescriptorName UI="D006801" MajorTopicYN="N">Humans</DescriptorName></MeshHeading><MeshHeading><DescriptorName UI="D007165" MajorTopicYN="N">Immunosuppression Therapy</DescriptorName></MeshHeading><MeshHeading><DescriptorName UI="D016030" MajorTopicYN="N">Kidney Transplantation</DescriptorName><QualifierName UI="Q000523" MajorTopicYN="Y">psychology</QualifierName></MeshHeading><MeshHeading><DescriptorName UI="D016035" MajorTopicYN="N">Pancreas Transplantation</DescriptorName><QualifierName UI="Q000523" MajorTopicYN="Y">psychology</QualifierName></MeshHeading><MeshHeading><DescriptorName UI="D011788" MajorTopicYN="N">Quality of Life</DescriptorName></MeshHeading><MeshHeading><DescriptorName UI="D011795" MajorTopicYN="N">Surveys and Questionnaires</DescriptorName></MeshHeading></MeshHeadingList></MedlineCitation><PubmedData><History><PubMedPubDate PubStatus="pubmed"><Year>1990</Year><Month>8</Month><Day>1</Day><Hour>0</Hour><Minute>0</Minute></PubMedPubDate><PubMedPubDate PubStatus="medline"><Year>1999</Year><Month>4</Month><Day>2</Day><Hour>0</Hour><Minute>1</Minute></PubMedPubDate><PubMedPubDate PubStatus="entrez"><Year>1990</Year><Month>8</Month><Day>1</Day><Hour>0</Hour><Minute>0</Minute></PubMedPubDate></History><PublicationStatus>ppublish</PublicationStatus><ArticleIdList><ArticleId IdType="pubmed">10147629</ArticleId></ArticleIdList></PubmedData></PubmedArticle></PubmedArticleSet>