<?xml version="1.0" ?>
<!DOCTYPE PubmedArticleSet PUBLIC "-//NLM//DTD PubMedArticle, 1st January 2019//EN" "https://dtd.nlm.nih.gov/ncbi/pubmed/out/pubmed_190101.dtd">
<PubmedArticleSet><PubmedArticle><MedlineCitation Status="MEDLINE" Owner="NLM"><PMID Version="1">10178482</PMID><DateCompleted><Year>1998</Year><Month>05</Month><Day>27</Day></DateCompleted><DateRevised><Year>2019</Year><Month>12</Month><Day>10</Day></DateRevised><Article PubModel="Print"><Journal><ISSN IssnType="Print">1088-0224</ISSN><JournalIssue CitedMedium="Print"><Volume>3</Volume><Issue>9</Issue><PubDate><Year>1997</Year><Month>Sep</Month></PubDate></JournalIssue><Title>The American journal of managed care</Title><ISOAbbreviation>Am J Manag Care</ISOAbbreviation></Journal><ArticleTitle>Effect of home blood glucose monitoring on the management of patients with non-insulin dependent diabetes mellitus in the primary care setting.</ArticleTitle><Pagination><MedlinePgn>1335-8</MedlinePgn></Pagination><Abstract><AbstractText>The purpose of the study was to determine whether blood glucose monitoring strips influence the management of patients with non-insulin dependent diabetes (NIDDM) in the primary care setting. The medical records of 115 patients with NIDDM taking a sulfonylurea drug (oral hypoglycemic agent) during the review period were randomly selected for review. Patients were divided into two groups: those who did not receive a prescription for blood glucose monitoring strips during 1995 and 1996 and those who did for the same 2 years. The main outcome measures were hemoglobin A1c, blood sugar, number of laboratory tests ordered, and number and type of treatment interventions. No statistically significant differences between groups were noted for any measured parameter. Glucose control was independent of number of strips dispensed. Home glucose monitoring strips did not affect the management of patients with NIDDM taking a sulfonylurea agent in the primary care setting.</AbstractText></Abstract><AuthorList CompleteYN="Y"><Author ValidYN="Y"><LastName>Rindone</LastName><ForeName>J P</ForeName><Initials>JP</Initials><AffiliationInfo><Affiliation>Veterans Affairs Medical Center (119), Prescott, AZ 86313, USA.</Affiliation></AffiliationInfo></Author><Author ValidYN="Y"><LastName>Austin</LastName><ForeName>M</ForeName><Initials>M</Initials></Author><Author ValidYN="Y"><LastName>Luchesi</LastName><ForeName>J</ForeName><Initials>J</Initials></Author></AuthorList><Language>eng</Language><PublicationTypeList><PublicationType UI="D016430">Clinical Trial</PublicationType><PublicationType UI="D016428">Journal Article</PublicationType><PublicationType UI="D016449">Randomized Controlled Trial</PublicationType></PublicationTypeList></Article><MedlineJournalInfo><Country>United States</Country><MedlineTA>Am J Manag Care</MedlineTA><NlmUniqueID>9613960</NlmUniqueID><ISSNLinking>1088-0224</ISSNLinking></MedlineJournalInfo><ChemicalList><Chemical><RegistryNumber>0</RegistryNumber><NameOfSubstance UI="D007004">Hypoglycemic Agents</NameOfSubstance></Chemical><Chemical><RegistryNumber>0</RegistryNumber><NameOfSubstance UI="D013453">Sulfonylurea Compounds</NameOfSubstance></Chemical></ChemicalList><MeshHeadingList><MeshHeading><DescriptorName UI="D001130" MajorTopicYN="N" Type="Geographic">Arizona</DescriptorName></MeshHeading><MeshHeading><DescriptorName UI="D015190" MajorTopicYN="N">Blood Glucose Self-Monitoring</DescriptorName><QualifierName UI="Q000379" MajorTopicYN="Y">methods</QualifierName></MeshHeading><MeshHeading><DescriptorName UI="D003625" MajorTopicYN="N">Data Collection</DescriptorName></MeshHeading><MeshHeading><DescriptorName UI="D003924" MajorTopicYN="N">Diabetes Mellitus, Type 2</DescriptorName><QualifierName UI="Q000097" MajorTopicYN="N">blood</QualifierName><QualifierName UI="Q000188" MajorTopicYN="Y">drug therapy</QualifierName></MeshHeading><MeshHeading><DescriptorName UI="D006787" MajorTopicYN="N">Hospitals, Veterans</DescriptorName></MeshHeading><MeshHeading><DescriptorName UI="D006801" MajorTopicYN="N">Humans</DescriptorName></MeshHeading><MeshHeading><DescriptorName UI="D007004" MajorTopicYN="N">Hypoglycemic Agents</DescriptorName><QualifierName UI="Q000627" MajorTopicYN="N">therapeutic use</QualifierName></MeshHeading><MeshHeading><DescriptorName UI="D008485" MajorTopicYN="N">Medical Audit</DescriptorName></MeshHeading><MeshHeading><DescriptorName UI="D017063" MajorTopicYN="N">Outcome Assessment, Health Care</DescriptorName><QualifierName UI="Q000379" MajorTopicYN="N">methods</QualifierName></MeshHeading><MeshHeading><DescriptorName UI="D011320" MajorTopicYN="N">Primary Health Care</DescriptorName><QualifierName UI="Q000458" MajorTopicYN="Y">organization &amp; administration</QualifierName></MeshHeading><MeshHeading><DescriptorName UI="D013453" MajorTopicYN="N">Sulfonylurea Compounds</DescriptorName><QualifierName UI="Q000627" MajorTopicYN="N">therapeutic use</QualifierName></MeshHeading></MeshHeadingList></MedlineCitation><PubmedData><History><PubMedPubDate PubStatus="pubmed"><Year>1997</Year><Month>8</Month><Day>5</Day></PubMedPubDate><PubMedPubDate PubStatus="medline"><Year>1997</Year><Month>8</Month><Day>5</Day><Hour>0</Hour><Minute>1</Minute></PubMedPubDate><PubMedPubDate PubStatus="entrez"><Year>1997</Year><Month>8</Month><Day>5</Day><Hour>0</Hour><Minute>0</Minute></PubMedPubDate></History><PublicationStatus>ppublish</PublicationStatus><ArticleIdList><ArticleId IdType="pubmed">10178482</ArticleId><ArticleId IdType="pii">1941</ArticleId></ArticleIdList></PubmedData></PubmedArticle></PubmedArticleSet>