<?xml version="1.0" ?>
<!DOCTYPE PubmedArticleSet PUBLIC "-//NLM//DTD PubMedArticle, 1st January 2019//EN" "https://dtd.nlm.nih.gov/ncbi/pubmed/out/pubmed_190101.dtd">
<PubmedArticleSet><PubmedArticle><MedlineCitation Status="MEDLINE" Owner="NLM"><PMID Version="1">10183339</PMID><DateCompleted><Year>1998</Year><Month>10</Month><Day>20</Day></DateCompleted><DateRevised><Year>2022</Year><Month>03</Month><Day>17</Day></DateRevised><Article PubModel="Print"><Journal><ISSN IssnType="Print">0163-2787</ISSN><JournalIssue CitedMedium="Print"><Volume>21</Volume><Issue>1</Issue><PubDate><Year>1998</Year><Month>Mar</Month></PubDate></JournalIssue><Title>Evaluation &amp; the health professions</Title><ISOAbbreviation>Eval Health Prof</ISOAbbreviation></Journal><ArticleTitle>The reliability of the Diabetes Care Profile for African Americans.</ArticleTitle><Pagination><MedlinePgn>52-65</MedlinePgn></Pagination><Abstract><AbstractText>The Diabetes Care Profile (DCP) is an instrument used to assess social and psychological factors related to diabetes and its treatment. The reliability of the DCP was established in populations consisting primarily of Caucasians with type 2 diabetes. This study tests whether the DCP is a reliable instrument for African Americans with type 2 diabetes. Both African American (n = 511) and Caucasian (n = 235) patients with type 2 diabetes were recruited at six sites located in the metropolitan Detroit area. Scale reliability was calculated by Cronbach's coefficient alpha. The scale reliabilities ranged from .70 to .97 for African Americans. These reliabilities were similar to those of Caucasians, whose scale reliabilities ranged from .68 to .96. The Feldt test was used to determine differences between the reliabilities of the two patient populations. No significant differences were found. The DCP is a reliable survey instrument for African American and Caucasian patients with type 2 diabetes.</AbstractText></Abstract><AuthorList CompleteYN="Y"><Author ValidYN="Y"><LastName>Fitzgerald</LastName><ForeName>J T</ForeName><Initials>JT</Initials><AffiliationInfo><Affiliation>University of Michigan Medical School, USA.</Affiliation></AffiliationInfo></Author><Author ValidYN="Y"><LastName>Anderson</LastName><ForeName>R M</ForeName><Initials>RM</Initials></Author><Author ValidYN="Y"><LastName>Gruppen</LastName><ForeName>L D</ForeName><Initials>LD</Initials></Author><Author ValidYN="Y"><LastName>Davis</LastName><ForeName>W K</ForeName><Initials>WK</Initials></Author><Author ValidYN="Y"><LastName>Aman</LastName><ForeName>L C</ForeName><Initials>LC</Initials></Author><Author ValidYN="Y"><LastName>Jacober</LastName><ForeName>S J</ForeName><Initials>SJ</Initials></Author><Author ValidYN="Y"><LastName>Grunberger</LastName><ForeName>G</ForeName><Initials>G</Initials></Author></AuthorList><Language>eng</Language><GrantList CompleteYN="Y"><Grant><GrantID>5P60-DK20572</GrantID><Acronym>DK</Acronym><Agency>NIDDK NIH HHS</Agency><Country>United States</Country></Grant></GrantList><PublicationTypeList><PublicationType UI="D003160">Comparative Study</PublicationType><PublicationType UI="D016428">Journal Article</PublicationType><PublicationType UI="D013487">Research Support, U.S. Gov't, P.H.S.</PublicationType></PublicationTypeList></Article><MedlineJournalInfo><Country>United States</Country><MedlineTA>Eval Health Prof</MedlineTA><NlmUniqueID>7805992</NlmUniqueID><ISSNLinking>0163-2787</ISSNLinking></MedlineJournalInfo><ChemicalList><Chemical><RegistryNumber>0</RegistryNumber><NameOfSubstance UI="D007004">Hypoglycemic Agents</NameOfSubstance></Chemical><Chemical><RegistryNumber>0</RegistryNumber><NameOfSubstance UI="D007328">Insulin</NameOfSubstance></Chemical></ChemicalList><MeshHeadingList><MeshHeading><DescriptorName UI="D001741" MajorTopicYN="N">African Americans</DescriptorName></MeshHeading><MeshHeading><DescriptorName UI="D000368" MajorTopicYN="N">Aged</DescriptorName></MeshHeading><MeshHeading><DescriptorName UI="D001294" MajorTopicYN="N">Attitude to Health</DescriptorName></MeshHeading><MeshHeading><DescriptorName UI="D044383" MajorTopicYN="Y">Blacks</DescriptorName></MeshHeading><MeshHeading><DescriptorName UI="D003469" MajorTopicYN="N">Culture</DescriptorName></MeshHeading><MeshHeading><DescriptorName UI="D003924" MajorTopicYN="N">Diabetes Mellitus, Type 2</DescriptorName><QualifierName UI="Q000208" MajorTopicYN="N">ethnology</QualifierName><QualifierName UI="Q000523" MajorTopicYN="N">psychology</QualifierName><QualifierName UI="Q000628" MajorTopicYN="Y">therapy</QualifierName></MeshHeading><MeshHeading><DescriptorName UI="D005260" MajorTopicYN="N">Female</DescriptorName></MeshHeading><MeshHeading><DescriptorName UI="D006801" MajorTopicYN="N">Humans</DescriptorName></MeshHeading><MeshHeading><DescriptorName UI="D007004" MajorTopicYN="N">Hypoglycemic Agents</DescriptorName><QualifierName UI="Q000008" MajorTopicYN="N">administration &amp; dosage</QualifierName></MeshHeading><MeshHeading><DescriptorName UI="D007328" MajorTopicYN="N">Insulin</DescriptorName><QualifierName UI="Q000008" MajorTopicYN="N">administration &amp; dosage</QualifierName></MeshHeading><MeshHeading><DescriptorName UI="D008297" MajorTopicYN="N">Male</DescriptorName></MeshHeading><MeshHeading><DescriptorName UI="D008824" MajorTopicYN="N" Type="Geographic">Michigan</DescriptorName><QualifierName UI="Q000453" MajorTopicYN="N">epidemiology</QualifierName></MeshHeading><MeshHeading><DescriptorName UI="D008875" MajorTopicYN="N">Middle Aged</DescriptorName></MeshHeading><MeshHeading><DescriptorName UI="D010349" MajorTopicYN="N">Patient Compliance</DescriptorName></MeshHeading><MeshHeading><DescriptorName UI="D015203" MajorTopicYN="N">Reproducibility of Results</DescriptorName></MeshHeading><MeshHeading><DescriptorName UI="D012648" MajorTopicYN="Y">Self Care</DescriptorName></MeshHeading><MeshHeading><DescriptorName UI="D044465" MajorTopicYN="N">Whites</DescriptorName></MeshHeading></MeshHeadingList></MedlineCitation><PubmedData><History><PubMedPubDate PubStatus="pubmed"><Year>1998</Year><Month>2</Month><Day>6</Day></PubMedPubDate><PubMedPubDate PubStatus="medline"><Year>1998</Year><Month>2</Month><Day>6</Day><Hour>0</Hour><Minute>1</Minute></PubMedPubDate><PubMedPubDate PubStatus="entrez"><Year>1998</Year><Month>2</Month><Day>6</Day><Hour>0</Hour><Minute>0</Minute></PubMedPubDate></History><PublicationStatus>ppublish</PublicationStatus><ArticleIdList><ArticleId IdType="pubmed">10183339</ArticleId><ArticleId IdType="doi">10.1177/016327879802100103</ArticleId></ArticleIdList></PubmedData></PubmedArticle></PubmedArticleSet>