<?xml version="1.0" ?>
<!DOCTYPE PubmedArticleSet PUBLIC "-//NLM//DTD PubMedArticle, 1st January 2019//EN" "https://dtd.nlm.nih.gov/ncbi/pubmed/out/pubmed_190101.dtd">
<PubmedArticleSet><PubmedArticle><MedlineCitation Status="MEDLINE" Owner="NLM"><PMID Version="1">10189532</PMID><DateCompleted><Year>1999</Year><Month>06</Month><Day>01</Day></DateCompleted><DateRevised><Year>2022</Year><Month>03</Month><Day>10</Day></DateRevised><Article PubModel="Print"><Journal><ISSN IssnType="Print">0149-5992</ISSN><JournalIssue CitedMedium="Print"><Volume>22</Volume><Issue>4</Issue><PubDate><Year>1999</Year><Month>Apr</Month></PubDate></JournalIssue><Title>Diabetes care</Title><ISOAbbreviation>Diabetes Care</ISOAbbreviation></Journal><ArticleTitle>Insulin sensitivity in subjects with type 2 diabetes. Relationship to cardiovascular risk factors: the Insulin Resistance Atherosclerosis Study.</ArticleTitle><Pagination><MedlinePgn>562-8</MedlinePgn></Pagination><Abstract><AbstractText Label="OBJECTIVE" NlmCategory="OBJECTIVE">Among nondiabetic subjects, insulin resistance has been associated with increased cardiovascular risk factors, including dyslipidemia, hypertension, impaired fibrinolysis, and coagulation. Less is known about the relationship between insulin resistance and cardiovascular risk factors in subjects with type 2 diabetes.</AbstractText><AbstractText Label="RESEARCH DESIGN AND METHODS" NlmCategory="METHODS">To examine this issue, we determined insulin sensitivity (SI) in 479 type 2 diabetic subjects by minimal model analyses of frequently sampled intravenous glucose tolerance tests in the Insulin Resistance Atherosclerosis Study (IRAS), a large multicenter study of insulin sensitivity and cardiovascular disease in African-Americans, Hispanics, and non-Hispanic whites. We defined insulin-sensitive subjects as having SI &gt; or = 1.61 x 10(-4) min-1.microU-1.ml-1 (above median in nondiabetic subjects of all ethnic groups in the IRAS). Using this definition, only 37 type 2 diabetic subjects were insulin sensitive, and the remaining 442 were insulin resistant.</AbstractText><AbstractText Label="RESULTS" NlmCategory="RESULTS">After adjustment for age, sex, ethnicity, and clinic, insulin resistance was significantly correlated with total triglycerides, VLDL cholesterol, VLDL triglyceride, fibrinogen, PAI-1, and fasting glucose, and was inversely correlated with HDL cholesterol level and LDL size. Carotid intimal-medial thickness was greater in insulin-resistant than in insulin-sensitive subjects, but this difference was not statistically significant. After further adjustment for waist circumference (marker of visceral adiposity), insulin-resistant subjects continued to have higher plasminogen activator inhibitor 1 and VLDL triglyceride levels, lower HDL cholesterol levels, and smaller LDL particle size than did insulin-sensitive subjects. After further adjustment for fasting glucose levels, these results were very similar.</AbstractText><AbstractText Label="CONCLUSIONS" NlmCategory="CONCLUSIONS">We conclude that insulin-resistant type 2 diabetic subjects have more atherogenic cardiovascular risk factor profiles than insulin-sensitive type 2 diabetic subjects and that this is only partially related to increased obesity and an adverse body fat distribution.</AbstractText></Abstract><AuthorList CompleteYN="Y"><Author ValidYN="Y"><LastName>Haffner</LastName><ForeName>S M</ForeName><Initials>SM</Initials><AffiliationInfo><Affiliation>Department of Medicine, University of Texas Health Science Center at San Antonio 78284-7873, USA.</Affiliation></AffiliationInfo></Author><Author ValidYN="Y"><LastName>D'Agostino</LastName><ForeName>R</ForeName><Initials>R</Initials><Suffix>Jr</Suffix></Author><Author ValidYN="Y"><LastName>Mykkänen</LastName><ForeName>L</ForeName><Initials>L</Initials></Author><Author ValidYN="Y"><LastName>Tracy</LastName><ForeName>R</ForeName><Initials>R</Initials></Author><Author ValidYN="Y"><LastName>Howard</LastName><ForeName>B</ForeName><Initials>B</Initials></Author><Author ValidYN="Y"><LastName>Rewers</LastName><ForeName>M</ForeName><Initials>M</Initials></Author><Author ValidYN="Y"><LastName>Selby</LastName><ForeName>J</ForeName><Initials>J</Initials></Author><Author ValidYN="Y"><LastName>Savage</LastName><ForeName>P J</ForeName><Initials>PJ</Initials></Author><Author ValidYN="Y"><LastName>Saad</LastName><ForeName>M F</ForeName><Initials>MF</Initials></Author></AuthorList><Language>eng</Language><GrantList CompleteYN="N"><Grant><GrantID>HL47887</GrantID><Acronym>HL</Acronym><Agency>NHLBI NIH HHS</Agency><Country>United States</Country></Grant><Grant><GrantID>HL47889</GrantID><Acronym>HL</Acronym><Agency>NHLBI NIH HHS</Agency><Country>United States</Country></Grant><Grant><GrantID>HL47890</GrantID><Acronym>HL</Acronym><Agency>NHLBI NIH HHS</Agency><Country>United States</Country></Grant></GrantList><PublicationTypeList><PublicationType UI="D016428">Journal Article</PublicationType><PublicationType UI="D016448">Multicenter Study</PublicationType><PublicationType UI="D013485">Research Support, Non-U.S. Gov't</PublicationType><PublicationType UI="D013487">Research Support, U.S. Gov't, P.H.S.</PublicationType></PublicationTypeList></Article><MedlineJournalInfo><Country>United States</Country><MedlineTA>Diabetes Care</MedlineTA><NlmUniqueID>7805975</NlmUniqueID><ISSNLinking>0149-5992</ISSNLinking></MedlineJournalInfo><ChemicalList><Chemical><RegistryNumber>0</RegistryNumber><NameOfSubstance UI="D008076">Cholesterol, HDL</NameOfSubstance></Chemical><Chemical><RegistryNumber>0</RegistryNumber><NameOfSubstance UI="D015243">Cholesterol, VLDL</NameOfSubstance></Chemical><Chemical><RegistryNumber>0</RegistryNumber><NameOfSubstance UI="D007328">Insulin</NameOfSubstance></Chemical><Chemical><RegistryNumber>0</RegistryNumber><NameOfSubstance UI="D017395">Plasminogen Activator Inhibitor 1</NameOfSubstance></Chemical><Chemical><RegistryNumber>0</RegistryNumber><NameOfSubstance UI="D014280">Triglycerides</NameOfSubstance></Chemical><Chemical><RegistryNumber>EC 2.7.10.1</RegistryNumber><NameOfSubstance UI="D011972">Receptor, Insulin</NameOfSubstance></Chemical></ChemicalList><CitationSubset>IM</CitationSubset><MeshHeadingList><MeshHeading><DescriptorName UI="D001741" MajorTopicYN="N">African Americans</DescriptorName><QualifierName UI="Q000706" MajorTopicYN="N">statistics &amp; numerical data</QualifierName></MeshHeading><MeshHeading><DescriptorName UI="D000367" MajorTopicYN="N">Age Factors</DescriptorName></MeshHeading><MeshHeading><DescriptorName UI="D001161" MajorTopicYN="N">Arteriosclerosis</DescriptorName><QualifierName UI="Q000209" MajorTopicYN="Y">etiology</QualifierName></MeshHeading><MeshHeading><DescriptorName UI="D044383" MajorTopicYN="N">Blacks</DescriptorName></MeshHeading><MeshHeading><DescriptorName UI="D008076" MajorTopicYN="N">Cholesterol, HDL</DescriptorName><QualifierName UI="Q000097" MajorTopicYN="N">blood</QualifierName></MeshHeading><MeshHeading><DescriptorName UI="D015243" MajorTopicYN="N">Cholesterol, VLDL</DescriptorName><QualifierName UI="Q000097" MajorTopicYN="N">blood</QualifierName></MeshHeading><MeshHeading><DescriptorName UI="D003924" MajorTopicYN="N">Diabetes Mellitus, Type 2</DescriptorName><QualifierName UI="Q000097" MajorTopicYN="N">blood</QualifierName><QualifierName UI="Q000150" MajorTopicYN="Y">complications</QualifierName><QualifierName UI="Q000503" MajorTopicYN="Y">physiopathology</QualifierName></MeshHeading><MeshHeading><DescriptorName UI="D005260" MajorTopicYN="N">Female</DescriptorName></MeshHeading><MeshHeading><DescriptorName UI="D006630" MajorTopicYN="N">Hispanic or Latino</DescriptorName><QualifierName UI="Q000706" MajorTopicYN="N">statistics &amp; numerical data</QualifierName></MeshHeading><MeshHeading><DescriptorName UI="D006801" MajorTopicYN="N">Humans</DescriptorName></MeshHeading><MeshHeading><DescriptorName UI="D007328" MajorTopicYN="N">Insulin</DescriptorName><QualifierName UI="Q000502" MajorTopicYN="Y">physiology</QualifierName></MeshHeading><MeshHeading><DescriptorName UI="D007333" MajorTopicYN="Y">Insulin Resistance</DescriptorName></MeshHeading><MeshHeading><DescriptorName UI="D008297" MajorTopicYN="N">Male</DescriptorName></MeshHeading><MeshHeading><DescriptorName UI="D009765" MajorTopicYN="N">Obesity</DescriptorName><QualifierName UI="Q000150" MajorTopicYN="N">complications</QualifierName></MeshHeading><MeshHeading><DescriptorName UI="D017395" MajorTopicYN="N">Plasminogen Activator Inhibitor 1</DescriptorName><QualifierName UI="Q000097" MajorTopicYN="N">blood</QualifierName></MeshHeading><MeshHeading><DescriptorName UI="D011972" MajorTopicYN="N">Receptor, Insulin</DescriptorName><QualifierName UI="Q000502" MajorTopicYN="Y">physiology</QualifierName></MeshHeading><MeshHeading><DescriptorName UI="D012307" MajorTopicYN="N">Risk Factors</DescriptorName></MeshHeading><MeshHeading><DescriptorName UI="D012737" MajorTopicYN="N">Sex Factors</DescriptorName></MeshHeading><MeshHeading><DescriptorName UI="D014280" MajorTopicYN="N">Triglycerides</DescriptorName><QualifierName UI="Q000097" MajorTopicYN="N">blood</QualifierName></MeshHeading><MeshHeading><DescriptorName UI="D044465" MajorTopicYN="N">Whites</DescriptorName><QualifierName UI="Q000706" MajorTopicYN="N">statistics &amp; numerical data</QualifierName></MeshHeading></MeshHeadingList></MedlineCitation><PubmedData><History><PubMedPubDate PubStatus="pubmed"><Year>1999</Year><Month>4</Month><Day>6</Day><Hour>2</Hour><Minute>2</Minute></PubMedPubDate><PubMedPubDate PubStatus="medline"><Year>2001</Year><Month>3</Month><Day>28</Day><Hour>10</Hour><Minute>1</Minute></PubMedPubDate><PubMedPubDate PubStatus="entrez"><Year>1999</Year><Month>4</Month><Day>6</Day><Hour>2</Hour><Minute>2</Minute></PubMedPubDate></History><PublicationStatus>ppublish</PublicationStatus><ArticleIdList><ArticleId IdType="pubmed">10189532</ArticleId><ArticleId IdType="doi">10.2337/diacare.22.4.562</ArticleId></ArticleIdList></PubmedData></PubmedArticle></PubmedArticleSet>