<?xml version="1.0" ?>
<!DOCTYPE PubmedArticleSet PUBLIC "-//NLM//DTD PubMedArticle, 1st January 2019//EN" "https://dtd.nlm.nih.gov/ncbi/pubmed/out/pubmed_190101.dtd">
<PubmedArticleSet><PubmedArticle><MedlineCitation Status="MEDLINE" Owner="NLM"><PMID Version="1">10186460</PMID><DateCompleted><Year>1998</Year><Month>11</Month><Day>17</Day></DateCompleted><DateRevised><Year>2018</Year><Month>11</Month><Day>13</Day></DateRevised><Article PubModel="Print"><Journal><ISSN IssnType="Print">1170-7690</ISSN><JournalIssue CitedMedium="Print"><Volume>14</Volume><Issue>2</Issue><PubDate><Year>1998</Year><Month>Aug</Month></PubDate></JournalIssue><Title>PharmacoEconomics</Title><ISOAbbreviation>Pharmacoeconomics</ISOAbbreviation></Journal><ArticleTitle>Quality of life following a change in therapy for diabetes mellitus.</ArticleTitle><Pagination><MedlinePgn>201-7</MedlinePgn></Pagination><Abstract><AbstractText Label="OBJECTIVE" NlmCategory="OBJECTIVE">The study objective was to evaluate and compare quality-of-life (QOL) parameters between patients with type 2 (non-insulin-dependent) diabetes mellitus who changed therapy from an oral hypoglycaemic agent (OHA) to insulin and those who remained on an OHA.</AbstractText><AbstractText Label="DESIGN" NlmCategory="METHODS">The World Health Organization Quality of Life Questionnaire (WHOQOL) was used to assess quality of life among 2 groups of patients with type 2 diabetes mellitus at baseline and after a 2-month follow-up period.</AbstractText><AbstractText Label="SETTING" NlmCategory="METHODS">The study was conducted in the outpatient department of the Vuk Vrhovac Clinic, a referral centre for registration, treatment and follow-up of patients with diabetes mellitus in Zagreb, Croatia.</AbstractText><AbstractText Label="PARTICIPANTS AND INTERVENTIONS" NlmCategory="METHODS">32 consecutively recruited patients with type 2 diabetes mellitus who were switched from an OHA to insulin therapy (group 1) were compared with 28 patients who remained on OHA (group 2) with respect to QOL issues. The patient groups were comparable in terms of gender, age, duration of disease, education and family status. However, patients in group 1 had glycosylated haemoglobin (HbA1c) values greater than 9.5% on average during a period of approximately 6 months, which was the criterion used for switching to insulin therapy.</AbstractText><AbstractText Label="MAIN OUTCOME MEASURES AND RESULTS" NlmCategory="RESULTS">At baseline, various QOL ratings were higher among patients in group 2 than group 1, indicating better quality of life with respect to overall quality of life (t = -2.31, p = 0.03), physical health (t = -2.36, p = 0.02), psychological state (t = -2.01, p = 0.05) and level of independence (t = -2.75, p = 0.001), while no differences were found between groups with respect to the social domain, personal beliefs and environmental QOL aspects. After the follow-up period, the groups were comparable in all QOL aspects other than overall quality of life (t = -2.18, p = 0.03) and level of independence (t = -3.49, p = 0.001), both of which remained higher for patients in group 2. No changes in QOL parameters were detected within group 2 from baseline to the end of the 2-month follow-up period, whereas patients in group 1 showed significant improvement in psychological QOL determinants (t = -2.14, p = 0.04).</AbstractText><AbstractText Label="CONCLUSION" NlmCategory="CONCLUSIONS">Results of the study indicate that introducing insulin therapy in patients with type 2 diabetes mellitus and sustained elevated HbA1c levels might positively affect their quality of life.</AbstractText></Abstract><AuthorList CompleteYN="Y"><Author ValidYN="Y"><LastName>Pibernik-Okanović</LastName><ForeName>M</ForeName><Initials>M</Initials><AffiliationInfo><Affiliation>Vuk Vrhovac Institute, Zagreb, Croatia.</Affiliation></AffiliationInfo></Author><Author ValidYN="Y"><LastName>Szabo</LastName><ForeName>S</ForeName><Initials>S</Initials></Author><Author ValidYN="Y"><LastName>Metelko</LastName><ForeName>Z</ForeName><Initials>Z</Initials></Author></AuthorList><Language>eng</Language><PublicationTypeList><PublicationType UI="D016428">Journal Article</PublicationType></PublicationTypeList></Article><MedlineJournalInfo><Country>New Zealand</Country><MedlineTA>Pharmacoeconomics</MedlineTA><NlmUniqueID>9212404</NlmUniqueID><ISSNLinking>1170-7690</ISSNLinking></MedlineJournalInfo><ChemicalList><Chemical><RegistryNumber>0</RegistryNumber><NameOfSubstance UI="D006442">Glycated Hemoglobin A</NameOfSubstance></Chemical><Chemical><RegistryNumber>0</RegistryNumber><NameOfSubstance UI="D007328">Insulin</NameOfSubstance></Chemical></ChemicalList><MeshHeadingList><MeshHeading><DescriptorName UI="D000328" MajorTopicYN="N">Adult</DescriptorName></MeshHeading><MeshHeading><DescriptorName UI="D000368" MajorTopicYN="N">Aged</DescriptorName></MeshHeading><MeshHeading><DescriptorName UI="D003924" MajorTopicYN="N">Diabetes Mellitus, Type 2</DescriptorName><QualifierName UI="Q000188" MajorTopicYN="Y">drug therapy</QualifierName><QualifierName UI="Q000523" MajorTopicYN="N">psychology</QualifierName></MeshHeading><MeshHeading><DescriptorName UI="D005260" MajorTopicYN="N">Female</DescriptorName></MeshHeading><MeshHeading><DescriptorName UI="D006442" MajorTopicYN="N">Glycated Hemoglobin A</DescriptorName><QualifierName UI="Q000032" MajorTopicYN="N">analysis</QualifierName></MeshHeading><MeshHeading><DescriptorName UI="D006801" MajorTopicYN="N">Humans</DescriptorName></MeshHeading><MeshHeading><DescriptorName UI="D007328" MajorTopicYN="N">Insulin</DescriptorName><QualifierName UI="Q000627" MajorTopicYN="N">therapeutic use</QualifierName></MeshHeading><MeshHeading><DescriptorName UI="D008297" MajorTopicYN="N">Male</DescriptorName></MeshHeading><MeshHeading><DescriptorName UI="D008875" MajorTopicYN="N">Middle Aged</DescriptorName></MeshHeading><MeshHeading><DescriptorName UI="D011788" MajorTopicYN="N">Quality of Life</DescriptorName></MeshHeading></MeshHeadingList></MedlineCitation><PubmedData><History><PubMedPubDate PubStatus="pubmed"><Year>1998</Year><Month>7</Month><Day>6</Day></PubMedPubDate><PubMedPubDate PubStatus="medline"><Year>1998</Year><Month>7</Month><Day>6</Day><Hour>0</Hour><Minute>1</Minute></PubMedPubDate><PubMedPubDate PubStatus="entrez"><Year>1998</Year><Month>7</Month><Day>6</Day><Hour>0</Hour><Minute>0</Minute></PubMedPubDate></History><PublicationStatus>ppublish</PublicationStatus><ArticleIdList><ArticleId IdType="pubmed">10186460</ArticleId><ArticleId IdType="doi">10.2165/00019053-199814020-00008</ArticleId></ArticleIdList><ReferenceList><Reference><Citation>Dtsch Med Wochenschr. 1991 Jan 18;116(3):87-90</Citation><ArticleIdList><ArticleId IdType="pubmed">1898878</ArticleId></ArticleIdList></Reference><Reference><Citation>J Consult Clin Psychol. 1992 Aug;60(4):628-38</Citation><ArticleIdList><ArticleId IdType="pubmed">1506511</ArticleId></ArticleIdList></Reference><Reference><Citation>Acta Psychiatr Scand. 1983 Jun;67(6):361-70</Citation><ArticleIdList><ArticleId IdType="pubmed">6880820</ArticleId></ArticleIdList></Reference><Reference><Citation>Diabet Med. 1990 Jun;7(5):445-51</Citation><ArticleIdList><ArticleId IdType="pubmed">2142043</ArticleId></ArticleIdList></Reference><Reference><Citation>Qual Life Res. 1996 Feb;5(1):123-30</Citation><ArticleIdList><ArticleId IdType="pubmed">8901375</ArticleId></ArticleIdList></Reference><Reference><Citation>J Psychosom Res. 1990;34(1):1-11</Citation><ArticleIdList><ArticleId IdType="pubmed">2313607</ArticleId></ArticleIdList></Reference><Reference><Citation>Diabet Med. 1991 Oct;8(8):773-7</Citation><ArticleIdList><ArticleId IdType="pubmed">1838071</ArticleId></ArticleIdList></Reference><Reference><Citation>Diabetes Care. 1994 Apr;17(4):267-74</Citation><ArticleIdList><ArticleId IdType="pubmed">8026281</ArticleId></ArticleIdList></Reference><Reference><Citation>J Psychosom Res. 1994 Jul;38(5):377-81</Citation><ArticleIdList><ArticleId IdType="pubmed">7965926</ArticleId></ArticleIdList></Reference></ReferenceList></PubmedData></PubmedArticle></PubmedArticleSet>