<?xml version="1.0" ?>
<!DOCTYPE PubmedArticleSet PUBLIC "-//NLM//DTD PubMedArticle, 1st January 2019//EN" "https://dtd.nlm.nih.gov/ncbi/pubmed/out/pubmed_190101.dtd">
<PubmedArticleSet><PubmedArticle><MedlineCitation Status="MEDLINE" Owner="NLM"><PMID Version="1">10189543</PMID><DateCompleted><Year>1999</Year><Month>06</Month><Day>01</Day></DateCompleted><DateRevised><Year>2022</Year><Month>04</Month><Day>09</Day></DateRevised><Article PubModel="Print"><Journal><ISSN IssnType="Print">0149-5992</ISSN><JournalIssue CitedMedium="Print"><Volume>22</Volume><Issue>4</Issue><PubDate><Year>1999</Year><Month>Apr</Month></PubDate></JournalIssue><Title>Diabetes care</Title><ISOAbbreviation>Diabetes Care</ISOAbbreviation></Journal><ArticleTitle>The Diabetes Prevention Program. Design and methods for a clinical trial in the prevention of type 2 diabetes.</ArticleTitle><Pagination><MedlinePgn>623-34</MedlinePgn></Pagination><Abstract><AbstractText>The Diabetes Prevention Program is a randomized clinical trial testing strategies to prevent or delay the development of type 2 diabetes in high-risk individuals with elevated fasting plasma glucose concentrations and impaired glucose tolerance. The 27 clinical centers in the U.S. are recruiting at least 3,000 participants of both sexes, approximately 50% of whom are minority patients and 20% of whom are &gt; or = 65 years old, to be assigned at random to one of three intervention groups: an intensive lifestyle intervention focusing on a healthy diet and exercise and two masked medication treatment groups--metformin or placebo--combined with standard diet and exercise recommendations. Participants are being recruited during a 2 2/3-year period, and all will be followed for an additional 3 1/3 to 5 years after the close of recruitment to a common closing date in 2002. The primary outcome is the development of diabetes, diagnosed by fasting or post-challenge plasma glucose concentrations meeting the 1997 American Diabetes Association criteria. The 3,000 participants will provide 90% power to detect a 33% reduction in an expected diabetes incidence rate of at least 6.5% per year in the placebo group. Secondary outcomes include cardiovascular disease and its risk factors; changes in glycemia, beta-cell function, insulin sensitivity, obesity, diet, physical activity, and health-related quality of life; and occurrence of adverse events. A fourth treatment group--troglitazone combined with standard diet and exercise recommendations--was included initially but discontinued because of the liver toxicity of the drug. This randomized clinical trial will test the possibility of preventing or delaying the onset of type 2 diabetes in individuals at high risk.</AbstractText></Abstract><Language>eng</Language><GrantList CompleteYN="Y"><Grant><GrantID>U01 DK048489</GrantID><Acronym>DK</Acronym><Agency>NIDDK NIH HHS</Agency><Country>United States</Country></Grant></GrantList><PublicationTypeList><PublicationType UI="D016430">Clinical Trial</PublicationType><PublicationType UI="D016428">Journal Article</PublicationType><PublicationType UI="D016449">Randomized Controlled Trial</PublicationType><PublicationType UI="D013485">Research Support, Non-U.S. Gov't</PublicationType><PublicationType UI="D013487">Research Support, U.S. Gov't, P.H.S.</PublicationType></PublicationTypeList></Article><MedlineJournalInfo><Country>United States</Country><MedlineTA>Diabetes Care</MedlineTA><NlmUniqueID>7805975</NlmUniqueID><ISSNLinking>0149-5992</ISSNLinking></MedlineJournalInfo><ChemicalList><Chemical><RegistryNumber>0</RegistryNumber><NameOfSubstance UI="D001786">Blood Glucose</NameOfSubstance></Chemical><Chemical><RegistryNumber>0</RegistryNumber><NameOfSubstance UI="D002839">Chromans</NameOfSubstance></Chemical><Chemical><RegistryNumber>0</RegistryNumber><NameOfSubstance UI="D007004">Hypoglycemic Agents</NameOfSubstance></Chemical><Chemical><RegistryNumber>0</RegistryNumber><NameOfSubstance UI="D013844">Thiazoles</NameOfSubstance></Chemical><Chemical><RegistryNumber>0</RegistryNumber><NameOfSubstance UI="D045162">Thiazolidinediones</NameOfSubstance></Chemical><Chemical><RegistryNumber>9100L32L2N</RegistryNumber><NameOfSubstance UI="D008687">Metformin</NameOfSubstance></Chemical><Chemical><RegistryNumber>I66ZZ0ZN0E</RegistryNumber><NameOfSubstance UI="D000077288">Troglitazone</NameOfSubstance></Chemical></ChemicalList><CitationSubset>IM</CitationSubset><CommentsCorrectionsList><CommentsCorrections RefType="ErratumIn"><RefSource>Diabetes Care 1999 Aug;22(8):1389</RefSource></CommentsCorrections><CommentsCorrections RefType="CommentIn"><RefSource>Diabetes Care. 1999 Apr;22(4):543-5</RefSource><PMID Version="1">10189529</PMID></CommentsCorrections><CommentsCorrections RefType="CommentIn"><RefSource>Diabetes Care. 1999 Oct;22(10):1757</RefSource><PMID Version="1">10526758</PMID></CommentsCorrections></CommentsCorrectionsList><MeshHeadingList><MeshHeading><DescriptorName UI="D000328" MajorTopicYN="N">Adult</DescriptorName></MeshHeading><MeshHeading><DescriptorName UI="D000368" MajorTopicYN="N">Aged</DescriptorName></MeshHeading><MeshHeading><DescriptorName UI="D001786" MajorTopicYN="N">Blood Glucose</DescriptorName><QualifierName UI="Q000378" MajorTopicYN="N">metabolism</QualifierName></MeshHeading><MeshHeading><DescriptorName UI="D002318" MajorTopicYN="N">Cardiovascular Diseases</DescriptorName><QualifierName UI="Q000517" MajorTopicYN="N">prevention &amp; control</QualifierName></MeshHeading><MeshHeading><DescriptorName UI="D002839" MajorTopicYN="N">Chromans</DescriptorName><QualifierName UI="Q000009" MajorTopicYN="N">adverse effects</QualifierName><QualifierName UI="Q000627" MajorTopicYN="N">therapeutic use</QualifierName></MeshHeading><MeshHeading><DescriptorName UI="D003920" MajorTopicYN="N">Diabetes Mellitus</DescriptorName></MeshHeading><MeshHeading><DescriptorName UI="D003924" MajorTopicYN="N">Diabetes Mellitus, Type 2</DescriptorName><QualifierName UI="Q000517" MajorTopicYN="Y">prevention &amp; control</QualifierName></MeshHeading><MeshHeading><DescriptorName UI="D002149" MajorTopicYN="N">Energy Intake</DescriptorName></MeshHeading><MeshHeading><DescriptorName UI="D005081" MajorTopicYN="N">Exercise Therapy</DescriptorName></MeshHeading><MeshHeading><DescriptorName UI="D005260" MajorTopicYN="N">Female</DescriptorName></MeshHeading><MeshHeading><DescriptorName UI="D005951" MajorTopicYN="N">Glucose Tolerance Test</DescriptorName></MeshHeading><MeshHeading><DescriptorName UI="D006291" MajorTopicYN="N">Health Policy</DescriptorName></MeshHeading><MeshHeading><DescriptorName UI="D006801" MajorTopicYN="N">Humans</DescriptorName></MeshHeading><MeshHeading><DescriptorName UI="D007004" MajorTopicYN="N">Hypoglycemic Agents</DescriptorName><QualifierName UI="Q000627" MajorTopicYN="N">therapeutic use</QualifierName></MeshHeading><MeshHeading><DescriptorName UI="D007333" MajorTopicYN="N">Insulin Resistance</DescriptorName></MeshHeading><MeshHeading><DescriptorName UI="D007515" MajorTopicYN="N">Islets of Langerhans</DescriptorName><QualifierName UI="Q000502" MajorTopicYN="N">physiology</QualifierName></MeshHeading><MeshHeading><DescriptorName UI="D008019" MajorTopicYN="N">Life Style</DescriptorName></MeshHeading><MeshHeading><DescriptorName UI="D008099" MajorTopicYN="N">Liver</DescriptorName><QualifierName UI="Q000187" MajorTopicYN="N">drug effects</QualifierName></MeshHeading><MeshHeading><DescriptorName UI="D008297" MajorTopicYN="N">Male</DescriptorName></MeshHeading><MeshHeading><DescriptorName UI="D008687" MajorTopicYN="N">Metformin</DescriptorName><QualifierName UI="Q000627" MajorTopicYN="N">therapeutic use</QualifierName></MeshHeading><MeshHeading><DescriptorName UI="D008875" MajorTopicYN="N">Middle Aged</DescriptorName></MeshHeading><MeshHeading><DescriptorName UI="D009765" MajorTopicYN="N">Obesity</DescriptorName></MeshHeading><MeshHeading><DescriptorName UI="D010043" MajorTopicYN="N">Outcome and Process Assessment, Health Care</DescriptorName></MeshHeading><MeshHeading><DescriptorName UI="D011788" MajorTopicYN="N">Quality of Life</DescriptorName></MeshHeading><MeshHeading><DescriptorName UI="D012107" MajorTopicYN="Y">Research Design</DescriptorName></MeshHeading><MeshHeading><DescriptorName UI="D012307" MajorTopicYN="N">Risk Factors</DescriptorName></MeshHeading><MeshHeading><DescriptorName UI="D013844" MajorTopicYN="N">Thiazoles</DescriptorName><QualifierName UI="Q000009" MajorTopicYN="N">adverse effects</QualifierName><QualifierName UI="Q000627" MajorTopicYN="N">therapeutic use</QualifierName></MeshHeading><MeshHeading><DescriptorName UI="D045162" MajorTopicYN="Y">Thiazolidinediones</DescriptorName></MeshHeading><MeshHeading><DescriptorName UI="D000077288" MajorTopicYN="N">Troglitazone</DescriptorName></MeshHeading></MeshHeadingList></MedlineCitation><PubmedData><History><PubMedPubDate PubStatus="pubmed"><Year>1999</Year><Month>4</Month><Day>6</Day><Hour>2</Hour><Minute>2</Minute></PubMedPubDate><PubMedPubDate PubStatus="medline"><Year>2000</Year><Month>3</Month><Day>18</Day><Hour>9</Hour><Minute>0</Minute></PubMedPubDate><PubMedPubDate PubStatus="entrez"><Year>1999</Year><Month>4</Month><Day>6</Day><Hour>2</Hour><Minute>2</Minute></PubMedPubDate></History><PublicationStatus>ppublish</PublicationStatus><ArticleIdList><ArticleId IdType="pubmed">10189543</ArticleId><ArticleId IdType="pmc">PMC1351026</ArticleId><ArticleId IdType="mid">NIHMS5227</ArticleId><ArticleId IdType="doi">10.2337/diacare.22.4.623</ArticleId></ArticleIdList><ReferenceList><Reference><Citation>Diabetes. 1996 Dec;45(12):1661-9</Citation><ArticleIdList><ArticleId IdType="pubmed">8922349</ArticleId></ArticleIdList></Reference><Reference><Citation>Diabetes Care. 1997 Jul;20(7):1183-97</Citation><ArticleIdList><ArticleId IdType="pubmed">9203460</ArticleId></ArticleIdList></Reference><Reference><Citation>Eur J Clin Pharmacol. 1993;44(6):589-91</Citation><ArticleIdList><ArticleId IdType="pubmed">8405019</ArticleId></ArticleIdList></Reference><Reference><Citation>BMJ. 1990 Sep 1;301(6749):397-402</Citation><ArticleIdList><ArticleId IdType="pubmed">2282392</ArticleId></ArticleIdList></Reference><Reference><Citation>Diabetes Care. 1997 Apr;20(4):537-44</Citation><ArticleIdList><ArticleId IdType="pubmed">9096977</ArticleId></ArticleIdList></Reference><Reference><Citation>Am J Med. 1991 Feb;90(2):229-35</Citation><ArticleIdList><ArticleId IdType="pubmed">1996593</ArticleId></ArticleIdList></Reference><Reference><Citation>N Engl J Med. 1996 Feb 29;334(9):574-9</Citation><ArticleIdList><ArticleId IdType="pubmed">8569826</ArticleId></ArticleIdList></Reference><Reference><Citation>Diabetes. 1997 Apr;46(4):701-10</Citation><ArticleIdList><ArticleId IdType="pubmed">9075814</ArticleId></ArticleIdList></Reference><Reference><Citation>Biometrics. 1988 Jun;44(2):513-28</Citation><ArticleIdList><ArticleId IdType="pubmed">3291958</ArticleId></ArticleIdList></Reference><Reference><Citation>J Vasc Surg. 1996 Jan;23(1):104-15</Citation><ArticleIdList><ArticleId IdType="pubmed">8558725</ArticleId></ArticleIdList></Reference><Reference><Citation>BMJ. 1989 Apr 29;298(6681):1147-52</Citation><ArticleIdList><ArticleId IdType="pubmed">2500168</ArticleId></ArticleIdList></Reference><Reference><Citation>Diabetes. 1991 Dec;40 Suppl 2:131-5</Citation><ArticleIdList><ArticleId IdType="pubmed">1748242</ArticleId></ArticleIdList></Reference><Reference><Citation>Diabetes Care. 1990 Apr;13(4):401-11</Citation><ArticleIdList><ArticleId IdType="pubmed">2318100</ArticleId></ArticleIdList></Reference><Reference><Citation>J Intern Med. 1991 Feb;229(2):181-7</Citation><ArticleIdList><ArticleId IdType="pubmed">1900072</ArticleId></ArticleIdList></Reference><Reference><Citation>Diabetes Care. 1992 Mar;15(3):318-68</Citation><ArticleIdList><ArticleId IdType="pubmed">1532777</ArticleId></ArticleIdList></Reference><Reference><Citation>Diabetes. 1993 Feb;42(2):359-62</Citation><ArticleIdList><ArticleId IdType="pubmed">8425674</ArticleId></ArticleIdList></Reference><Reference><Citation>Diabetes Care. 1992 Jun;15(6):755-72</Citation><ArticleIdList><ArticleId IdType="pubmed">1600835</ArticleId></ArticleIdList></Reference><Reference><Citation>Biometrics. 1982 Dec;38(4):963-74</Citation><ArticleIdList><ArticleId IdType="pubmed">7168798</ArticleId></ArticleIdList></Reference><Reference><Citation>Control Clin Trials. 1988 Dec;9(4):345-64</Citation><ArticleIdList><ArticleId IdType="pubmed">3203525</ArticleId></ArticleIdList></Reference><Reference><Citation>J Clin Endocrinol Metab. 1996 Sep;81(9):3299-306</Citation><ArticleIdList><ArticleId IdType="pubmed">8784087</ArticleId></ArticleIdList></Reference><Reference><Citation>Drugs. 1995 May;49(5):721-49</Citation><ArticleIdList><ArticleId IdType="pubmed">7601013</ArticleId></ArticleIdList></Reference><Reference><Citation>Diabetes Care. 1990 Jun;13(6):610-30</Citation><ArticleIdList><ArticleId IdType="pubmed">2192847</ArticleId></ArticleIdList></Reference><Reference><Citation>J Am Diet Assoc. 1992 Aug;92(8):969-77</Citation><ArticleIdList><ArticleId IdType="pubmed">1640041</ArticleId></ArticleIdList></Reference><Reference><Citation>Br Med J (Clin Res Ed). 1984 Dec 1;289(6457):1495-7</Citation><ArticleIdList><ArticleId IdType="pubmed">6150745</ArticleId></ArticleIdList></Reference><Reference><Citation>Gen Pharmacol. 1993 Nov;24(6):1299-309</Citation><ArticleIdList><ArticleId IdType="pubmed">8112499</ArticleId></ArticleIdList></Reference><Reference><Citation>Diabetes. 1995 May;44(5):483-8</Citation><ArticleIdList><ArticleId IdType="pubmed">7729603</ArticleId></ArticleIdList></Reference><Reference><Citation>Diabetologia. 1996 Mar;39(3):298-305</Citation><ArticleIdList><ArticleId IdType="pubmed">8721775</ArticleId></ArticleIdList></Reference><Reference><Citation>N Engl J Med. 1995 Aug 31;333(9):550-4</Citation><ArticleIdList><ArticleId IdType="pubmed">7623903</ArticleId></ArticleIdList></Reference><Reference><Citation>Diabetes Care. 1996 Sep;19(9):920-6</Citation><ArticleIdList><ArticleId IdType="pubmed">8875083</ArticleId></ArticleIdList></Reference><Reference><Citation>J Clin Endocrinol Metab. 1994 May;78(5):1059-63</Citation><ArticleIdList><ArticleId IdType="pubmed">8175960</ArticleId></ArticleIdList></Reference><Reference><Citation>Metabolism. 1994 May;43(5):647-54</Citation><ArticleIdList><ArticleId IdType="pubmed">8177055</ArticleId></ArticleIdList></Reference><Reference><Citation>Am J Clin Nutr. 1989 Jul;50(1):9-18</Citation><ArticleIdList><ArticleId IdType="pubmed">2750700</ArticleId></ArticleIdList></Reference><Reference><Citation>Diabetes Care. 1992 Feb;15(2):193-203</Citation><ArticleIdList><ArticleId IdType="pubmed">1547676</ArticleId></ArticleIdList></Reference><Reference><Citation>N Engl J Med. 1994 Nov 3;331(18):1188-93</Citation><ArticleIdList><ArticleId IdType="pubmed">7935656</ArticleId></ArticleIdList></Reference><Reference><Citation>Arteriosclerosis. 1984 May-Jun;4(3):296-301</Citation><ArticleIdList><ArticleId IdType="pubmed">6585187</ArticleId></ArticleIdList></Reference><Reference><Citation>Diabetes Care. 1997 Feb;20(2):188-93</Citation><ArticleIdList><ArticleId IdType="pubmed">9118772</ArticleId></ArticleIdList></Reference><Reference><Citation>BMJ. 1991 Mar 2;302(6775):493-6</Citation><ArticleIdList><ArticleId IdType="pubmed">2012844</ArticleId></ArticleIdList></Reference><Reference><Citation>JAMA. 1995 Feb 1;273(5):402-7</Citation><ArticleIdList><ArticleId IdType="pubmed">7823386</ArticleId></ArticleIdList></Reference><Reference><Citation>Diabetes Care. 1998 Mar;21(3):360-7</Citation><ArticleIdList><ArticleId IdType="pubmed">9540016</ArticleId></ArticleIdList></Reference><Reference><Citation>Postgrad Med. 1972 Dec;52(6):81-5</Citation><ArticleIdList><ArticleId IdType="pubmed">4635613</ArticleId></ArticleIdList></Reference><Reference><Citation>Diabetes Care. 1992 Sep;15(9):1141-55</Citation><ArticleIdList><ArticleId IdType="pubmed">1396012</ArticleId></ArticleIdList></Reference><Reference><Citation>J Investig Med. 1996 Oct;44(8):413-28</Citation><ArticleIdList><ArticleId IdType="pubmed">8952222</ArticleId></ArticleIdList></Reference><Reference><Citation>Diabetologia. 1991 Dec;34(12):891-8</Citation><ArticleIdList><ArticleId IdType="pubmed">1778354</ArticleId></ArticleIdList></Reference><Reference><Citation>Diabetes. 1997 Mar;46(3):433-9</Citation><ArticleIdList><ArticleId IdType="pubmed">9032099</ArticleId></ArticleIdList></Reference><Reference><Citation>Med Care. 1992 Jun;30(6):473-83</Citation><ArticleIdList><ArticleId IdType="pubmed">1593914</ArticleId></ArticleIdList></Reference><Reference><Citation>Arch Intern Med. 1995 Apr 24;155(8):829-37</Citation><ArticleIdList><ArticleId IdType="pubmed">7717791</ArticleId></ArticleIdList></Reference><Reference><Citation>Stat Med. 1993 Jul 15;12(13):1185-95</Citation><ArticleIdList><ArticleId IdType="pubmed">8210821</ArticleId></ArticleIdList></Reference><Reference><Citation>Biometrics. 1990 Sep;46(3):759-70</Citation><ArticleIdList><ArticleId IdType="pubmed">2242413</ArticleId></ArticleIdList></Reference><Reference><Citation>N Engl J Med. 1988 Dec 8;319(23):1500-6</Citation><ArticleIdList><ArticleId IdType="pubmed">3054559</ArticleId></ArticleIdList></Reference><Reference><Citation>Stat Med. 1990 Dec;9(12):1417-24; discussion 1433-7</Citation><ArticleIdList><ArticleId IdType="pubmed">2281229</ArticleId></ArticleIdList></Reference><Reference><Citation>BMJ. 1988 Dec 10;297(6662):1512</Citation><ArticleIdList><ArticleId IdType="pubmed">2906258</ArticleId></ArticleIdList></Reference><Reference><Citation>Biometrics. 1979 Sep;35(3):549-56</Citation><ArticleIdList><ArticleId IdType="pubmed">497341</ArticleId></ArticleIdList></Reference><Reference><Citation>Diabetes. 1992 Mar;41(3):354-8</Citation><ArticleIdList><ArticleId IdType="pubmed">1551495</ArticleId></ArticleIdList></Reference><Reference><Citation>Biometrics. 1986 Sep;42(3):507-19</Citation><ArticleIdList><ArticleId IdType="pubmed">3567285</ArticleId></ArticleIdList></Reference><Reference><Citation>Diabetes Metab Rev. 1992 Dec;8(4):339-53</Citation><ArticleIdList><ArticleId IdType="pubmed">1307523</ArticleId></ArticleIdList></Reference><Reference><Citation>JAMA. 1993 Jun 16;269(23):3015-23</Citation><ArticleIdList><ArticleId IdType="pubmed">8501844</ArticleId></ArticleIdList></Reference></ReferenceList></PubmedData></PubmedArticle></PubmedArticleSet>