<?xml version="1.0" ?>
<!DOCTYPE PubmedArticleSet PUBLIC "-//NLM//DTD PubMedArticle, 1st January 2019//EN" "https://dtd.nlm.nih.gov/ncbi/pubmed/out/pubmed_190101.dtd">
<PubmedArticleSet><PubmedArticle><MedlineCitation Status="MEDLINE" Owner="NLM"><PMID Version="1">10199430</PMID><DateCompleted><Year>1999</Year><Month>04</Month><Day>14</Day></DateCompleted><DateRevised><Year>2022</Year><Month>03</Month><Day>21</Day></DateRevised><Article PubModel="Print"><Journal><ISSN IssnType="Print">0098-7484</ISSN><JournalIssue CitedMedium="Print"><Volume>281</Volume><Issue>13</Issue><PubDate><Year>1999</Year><Month>Apr</Month><Day>07</Day></PubDate></JournalIssue><Title>JAMA</Title><ISOAbbreviation>JAMA</ISOAbbreviation></Journal><ArticleTitle>Relationship between fasting plasma glucose and glycosylated hemoglobin: potential for false-positive diagnoses of type 2 diabetes using new diagnostic criteria.</ArticleTitle><Pagination><MedlinePgn>1203-10</MedlinePgn></Pagination><Abstract><AbstractText Label="CONTEXT" NlmCategory="BACKGROUND">New criteria for the diagnosis of type 2 diabetes mellitus have recently been introduced that lowered the diagnostic fasting plasma glucose (FPG) concentration from 7.8 to 7.0 mmol/L (140 to 126 mg/dL).</AbstractText><AbstractText Label="OBJECTIVE" NlmCategory="OBJECTIVE">To determine if individuals with diabetes diagnosed by the new FPG concentration criterion would have excessive glycosylation (elevated hemoglobin [HbA1c] levels).</AbstractText><AbstractText Label="DEFINITIONS" NlmCategory="BACKGROUND">We determined the distribution of HbA1c levels in individuals using 4 classifications: (1) normal by the new criterion (FPG concentration &lt;6.1 mmol/L [110 mg/dL]); (2) impaired fasting glucose by the new criterion (FPG concentration of 6.1-6.9 mmol/L [110-125 mg/dL]); (3) diabetes diagnosed solely by the new FPG concentration criterion of 7.0 through 7.7 mmol/L (126-139 mg/dL); and (4) diabetes diagnosed by the previous FPG concentration criterion of 7.8 mmol/L (140 mg/dL) or higher.</AbstractText><AbstractText Label="DESIGN" NlmCategory="METHODS">Cross-sectional analysis of 2 large data sets (NHANES III and Meta-Analysis Research Group [MRG] on the Diagnosis of Diabetes Using Glycated Hemoglobin) that contained individuals in whom FPG concentrations, 2-hour glucose concentrations using an oral glucose tolerance test, and an HbA1c level were simultaneously measured. We cross-tabulated FPG concentrations (&lt;6.1 mmol/L [110 mg/dL], 6.1-6.9 mmol/L [110-125 mg/dL], 7.0-7.7 mmol/L [126-139 mg/dL], and &gt; or =7.8 mmol/L [140 mg/dL]) and HbA1c levels separated into 3 intervals: normal, less than the upper limit of normal (ULN); slightly elevated, ULN to ULN plus 1%; and high, higher than ULN plus 1%.</AbstractText><AbstractText Label="RESULTS" NlmCategory="RESULTS">Among subjects with normal FPG concentrations, HbA1c levels in the NHANES III (and the MRG) data sets were normal in 97.3% (96.2%), slightly elevated in 2.7% (3.6%), and high in 0.1% (0.2%). Among individuals with impaired fasting glucose, HbA1c concentrations were normal in 86.7% (81.4%), slightly elevated in 13.1% (16.4%), and high in 0.2% (2.2%). Among diabetic patients diagnosed by the new FPG criterion only, HbA1c levels were normal in 60.9% (59.6%), slightly elevated in 35.8% (32.8%), and high in 3.4% (7.6%). In diabetic patients diagnosed by the former FPG criterion, HbA1c levels were normal in 18.6% (16.7%), slightly elevated in 32.5% (21.0%), and high in 48.9% (62.3%).</AbstractText><AbstractText Label="CONCLUSIONS" NlmCategory="CONCLUSIONS">About 60% of the new cohort of diabetic patients in both data sets have normal HbA1c levels. We believe that diabetes should not be diagnosed in those with FPG concentrations less than 7.8 mmol/L (140 mg/dL) unless excessive glycosylation is evident. Individuals without excessive glycosylation but with moderate elevations of FPG concentrations (6.1-7.7 mmol/L [110-139 mg/dL]) should be diagnosed as having impaired fasting glucose and treated with an appropriate diet and exercise. This diagnostic labeling achieves the goal of early intervention without subjecting these persons to the potentially negative insurance, employment, social, and psychological consequences of a diagnosis of diabetes mellitus.</AbstractText></Abstract><AuthorList CompleteYN="Y"><Author ValidYN="Y"><LastName>Davidson</LastName><ForeName>M B</ForeName><Initials>MB</Initials><AffiliationInfo><Affiliation>Clinical Trials Unit, Charles R. Drew University of Medicine and Science, Los Angeles, CA 90059, USA.</Affiliation></AffiliationInfo></Author><Author ValidYN="Y"><LastName>Schriger</LastName><ForeName>D L</ForeName><Initials>DL</Initials></Author><Author ValidYN="Y"><LastName>Peters</LastName><ForeName>A L</ForeName><Initials>AL</Initials></Author><Author ValidYN="Y"><LastName>Lorber</LastName><ForeName>B</ForeName><Initials>B</Initials></Author></AuthorList><Language>eng</Language><PublicationTypeList><PublicationType UI="D016428">Journal Article</PublicationType></PublicationTypeList></Article><MedlineJournalInfo><Country>United States</Country><MedlineTA>JAMA</MedlineTA><NlmUniqueID>7501160</NlmUniqueID><ISSNLinking>0098-7484</ISSNLinking></MedlineJournalInfo><ChemicalList><Chemical><RegistryNumber>0</RegistryNumber><NameOfSubstance UI="D001786">Blood Glucose</NameOfSubstance></Chemical><Chemical><RegistryNumber>0</RegistryNumber><NameOfSubstance UI="D006442">Glycated Hemoglobin A</NameOfSubstance></Chemical></ChemicalList><CitationSubset>IM</CitationSubset><CommentsCorrectionsList><CommentsCorrections RefType="ErratumIn"><RefSource>JAMA 1999 Jun 16;281(23):2187</RefSource></CommentsCorrections><CommentsCorrections RefType="CommentIn"><RefSource>JAMA. 1999 Apr 7;281(13):1222-4</RefSource><PMID Version="1">10199434</PMID></CommentsCorrections><CommentsCorrections RefType="CommentIn"><RefSource>JAMA. 2000 Feb 2;283(5):605-6</RefSource><PMID Version="1">10665697</PMID></CommentsCorrections><CommentsCorrections RefType="CommentIn"><RefSource>JAMA. 2000 Feb 2;283(5):606</RefSource><PMID Version="1">10665698</PMID></CommentsCorrections></CommentsCorrectionsList><MeshHeadingList><MeshHeading><DescriptorName UI="D000328" MajorTopicYN="N">Adult</DescriptorName></MeshHeading><MeshHeading><DescriptorName UI="D001786" MajorTopicYN="N">Blood Glucose</DescriptorName><QualifierName UI="Q000032" MajorTopicYN="Y">analysis</QualifierName></MeshHeading><MeshHeading><DescriptorName UI="D003430" MajorTopicYN="N">Cross-Sectional Studies</DescriptorName></MeshHeading><MeshHeading><DescriptorName UI="D003924" MajorTopicYN="N">Diabetes Mellitus, Type 2</DescriptorName><QualifierName UI="Q000097" MajorTopicYN="N">blood</QualifierName><QualifierName UI="Q000175" MajorTopicYN="Y">diagnosis</QualifierName></MeshHeading><MeshHeading><DescriptorName UI="D005189" MajorTopicYN="N">False Positive Reactions</DescriptorName></MeshHeading><MeshHeading><DescriptorName UI="D005215" MajorTopicYN="N">Fasting</DescriptorName><QualifierName UI="Q000097" MajorTopicYN="N">blood</QualifierName></MeshHeading><MeshHeading><DescriptorName UI="D005951" MajorTopicYN="N">Glucose Tolerance Test</DescriptorName></MeshHeading><MeshHeading><DescriptorName UI="D006442" MajorTopicYN="N">Glycated Hemoglobin A</DescriptorName><QualifierName UI="Q000032" MajorTopicYN="Y">analysis</QualifierName></MeshHeading><MeshHeading><DescriptorName UI="D006801" MajorTopicYN="N">Humans</DescriptorName></MeshHeading></MeshHeadingList></MedlineCitation><PubmedData><History><PubMedPubDate PubStatus="pubmed"><Year>1999</Year><Month>4</Month><Day>13</Day><Hour>2</Hour><Minute>8</Minute></PubMedPubDate><PubMedPubDate PubStatus="medline"><Year>2000</Year><Month>5</Month><Day>29</Day><Hour>9</Hour><Minute>0</Minute></PubMedPubDate><PubMedPubDate PubStatus="entrez"><Year>1999</Year><Month>4</Month><Day>13</Day><Hour>2</Hour><Minute>8</Minute></PubMedPubDate></History><PublicationStatus>ppublish</PublicationStatus><ArticleIdList><ArticleId IdType="pubmed">10199430</ArticleId><ArticleId IdType="pii">jsc90037</ArticleId><ArticleId IdType="doi">10.1001/jama.281.13.1203</ArticleId></ArticleIdList></PubmedData></PubmedArticle></PubmedArticleSet>