<?xml version="1.0" ?>
<!DOCTYPE PubmedArticleSet PUBLIC "-//NLM//DTD PubMedArticle, 1st January 2019//EN" "https://dtd.nlm.nih.gov/ncbi/pubmed/out/pubmed_190101.dtd">
<PubmedArticleSet><PubmedArticle><MedlineCitation Status="MEDLINE" Owner="NLM"><PMID Version="1">10191799</PMID><DateCompleted><Year>1999</Year><Month>04</Month><Day>16</Day></DateCompleted><DateRevised><Year>2019</Year><Month>05</Month><Day>14</Day></DateRevised><Article PubModel="Print"><Journal><ISSN IssnType="Print">0090-0036</ISSN><JournalIssue CitedMedium="Print"><Volume>89</Volume><Issue>4</Issue><PubDate><Year>1999</Year><Month>Apr</Month></PubDate></JournalIssue><Title>American journal of public health</Title><ISOAbbreviation>Am J Public Health</ISOAbbreviation></Journal><ArticleTitle>The prevalence and health burden of self-reported diabetes in older Mexican Americans: findings from the Hispanic established populations for epidemiologic studies of the elderly.</ArticleTitle><Pagination><MedlinePgn>546-52</MedlinePgn></Pagination><Abstract><AbstractText Label="OBJECTIVES" NlmCategory="OBJECTIVE">The prevalence and health burden of self-reported adult-onset diabetes mellitus were examined in older Mexican Americans.</AbstractText><AbstractText Label="METHODS" NlmCategory="METHODS">Data from the Hispanic Established Populations for Epidemiologic Studies of the Elderly were used to assess the prevalence of self-reported diabetes and its association with other chronic conditions, disability, sensory impairments, health behaviors, and health service use in 3050 community-dwelling Mexican Americans 65 years and older.</AbstractText><AbstractText Label="RESULTS" NlmCategory="RESULTS">The prevalence of self-reported diabetes in this sample was 22%, and there were high rates of obesity, diabetes-related complications, and diabetic medication use. Myocardial infarction, stroke, hypertension, angina, and cancer were significantly more common in diabetics than in nondiabetics, as were high levels of depressive symptoms, low perceived health status, disability, incontinence, vision impairment, and health service use. Many of the rate differences found in this sample of older Mexican Americans were higher than those reported among other groups of older adults.</AbstractText><AbstractText Label="CONCLUSIONS" NlmCategory="CONCLUSIONS">Our findings indicate that the prevalence and health burden of diabetes are greater in older Mexican Americans than in older non-Hispanic Whites and African Americans, particularly among elderly men.</AbstractText></Abstract><AuthorList CompleteYN="Y"><Author ValidYN="Y"><LastName>Black</LastName><ForeName>S A</ForeName><Initials>SA</Initials><AffiliationInfo><Affiliation>Jennie Sealy Hospital, University of Texas Medical Branch, Galveston 77555-0460, USA. sblack@utmb.edu</Affiliation></AffiliationInfo></Author><Author ValidYN="Y"><LastName>Ray</LastName><ForeName>L A</ForeName><Initials>LA</Initials></Author><Author ValidYN="Y"><LastName>Markides</LastName><ForeName>K S</ForeName><Initials>KS</Initials></Author></AuthorList><Language>eng</Language><GrantList CompleteYN="Y"><Grant><GrantID>AG10939</GrantID><Acronym>AG</Acronym><Agency>NIA NIH HHS</Agency><Country>United States</Country></Grant><Grant><GrantID>DK51261</GrantID><Acronym>DK</Acronym><Agency>NIDDK NIH HHS</Agency><Country>United States</Country></Grant></GrantList><PublicationTypeList><PublicationType UI="D016428">Journal Article</PublicationType><PublicationType UI="D013487">Research Support, U.S. Gov't, P.H.S.</PublicationType></PublicationTypeList></Article><MedlineJournalInfo><Country>United States</Country><MedlineTA>Am J Public Health</MedlineTA><NlmUniqueID>1254074</NlmUniqueID><ISSNLinking>0090-0036</ISSNLinking></MedlineJournalInfo><CitationSubset>IM</CitationSubset><MeshHeadingList><MeshHeading><DescriptorName UI="D000368" MajorTopicYN="N">Aged</DescriptorName><QualifierName UI="Q000706" MajorTopicYN="Y">statistics &amp; numerical data</QualifierName></MeshHeading><MeshHeading><DescriptorName UI="D000369" MajorTopicYN="N">Aged, 80 and over</DescriptorName></MeshHeading><MeshHeading><DescriptorName UI="D015897" MajorTopicYN="N">Comorbidity</DescriptorName></MeshHeading><MeshHeading><DescriptorName UI="D017281" MajorTopicYN="Y">Cost of Illness</DescriptorName></MeshHeading><MeshHeading><DescriptorName UI="D003924" MajorTopicYN="N">Diabetes Mellitus, Type 2</DescriptorName><QualifierName UI="Q000150" MajorTopicYN="N">complications</QualifierName><QualifierName UI="Q000208" MajorTopicYN="Y">ethnology</QualifierName></MeshHeading><MeshHeading><DescriptorName UI="D006233" MajorTopicYN="N">Disabled Persons</DescriptorName><QualifierName UI="Q000706" MajorTopicYN="N">statistics &amp; numerical data</QualifierName></MeshHeading><MeshHeading><DescriptorName UI="D005260" MajorTopicYN="N">Female</DescriptorName></MeshHeading><MeshHeading><DescriptorName UI="D015438" MajorTopicYN="N">Health Behavior</DescriptorName><QualifierName UI="Q000208" MajorTopicYN="N">ethnology</QualifierName></MeshHeading><MeshHeading><DescriptorName UI="D006296" MajorTopicYN="N">Health Services</DescriptorName><QualifierName UI="Q000706" MajorTopicYN="N">statistics &amp; numerical data</QualifierName></MeshHeading><MeshHeading><DescriptorName UI="D006306" MajorTopicYN="N">Health Surveys</DescriptorName></MeshHeading><MeshHeading><DescriptorName UI="D006801" MajorTopicYN="N">Humans</DescriptorName></MeshHeading><MeshHeading><DescriptorName UI="D008297" MajorTopicYN="N">Male</DescriptorName></MeshHeading><MeshHeading><DescriptorName UI="D017058" MajorTopicYN="N">Mexican Americans</DescriptorName><QualifierName UI="Q000706" MajorTopicYN="Y">statistics &amp; numerical data</QualifierName></MeshHeading><MeshHeading><DescriptorName UI="D008800" MajorTopicYN="N">Mexico</DescriptorName><QualifierName UI="Q000208" MajorTopicYN="N">ethnology</QualifierName></MeshHeading><MeshHeading><DescriptorName UI="D011159" MajorTopicYN="N">Population Surveillance</DescriptorName></MeshHeading><MeshHeading><DescriptorName UI="D015995" MajorTopicYN="N">Prevalence</DescriptorName></MeshHeading><MeshHeading><DescriptorName UI="D017678" MajorTopicYN="N">Sex Distribution</DescriptorName></MeshHeading><MeshHeading><DescriptorName UI="D015206" MajorTopicYN="N">Southwestern United States</DescriptorName><QualifierName UI="Q000453" MajorTopicYN="N">epidemiology</QualifierName></MeshHeading><MeshHeading><DescriptorName UI="D011795" MajorTopicYN="N">Surveys and Questionnaires</DescriptorName></MeshHeading></MeshHeadingList></MedlineCitation><PubmedData><History><PubMedPubDate PubStatus="pubmed"><Year>1999</Year><Month>4</Month><Day>7</Day></PubMedPubDate><PubMedPubDate PubStatus="medline"><Year>1999</Year><Month>4</Month><Day>7</Day><Hour>0</Hour><Minute>1</Minute></PubMedPubDate><PubMedPubDate PubStatus="entrez"><Year>1999</Year><Month>4</Month><Day>7</Day><Hour>0</Hour><Minute>0</Minute></PubMedPubDate></History><PublicationStatus>ppublish</PublicationStatus><ArticleIdList><ArticleId IdType="pubmed">10191799</ArticleId><ArticleId IdType="pmc">PMC1508908</ArticleId><ArticleId IdType="doi">10.2105/ajph.89.4.546</ArticleId></ArticleIdList><ReferenceList><Reference><Citation>Am J Public Health. 1989 Jun;79(6):770-2</Citation><ArticleIdList><ArticleId IdType="pubmed">2786349</ArticleId></ArticleIdList></Reference><Reference><Citation>Diabetes Care. 1989 Sep;12(8):530-6</Citation><ArticleIdList><ArticleId IdType="pubmed">2776587</ArticleId></ArticleIdList></Reference><Reference><Citation>Psychol Aging. 1989 Jun;4(2):150-65</Citation><ArticleIdList><ArticleId IdType="pubmed">2675927</ArticleId></ArticleIdList></Reference><Reference><Citation>Diabetes Care. 1991 Jul;14(7):628-38</Citation><ArticleIdList><ArticleId IdType="pubmed">1914812</ArticleId></ArticleIdList></Reference><Reference><Citation>Diabetes Care. 1991 Jul;14(7):665-71</Citation><ArticleIdList><ArticleId IdType="pubmed">1914816</ArticleId></ArticleIdList></Reference><Reference><Citation>Diabetes Care. 1992 Mar;15 Suppl 1:1-5</Citation><ArticleIdList><ArticleId IdType="pubmed">1559412</ArticleId></ArticleIdList></Reference><Reference><Citation>J Clin Epidemiol. 1992 May;45(5):519-28</Citation><ArticleIdList><ArticleId IdType="pubmed">1534120</ArticleId></ArticleIdList></Reference><Reference><Citation>Ethn Dis. 1991 Summer;1(3):273-9</Citation><ArticleIdList><ArticleId IdType="pubmed">1842540</ArticleId></ArticleIdList></Reference><Reference><Citation>Ophthalmology. 1992 Dec;99(12):1840-7</Citation><ArticleIdList><ArticleId IdType="pubmed">1480401</ArticleId></ArticleIdList></Reference><Reference><Citation>Diabetes Care. 1993 Jan;16(1):157-77</Citation><ArticleIdList><ArticleId IdType="pubmed">8123057</ArticleId></ArticleIdList></Reference><Reference><Citation>World Health Stat Q. 1992;45(4):347-9</Citation><ArticleIdList><ArticleId IdType="pubmed">1299075</ArticleId></ArticleIdList></Reference><Reference><Citation>Am J Epidemiol. 1993 Apr 1;137(7):706-18</Citation><ArticleIdList><ArticleId IdType="pubmed">8484362</ArticleId></ArticleIdList></Reference><Reference><Citation>Am J Med Sci. 1994 Jan;307(1):40-2</Citation><ArticleIdList><ArticleId IdType="pubmed">8291505</ArticleId></ArticleIdList></Reference><Reference><Citation>Public Health Rep. 1994 Nov-Dec;109(6):782-90</Citation><ArticleIdList><ArticleId IdType="pubmed">7800788</ArticleId></ArticleIdList></Reference><Reference><Citation>Ann Epidemiol. 1996 Sep;6(5):386-91</Citation><ArticleIdList><ArticleId IdType="pubmed">8915469</ArticleId></ArticleIdList></Reference><Reference><Citation>Diabetes. 1997 Apr;46(4):701-10</Citation><ArticleIdList><ArticleId IdType="pubmed">9075814</ArticleId></ArticleIdList></Reference><Reference><Citation>Int J Epidemiol. 1991;20 Suppl 1:S25-9</Citation><ArticleIdList><ArticleId IdType="pubmed">9119545</ArticleId></ArticleIdList></Reference><Reference><Citation>J Gerontol A Biol Sci Med Sci. 1998 May;53(3):M188-94</Citation><ArticleIdList><ArticleId IdType="pubmed">9597050</ArticleId></ArticleIdList></Reference><Reference><Citation>J Gerontol B Psychol Sci Soc Sci. 1998 Jul;53(4):S198-208</Citation><ArticleIdList><ArticleId IdType="pubmed">9679521</ArticleId></ArticleIdList></Reference><Reference><Citation>Bull World Health Organ. 1962;27:645-58</Citation><ArticleIdList><ArticleId IdType="pubmed">13974778</ArticleId></ArticleIdList></Reference><Reference><Citation>JAMA. 1963 Sep 21;185:914-9</Citation><ArticleIdList><ArticleId IdType="pubmed">14044222</ArticleId></ArticleIdList></Reference><Reference><Citation>Arch Gen Psychiatry. 1982 Oct;39(10):1195-200</Citation><ArticleIdList><ArticleId IdType="pubmed">7125849</ArticleId></ArticleIdList></Reference><Reference><Citation>J Gerontol. 1983 May;38(3):333-9</Citation><ArticleIdList><ArticleId IdType="pubmed">6841929</ArticleId></ArticleIdList></Reference><Reference><Citation>Diabetologia. 1983 Apr;24(4):272-7</Citation><ArticleIdList><ArticleId IdType="pubmed">6862133</ArticleId></ArticleIdList></Reference><Reference><Citation>Am J Epidemiol. 1983 Nov;118(5):659-72</Citation><ArticleIdList><ArticleId IdType="pubmed">6637993</ArticleId></ArticleIdList></Reference><Reference><Citation>Diabetes Care. 1986 Mar-Apr;9(2):153-61</Citation><ArticleIdList><ArticleId IdType="pubmed">3698781</ArticleId></ArticleIdList></Reference><Reference><Citation>Am J Med. 1986 May 16;80(5A):3-9</Citation><ArticleIdList><ArticleId IdType="pubmed">3706388</ArticleId></ArticleIdList></Reference><Reference><Citation>Am J Med. 1986 May 16;80(5A):39-53</Citation><ArticleIdList><ArticleId IdType="pubmed">3010719</ArticleId></ArticleIdList></Reference><Reference><Citation>Int J Obes. 1986;10(6):493-502</Citation><ArticleIdList><ArticleId IdType="pubmed">3804566</ArticleId></ArticleIdList></Reference><Reference><Citation>JAMA. 1988 Mar 25;259(12):1772</Citation><ArticleIdList><ArticleId IdType="pubmed">3343779</ArticleId></ArticleIdList></Reference><Reference><Citation>JAMA. 1988 May 20;259(19):2875-8</Citation><ArticleIdList><ArticleId IdType="pubmed">3285039</ArticleId></ArticleIdList></Reference><Reference><Citation>Diabetes. 1988 Jul;37(7):878-84</Citation><ArticleIdList><ArticleId IdType="pubmed">3384186</ArticleId></ArticleIdList></Reference><Reference><Citation>Ear Hear. 1988 Aug;9(4):208-11</Citation><ArticleIdList><ArticleId IdType="pubmed">3169401</ArticleId></ArticleIdList></Reference><Reference><Citation>Am J Epidemiol. 1988 Dec;128(6):1302-11</Citation><ArticleIdList><ArticleId IdType="pubmed">3195569</ArticleId></ArticleIdList></Reference><Reference><Citation>Am J Epidemiol. 1989 Feb;129(2):295-311</Citation><ArticleIdList><ArticleId IdType="pubmed">2912042</ArticleId></ArticleIdList></Reference></ReferenceList></PubmedData></PubmedArticle></PubmedArticleSet>