<?xml version="1.0" ?>
<!DOCTYPE PubmedArticleSet PUBLIC "-//NLM//DTD PubMedArticle, 1st January 2019//EN" "https://dtd.nlm.nih.gov/ncbi/pubmed/out/pubmed_190101.dtd">
<PubmedArticleSet><PubmedArticle><MedlineCitation Status="MEDLINE" Owner="NLM"><PMID Version="1">10193257</PMID><DateCompleted><Year>1999</Year><Month>04</Month><Day>19</Day></DateCompleted><DateRevised><Year>2019</Year><Month>05</Month><Day>01</Day></DateRevised><Article PubModel="Print"><Journal><ISSN IssnType="Electronic">1468-2044</ISSN><JournalIssue CitedMedium="Internet"><Volume>79</Volume><Issue>5</Issue><PubDate><Year>1998</Year><Month>Nov</Month></PubDate></JournalIssue><Title>Archives of disease in childhood</Title><ISOAbbreviation>Arch Dis Child</ISOAbbreviation></Journal><ArticleTitle>Social disadvantage, family composition, and diabetes mellitus: prevalence and outcome.</ArticleTitle><Pagination><MedlinePgn>427-30</MedlinePgn></Pagination><Abstract><AbstractText Label="OBJECTIVE" NlmCategory="OBJECTIVE">To investigate the relation between social disadvantage and family composition on diabetes prevalence and diabetes care outcome.</AbstractText><AbstractText Label="DESIGN" NlmCategory="METHODS">Retrospective audit in the south west of England of 801 children with diabetes mellitus.</AbstractText><AbstractText Label="MAIN OUTCOME MEASURES" NlmCategory="METHODS">Prevalence of diabetes in relation to the Townsend index. Admissions to hospital with diabetes related problems, glycated haemoglobin, time spent in hospital, outpatient attendance rates.</AbstractText><AbstractText Label="RESULTS" NlmCategory="RESULTS">There was no association between social status and diabetes prevalence. Social deprivation increased the likelihood of admission for hypoglycaemia. Children living with a single parent were more likely to be admitted to hospital with a diabetes related problem and stay in hospital longer. Having either a parent with diabetes or a single parent increased the rates of clinic non-attendance. No association was identified between medium term diabetes control and either social disadvantage or single parent status.</AbstractText><AbstractText Label="CONCLUSIONS" NlmCategory="CONCLUSIONS">Social disadvantage has no effect on diabetes prevalence and little on diabetes outcome in childhood. Family structure and parental diabetes have adverse effects on some aspects of diabetes outcome.</AbstractText></Abstract><AuthorList CompleteYN="Y"><Author ValidYN="Y"><LastName>Baumer</LastName><ForeName>J H</ForeName><Initials>JH</Initials><AffiliationInfo><Affiliation>Department of Child Health, Derriford Hospital, Plymouth, UK.</Affiliation></AffiliationInfo></Author><Author ValidYN="Y"><LastName>Hunt</LastName><ForeName>L P</ForeName><Initials>LP</Initials></Author><Author ValidYN="Y"><LastName>Shield</LastName><ForeName>J P</ForeName><Initials>JP</Initials></Author></AuthorList><Language>eng</Language><PublicationTypeList><PublicationType UI="D016428">Journal Article</PublicationType></PublicationTypeList></Article><MedlineJournalInfo><Country>England</Country><MedlineTA>Arch Dis Child</MedlineTA><NlmUniqueID>0372434</NlmUniqueID><ISSNLinking>0003-9888</ISSNLinking></MedlineJournalInfo><CitationSubset>IM</CitationSubset><MeshHeadingList><MeshHeading><DescriptorName UI="D000293" MajorTopicYN="N">Adolescent</DescriptorName></MeshHeading><MeshHeading><DescriptorName UI="D017677" MajorTopicYN="N">Age Distribution</DescriptorName></MeshHeading><MeshHeading><DescriptorName UI="D002648" MajorTopicYN="N">Child</DescriptorName></MeshHeading><MeshHeading><DescriptorName UI="D003922" MajorTopicYN="N">Diabetes Mellitus, Type 1</DescriptorName><QualifierName UI="Q000453" MajorTopicYN="Y">epidemiology</QualifierName><QualifierName UI="Q000209" MajorTopicYN="N">etiology</QualifierName><QualifierName UI="Q000628" MajorTopicYN="N">therapy</QualifierName></MeshHeading><MeshHeading><DescriptorName UI="D004739" MajorTopicYN="N" Type="Geographic">England</DescriptorName><QualifierName UI="Q000453" MajorTopicYN="N">epidemiology</QualifierName></MeshHeading><MeshHeading><DescriptorName UI="D005191" MajorTopicYN="Y">Family Characteristics</DescriptorName></MeshHeading><MeshHeading><DescriptorName UI="D006760" MajorTopicYN="N">Hospitalization</DescriptorName><QualifierName UI="Q000706" MajorTopicYN="N">statistics &amp; numerical data</QualifierName></MeshHeading><MeshHeading><DescriptorName UI="D006801" MajorTopicYN="N">Humans</DescriptorName></MeshHeading><MeshHeading><DescriptorName UI="D015995" MajorTopicYN="N">Prevalence</DescriptorName></MeshHeading><MeshHeading><DescriptorName UI="D012189" MajorTopicYN="N">Retrospective Studies</DescriptorName></MeshHeading><MeshHeading><DescriptorName UI="D015406" MajorTopicYN="N">Single Parent</DescriptorName></MeshHeading><MeshHeading><DescriptorName UI="D012923" MajorTopicYN="Y">Social Class</DescriptorName></MeshHeading><MeshHeading><DescriptorName UI="D012959" MajorTopicYN="N">Socioeconomic Factors</DescriptorName></MeshHeading><MeshHeading><DescriptorName UI="D016896" MajorTopicYN="N">Treatment Outcome</DescriptorName></MeshHeading></MeshHeadingList></MedlineCitation><PubmedData><History><PubMedPubDate PubStatus="pubmed"><Year>1999</Year><Month>4</Month><Day>8</Day></PubMedPubDate><PubMedPubDate PubStatus="medline"><Year>1999</Year><Month>4</Month><Day>8</Day><Hour>0</Hour><Minute>1</Minute></PubMedPubDate><PubMedPubDate PubStatus="entrez"><Year>1999</Year><Month>4</Month><Day>8</Day><Hour>0</Hour><Minute>0</Minute></PubMedPubDate></History><PublicationStatus>ppublish</PublicationStatus><ArticleIdList><ArticleId IdType="pubmed">10193257</ArticleId><ArticleId IdType="pmc">PMC1717742</ArticleId><ArticleId IdType="doi">10.1136/adc.79.5.427</ArticleId></ArticleIdList><ReferenceList><Reference><Citation>Am J Epidemiol. 1981 Sep;114(3):379-84</Citation><ArticleIdList><ArticleId IdType="pubmed">7304573</ArticleId></ArticleIdList></Reference><Reference><Citation>Arch Dis Child. 1998 Feb;78(2):104-8</Citation><ArticleIdList><ArticleId IdType="pubmed">9579148</ArticleId></ArticleIdList></Reference><Reference><Citation>Br Med J (Clin Res Ed). 1983 Jun 11;286(6381):1855-7</Citation><ArticleIdList><ArticleId IdType="pubmed">6407601</ArticleId></ArticleIdList></Reference><Reference><Citation>Lancet. 1983 Sep 10;2(8350):631-2</Citation><ArticleIdList><ArticleId IdType="pubmed">6136784</ArticleId></ArticleIdList></Reference><Reference><Citation>Arch Dis Child. 1985 Jun;60(6):572-3</Citation><ArticleIdList><ArticleId IdType="pubmed">4015174</ArticleId></ArticleIdList></Reference><Reference><Citation>J Epidemiol Community Health. 1986 Sep;40(3):240-3</Citation><ArticleIdList><ArticleId IdType="pubmed">3772281</ArticleId></ArticleIdList></Reference><Reference><Citation>Diabetes. 1988 Aug;37(8):1096-102</Citation><ArticleIdList><ArticleId IdType="pubmed">3391344</ArticleId></ArticleIdList></Reference><Reference><Citation>Diabetologia. 1989 Jan;32(1):7-13</Citation><ArticleIdList><ArticleId IdType="pubmed">2707518</ArticleId></ArticleIdList></Reference><Reference><Citation>Community Med. 1989 Aug;11(3):210-9</Citation><ArticleIdList><ArticleId IdType="pubmed">2605887</ArticleId></ArticleIdList></Reference><Reference><Citation>BMJ. 1991 Jul 20;303(6795):158-60</Citation><ArticleIdList><ArticleId IdType="pubmed">1878639</ArticleId></ArticleIdList></Reference><Reference><Citation>Int J Epidemiol. 1992 Feb;21(1):108-17</Citation><ArticleIdList><ArticleId IdType="pubmed">1544741</ArticleId></ArticleIdList></Reference><Reference><Citation>BMJ. 1994 Apr 30;308(6937):1125-8</Citation><ArticleIdList><ArticleId IdType="pubmed">8173452</ArticleId></ArticleIdList></Reference><Reference><Citation>Diabet Med. 1994 May;11(4):344-8</Citation><ArticleIdList><ArticleId IdType="pubmed">8088105</ArticleId></ArticleIdList></Reference><Reference><Citation>Arch Dis Child. 1996 May;74(5):418-21</Citation><ArticleIdList><ArticleId IdType="pubmed">8669957</ArticleId></ArticleIdList></Reference><Reference><Citation>Arch Dis Child. 1997 Aug;77(2):102-7; discussion 107-8</Citation><ArticleIdList><ArticleId IdType="pubmed">9301346</ArticleId></ArticleIdList></Reference><Reference><Citation>J Pediatr. 1997 Nov;131(5):727-33</Citation><ArticleIdList><ArticleId IdType="pubmed">9403654</ArticleId></ArticleIdList></Reference><Reference><Citation>Int J Epidemiol. 1997 Dec;26(6):1307-13</Citation><ArticleIdList><ArticleId IdType="pubmed">9447411</ArticleId></ArticleIdList></Reference><Reference><Citation>Lancet. 1983 May 14;1(8333):1113-4</Citation><ArticleIdList><ArticleId IdType="pubmed">6133150</ArticleId></ArticleIdList></Reference></ReferenceList></PubmedData></PubmedArticle></PubmedArticleSet>