<?xml version="1.0" ?>
<!DOCTYPE PubmedArticleSet PUBLIC "-//NLM//DTD PubMedArticle, 1st January 2019//EN" "https://dtd.nlm.nih.gov/ncbi/pubmed/out/pubmed_190101.dtd">
<PubmedArticleSet><PubmedArticle><MedlineCitation Status="MEDLINE" Owner="NLM"><PMID Version="1">10190928</PMID><DateCompleted><Year>1999</Year><Month>04</Month><Day>30</Day></DateCompleted><DateRevised><Year>2022</Year><Month>03</Month><Day>31</Day></DateRevised><Article PubModel="Print"><Journal><ISSN IssnType="Print">0022-3476</ISSN><JournalIssue CitedMedium="Print"><Volume>134</Volume><Issue>4</Issue><PubDate><Year>1999</Year><Month>Apr</Month></PubDate></JournalIssue><Title>The Journal of pediatrics</Title><ISOAbbreviation>J Pediatr</ISOAbbreviation></Journal><ArticleTitle>The effect of hypoglycemic seizures on cognitive function in children with diabetes: a 7-year prospective study.</ArticleTitle><Pagination><MedlinePgn>503-6</MedlinePgn></Pagination><Abstract><AbstractText>Sixteen children with insulin-dependent diabetes mellitus were evaluated at diagnosis and after 1, 3, and 7 years. They showed significant declines in verbal but not visuospatial abilities, particularly if they had any seizures from hypoglycemia. At the 7-year assessment those with hypoglycemic seizures showed deficits on perceptual, motor, memory, and attention tasks.</AbstractText></Abstract><AuthorList CompleteYN="Y"><Author ValidYN="Y"><LastName>Rovet</LastName><ForeName>J F</ForeName><Initials>JF</Initials><AffiliationInfo><Affiliation>Hospital for Sick Children and The University of Toronto, Toronto, Ontario, Canada.</Affiliation></AffiliationInfo></Author><Author ValidYN="Y"><LastName>Ehrlich</LastName><ForeName>R M</ForeName><Initials>RM</Initials></Author></AuthorList><Language>eng</Language><PublicationTypeList><PublicationType UI="D016428">Journal Article</PublicationType></PublicationTypeList></Article><MedlineJournalInfo><Country>United States</Country><MedlineTA>J Pediatr</MedlineTA><NlmUniqueID>0375410</NlmUniqueID><ISSNLinking>0022-3476</ISSNLinking></MedlineJournalInfo><CitationSubset>IM</CitationSubset><CommentsCorrectionsList><CommentsCorrections RefType="CommentIn"><RefSource>J Pediatr. 1999 Apr;134(4):392-4</RefSource><PMID Version="1">10190911</PMID></CommentsCorrections></CommentsCorrectionsList><MeshHeadingList><MeshHeading><DescriptorName UI="D000293" MajorTopicYN="N">Adolescent</DescriptorName></MeshHeading><MeshHeading><DescriptorName UI="D000704" MajorTopicYN="N">Analysis of Variance</DescriptorName></MeshHeading><MeshHeading><DescriptorName UI="D002648" MajorTopicYN="N">Child</DescriptorName></MeshHeading><MeshHeading><DescriptorName UI="D003072" MajorTopicYN="N">Cognition Disorders</DescriptorName><QualifierName UI="Q000175" MajorTopicYN="N">diagnosis</QualifierName><QualifierName UI="Q000209" MajorTopicYN="Y">etiology</QualifierName></MeshHeading><MeshHeading><DescriptorName UI="D003922" MajorTopicYN="N">Diabetes Mellitus, Type 1</DescriptorName><QualifierName UI="Q000150" MajorTopicYN="Y">complications</QualifierName></MeshHeading><MeshHeading><DescriptorName UI="D005260" MajorTopicYN="N">Female</DescriptorName></MeshHeading><MeshHeading><DescriptorName UI="D006801" MajorTopicYN="N">Humans</DescriptorName></MeshHeading><MeshHeading><DescriptorName UI="D007003" MajorTopicYN="N">Hypoglycemia</DescriptorName><QualifierName UI="Q000150" MajorTopicYN="Y">complications</QualifierName></MeshHeading><MeshHeading><DescriptorName UI="D008297" MajorTopicYN="N">Male</DescriptorName></MeshHeading><MeshHeading><DescriptorName UI="D008568" MajorTopicYN="N">Memory</DescriptorName></MeshHeading><MeshHeading><DescriptorName UI="D010465" MajorTopicYN="N">Perception</DescriptorName></MeshHeading><MeshHeading><DescriptorName UI="D011446" MajorTopicYN="N">Prospective Studies</DescriptorName></MeshHeading><MeshHeading><DescriptorName UI="D011597" MajorTopicYN="N">Psychomotor Performance</DescriptorName></MeshHeading><MeshHeading><DescriptorName UI="D012640" MajorTopicYN="N">Seizures</DescriptorName><QualifierName UI="Q000150" MajorTopicYN="N">complications</QualifierName><QualifierName UI="Q000209" MajorTopicYN="Y">etiology</QualifierName></MeshHeading><MeshHeading><DescriptorName UI="D014888" MajorTopicYN="N">Wechsler Scales</DescriptorName></MeshHeading></MeshHeadingList></MedlineCitation><PubmedData><History><PubMedPubDate PubStatus="pubmed"><Year>1999</Year><Month>4</Month><Day>6</Day></PubMedPubDate><PubMedPubDate PubStatus="medline"><Year>1999</Year><Month>4</Month><Day>6</Day><Hour>0</Hour><Minute>1</Minute></PubMedPubDate><PubMedPubDate PubStatus="entrez"><Year>1999</Year><Month>4</Month><Day>6</Day><Hour>0</Hour><Minute>0</Minute></PubMedPubDate></History><PublicationStatus>ppublish</PublicationStatus><ArticleIdList><ArticleId IdType="pubmed">10190928</ArticleId><ArticleId IdType="pii">S0022-3476(99)70211-8</ArticleId><ArticleId IdType="doi">10.1016/s0022-3476(99)70211-8</ArticleId></ArticleIdList></PubmedData></PubmedArticle></PubmedArticleSet>