<?xml version="1.0" ?>
<!DOCTYPE PubmedArticleSet PUBLIC "-//NLM//DTD PubMedArticle, 1st January 2019//EN" "https://dtd.nlm.nih.gov/ncbi/pubmed/out/pubmed_190101.dtd">
<PubmedArticleSet><PubmedArticle><MedlineCitation Status="MEDLINE" Owner="NLM"><PMID Version="1">10199785</PMID><DateCompleted><Year>1999</Year><Month>04</Month><Day>21</Day></DateCompleted><DateRevised><Year>2021</Year><Month>12</Month><Day>03</Day></DateRevised><Article PubModel="Print"><Journal><ISSN IssnType="Print">0021-972X</ISSN><JournalIssue CitedMedium="Print"><Volume>84</Volume><Issue>4</Issue><PubDate><Year>1999</Year><Month>Apr</Month></PubDate></JournalIssue><Title>The Journal of clinical endocrinology and metabolism</Title><ISOAbbreviation>J Clin Endocrinol Metab</ISOAbbreviation></Journal><ArticleTitle>Heritability of pancreatic beta-cell function among nondiabetic members of Caucasian familial type 2 diabetic kindreds.</ArticleTitle><Pagination><MedlinePgn>1398-403</MedlinePgn></Pagination><Abstract><AbstractText>Both defective insulin secretion and insulin resistance have been reported in relatives of type 2 diabetic subjects. We tested 120 members of 26 families with a type 2 diabetic sibling pair with a tolbutamide-modified, frequently sampled i.v. glucose tolerance test to determine the insulin sensitivity index (S(I)) and acute insulin response to glucose (AIRglucose). A measure of beta-cell compensation for insulin sensitivity was calculated as the product S(I) x AIRglucose, based on the demonstrated hyperbolic relationship between insulin sensitivity and insulin secretion. A percentile score for this compensation was assigned based on published values. Of the 120 family members, 26 had previously diagnosed impaired glucose tolerance on oral testing, and 94 had normal glucose tolerance tests. As a group, family members showed a significantly lower S(I) x AIRglucose than a similar, previously reported, control population, even when impaired glucose tolerance members were excluded. We performed a multivariate analysis of diabetes status, S(I), AIRglucose and to estimate the heritability of each trait and the genetic and environmental correlations between traits. We estimated the heritability of S(I) x AIRglucose to be 67 +/- 3% when all members were included and 70 +/- 4% when only normal glucose tolerance members were considered. Both AIRglucose and S(I) were also familial, albeit with lower heritabilities (38 +/- 1% and 38 +/- 2%, respectively, for all family members). Both S(I) x AIRglucose and S(I) showed strong negative genetic correlations with diabetes (-85 +/- 3% and -87 +/- 2%, respectively, all family members), whereas AIRglucose did not correlate with diabetes. We conclude that insulin secretion, as measured by S(I) x AIRglucose, is decreased in nondiabetic members of familial type 2 diabetic kindreds, that S(I) x AIRglucose in these high risk families is highly heritable, and that the same polygenes may determine diabetes status and a low S(I) x AIRglucose. Our data suggest that insulin secretion, when expressed as an index normalized for insulin sensitivity, is more familial than either insulin sensitivity or first phase insulin secretion alone and may be a very useful trait for identifying genetic predisposition to type 2 diabetes.</AbstractText></Abstract><AuthorList CompleteYN="Y"><Author ValidYN="Y"><LastName>Elbein</LastName><ForeName>S C</ForeName><Initials>SC</Initials><AffiliationInfo><Affiliation>Endocrinology Section, John L. McClellan Memorial Veterans Affairs Hospital, Little Rock, Arkansas 72205, USA. sce@nidgene1.uams.edu</Affiliation></AffiliationInfo></Author><Author ValidYN="Y"><LastName>Hasstedt</LastName><ForeName>S J</ForeName><Initials>SJ</Initials></Author><Author ValidYN="Y"><LastName>Wegner</LastName><ForeName>K</ForeName><Initials>K</Initials></Author><Author ValidYN="Y"><LastName>Kahn</LastName><ForeName>S E</ForeName><Initials>SE</Initials></Author></AuthorList><Language>eng</Language><GrantList CompleteYN="N"><Grant><GrantID>DK-17047</GrantID><Acronym>DK</Acronym><Agency>NIDDK NIH HHS</Agency><Country>United States</Country></Grant><Grant><GrantID>DK-39311</GrantID><Acronym>DK</Acronym><Agency>NIDDK NIH HHS</Agency><Country>United States</Country></Grant><Grant><GrantID>MO1-RR-00064</GrantID><Acronym>RR</Acronym><Agency>NCRR NIH HHS</Agency><Country>United States</Country></Grant></GrantList><PublicationTypeList><PublicationType UI="D016428">Journal Article</PublicationType><PublicationType UI="D013485">Research Support, Non-U.S. Gov't</PublicationType><PublicationType UI="D013486">Research Support, U.S. Gov't, Non-P.H.S.</PublicationType><PublicationType UI="D013487">Research Support, U.S. Gov't, P.H.S.</PublicationType></PublicationTypeList></Article><MedlineJournalInfo><Country>United States</Country><MedlineTA>J Clin Endocrinol Metab</MedlineTA><NlmUniqueID>0375362</NlmUniqueID><ISSNLinking>0021-972X</ISSNLinking></MedlineJournalInfo><ChemicalList><Chemical><RegistryNumber>0</RegistryNumber><NameOfSubstance UI="D007328">Insulin</NameOfSubstance></Chemical></ChemicalList><CitationSubset>IM</CitationSubset><MeshHeadingList><MeshHeading><DescriptorName UI="D000328" MajorTopicYN="N">Adult</DescriptorName></MeshHeading><MeshHeading><DescriptorName UI="D000368" MajorTopicYN="N">Aged</DescriptorName></MeshHeading><MeshHeading><DescriptorName UI="D003924" MajorTopicYN="N">Diabetes Mellitus, Type 2</DescriptorName><QualifierName UI="Q000235" MajorTopicYN="Y">genetics</QualifierName><QualifierName UI="Q000503" MajorTopicYN="N">physiopathology</QualifierName></MeshHeading><MeshHeading><DescriptorName UI="D005260" MajorTopicYN="N">Female</DescriptorName></MeshHeading><MeshHeading><DescriptorName UI="D020022" MajorTopicYN="N">Genetic Predisposition to Disease</DescriptorName></MeshHeading><MeshHeading><DescriptorName UI="D006801" MajorTopicYN="N">Humans</DescriptorName></MeshHeading><MeshHeading><DescriptorName UI="D007328" MajorTopicYN="N">Insulin</DescriptorName><QualifierName UI="Q000378" MajorTopicYN="N">metabolism</QualifierName></MeshHeading><MeshHeading><DescriptorName UI="D007333" MajorTopicYN="N">Insulin Resistance</DescriptorName></MeshHeading><MeshHeading><DescriptorName UI="D000078790" MajorTopicYN="N">Insulin Secretion</DescriptorName></MeshHeading><MeshHeading><DescriptorName UI="D007515" MajorTopicYN="N">Islets of Langerhans</DescriptorName><QualifierName UI="Q000502" MajorTopicYN="Y">physiology</QualifierName></MeshHeading><MeshHeading><DescriptorName UI="D008297" MajorTopicYN="N">Male</DescriptorName></MeshHeading><MeshHeading><DescriptorName UI="D008875" MajorTopicYN="N">Middle Aged</DescriptorName></MeshHeading><MeshHeading><DescriptorName UI="D044465" MajorTopicYN="N">Whites</DescriptorName><QualifierName UI="Q000235" MajorTopicYN="N">genetics</QualifierName></MeshHeading></MeshHeadingList></MedlineCitation><PubmedData><History><PubMedPubDate PubStatus="pubmed"><Year>1999</Year><Month>4</Month><Day>13</Day></PubMedPubDate><PubMedPubDate PubStatus="medline"><Year>1999</Year><Month>4</Month><Day>13</Day><Hour>0</Hour><Minute>1</Minute></PubMedPubDate><PubMedPubDate PubStatus="entrez"><Year>1999</Year><Month>4</Month><Day>13</Day><Hour>0</Hour><Minute>0</Minute></PubMedPubDate></History><PublicationStatus>ppublish</PublicationStatus><ArticleIdList><ArticleId IdType="pubmed">10199785</ArticleId><ArticleId IdType="doi">10.1210/jcem.84.4.5604</ArticleId></ArticleIdList></PubmedData></PubmedArticle></PubmedArticleSet>