<?xml version="1.0" ?>
<!DOCTYPE PubmedArticleSet PUBLIC "-//NLM//DTD PubMedArticle, 1st January 2019//EN" "https://dtd.nlm.nih.gov/ncbi/pubmed/out/pubmed_190101.dtd">
<PubmedArticleSet><PubmedArticle><MedlineCitation Status="MEDLINE" Owner="NLM"><PMID Version="1">10200497</PMID><DateCompleted><Year>1999</Year><Month>04</Month><Day>29</Day></DateCompleted><DateRevised><Year>2018</Year><Month>12</Month><Day>17</Day></DateRevised><Article PubModel="Print"><Journal><ISSN IssnType="Print">1350-9047</ISSN><JournalIssue CitedMedium="Print"><Volume>5</Volume><Issue>6</Issue><PubDate><Year>1998</Year><Month>Jun</Month></PubDate></JournalIssue><Title>Cell death and differentiation</Title><ISOAbbreviation>Cell Death Differ</ISOAbbreviation></Journal><ArticleTitle>Aspects of the involvement of interleukin-1 and nitric oxide in the pathogenesis of insulin-dependent diabetes mellitus.</ArticleTitle><Pagination><MedlinePgn>461-8</MedlinePgn></Pagination><Abstract><AbstractText>The possible involvement of the cytokine interleukin-1 (IL-1) and nitric oxide (NO) in the pathogenesis of insulin-dependent diabetes mellitus (IDDM) is reviewed and current and potential therapies are discussed. IDDM is a common disorder in the Western world and it is rising in incidence. In IDDM, islet-infiltrating macrophages produce IL-1 which is cytotoxic specifically to beta-cells in vitro. IL-1 increases beta-cell formation of NO, ceramide, prostaglandins, heat-shock proteins, and activates a protease. Additionally, IL-1 depresses beta-cell energy production, insulin gene expression and cyclic AMP synthesis, and impacts negatively on different parts of the insulin stimulus-secretion coupling, actions mimicked by NO. Conversely, blocking NO formation prevented many of these effects in most reports published. Also, changes in cyclic AMP and prostaglandins seem unlikely events in mediating the cytotoxicity of IL-1, while the role of ceramide remains less clear. Peptides capable of blocking beta-cell IL-1 receptors, and agents blocking NO synthesis may prove valuable in preserving beta-cell function in IDDM. Although IDDM causes immense morbidity and expense, uniformly effective preventive or beta-cell protective therapy is not currently available. If IL-1 is causing beta-cell dysfunction in human IDDM through NO production, several processes in the IL-1-NO connection are appropriate targets for agents protecting beta-cells from destruction and functional inhibition in IDDM.</AbstractText></Abstract><AuthorList CompleteYN="Y"><Author ValidYN="Y"><LastName>Sjöholm</LastName><ForeName>A</ForeName><Initials>A</Initials><AffiliationInfo><Affiliation>Department of Molecular Medicine, The Endocrine and Diabetes Unit, The Rolf Luft Center for Diabetes Research, Karolinska Institute, Karolinska Hospital (L6:01B), S-171 76, Stockholm, Sweden. ake@enk.ks.se</Affiliation></AffiliationInfo></Author></AuthorList><Language>eng</Language><PublicationTypeList><PublicationType UI="D016428">Journal Article</PublicationType><PublicationType UI="D013485">Research Support, Non-U.S. Gov't</PublicationType><PublicationType UI="D016454">Review</PublicationType></PublicationTypeList></Article><MedlineJournalInfo><Country>England</Country><MedlineTA>Cell Death Differ</MedlineTA><NlmUniqueID>9437445</NlmUniqueID><ISSNLinking>1350-9047</ISSNLinking></MedlineJournalInfo><ChemicalList><Chemical><RegistryNumber>0</RegistryNumber><NameOfSubstance UI="D007328">Insulin</NameOfSubstance></Chemical><Chemical><RegistryNumber>0</RegistryNumber><NameOfSubstance UI="D007375">Interleukin-1</NameOfSubstance></Chemical><Chemical><RegistryNumber>0</RegistryNumber><NameOfSubstance UI="D011453">Prostaglandins</NameOfSubstance></Chemical><Chemical><RegistryNumber>0</RegistryNumber><NameOfSubstance UI="D017382">Reactive Oxygen Species</NameOfSubstance></Chemical><Chemical><RegistryNumber>31C4KY9ESH</RegistryNumber><NameOfSubstance UI="D009569">Nitric Oxide</NameOfSubstance></Chemical></ChemicalList><CitationSubset>IM</CitationSubset><MeshHeadingList><MeshHeading><DescriptorName UI="D017209" MajorTopicYN="N">Apoptosis</DescriptorName><QualifierName UI="Q000187" MajorTopicYN="N">drug effects</QualifierName></MeshHeading><MeshHeading><DescriptorName UI="D003922" MajorTopicYN="N">Diabetes Mellitus, Type 1</DescriptorName><QualifierName UI="Q000209" MajorTopicYN="Y">etiology</QualifierName><QualifierName UI="Q000628" MajorTopicYN="N">therapy</QualifierName></MeshHeading><MeshHeading><DescriptorName UI="D006801" MajorTopicYN="N">Humans</DescriptorName></MeshHeading><MeshHeading><DescriptorName UI="D007328" MajorTopicYN="N">Insulin</DescriptorName><QualifierName UI="Q000378" MajorTopicYN="N">metabolism</QualifierName></MeshHeading><MeshHeading><DescriptorName UI="D000078790" MajorTopicYN="N">Insulin Secretion</DescriptorName></MeshHeading><MeshHeading><DescriptorName UI="D007375" MajorTopicYN="N">Interleukin-1</DescriptorName><QualifierName UI="Q000378" MajorTopicYN="Y">metabolism</QualifierName></MeshHeading><MeshHeading><DescriptorName UI="D007515" MajorTopicYN="N">Islets of Langerhans</DescriptorName><QualifierName UI="Q000187" MajorTopicYN="N">drug effects</QualifierName><QualifierName UI="Q000378" MajorTopicYN="N">metabolism</QualifierName></MeshHeading><MeshHeading><DescriptorName UI="D050356" MajorTopicYN="N">Lipid Metabolism</DescriptorName></MeshHeading><MeshHeading><DescriptorName UI="D008264" MajorTopicYN="N">Macrophages</DescriptorName><QualifierName UI="Q000378" MajorTopicYN="N">metabolism</QualifierName></MeshHeading><MeshHeading><DescriptorName UI="D009569" MajorTopicYN="N">Nitric Oxide</DescriptorName><QualifierName UI="Q000378" MajorTopicYN="Y">metabolism</QualifierName></MeshHeading><MeshHeading><DescriptorName UI="D011453" MajorTopicYN="N">Prostaglandins</DescriptorName><QualifierName UI="Q000378" MajorTopicYN="N">metabolism</QualifierName></MeshHeading><MeshHeading><DescriptorName UI="D017382" MajorTopicYN="N">Reactive Oxygen Species</DescriptorName><QualifierName UI="Q000378" MajorTopicYN="N">metabolism</QualifierName></MeshHeading><MeshHeading><DescriptorName UI="D015398" MajorTopicYN="N">Signal Transduction</DescriptorName><QualifierName UI="Q000187" MajorTopicYN="N">drug effects</QualifierName></MeshHeading></MeshHeadingList><NumberOfReferences>67</NumberOfReferences></MedlineCitation><PubmedData><History><PubMedPubDate PubStatus="pubmed"><Year>1999</Year><Month>4</Month><Day>14</Day></PubMedPubDate><PubMedPubDate PubStatus="medline"><Year>1999</Year><Month>4</Month><Day>14</Day><Hour>0</Hour><Minute>1</Minute></PubMedPubDate><PubMedPubDate PubStatus="entrez"><Year>1999</Year><Month>4</Month><Day>14</Day><Hour>0</Hour><Minute>0</Minute></PubMedPubDate></History><PublicationStatus>ppublish</PublicationStatus><ArticleIdList><ArticleId IdType="pubmed">10200497</ArticleId><ArticleId IdType="doi">10.1038/sj.cdd.4400379</ArticleId></ArticleIdList></PubmedData></PubmedArticle></PubmedArticleSet>