<?xml version="1.0" ?>
<!DOCTYPE PubmedArticleSet PUBLIC "-//NLM//DTD PubMedArticle, 1st January 2019//EN" "https://dtd.nlm.nih.gov/ncbi/pubmed/out/pubmed_190101.dtd">
<PubmedArticleSet><PubmedArticle><MedlineCitation Status="MEDLINE" Owner="NLM"><PMID Version="1">10209507</PMID><DateCompleted><Year>1999</Year><Month>04</Month><Day>30</Day></DateCompleted><DateRevised><Year>2019</Year><Month>05</Month><Day>13</Day></DateRevised><Article PubModel="Print"><Journal><ISSN IssnType="Print">0009-9104</ISSN><JournalIssue CitedMedium="Print"><Volume>116</Volume><Issue>1</Issue><PubDate><Year>1999</Year><Month>Apr</Month></PubDate></JournalIssue><Title>Clinical and experimental immunology</Title><ISOAbbreviation>Clin Exp Immunol</ISOAbbreviation></Journal><ArticleTitle>Jejuna of patients with insulin-dependent diabetes mellitus (IDDM) show signs of immune activation.</ArticleTitle><Pagination><MedlinePgn>70-7</MedlinePgn></Pagination><Abstract><AbstractText>The roles of enteric viruses and food antigens as possible triggers in human insulin-dependent diabetes mellitus and the evidence that mucosal-associated homing receptors are important in both human and experimental diabetes prompted us to undertake an immunohistochemical study of intestinal specimens from patients with IDDM. We studied jejunal morphology and immunohistochemistry in 26 patients with IDDM, 13 of whom had the HLA-DQB1*0201 gene and therefore a higher risk of coeliac disease. The findings were compared with those in specimens from age-matched controls. Villous structure and the density of the intraepithelial lymphocytes were normal in every biopsy specimen. The extent of positivity with anti-DR and -DP antibodies in the villous epithelium was significantly greater in the specimens from patients than in those from controls (P = 0.0002 in both comparisons). The crypts were also more positive: for DR P = 0.0001, and for DP P = 0.002. The densities of T cells, CD4+, CD8+, and T cell receptor alpha/beta+ and gamma/delta+ cells in the epithelium and lamina propria were similar in patients and controls, but the patients had significantly more alpha 4/beta 7 integrin+ cells in the lamina propria (P = 0.006). No difference was seen between HLA-DQB1*0201-positive and -negative patients. These findings reflect a stage of inflammation in the structurally normal intestines of patients with IDDM and suggest secretion of inflammatory Th1-type cytokines in the intestine.</AbstractText></Abstract><AuthorList CompleteYN="Y"><Author ValidYN="Y"><LastName>Savilahti</LastName><ForeName>E</ForeName><Initials>E</Initials><AffiliationInfo><Affiliation>Hospital for Children and Adolescents, University of Helsinki, Finland. savilaht@helsinki.fi</Affiliation></AffiliationInfo></Author><Author ValidYN="Y"><LastName>Ormälä</LastName><ForeName>T</ForeName><Initials>T</Initials></Author><Author ValidYN="Y"><LastName>Saukkonen</LastName><ForeName>T</ForeName><Initials>T</Initials></Author><Author ValidYN="Y"><LastName>Sandini-Pohjavuori</LastName><ForeName>U</ForeName><Initials>U</Initials></Author><Author ValidYN="Y"><LastName>Kantele</LastName><ForeName>J M</ForeName><Initials>JM</Initials></Author><Author ValidYN="Y"><LastName>Arato</LastName><ForeName>A</ForeName><Initials>A</Initials></Author><Author ValidYN="Y"><LastName>Ilonen</LastName><ForeName>J</ForeName><Initials>J</Initials></Author><Author ValidYN="Y"><LastName>Akerblom</LastName><ForeName>H K</ForeName><Initials>HK</Initials></Author></AuthorList><Language>eng</Language><PublicationTypeList><PublicationType UI="D016428">Journal Article</PublicationType><PublicationType UI="D013485">Research Support, Non-U.S. Gov't</PublicationType></PublicationTypeList></Article><MedlineJournalInfo><Country>England</Country><MedlineTA>Clin Exp Immunol</MedlineTA><NlmUniqueID>0057202</NlmUniqueID><ISSNLinking>0009-9104</ISSNLinking></MedlineJournalInfo><ChemicalList><Chemical><RegistryNumber>0</RegistryNumber><NameOfSubstance UI="D006682">HLA-DP Antigens</NameOfSubstance></Chemical><Chemical><RegistryNumber>0</RegistryNumber><NameOfSubstance UI="D006683">HLA-DQ Antigens</NameOfSubstance></Chemical><Chemical><RegistryNumber>0</RegistryNumber><NameOfSubstance UI="D059866">HLA-DQ beta-Chains</NameOfSubstance></Chemical><Chemical><RegistryNumber>0</RegistryNumber><NameOfSubstance UI="C069051">HLA-DQB1 antigen</NameOfSubstance></Chemical><Chemical><RegistryNumber>0</RegistryNumber><NameOfSubstance UI="D006684">HLA-DR Antigens</NameOfSubstance></Chemical><Chemical><RegistryNumber>0</RegistryNumber><NameOfSubstance UI="D000949">Histocompatibility Antigens Class II</NameOfSubstance></Chemical><Chemical><RegistryNumber>0</RegistryNumber><NameOfSubstance UI="D016023">Integrins</NameOfSubstance></Chemical><Chemical><RegistryNumber>0</RegistryNumber><NameOfSubstance UI="D016693">Receptors, Antigen, T-Cell, alpha-beta</NameOfSubstance></Chemical><Chemical><RegistryNumber>0</RegistryNumber><NameOfSubstance UI="D016692">Receptors, Antigen, T-Cell, gamma-delta</NameOfSubstance></Chemical><Chemical><RegistryNumber>0</RegistryNumber><NameOfSubstance UI="D019010">Vascular Cell Adhesion Molecule-1</NameOfSubstance></Chemical><Chemical><RegistryNumber>0</RegistryNumber><NameOfSubstance UI="C071777">integrin alpha4beta7</NameOfSubstance></Chemical><Chemical><RegistryNumber>126547-89-5</RegistryNumber><NameOfSubstance UI="D018799">Intercellular Adhesion Molecule-1</NameOfSubstance></Chemical></ChemicalList><CitationSubset>IM</CitationSubset><MeshHeadingList><MeshHeading><DescriptorName UI="D003922" MajorTopicYN="N">Diabetes Mellitus, Type 1</DescriptorName><QualifierName UI="Q000276" MajorTopicYN="Y">immunology</QualifierName></MeshHeading><MeshHeading><DescriptorName UI="D006682" MajorTopicYN="N">HLA-DP Antigens</DescriptorName><QualifierName UI="Q000302" MajorTopicYN="N">isolation &amp; purification</QualifierName></MeshHeading><MeshHeading><DescriptorName UI="D006683" MajorTopicYN="N">HLA-DQ Antigens</DescriptorName><QualifierName UI="Q000302" MajorTopicYN="Y">isolation &amp; purification</QualifierName></MeshHeading><MeshHeading><DescriptorName UI="D059866" MajorTopicYN="N">HLA-DQ beta-Chains</DescriptorName></MeshHeading><MeshHeading><DescriptorName UI="D006684" MajorTopicYN="N">HLA-DR Antigens</DescriptorName><QualifierName UI="Q000302" MajorTopicYN="N">isolation &amp; purification</QualifierName></MeshHeading><MeshHeading><DescriptorName UI="D000949" MajorTopicYN="N">Histocompatibility Antigens Class II</DescriptorName><QualifierName UI="Q000302" MajorTopicYN="N">isolation &amp; purification</QualifierName></MeshHeading><MeshHeading><DescriptorName UI="D006801" MajorTopicYN="N">Humans</DescriptorName></MeshHeading><MeshHeading><DescriptorName UI="D016023" MajorTopicYN="N">Integrins</DescriptorName><QualifierName UI="Q000302" MajorTopicYN="N">isolation &amp; purification</QualifierName></MeshHeading><MeshHeading><DescriptorName UI="D018799" MajorTopicYN="N">Intercellular Adhesion Molecule-1</DescriptorName><QualifierName UI="Q000302" MajorTopicYN="N">isolation &amp; purification</QualifierName></MeshHeading><MeshHeading><DescriptorName UI="D007413" MajorTopicYN="N">Intestinal Mucosa</DescriptorName><QualifierName UI="Q000098" MajorTopicYN="N">blood supply</QualifierName><QualifierName UI="Q000276" MajorTopicYN="Y">immunology</QualifierName></MeshHeading><MeshHeading><DescriptorName UI="D007583" MajorTopicYN="N">Jejunum</DescriptorName><QualifierName UI="Q000033" MajorTopicYN="N">anatomy &amp; histology</QualifierName><QualifierName UI="Q000098" MajorTopicYN="N">blood supply</QualifierName><QualifierName UI="Q000276" MajorTopicYN="Y">immunology</QualifierName></MeshHeading><MeshHeading><DescriptorName UI="D008213" MajorTopicYN="Y">Lymphocyte Activation</DescriptorName></MeshHeading><MeshHeading><DescriptorName UI="D016693" MajorTopicYN="N">Receptors, Antigen, T-Cell, alpha-beta</DescriptorName><QualifierName UI="Q000302" MajorTopicYN="N">isolation &amp; purification</QualifierName></MeshHeading><MeshHeading><DescriptorName UI="D016692" MajorTopicYN="N">Receptors, Antigen, T-Cell, gamma-delta</DescriptorName><QualifierName UI="Q000302" MajorTopicYN="N">isolation &amp; purification</QualifierName></MeshHeading><MeshHeading><DescriptorName UI="D019010" MajorTopicYN="N">Vascular Cell Adhesion Molecule-1</DescriptorName><QualifierName UI="Q000302" MajorTopicYN="N">isolation &amp; purification</QualifierName></MeshHeading></MeshHeadingList></MedlineCitation><PubmedData><History><PubMedPubDate PubStatus="pubmed"><Year>1999</Year><Month>4</Month><Day>21</Day></PubMedPubDate><PubMedPubDate PubStatus="medline"><Year>1999</Year><Month>4</Month><Day>21</Day><Hour>0</Hour><Minute>1</Minute></PubMedPubDate><PubMedPubDate PubStatus="entrez"><Year>1999</Year><Month>4</Month><Day>21</Day><Hour>0</Hour><Minute>0</Minute></PubMedPubDate></History><PublicationStatus>ppublish</PublicationStatus><ArticleIdList><ArticleId IdType="pubmed">10209507</ArticleId><ArticleId IdType="pmc">PMC1905225</ArticleId><ArticleId IdType="doi">10.1046/j.1365-2249.1999.00860.x</ArticleId></ArticleIdList><ReferenceList><Reference><Citation>Diabetologia. 1992 Jan;35(1):70-6</Citation><ArticleIdList><ArticleId IdType="pubmed">1541383</ArticleId></ArticleIdList></Reference><Reference><Citation>J Exp Med. 1997 Oct 20;186(8):1193-200</Citation><ArticleIdList><ArticleId IdType="pubmed">9334358</ArticleId></ArticleIdList></Reference><Reference><Citation>J Clin Invest. 1998 Jan 1;101(1):68-73</Citation><ArticleIdList><ArticleId IdType="pubmed">9421467</ArticleId></ArticleIdList></Reference><Reference><Citation>Gut. 1998 Apr;42(4):538-45</Citation><ArticleIdList><ArticleId IdType="pubmed">9616317</ArticleId></ArticleIdList></Reference><Reference><Citation>Scand J Gastroenterol. 1992 Nov;27(11):907-11</Citation><ArticleIdList><ArticleId IdType="pubmed">1455186</ArticleId></ArticleIdList></Reference><Reference><Citation>Gut. 1993 Feb;34(2):150-1</Citation><ArticleIdList><ArticleId IdType="pubmed">8432463</ArticleId></ArticleIdList></Reference><Reference><Citation>Scand J Immunol. 1980;12(1):77-82</Citation><ArticleIdList><ArticleId IdType="pubmed">6997989</ArticleId></ArticleIdList></Reference><Reference><Citation>Clin Exp Immunol. 1981 May;44(2):233-8</Citation><ArticleIdList><ArticleId IdType="pubmed">7030531</ArticleId></ArticleIdList></Reference><Reference><Citation>Eur J Immunol. 1984 Apr;14(4):299-304</Citation><ArticleIdList><ArticleId IdType="pubmed">6609821</ArticleId></ArticleIdList></Reference><Reference><Citation>J Immunol. 1984 Oct;133(4):1710-5</Citation><ArticleIdList><ArticleId IdType="pubmed">6206131</ArticleId></ArticleIdList></Reference><Reference><Citation>Arch Dis Child. 1984 Aug;59(8):739-42</Citation><ArticleIdList><ArticleId IdType="pubmed">6476871</ArticleId></ArticleIdList></Reference><Reference><Citation>J Pediatr. 1986 May;108(5 Pt 1):690-3</Citation><ArticleIdList><ArticleId IdType="pubmed">3701514</ArticleId></ArticleIdList></Reference><Reference><Citation>Acta Paediatr Scand. 1987 Sep;76(5):801-8</Citation><ArticleIdList><ArticleId IdType="pubmed">3661182</ArticleId></ArticleIdList></Reference><Reference><Citation>Clin Exp Immunol. 1987 Nov;70(2):386-93</Citation><ArticleIdList><ArticleId IdType="pubmed">3322617</ArticleId></ArticleIdList></Reference><Reference><Citation>Tissue Antigens. 1988 Mar;31(3):151-60</Citation><ArticleIdList><ArticleId IdType="pubmed">3376099</ArticleId></ArticleIdList></Reference><Reference><Citation>Scand J Gastroenterol. 1989 Jan;24(1):81-4</Citation><ArticleIdList><ArticleId IdType="pubmed">2784589</ArticleId></ArticleIdList></Reference><Reference><Citation>Eur J Immunol. 1989 Jul;19(7):1335-8</Citation><ArticleIdList><ArticleId IdType="pubmed">2527159</ArticleId></ArticleIdList></Reference><Reference><Citation>Scand J Immunol. 1989 Dec;30(6):665-72</Citation><ArticleIdList><ArticleId IdType="pubmed">2481336</ArticleId></ArticleIdList></Reference><Reference><Citation>Year Immunol. 1989-1990;6:51-68</Citation><ArticleIdList><ArticleId IdType="pubmed">2534978</ArticleId></ArticleIdList></Reference><Reference><Citation>Pediatr Res. 1990 Dec;28(6):579-81</Citation><ArticleIdList><ArticleId IdType="pubmed">2149449</ArticleId></ArticleIdList></Reference><Reference><Citation>Gut. 1991 Nov;32(11):1412-4</Citation><ArticleIdList><ArticleId IdType="pubmed">1836446</ArticleId></ArticleIdList></Reference><Reference><Citation>J Immunol. 1993 Jul 15;151(2):717-29</Citation><ArticleIdList><ArticleId IdType="pubmed">7687621</ArticleId></ArticleIdList></Reference><Reference><Citation>J Clin Invest. 1993 Nov;92(5):2509-15</Citation><ArticleIdList><ArticleId IdType="pubmed">7693764</ArticleId></ArticleIdList></Reference><Reference><Citation>Gut. 1994 Jan;35(1):55-60</Citation><ArticleIdList><ArticleId IdType="pubmed">8307450</ArticleId></ArticleIdList></Reference><Reference><Citation>Curr Opin Immunol. 1994 Jun;6(3):394-406</Citation><ArticleIdList><ArticleId IdType="pubmed">7917107</ArticleId></ArticleIdList></Reference><Reference><Citation>Gut. 1995 Feb;36(2):239-42</Citation><ArticleIdList><ArticleId IdType="pubmed">7883223</ArticleId></ArticleIdList></Reference><Reference><Citation>Diabetes. 1995 Jun;44(6):652-7</Citation><ArticleIdList><ArticleId IdType="pubmed">7789630</ArticleId></ArticleIdList></Reference><Reference><Citation>Eur J Immunol. 1995 Jun;25(6):1502-7</Citation><ArticleIdList><ArticleId IdType="pubmed">7542194</ArticleId></ArticleIdList></Reference><Reference><Citation>Diabetes. 1996 Feb;45(2):178-82</Citation><ArticleIdList><ArticleId IdType="pubmed">8549862</ArticleId></ArticleIdList></Reference><Reference><Citation>Diabetologia. 1995 Nov;38(11):1371-3</Citation><ArticleIdList><ArticleId IdType="pubmed">8582549</ArticleId></ArticleIdList></Reference><Reference><Citation>Scand J Immunol. 1995 Dec;42(6):662-72</Citation><ArticleIdList><ArticleId IdType="pubmed">8552990</ArticleId></ArticleIdList></Reference><Reference><Citation>Crit Rev Immunol. 1995;15(2):167-200</Citation><ArticleIdList><ArticleId IdType="pubmed">8573287</ArticleId></ArticleIdList></Reference><Reference><Citation>Gastroenterology. 1996 Apr;110(4):1061-7</Citation><ArticleIdList><ArticleId IdType="pubmed">8612994</ArticleId></ArticleIdList></Reference><Reference><Citation>Cell. 1996 May 3;85(3):291-7</Citation><ArticleIdList><ArticleId IdType="pubmed">8616883</ArticleId></ArticleIdList></Reference><Reference><Citation>Diabet Med. 1996 May;13(5):464-70</Citation><ArticleIdList><ArticleId IdType="pubmed">8737029</ArticleId></ArticleIdList></Reference><Reference><Citation>Diabetes. 1996 Sep;45(9):1173-80</Citation><ArticleIdList><ArticleId IdType="pubmed">8772718</ArticleId></ArticleIdList></Reference><Reference><Citation>Diabetes. 1996 Sep;45(9):1181-6</Citation><ArticleIdList><ArticleId IdType="pubmed">8772719</ArticleId></ArticleIdList></Reference><Reference><Citation>Diabetes Care. 1996 Aug;19(8):795-800</Citation><ArticleIdList><ArticleId IdType="pubmed">8842593</ArticleId></ArticleIdList></Reference><Reference><Citation>J Exp Med. 1996 Nov 1;184(5):2049-53</Citation><ArticleIdList><ArticleId IdType="pubmed">8920894</ArticleId></ArticleIdList></Reference><Reference><Citation>J Immunol. 1997 Jan 15;158(2):574-9</Citation><ArticleIdList><ArticleId IdType="pubmed">8992970</ArticleId></ArticleIdList></Reference><Reference><Citation>J Exp Med. 1997 Feb 3;185(3):531-9</Citation><ArticleIdList><ArticleId IdType="pubmed">9053453</ArticleId></ArticleIdList></Reference><Reference><Citation>Diabetes. 1997 Apr;46(4):583-8</Citation><ArticleIdList><ArticleId IdType="pubmed">9075797</ArticleId></ArticleIdList></Reference><Reference><Citation>Cell. 1997 Apr 4;89(1):17-24</Citation><ArticleIdList><ArticleId IdType="pubmed">9094710</ArticleId></ArticleIdList></Reference><Reference><Citation>Diabetes. 1997 Jun;46(6):941-6</Citation><ArticleIdList><ArticleId IdType="pubmed">9166663</ArticleId></ArticleIdList></Reference><Reference><Citation>J Exp Med. 1997 Aug 18;186(4):613-8</Citation><ArticleIdList><ArticleId IdType="pubmed">9254659</ArticleId></ArticleIdList></Reference><Reference><Citation>Diabetes Metab Rev. 1997 Sep;13(3):127-38</Citation><ArticleIdList><ArticleId IdType="pubmed">9307886</ArticleId></ArticleIdList></Reference><Reference><Citation>Lancet. 1992 Jun 20;339(8808):1500-3</Citation><ArticleIdList><ArticleId IdType="pubmed">1351185</ArticleId></ArticleIdList></Reference></ReferenceList></PubmedData></PubmedArticle></PubmedArticleSet>