<?xml version="1.0" ?>
<!DOCTYPE PubmedArticleSet PUBLIC "-//NLM//DTD PubMedArticle, 1st January 2019//EN" "https://dtd.nlm.nih.gov/ncbi/pubmed/out/pubmed_190101.dtd">
<PubmedArticleSet><PubmedArticle><MedlineCitation Status="MEDLINE" Owner="NLM"><PMID Version="1">10201999</PMID><DateCompleted><Year>1999</Year><Month>05</Month><Day>06</Day></DateCompleted><DateRevised><Year>2017</Year><Month>11</Month><Day>16</Day></DateRevised><Article PubModel="Print"><Journal><ISSN IssnType="Print">0022-1767</ISSN><JournalIssue CitedMedium="Print"><Volume>162</Volume><Issue>8</Issue><PubDate><Year>1999</Year><Month>Apr</Month><Day>15</Day></PubDate></JournalIssue><Title>Journal of immunology (Baltimore, Md. : 1950)</Title><ISOAbbreviation>J Immunol</ISOAbbreviation></Journal><ArticleTitle>TNF receptor 1-dependent beta cell toxicity as an effector pathway in autoimmune diabetes.</ArticleTitle><Pagination><MedlinePgn>4598-605</MedlinePgn></Pagination><Abstract><AbstractText>Autoimmune diabetes is characterized by a chronic progressive inflammatory autoimmune reaction that ultimately causes the selective elimination of pancreatic beta cells. To address the question of whether the cell death-inducing cytokines TNF and lymphotoxin alpha are involved in this process, we generated nonobese diabetic (NOD) mice that are deficient for TNF receptor 1 (TNFR1 or TNFRp55). Insulitis developed in these mice similarly to that in normal control NOD mice, but progression to diabetes was completely abrogated. Since this was probably due to the complex immunomodulatory effects of TNF and lymphotoxin alpha signaled via TNFR1 on lymphohemopoietic cells, adoptive transfer experiments with spleen cells from diabetic NOD mice were conducted. It was found that the absence of TNFR1 in recipients delayed diabetes induced by normal control and precluded diabetes induced by perforin-deficient spleen cells. In a CD8+ T cell-mediated model of diabetes, however, diabetes induced by adoptive transfer of TCR transgenic lymphocytic choriomeningitis virus glycoprotein-specific CD8+ T cells was not delayed by the absence of TNFR1 in recipient mice. Together with the described expression patterns of perforin and TNF in the mononuclear islet infiltrates of NOD mice, these results indicate that two diabetogenic effector mechanisms are delivered by distinct cell populations: CD8+ T cells lyse beta cells via perforin-dependent cytotoxicity, whereas CD4+ T cells, macrophages, and dendritic cells contribute to diabetes development via TNFR1-dependent beta cell toxicity.</AbstractText></Abstract><AuthorList CompleteYN="Y"><Author ValidYN="Y"><LastName>Kägi</LastName><ForeName>D</ForeName><Initials>D</Initials><AffiliationInfo><Affiliation>Ontario Cancer Institute/Amgen Institute, Toronto, Canada. dkagi@amgen.com</Affiliation></AffiliationInfo></Author><Author ValidYN="Y"><LastName>Ho</LastName><ForeName>A</ForeName><Initials>A</Initials></Author><Author ValidYN="Y"><LastName>Odermatt</LastName><ForeName>B</ForeName><Initials>B</Initials></Author><Author ValidYN="Y"><LastName>Zakarian</LastName><ForeName>A</ForeName><Initials>A</Initials></Author><Author ValidYN="Y"><LastName>Ohashi</LastName><ForeName>P S</ForeName><Initials>PS</Initials></Author><Author ValidYN="Y"><LastName>Mak</LastName><ForeName>T W</ForeName><Initials>TW</Initials></Author></AuthorList><Language>eng</Language><PublicationTypeList><PublicationType UI="D016428">Journal Article</PublicationType><PublicationType UI="D013485">Research Support, Non-U.S. Gov't</PublicationType></PublicationTypeList></Article><MedlineJournalInfo><Country>United States</Country><MedlineTA>J Immunol</MedlineTA><NlmUniqueID>2985117R</NlmUniqueID><ISSNLinking>0022-1767</ISSNLinking></MedlineJournalInfo><ChemicalList><Chemical><RegistryNumber>0</RegistryNumber><NameOfSubstance UI="D015703">Antigens, CD</NameOfSubstance></Chemical><Chemical><RegistryNumber>0</RegistryNumber><NameOfSubstance UI="D016827">CD8 Antigens</NameOfSubstance></Chemical><Chemical><RegistryNumber>0</RegistryNumber><NameOfSubstance UI="D005819">Genetic Markers</NameOfSubstance></Chemical><Chemical><RegistryNumber>0</RegistryNumber><NameOfSubstance UI="D018124">Receptors, Tumor Necrosis Factor</NameOfSubstance></Chemical><Chemical><RegistryNumber>0</RegistryNumber><NameOfSubstance UI="D047888">Receptors, Tumor Necrosis Factor, Type I</NameOfSubstance></Chemical><Chemical><RegistryNumber>8N3DW7272P</RegistryNumber><NameOfSubstance UI="D003520">Cyclophosphamide</NameOfSubstance></Chemical></ChemicalList><CitationSubset>IM</CitationSubset><MeshHeadingList><MeshHeading><DescriptorName UI="D019264" MajorTopicYN="N">Adoptive Transfer</DescriptorName></MeshHeading><MeshHeading><DescriptorName UI="D000818" MajorTopicYN="N">Animals</DescriptorName></MeshHeading><MeshHeading><DescriptorName UI="D015703" MajorTopicYN="N">Antigens, CD</DescriptorName><QualifierName UI="Q000235" MajorTopicYN="N">genetics</QualifierName><QualifierName UI="Q000378" MajorTopicYN="N">metabolism</QualifierName><QualifierName UI="Q000502" MajorTopicYN="Y">physiology</QualifierName></MeshHeading><MeshHeading><DescriptorName UI="D016827" MajorTopicYN="N">CD8 Antigens</DescriptorName><QualifierName UI="Q000235" MajorTopicYN="N">genetics</QualifierName></MeshHeading><MeshHeading><DescriptorName UI="D018414" MajorTopicYN="N">CD8-Positive T-Lymphocytes</DescriptorName><QualifierName UI="Q000473" MajorTopicYN="N">pathology</QualifierName><QualifierName UI="Q000637" MajorTopicYN="N">transplantation</QualifierName></MeshHeading><MeshHeading><DescriptorName UI="D003520" MajorTopicYN="N">Cyclophosphamide</DescriptorName><QualifierName UI="Q000008" MajorTopicYN="N">administration &amp; dosage</QualifierName></MeshHeading><MeshHeading><DescriptorName UI="D003922" MajorTopicYN="N">Diabetes Mellitus, Type 1</DescriptorName><QualifierName UI="Q000139" MajorTopicYN="N">chemically induced</QualifierName><QualifierName UI="Q000209" MajorTopicYN="N">etiology</QualifierName><QualifierName UI="Q000235" MajorTopicYN="N">genetics</QualifierName><QualifierName UI="Q000276" MajorTopicYN="Y">immunology</QualifierName></MeshHeading><MeshHeading><DescriptorName UI="D005260" MajorTopicYN="N">Female</DescriptorName></MeshHeading><MeshHeading><DescriptorName UI="D005819" MajorTopicYN="N">Genetic Markers</DescriptorName></MeshHeading><MeshHeading><DescriptorName UI="D020022" MajorTopicYN="N">Genetic Predisposition to Disease</DescriptorName><QualifierName UI="Q000276" MajorTopicYN="N">immunology</QualifierName><QualifierName UI="Q000473" MajorTopicYN="N">pathology</QualifierName></MeshHeading><MeshHeading><DescriptorName UI="D007515" MajorTopicYN="N">Islets of Langerhans</DescriptorName><QualifierName UI="Q000276" MajorTopicYN="N">immunology</QualifierName><QualifierName UI="Q000473" MajorTopicYN="Y">pathology</QualifierName></MeshHeading><MeshHeading><DescriptorName UI="D051379" MajorTopicYN="N">Mice</DescriptorName></MeshHeading><MeshHeading><DescriptorName UI="D008810" MajorTopicYN="N">Mice, Inbred C57BL</DescriptorName></MeshHeading><MeshHeading><DescriptorName UI="D016688" MajorTopicYN="N">Mice, Inbred NOD</DescriptorName></MeshHeading><MeshHeading><DescriptorName UI="D018345" MajorTopicYN="N">Mice, Knockout</DescriptorName></MeshHeading><MeshHeading><DescriptorName UI="D008822" MajorTopicYN="N">Mice, Transgenic</DescriptorName></MeshHeading><MeshHeading><DescriptorName UI="D018124" MajorTopicYN="N">Receptors, Tumor Necrosis Factor</DescriptorName><QualifierName UI="Q000235" MajorTopicYN="N">genetics</QualifierName><QualifierName UI="Q000378" MajorTopicYN="N">metabolism</QualifierName><QualifierName UI="Q000502" MajorTopicYN="Y">physiology</QualifierName></MeshHeading><MeshHeading><DescriptorName UI="D047888" MajorTopicYN="N">Receptors, Tumor Necrosis Factor, Type I</DescriptorName></MeshHeading><MeshHeading><DescriptorName UI="D015398" MajorTopicYN="N">Signal Transduction</DescriptorName><QualifierName UI="Q000235" MajorTopicYN="N">genetics</QualifierName><QualifierName UI="Q000276" MajorTopicYN="Y">immunology</QualifierName></MeshHeading><MeshHeading><DescriptorName UI="D013154" MajorTopicYN="N">Spleen</DescriptorName><QualifierName UI="Q000166" MajorTopicYN="N">cytology</QualifierName><QualifierName UI="Q000637" MajorTopicYN="N">transplantation</QualifierName></MeshHeading><MeshHeading><DescriptorName UI="D019076" MajorTopicYN="N">Transgenes</DescriptorName><QualifierName UI="Q000276" MajorTopicYN="N">immunology</QualifierName></MeshHeading></MeshHeadingList></MedlineCitation><PubmedData><History><PubMedPubDate PubStatus="pubmed"><Year>1999</Year><Month>4</Month><Day>14</Day></PubMedPubDate><PubMedPubDate PubStatus="medline"><Year>1999</Year><Month>4</Month><Day>14</Day><Hour>0</Hour><Minute>1</Minute></PubMedPubDate><PubMedPubDate PubStatus="entrez"><Year>1999</Year><Month>4</Month><Day>14</Day><Hour>0</Hour><Minute>0</Minute></PubMedPubDate></History><PublicationStatus>ppublish</PublicationStatus><ArticleIdList><ArticleId IdType="pubmed">10201999</ArticleId></ArticleIdList></PubmedData></PubmedArticle></PubmedArticleSet>