<?xml version="1.0" ?>
<!DOCTYPE PubmedArticleSet PUBLIC "-//NLM//DTD PubMedArticle, 1st January 2019//EN" "https://dtd.nlm.nih.gov/ncbi/pubmed/out/pubmed_190101.dtd">
<PubmedArticleSet><PubmedArticle><MedlineCitation Status="MEDLINE" Owner="NLM"><PMID Version="1">10207172</PMID><DateCompleted><Year>1999</Year><Month>05</Month><Day>28</Day></DateCompleted><DateRevised><Year>2018</Year><Month>11</Month><Day>13</Day></DateRevised><Article PubModel="Print"><Journal><ISSN IssnType="Print">0021-9738</ISSN><JournalIssue CitedMedium="Print"><Volume>103</Volume><Issue>8</Issue><PubDate><Year>1999</Year><Month>Apr</Month></PubDate></JournalIssue><Title>The Journal of clinical investigation</Title><ISOAbbreviation>J Clin Invest</ISOAbbreviation></Journal><ArticleTitle>Perforin-independent beta-cell destruction by diabetogenic CD8(+) T lymphocytes in transgenic nonobese diabetic mice.</ArticleTitle><Pagination><MedlinePgn>1201-9</MedlinePgn></Pagination><Abstract><AbstractText>Autoimmune diabetes in nonobese diabetic (NOD) mice results from destruction of pancreatic beta cells by T lymphocytes. It is believed that CD8(+) cytotoxic T lymphocytes (CTLs) effect the initial beta-cell insult in diabetes, but the mechanisms remain unclear. Studies of NOD.lpr mice have suggested that disease initiation is a Fas-dependent process, yet perforin-deficient NOD mice rarely develop diabetes despite expressing Fas. Here, we have investigated the role of perforin and Fas in the ability of beta cell-reactive CD8(+) T cells bearing a T-cell receptor (8.3-TCR) that is representative of TCRs used by CD8(+) CTLs propagated from the earliest insulitic lesions of NOD mice, and that targets an immunodominant peptide/H-2Kd complex on beta cells, to effect beta-cell damage in vitro and in vivo. In vitro, 8.3-CTLs killed antigenic peptide-pulsed non-beta-cell targets via both perforin and Fas, but they killed NOD beta cells via Fas exclusively. Perforin-deficient 8.3-TCR-transgenic NOD mice expressing an oligoclonal or monoclonal T-cell repertoire developed diabetes even more frequently than their perforin-competent littermates. These results demonstrate that diabetogenic CD8(+) CTLs representative of CTLs putatively involved in the initiation of autoimmune diabetes kill beta cells in a Fas-dependent and perforin-independent manner.</AbstractText></Abstract><AuthorList CompleteYN="Y"><Author ValidYN="Y"><LastName>Amrani</LastName><ForeName>A</ForeName><Initials>A</Initials><AffiliationInfo><Affiliation>Department of Microbiology and Infectious Diseases, Faculty of Medicine, The University of Calgary, Calgary, Alberta, Canada T2N 4N1.</Affiliation></AffiliationInfo></Author><Author ValidYN="Y"><LastName>Verdaguer</LastName><ForeName>J</ForeName><Initials>J</Initials></Author><Author ValidYN="Y"><LastName>Anderson</LastName><ForeName>B</ForeName><Initials>B</Initials></Author><Author ValidYN="Y"><LastName>Utsugi</LastName><ForeName>T</ForeName><Initials>T</Initials></Author><Author ValidYN="Y"><LastName>Bou</LastName><ForeName>S</ForeName><Initials>S</Initials></Author><Author ValidYN="Y"><LastName>Santamaria</LastName><ForeName>P</ForeName><Initials>P</Initials></Author></AuthorList><Language>eng</Language><PublicationTypeList><PublicationType UI="D016428">Journal Article</PublicationType><PublicationType UI="D013485">Research Support, Non-U.S. Gov't</PublicationType></PublicationTypeList></Article><MedlineJournalInfo><Country>United States</Country><MedlineTA>J Clin Invest</MedlineTA><NlmUniqueID>7802877</NlmUniqueID><ISSNLinking>0021-9738</ISSNLinking></MedlineJournalInfo><ChemicalList><Chemical><RegistryNumber>0</RegistryNumber><NameOfSubstance UI="D008562">Membrane Glycoproteins</NameOfSubstance></Chemical><Chemical><RegistryNumber>0</RegistryNumber><NameOfSubstance UI="D052899">Pore Forming Cytotoxic Proteins</NameOfSubstance></Chemical><Chemical><RegistryNumber>126465-35-8</RegistryNumber><NameOfSubstance UI="D054353">Perforin</NameOfSubstance></Chemical></ChemicalList><CitationSubset>IM</CitationSubset><MeshHeadingList><MeshHeading><DescriptorName UI="D000818" MajorTopicYN="N">Animals</DescriptorName></MeshHeading><MeshHeading><DescriptorName UI="D018414" MajorTopicYN="N">CD8-Positive T-Lymphocytes</DescriptorName><QualifierName UI="Q000276" MajorTopicYN="Y">immunology</QualifierName></MeshHeading><MeshHeading><DescriptorName UI="D003922" MajorTopicYN="N">Diabetes Mellitus, Type 1</DescriptorName><QualifierName UI="Q000276" MajorTopicYN="Y">immunology</QualifierName></MeshHeading><MeshHeading><DescriptorName UI="D005260" MajorTopicYN="N">Female</DescriptorName></MeshHeading><MeshHeading><DescriptorName UI="D007515" MajorTopicYN="N">Islets of Langerhans</DescriptorName><QualifierName UI="Q000276" MajorTopicYN="Y">immunology</QualifierName></MeshHeading><MeshHeading><DescriptorName UI="D008297" MajorTopicYN="N">Male</DescriptorName></MeshHeading><MeshHeading><DescriptorName UI="D008562" MajorTopicYN="N">Membrane Glycoproteins</DescriptorName><QualifierName UI="Q000235" MajorTopicYN="N">genetics</QualifierName><QualifierName UI="Q000276" MajorTopicYN="Y">immunology</QualifierName></MeshHeading><MeshHeading><DescriptorName UI="D051379" MajorTopicYN="N">Mice</DescriptorName></MeshHeading><MeshHeading><DescriptorName UI="D008810" MajorTopicYN="N">Mice, Inbred C57BL</DescriptorName></MeshHeading><MeshHeading><DescriptorName UI="D019463" MajorTopicYN="N">Mice, Inbred MRL lpr</DescriptorName></MeshHeading><MeshHeading><DescriptorName UI="D016688" MajorTopicYN="N">Mice, Inbred NOD</DescriptorName></MeshHeading><MeshHeading><DescriptorName UI="D018345" MajorTopicYN="N">Mice, Knockout</DescriptorName></MeshHeading><MeshHeading><DescriptorName UI="D008822" MajorTopicYN="N">Mice, Transgenic</DescriptorName></MeshHeading><MeshHeading><DescriptorName UI="D054353" MajorTopicYN="N">Perforin</DescriptorName></MeshHeading><MeshHeading><DescriptorName UI="D010641" MajorTopicYN="N">Phenotype</DescriptorName></MeshHeading><MeshHeading><DescriptorName UI="D052899" MajorTopicYN="N">Pore Forming Cytotoxic Proteins</DescriptorName></MeshHeading></MeshHeadingList></MedlineCitation><PubmedData><History><PubMedPubDate PubStatus="pubmed"><Year>1999</Year><Month>4</Month><Day>20</Day></PubMedPubDate><PubMedPubDate PubStatus="medline"><Year>1999</Year><Month>4</Month><Day>20</Day><Hour>0</Hour><Minute>1</Minute></PubMedPubDate><PubMedPubDate PubStatus="entrez"><Year>1999</Year><Month>4</Month><Day>20</Day><Hour>0</Hour><Minute>0</Minute></PubMedPubDate></History><PublicationStatus>ppublish</PublicationStatus><ArticleIdList><ArticleId IdType="pubmed">10207172</ArticleId><ArticleId IdType="doi">10.1172/JCI6266</ArticleId><ArticleId IdType="pmc">PMC408282</ArticleId></ArticleIdList><ReferenceList><Reference><Citation>Nature. 1989 Sep 28;341(6240):326-8</Citation><ArticleIdList><ArticleId IdType="pubmed">2507922</ArticleId></ArticleIdList></Reference><Reference><Citation>Proc Natl Acad Sci U S A. 1998 Oct 13;95(21):12538-43</Citation><ArticleIdList><ArticleId IdType="pubmed">9770521</ArticleId></ArticleIdList></Reference><Reference><Citation>J Exp Med. 1987 Oct 1;166(4):823-32</Citation><ArticleIdList><ArticleId IdType="pubmed">3309126</ArticleId></ArticleIdList></Reference><Reference><Citation>J Immunol. 1988 Jan 1;140(1):52-8</Citation><ArticleIdList><ArticleId IdType="pubmed">3275717</ArticleId></ArticleIdList></Reference><Reference><Citation>Eur J Immunol. 1989 Jul;19(7):1253-9</Citation><ArticleIdList><ArticleId IdType="pubmed">2668013</ArticleId></ArticleIdList></Reference><Reference><Citation>Cell. 1991 Apr 19;65(2):305-17</Citation><ArticleIdList><ArticleId IdType="pubmed">1901764</ArticleId></ArticleIdList></Reference><Reference><Citation>J Exp Med. 1991 May 1;173(5):1091-7</Citation><ArticleIdList><ArticleId IdType="pubmed">1902501</ArticleId></ArticleIdList></Reference><Reference><Citation>Eur J Immunol. 1992 Sep;22(9):2387-93</Citation><ArticleIdList><ArticleId IdType="pubmed">1516628</ArticleId></ArticleIdList></Reference><Reference><Citation>Diabetes. 1992 Dec;41(12):1603-8</Citation><ArticleIdList><ArticleId IdType="pubmed">1446802</ArticleId></ArticleIdList></Reference><Reference><Citation>Diabetes. 1993 Jan;42(1):44-55</Citation><ArticleIdList><ArticleId IdType="pubmed">8093606</ArticleId></ArticleIdList></Reference><Reference><Citation>Int Immunol. 1992 Oct;4(10):1085-90</Citation><ArticleIdList><ArticleId IdType="pubmed">1283332</ArticleId></ArticleIdList></Reference><Reference><Citation>Lab Invest. 1993 Oct;69(4):415-29</Citation><ArticleIdList><ArticleId IdType="pubmed">7693996</ArticleId></ArticleIdList></Reference><Reference><Citation>Eur J Immunol. 1993 Dec;23(12):3358-60</Citation><ArticleIdList><ArticleId IdType="pubmed">8258349</ArticleId></ArticleIdList></Reference><Reference><Citation>Diabetes. 1994 Mar;43(3):500-4</Citation><ArticleIdList><ArticleId IdType="pubmed">8314024</ArticleId></ArticleIdList></Reference><Reference><Citation>Diabetes. 1994 Mar;43(3):505-9</Citation><ArticleIdList><ArticleId IdType="pubmed">8314025</ArticleId></ArticleIdList></Reference><Reference><Citation>Nature. 1994 May 5;369(6475):31-7</Citation><ArticleIdList><ArticleId IdType="pubmed">8164737</ArticleId></ArticleIdList></Reference><Reference><Citation>Proc Natl Acad Sci U S A. 1994 May 24;91(11):4930-4</Citation><ArticleIdList><ArticleId IdType="pubmed">7515183</ArticleId></ArticleIdList></Reference><Reference><Citation>Science. 1994 Jul 22;265(5171):528-30</Citation><ArticleIdList><ArticleId IdType="pubmed">7518614</ArticleId></ArticleIdList></Reference><Reference><Citation>Proc Natl Acad Sci U S A. 1994 Nov 8;91(23):10854-8</Citation><ArticleIdList><ArticleId IdType="pubmed">7526382</ArticleId></ArticleIdList></Reference><Reference><Citation>Proc Natl Acad Sci U S A. 1994 Nov 22;91(24):11571-5</Citation><ArticleIdList><ArticleId IdType="pubmed">7972104</ArticleId></ArticleIdList></Reference><Reference><Citation>J Immunol. 1995 Mar 1;154(5):2494-503</Citation><ArticleIdList><ArticleId IdType="pubmed">7868915</ArticleId></ArticleIdList></Reference><Reference><Citation>Immunity. 1994 Aug;1(5):357-64</Citation><ArticleIdList><ArticleId IdType="pubmed">7533644</ArticleId></ArticleIdList></Reference><Reference><Citation>Curr Opin Immunol. 1994 Dec;6(6):900-6</Citation><ArticleIdList><ArticleId IdType="pubmed">7710714</ArticleId></ArticleIdList></Reference><Reference><Citation>Cell. 1995 Apr 7;81(1):9-12</Citation><ArticleIdList><ArticleId IdType="pubmed">7536631</ArticleId></ArticleIdList></Reference><Reference><Citation>Eur J Immunol. 1995 Apr;25(4):1056-62</Citation><ArticleIdList><ArticleId IdType="pubmed">7537670</ArticleId></ArticleIdList></Reference><Reference><Citation>Science. 1995 May 26;268(5214):1185-8</Citation><ArticleIdList><ArticleId IdType="pubmed">7761837</ArticleId></ArticleIdList></Reference><Reference><Citation>Annu Rev Immunol. 1995;13:179-200</Citation><ArticleIdList><ArticleId IdType="pubmed">7612220</ArticleId></ArticleIdList></Reference><Reference><Citation>Nature. 1995 Nov 16;378(6554):295-8</Citation><ArticleIdList><ArticleId IdType="pubmed">7477351</ArticleId></ArticleIdList></Reference><Reference><Citation>Transplant Proc. 1995 Dec;27(6):3271-5</Citation><ArticleIdList><ArticleId IdType="pubmed">8539951</ArticleId></ArticleIdList></Reference><Reference><Citation>J Exp Med. 1996 Jan 1;183(1):67-76</Citation><ArticleIdList><ArticleId IdType="pubmed">8551245</ArticleId></ArticleIdList></Reference><Reference><Citation>Diabetes. 1996 Mar;45(3):328-36</Citation><ArticleIdList><ArticleId IdType="pubmed">8593938</ArticleId></ArticleIdList></Reference><Reference><Citation>Cell. 1996 May 3;85(3):291-7</Citation><ArticleIdList><ArticleId IdType="pubmed">8616883</ArticleId></ArticleIdList></Reference><Reference><Citation>Diabetes. 1996 Jun;45(6):812-7</Citation><ArticleIdList><ArticleId IdType="pubmed">8635658</ArticleId></ArticleIdList></Reference><Reference><Citation>J Exp Med. 1996 May 1;183(5):2143-52</Citation><ArticleIdList><ArticleId IdType="pubmed">8642324</ArticleId></ArticleIdList></Reference><Reference><Citation>Eur J Immunol. 1996 Aug;26(8):1762-9</Citation><ArticleIdList><ArticleId IdType="pubmed">8765018</ArticleId></ArticleIdList></Reference><Reference><Citation>J Immunol. 1996 Oct 15;157(8):3688-93</Citation><ArticleIdList><ArticleId IdType="pubmed">8871671</ArticleId></ArticleIdList></Reference><Reference><Citation>J Immunol. 1996 Nov 15;157(10):4726-35</Citation><ArticleIdList><ArticleId IdType="pubmed">8906855</ArticleId></ArticleIdList></Reference><Reference><Citation>Diabetologia. 1996 Nov;39(11):1306-12</Citation><ArticleIdList><ArticleId IdType="pubmed">8932996</ArticleId></ArticleIdList></Reference><Reference><Citation>J Exp Med. 1997 Feb 3;185(3):531-9</Citation><ArticleIdList><ArticleId IdType="pubmed">9053453</ArticleId></ArticleIdList></Reference><Reference><Citation>Cell. 1997 Apr 4;89(1):17-24</Citation><ArticleIdList><ArticleId IdType="pubmed">9094710</ArticleId></ArticleIdList></Reference><Reference><Citation>J Immunol. 1997 Apr 15;158(8):3978-86</Citation><ArticleIdList><ArticleId IdType="pubmed">9103469</ArticleId></ArticleIdList></Reference><Reference><Citation>J Exp Med. 1997 Aug 18;186(4):613-8</Citation><ArticleIdList><ArticleId IdType="pubmed">9254659</ArticleId></ArticleIdList></Reference><Reference><Citation>J Exp Med. 1997 Oct 6;186(7):989-97</Citation><ArticleIdList><ArticleId IdType="pubmed">9314549</ArticleId></ArticleIdList></Reference><Reference><Citation>J Exp Med. 1997 Nov 17;186(10):1663-76</Citation><ArticleIdList><ArticleId IdType="pubmed">9362527</ArticleId></ArticleIdList></Reference><Reference><Citation>Immunity. 1997 Dec;7(6):727-38</Citation><ArticleIdList><ArticleId IdType="pubmed">9430219</ArticleId></ArticleIdList></Reference><Reference><Citation>J Exp Med. 1998 Jun 15;187(12):1985-93</Citation><ArticleIdList><ArticleId IdType="pubmed">9625758</ArticleId></ArticleIdList></Reference><Reference><Citation>Science. 1990 Sep 21;249(4975):1433-6</Citation><ArticleIdList><ArticleId IdType="pubmed">2205920</ArticleId></ArticleIdList></Reference></ReferenceList></PubmedData></PubmedArticle></PubmedArticleSet>