<?xml version="1.0" ?>
<!DOCTYPE PubmedArticleSet PUBLIC "-//NLM//DTD PubMedArticle, 1st January 2019//EN" "https://dtd.nlm.nih.gov/ncbi/pubmed/out/pubmed_190101.dtd">
<PubmedArticleSet><PubmedArticle><MedlineCitation Status="MEDLINE" Owner="NLM"><PMID Version="1">10201997</PMID><DateCompleted><Year>1999</Year><Month>05</Month><Day>06</Day></DateCompleted><DateRevised><Year>2007</Year><Month>11</Month><Day>14</Day></DateRevised><Article PubModel="Print"><Journal><ISSN IssnType="Print">0022-1767</ISSN><JournalIssue CitedMedium="Print"><Volume>162</Volume><Issue>8</Issue><PubDate><Year>1999</Year><Month>Apr</Month><Day>15</Day></PubDate></JournalIssue><Title>Journal of immunology (Baltimore, Md. : 1950)</Title><ISOAbbreviation>J Immunol</ISOAbbreviation></Journal><ArticleTitle>Pancreatic infiltration but not diabetes occurs in the relative absence of MHC class II-restricted CD4 T cells: studies using NOD/CIITA-deficient mice.</ArticleTitle><Pagination><MedlinePgn>4576-88</MedlinePgn></Pagination><Abstract><AbstractText>The NOD (nonobese diabetic) mouse is a good animal model for human IDDM. MHC class II-restricted CD4 T cells are necessary for the onset of diabetes in NOD mice. Here, we demonstrate that NOD mice lacking the CIITA (class II transactivator) molecule, and hence deficient in MHC class II expression and peripheral CD4 T cells, show significant pancreatic infiltration but do not develop diabetes. CD4 T cell deficiency, then, does not prevent initial pancreatic infiltration, but does stop progression to insulitis. Adoptive transfer studies show that the paucity of CD4 T cells in NOD-CIITA knockout mice is responsible for the absence of diabetes, since the CD8 T cell and B cell compartments are functional. An autoaggressive CD8+ T cell clone can, however, transfer diabetes in CIITA knockout recipient mice without CD4 T cell help, albeit with some delay compared with that in CIITA-sufficient recipients. This highlights the fact that a high number of in vitro activated autoaggressive CD8 T cells can over-ride the requirement for CD4 T cell help for the onset of diabetes.</AbstractText></Abstract><AuthorList CompleteYN="Y"><Author ValidYN="Y"><LastName>Mora</LastName><ForeName>C</ForeName><Initials>C</Initials><AffiliationInfo><Affiliation>Section of Immunobiology, Yale University School of Medicine, Howard Hughes Medical Institute, New Haven, CT 06520, USA.</Affiliation></AffiliationInfo></Author><Author ValidYN="Y"><LastName>Wong</LastName><ForeName>F S</ForeName><Initials>FS</Initials></Author><Author ValidYN="Y"><LastName>Chang</LastName><ForeName>C H</ForeName><Initials>CH</Initials></Author><Author ValidYN="Y"><LastName>Flavell</LastName><ForeName>R A</ForeName><Initials>RA</Initials></Author></AuthorList><Language>eng</Language><GrantList CompleteYN="Y"><Grant><GrantID>P01-AI36529</GrantID><Acronym>AI</Acronym><Agency>NIAID NIH HHS</Agency><Country>United States</Country></Grant></GrantList><PublicationTypeList><PublicationType UI="D016428">Journal Article</PublicationType><PublicationType UI="D013485">Research Support, Non-U.S. Gov't</PublicationType><PublicationType UI="D013487">Research Support, U.S. Gov't, P.H.S.</PublicationType></PublicationTypeList></Article><MedlineJournalInfo><Country>United States</Country><MedlineTA>J Immunol</MedlineTA><NlmUniqueID>2985117R</NlmUniqueID><ISSNLinking>0022-1767</ISSNLinking></MedlineJournalInfo><ChemicalList><Chemical><RegistryNumber>0</RegistryNumber><NameOfSubstance UI="D000949">Histocompatibility Antigens Class II</NameOfSubstance></Chemical><Chemical><RegistryNumber>0</RegistryNumber><NameOfSubstance UI="C083728">MHC class II transactivator protein</NameOfSubstance></Chemical><Chemical><RegistryNumber>0</RegistryNumber><NameOfSubstance UI="D009687">Nuclear Proteins</NameOfSubstance></Chemical><Chemical><RegistryNumber>0</RegistryNumber><NameOfSubstance UI="D015534">Trans-Activators</NameOfSubstance></Chemical></ChemicalList><CitationSubset>IM</CitationSubset><MeshHeadingList><MeshHeading><DescriptorName UI="D019264" MajorTopicYN="N">Adoptive Transfer</DescriptorName></MeshHeading><MeshHeading><DescriptorName UI="D000818" MajorTopicYN="N">Animals</DescriptorName></MeshHeading><MeshHeading><DescriptorName UI="D001402" MajorTopicYN="N">B-Lymphocytes</DescriptorName><QualifierName UI="Q000276" MajorTopicYN="N">immunology</QualifierName></MeshHeading><MeshHeading><DescriptorName UI="D015496" MajorTopicYN="N">CD4-Positive T-Lymphocytes</DescriptorName><QualifierName UI="Q000276" MajorTopicYN="N">immunology</QualifierName><QualifierName UI="Q000378" MajorTopicYN="N">metabolism</QualifierName><QualifierName UI="Q000473" MajorTopicYN="Y">pathology</QualifierName></MeshHeading><MeshHeading><DescriptorName UI="D018414" MajorTopicYN="N">CD8-Positive T-Lymphocytes</DescriptorName><QualifierName UI="Q000276" MajorTopicYN="N">immunology</QualifierName></MeshHeading><MeshHeading><DescriptorName UI="D002465" MajorTopicYN="N">Cell Movement</DescriptorName><QualifierName UI="Q000276" MajorTopicYN="Y">immunology</QualifierName></MeshHeading><MeshHeading><DescriptorName UI="D002999" MajorTopicYN="N">Clone Cells</DescriptorName><QualifierName UI="Q000637" MajorTopicYN="N">transplantation</QualifierName></MeshHeading><MeshHeading><DescriptorName UI="D003433" MajorTopicYN="N">Crosses, Genetic</DescriptorName></MeshHeading><MeshHeading><DescriptorName UI="D003922" MajorTopicYN="N">Diabetes Mellitus, Type 1</DescriptorName><QualifierName UI="Q000209" MajorTopicYN="Y">etiology</QualifierName><QualifierName UI="Q000235" MajorTopicYN="N">genetics</QualifierName><QualifierName UI="Q000276" MajorTopicYN="Y">immunology</QualifierName><QualifierName UI="Q000473" MajorTopicYN="N">pathology</QualifierName></MeshHeading><MeshHeading><DescriptorName UI="D005260" MajorTopicYN="N">Female</DescriptorName></MeshHeading><MeshHeading><DescriptorName UI="D000949" MajorTopicYN="N">Histocompatibility Antigens Class II</DescriptorName><QualifierName UI="Q000235" MajorTopicYN="N">genetics</QualifierName><QualifierName UI="Q000276" MajorTopicYN="Y">immunology</QualifierName></MeshHeading><MeshHeading><DescriptorName UI="D008213" MajorTopicYN="N">Lymphocyte Activation</DescriptorName><QualifierName UI="Q000235" MajorTopicYN="N">genetics</QualifierName></MeshHeading><MeshHeading><DescriptorName UI="D051379" MajorTopicYN="N">Mice</DescriptorName></MeshHeading><MeshHeading><DescriptorName UI="D008810" MajorTopicYN="N">Mice, Inbred C57BL</DescriptorName></MeshHeading><MeshHeading><DescriptorName UI="D016688" MajorTopicYN="N">Mice, Inbred NOD</DescriptorName></MeshHeading><MeshHeading><DescriptorName UI="D018345" MajorTopicYN="N">Mice, Knockout</DescriptorName></MeshHeading><MeshHeading><DescriptorName UI="D016513" MajorTopicYN="N">Mice, SCID</DescriptorName></MeshHeading><MeshHeading><DescriptorName UI="D009687" MajorTopicYN="Y">Nuclear Proteins</DescriptorName></MeshHeading><MeshHeading><DescriptorName UI="D010179" MajorTopicYN="N">Pancreas</DescriptorName><QualifierName UI="Q000276" MajorTopicYN="Y">immunology</QualifierName><QualifierName UI="Q000473" MajorTopicYN="N">pathology</QualifierName></MeshHeading><MeshHeading><DescriptorName UI="D013154" MajorTopicYN="N">Spleen</DescriptorName><QualifierName UI="Q000166" MajorTopicYN="N">cytology</QualifierName><QualifierName UI="Q000637" MajorTopicYN="N">transplantation</QualifierName></MeshHeading><MeshHeading><DescriptorName UI="D016176" MajorTopicYN="N">T-Lymphocyte Subsets</DescriptorName><QualifierName UI="Q000276" MajorTopicYN="N">immunology</QualifierName><QualifierName UI="Q000378" MajorTopicYN="N">metabolism</QualifierName><QualifierName UI="Q000473" MajorTopicYN="N">pathology</QualifierName></MeshHeading><MeshHeading><DescriptorName UI="D015534" MajorTopicYN="N">Trans-Activators</DescriptorName><QualifierName UI="Q000172" MajorTopicYN="Y">deficiency</QualifierName><QualifierName UI="Q000235" MajorTopicYN="Y">genetics</QualifierName></MeshHeading></MeshHeadingList></MedlineCitation><PubmedData><History><PubMedPubDate PubStatus="pubmed"><Year>1999</Year><Month>4</Month><Day>14</Day></PubMedPubDate><PubMedPubDate PubStatus="medline"><Year>1999</Year><Month>4</Month><Day>14</Day><Hour>0</Hour><Minute>1</Minute></PubMedPubDate><PubMedPubDate PubStatus="entrez"><Year>1999</Year><Month>4</Month><Day>14</Day><Hour>0</Hour><Minute>0</Minute></PubMedPubDate></History><PublicationStatus>ppublish</PublicationStatus><ArticleIdList><ArticleId IdType="pubmed">10201997</ArticleId></ArticleIdList></PubmedData></PubmedArticle></PubmedArticleSet>