<?xml version="1.0" ?>
<!DOCTYPE PubmedArticleSet PUBLIC "-//NLM//DTD PubMedArticle, 1st January 2019//EN" "https://dtd.nlm.nih.gov/ncbi/pubmed/out/pubmed_190101.dtd">
<PubmedArticleSet><PubmedArticle><MedlineCitation Status="MEDLINE" Owner="NLM"><PMID Version="1">10202001</PMID><DateCompleted><Year>1999</Year><Month>05</Month><Day>06</Day></DateCompleted><DateRevised><Year>2018</Year><Month>12</Month><Day>01</Day></DateRevised><Article PubModel="Print"><Journal><ISSN IssnType="Print">0022-1767</ISSN><JournalIssue CitedMedium="Print"><Volume>162</Volume><Issue>8</Issue><PubDate><Year>1999</Year><Month>Apr</Month><Day>15</Day></PubDate></JournalIssue><Title>Journal of immunology (Baltimore, Md. : 1950)</Title><ISOAbbreviation>J Immunol</ISOAbbreviation></Journal><ArticleTitle>Two mechanisms for the non-MHC-linked resistance to spontaneous autoimmunity.</ArticleTitle><Pagination><MedlinePgn>4614-26</MedlinePgn></Pagination><Abstract><AbstractText>Genetic susceptibility and resistance to most autoimmune disorders are associated with highly polymorphic genes of the MHC and with non-MHC-linked polygenic modifiers. It is known that non-MHC-linked polymorphisms can override or enhance the susceptibility to an autoimmune disease provided by pathogenic MHC genes, but the mechanisms remain elusive. In this study, we have followed the fate of two highly diabetogenic beta cell-specific T cell receptors (Kd and I-Ag7 restricted, respectively) in NOR/Lt mice, which are resistant to autoimmune diabetes despite expressing two copies of the diabetogenic MHC haplotype H-2g7. We show that at least two mechanisms of non-MHC-linked control of pathogenic T cells operate in these mice. One segregates as a recessive trait and is associated with a reduction in the peripheral frequency of diabetogenic CD8+ (but not CD4+) T cells. The other segregates as a dominant trait and is mediated by IL-4- and TGF-beta1-independent immune suppressive functions provided by lymphocytes that target diabetogenic CD4+ and CD8+ T cells, without causing their deletion, anergy, immune deviation, or ignorance. These results provide explanations as to how non-MHC-linked polymorphisms can override the susceptibility to an autoimmune disease provided by pathogenic MHC haplotypes, and demonstrate that protective non-MHC-linked genes may selectively target specific lymphoid cell types in cellularly complex autoimmune responses.</AbstractText></Abstract><AuthorList CompleteYN="Y"><Author ValidYN="Y"><LastName>Verdaguer</LastName><ForeName>J</ForeName><Initials>J</Initials><AffiliationInfo><Affiliation>Department of Microbiology and Infectious Diseases, Julia McFarlane Diabetes Research Centre, Faculty of Medicine, University of Calgary, Alberta, Canada.</Affiliation></AffiliationInfo></Author><Author ValidYN="Y"><LastName>Amrani</LastName><ForeName>A</ForeName><Initials>A</Initials></Author><Author ValidYN="Y"><LastName>Anderson</LastName><ForeName>B</ForeName><Initials>B</Initials></Author><Author ValidYN="Y"><LastName>Schmidt</LastName><ForeName>D</ForeName><Initials>D</Initials></Author><Author ValidYN="Y"><LastName>Santamaria</LastName><ForeName>P</ForeName><Initials>P</Initials></Author></AuthorList><Language>eng</Language><PublicationTypeList><PublicationType UI="D016428">Journal Article</PublicationType><PublicationType UI="D013485">Research Support, Non-U.S. Gov't</PublicationType></PublicationTypeList></Article><MedlineJournalInfo><Country>United States</Country><MedlineTA>J Immunol</MedlineTA><NlmUniqueID>2985117R</NlmUniqueID><ISSNLinking>0022-1767</ISSNLinking></MedlineJournalInfo><ChemicalList><Chemical><RegistryNumber>0</RegistryNumber><NameOfSubstance UI="D016693">Receptors, Antigen, T-Cell, alpha-beta</NameOfSubstance></Chemical><Chemical><RegistryNumber>0</RegistryNumber><NameOfSubstance UI="D016212">Transforming Growth Factor beta</NameOfSubstance></Chemical><Chemical><RegistryNumber>207137-56-2</RegistryNumber><NameOfSubstance UI="D015847">Interleukin-4</NameOfSubstance></Chemical></ChemicalList><CitationSubset>IM</CitationSubset><MeshHeadingList><MeshHeading><DescriptorName UI="D000595" MajorTopicYN="N">Amino Acid Sequence</DescriptorName></MeshHeading><MeshHeading><DescriptorName UI="D000818" MajorTopicYN="N">Animals</DescriptorName></MeshHeading><MeshHeading><DescriptorName UI="D018414" MajorTopicYN="N">CD8-Positive T-Lymphocytes</DescriptorName><QualifierName UI="Q000276" MajorTopicYN="N">immunology</QualifierName><QualifierName UI="Q000378" MajorTopicYN="N">metabolism</QualifierName></MeshHeading><MeshHeading><DescriptorName UI="D002465" MajorTopicYN="N">Cell Movement</DescriptorName><QualifierName UI="Q000235" MajorTopicYN="N">genetics</QualifierName><QualifierName UI="Q000276" MajorTopicYN="N">immunology</QualifierName></MeshHeading><MeshHeading><DescriptorName UI="D017635" MajorTopicYN="N">Clonal Anergy</DescriptorName><QualifierName UI="Q000235" MajorTopicYN="N">genetics</QualifierName></MeshHeading><MeshHeading><DescriptorName UI="D017637" MajorTopicYN="N">Clonal Deletion</DescriptorName><QualifierName UI="Q000235" MajorTopicYN="N">genetics</QualifierName></MeshHeading><MeshHeading><DescriptorName UI="D003433" MajorTopicYN="N">Crosses, Genetic</DescriptorName></MeshHeading><MeshHeading><DescriptorName UI="D003922" MajorTopicYN="N">Diabetes Mellitus, Type 1</DescriptorName><QualifierName UI="Q000209" MajorTopicYN="N">etiology</QualifierName><QualifierName UI="Q000235" MajorTopicYN="Y">genetics</QualifierName><QualifierName UI="Q000276" MajorTopicYN="Y">immunology</QualifierName><QualifierName UI="Q000473" MajorTopicYN="N">pathology</QualifierName></MeshHeading><MeshHeading><DescriptorName UI="D005260" MajorTopicYN="N">Female</DescriptorName></MeshHeading><MeshHeading><DescriptorName UI="D019674" MajorTopicYN="N">Genes, T-Cell Receptor beta</DescriptorName><QualifierName UI="Q000276" MajorTopicYN="N">immunology</QualifierName></MeshHeading><MeshHeading><DescriptorName UI="D007108" MajorTopicYN="N">Immune Tolerance</DescriptorName></MeshHeading><MeshHeading><DescriptorName UI="D007113" MajorTopicYN="N">Immunity, Innate</DescriptorName></MeshHeading><MeshHeading><DescriptorName UI="D015847" MajorTopicYN="N">Interleukin-4</DescriptorName><QualifierName UI="Q000378" MajorTopicYN="N">metabolism</QualifierName></MeshHeading><MeshHeading><DescriptorName UI="D007515" MajorTopicYN="N">Islets of Langerhans</DescriptorName><QualifierName UI="Q000276" MajorTopicYN="N">immunology</QualifierName><QualifierName UI="Q000378" MajorTopicYN="N">metabolism</QualifierName><QualifierName UI="Q000473" MajorTopicYN="N">pathology</QualifierName></MeshHeading><MeshHeading><DescriptorName UI="D018655" MajorTopicYN="N">Lymphocyte Count</DescriptorName></MeshHeading><MeshHeading><DescriptorName UI="D008285" MajorTopicYN="N">Major Histocompatibility Complex</DescriptorName><QualifierName UI="Q000235" MajorTopicYN="Y">genetics</QualifierName><QualifierName UI="Q000276" MajorTopicYN="Y">immunology</QualifierName></MeshHeading><MeshHeading><DescriptorName UI="D008297" MajorTopicYN="N">Male</DescriptorName></MeshHeading><MeshHeading><DescriptorName UI="D051379" MajorTopicYN="N">Mice</DescriptorName></MeshHeading><MeshHeading><DescriptorName UI="D008810" MajorTopicYN="N">Mice, Inbred C57BL</DescriptorName></MeshHeading><MeshHeading><DescriptorName UI="D019463" MajorTopicYN="N">Mice, Inbred MRL lpr</DescriptorName></MeshHeading><MeshHeading><DescriptorName UI="D016688" MajorTopicYN="N">Mice, Inbred NOD</DescriptorName></MeshHeading><MeshHeading><DescriptorName UI="D008822" MajorTopicYN="N">Mice, Transgenic</DescriptorName></MeshHeading><MeshHeading><DescriptorName UI="D008969" MajorTopicYN="N">Molecular Sequence Data</DescriptorName></MeshHeading><MeshHeading><DescriptorName UI="D016693" MajorTopicYN="N">Receptors, Antigen, T-Cell, alpha-beta</DescriptorName><QualifierName UI="Q000096" MajorTopicYN="N">biosynthesis</QualifierName><QualifierName UI="Q000172" MajorTopicYN="N">deficiency</QualifierName><QualifierName UI="Q000235" MajorTopicYN="N">genetics</QualifierName></MeshHeading><MeshHeading><DescriptorName UI="D016212" MajorTopicYN="N">Transforming Growth Factor beta</DescriptorName><QualifierName UI="Q000378" MajorTopicYN="N">metabolism</QualifierName></MeshHeading></MeshHeadingList></MedlineCitation><PubmedData><History><PubMedPubDate PubStatus="pubmed"><Year>1999</Year><Month>4</Month><Day>14</Day></PubMedPubDate><PubMedPubDate PubStatus="medline"><Year>1999</Year><Month>4</Month><Day>14</Day><Hour>0</Hour><Minute>1</Minute></PubMedPubDate><PubMedPubDate PubStatus="entrez"><Year>1999</Year><Month>4</Month><Day>14</Day><Hour>0</Hour><Minute>0</Minute></PubMedPubDate></History><PublicationStatus>ppublish</PublicationStatus><ArticleIdList><ArticleId IdType="pubmed">10202001</ArticleId></ArticleIdList></PubmedData></PubmedArticle></PubmedArticleSet>