<?xml version="1.0" ?>
<!DOCTYPE PubmedArticleSet PUBLIC "-//NLM//DTD PubMedArticle, 1st January 2019//EN" "https://dtd.nlm.nih.gov/ncbi/pubmed/out/pubmed_190101.dtd">
<PubmedArticleSet><PubmedArticle><MedlineCitation Status="MEDLINE" Owner="NLM"><PMID Version="1">10213040</PMID><DateCompleted><Year>1999</Year><Month>05</Month><Day>27</Day></DateCompleted><DateRevised><Year>2019</Year><Month>09</Month><Day>05</Day></DateRevised><Article PubModel="Print"><Journal><ISSN IssnType="Print">0148-7299</ISSN><JournalIssue CitedMedium="Print"><Volume>84</Volume><Issue>1</Issue><PubDate><Year>1999</Year><Month>May</Month><Day>07</Day></PubDate></JournalIssue><Title>American journal of medical genetics</Title><ISOAbbreviation>Am J Med Genet</ISOAbbreviation></Journal><ArticleTitle>Sex of affected sibpairs and genetic linkage to type 1 diabetes.</ArticleTitle><Pagination><MedlinePgn>15-9</MedlinePgn></Pagination><Abstract><AbstractText>A mouse model of diabetes shows gender dimorphism in the cumulative incidence of diabetes. Based on this, evidence for genetic linkage to IDDM13 on chromosome arm 2q was reported to be greater in type 1 diabetes families where there was a predominance of affected female offspring compared with families with a predominance of affected male offspring. Our objective was to investigate whether the sex of affected offspring affects evidence for linkage to susceptibility loci. Data from a genome scan of 356 affected sibpair families with type 1 diabetes were analysed to determine if there is differential evidence for linkage in families with affected children of a particular sex. At markers on chromosomes 3, 5, 7, 9, 11, and 19, we found a number of regions where the evidence for linkage is greater in families with affected sibpairs of a particular sex. Thus, evidence for linkage in families with affected sibpairs of the same gender suggests the presence of additional susceptibility loci. Several biological explanations are possible for these findings, including X and Y linkage, effects of sex hormones on gene expression, and quasi-linkage between sex chromosomes and autosomes.</AbstractText></Abstract><AuthorList CompleteYN="Y"><Author ValidYN="Y"><LastName>Paterson</LastName><ForeName>A D</ForeName><Initials>AD</Initials><AffiliationInfo><Affiliation>Clarke Division, Centre for Addiction and Mental Health, Toronto, Ontario, Canada. andrew.paterson@utoronto.ca</Affiliation></AffiliationInfo></Author><Author ValidYN="Y"><LastName>Petronis</LastName><ForeName>A</ForeName><Initials>A</Initials></Author></AuthorList><Language>eng</Language><PublicationTypeList><PublicationType UI="D016428">Journal Article</PublicationType><PublicationType UI="D013485">Research Support, Non-U.S. Gov't</PublicationType></PublicationTypeList></Article><MedlineJournalInfo><Country>United States</Country><MedlineTA>Am J Med Genet</MedlineTA><NlmUniqueID>7708900</NlmUniqueID><ISSNLinking>0148-7299</ISSNLinking></MedlineJournalInfo><ChemicalList><Chemical><RegistryNumber>0</RegistryNumber><NameOfSubstance UI="D005819">Genetic Markers</NameOfSubstance></Chemical></ChemicalList><CitationSubset>IM</CitationSubset><MeshHeadingList><MeshHeading><DescriptorName UI="D002875" MajorTopicYN="N">Chromosomes</DescriptorName><QualifierName UI="Q000235" MajorTopicYN="N">genetics</QualifierName></MeshHeading><MeshHeading><DescriptorName UI="D003922" MajorTopicYN="N">Diabetes Mellitus, Type 1</DescriptorName><QualifierName UI="Q000453" MajorTopicYN="N">epidemiology</QualifierName><QualifierName UI="Q000235" MajorTopicYN="Y">genetics</QualifierName></MeshHeading><MeshHeading><DescriptorName UI="D005260" MajorTopicYN="N">Female</DescriptorName></MeshHeading><MeshHeading><DescriptorName UI="D008040" MajorTopicYN="Y">Genetic Linkage</DescriptorName></MeshHeading><MeshHeading><DescriptorName UI="D005819" MajorTopicYN="N">Genetic Markers</DescriptorName><QualifierName UI="Q000235" MajorTopicYN="N">genetics</QualifierName></MeshHeading><MeshHeading><DescriptorName UI="D006801" MajorTopicYN="N">Humans</DescriptorName></MeshHeading><MeshHeading><DescriptorName UI="D008297" MajorTopicYN="N">Male</DescriptorName></MeshHeading><MeshHeading><DescriptorName UI="D009679" MajorTopicYN="N">Nuclear Family</DescriptorName></MeshHeading><MeshHeading><DescriptorName UI="D012737" MajorTopicYN="Y">Sex Factors</DescriptorName></MeshHeading><MeshHeading><DescriptorName UI="D018709" MajorTopicYN="N">Statistics, Nonparametric</DescriptorName></MeshHeading><MeshHeading><DescriptorName UI="D006113" MajorTopicYN="N">United Kingdom</DescriptorName></MeshHeading></MeshHeadingList></MedlineCitation><PubmedData><History><PubMedPubDate PubStatus="pubmed"><Year>1999</Year><Month>4</Month><Day>23</Day><Hour>2</Hour><Minute>2</Minute></PubMedPubDate><PubMedPubDate PubStatus="medline"><Year>2000</Year><Month>6</Month><Day>20</Day><Hour>9</Hour><Minute>0</Minute></PubMedPubDate><PubMedPubDate PubStatus="entrez"><Year>1999</Year><Month>4</Month><Day>23</Day><Hour>2</Hour><Minute>2</Minute></PubMedPubDate></History><PublicationStatus>ppublish</PublicationStatus><ArticleIdList><ArticleId IdType="pubmed">10213040</ArticleId><ArticleId IdType="pii">10.1002/(SICI)1096-8628(19990507)84:1&lt;15::AID-AJMG4&gt;3.0.CO;2-O</ArticleId><ArticleId IdType="doi">10.1002/(sici)1096-8628(19990507)84:1&lt;15::aid-ajmg4&gt;3.0.co;2-o</ArticleId></ArticleIdList></PubmedData></PubmedArticle></PubmedArticleSet>