<?xml version="1.0" ?>
<!DOCTYPE PubmedArticleSet PUBLIC "-//NLM//DTD PubMedArticle, 1st January 2019//EN" "https://dtd.nlm.nih.gov/ncbi/pubmed/out/pubmed_190101.dtd">
<PubmedArticleSet><PubmedArticle><MedlineCitation Status="MEDLINE" Owner="NLM"><PMID Version="1">10217422</PMID><DateCompleted><Year>1999</Year><Month>06</Month><Day>01</Day></DateCompleted><DateRevised><Year>2019</Year><Month>06</Month><Day>21</Day></DateRevised><Article PubModel="Print"><Journal><ISSN IssnType="Print">0014-5793</ISSN><JournalIssue CitedMedium="Print"><Volume>448</Volume><Issue>1</Issue><PubDate><Year>1999</Year><Month>Apr</Month><Day>01</Day></PubDate></JournalIssue><Title>FEBS letters</Title><ISOAbbreviation>FEBS Lett</ISOAbbreviation></Journal><ArticleTitle>Increased oxidative damage to all DNA bases in patients with type II diabetes mellitus.</ArticleTitle><Pagination><MedlinePgn>120-2</MedlinePgn></Pagination><Abstract><AbstractText>Gas chromatography-mass spectrometry was used to measure the oxidative DNA damage in diabetic subjects and controls. Levels of multiple DNA base oxidation products, but not DNA base de-amination or chlorination products, were found to be elevated in white blood cell DNA from patients with type II diabetes as compared with age-matched controls. The chemical pattern of base damage is characteristic of that caused by an attack on DNA by hydroxyl radical. An increased formation of the highly reactive hydroxyl radical could account for many of the reports of oxidative stress in diabetic subjects. There was no evidence of an increased DNA damage by reactive nitrogen or chlorine species.</AbstractText></Abstract><AuthorList CompleteYN="Y"><Author ValidYN="Y"><LastName>Rehman</LastName><ForeName>A</ForeName><Initials>A</Initials><AffiliationInfo><Affiliation>International Antioxidant Research Centre, Pharmacology Group, King's College, London, UK.</Affiliation></AffiliationInfo></Author><Author ValidYN="Y"><LastName>Nourooz-Zadeh</LastName><ForeName>J</ForeName><Initials>J</Initials></Author><Author ValidYN="Y"><LastName>Möller</LastName><ForeName>W</ForeName><Initials>W</Initials></Author><Author ValidYN="Y"><LastName>Tritschler</LastName><ForeName>H</ForeName><Initials>H</Initials></Author><Author ValidYN="Y"><LastName>Pereira</LastName><ForeName>P</ForeName><Initials>P</Initials></Author><Author ValidYN="Y"><LastName>Halliwell</LastName><ForeName>B</ForeName><Initials>B</Initials></Author></AuthorList><Language>eng</Language><PublicationTypeList><PublicationType UI="D016428">Journal Article</PublicationType></PublicationTypeList></Article><MedlineJournalInfo><Country>England</Country><MedlineTA>FEBS Lett</MedlineTA><NlmUniqueID>0155157</NlmUniqueID><ISSNLinking>0014-5793</ISSNLinking></MedlineJournalInfo><CitationSubset>IM</CitationSubset><MeshHeadingList><MeshHeading><DescriptorName UI="D020029" MajorTopicYN="N">Base Pairing</DescriptorName></MeshHeading><MeshHeading><DescriptorName UI="D004249" MajorTopicYN="Y">DNA Damage</DescriptorName></MeshHeading><MeshHeading><DescriptorName UI="D003924" MajorTopicYN="N">Diabetes Mellitus, Type 2</DescriptorName><QualifierName UI="Q000235" MajorTopicYN="Y">genetics</QualifierName></MeshHeading><MeshHeading><DescriptorName UI="D005260" MajorTopicYN="N">Female</DescriptorName></MeshHeading><MeshHeading><DescriptorName UI="D006801" MajorTopicYN="N">Humans</DescriptorName></MeshHeading><MeshHeading><DescriptorName UI="D008297" MajorTopicYN="N">Male</DescriptorName></MeshHeading><MeshHeading><DescriptorName UI="D008875" MajorTopicYN="N">Middle Aged</DescriptorName></MeshHeading><MeshHeading><DescriptorName UI="D010084" MajorTopicYN="N">Oxidation-Reduction</DescriptorName></MeshHeading></MeshHeadingList></MedlineCitation><PubmedData><History><PubMedPubDate PubStatus="pubmed"><Year>1999</Year><Month>4</Month><Day>27</Day></PubMedPubDate><PubMedPubDate PubStatus="medline"><Year>1999</Year><Month>4</Month><Day>27</Day><Hour>0</Hour><Minute>1</Minute></PubMedPubDate><PubMedPubDate PubStatus="entrez"><Year>1999</Year><Month>4</Month><Day>27</Day><Hour>0</Hour><Minute>0</Minute></PubMedPubDate></History><PublicationStatus>ppublish</PublicationStatus><ArticleIdList><ArticleId IdType="pubmed">10217422</ArticleId><ArticleId IdType="pii">S0014-5793(99)00339-7</ArticleId><ArticleId IdType="doi">10.1016/s0014-5793(99)00339-7</ArticleId></ArticleIdList></PubmedData></PubmedArticle></PubmedArticleSet>