<?xml version="1.0" ?>
<!DOCTYPE PubmedArticleSet PUBLIC "-//NLM//DTD PubMedArticle, 1st January 2019//EN" "https://dtd.nlm.nih.gov/ncbi/pubmed/out/pubmed_190101.dtd">
<PubmedArticleSet><PubmedArticle><MedlineCitation Status="MEDLINE" Owner="NLM"><PMID Version="1">10212830</PMID><DateCompleted><Year>1999</Year><Month>06</Month><Day>30</Day></DateCompleted><DateRevised><Year>2019</Year><Month>11</Month><Day>03</Day></DateRevised><Article PubModel="Print"><Journal><ISSN IssnType="Print">0792-6855</ISSN><JournalIssue CitedMedium="Print"><Volume>9</Volume><Issue>2-4</Issue><PubDate><Year>1998</Year></PubDate></JournalIssue><Title>Journal of basic and clinical physiology and pharmacology</Title><ISOAbbreviation>J Basic Clin Physiol Pharmacol</ISOAbbreviation></Journal><ArticleTitle>Phosphoinositol glycan derived mediators and insulin resistance. Prospects for diagnosis and therapy.</ArticleTitle><Pagination><MedlinePgn>127-37</MedlinePgn></Pagination><Abstract><AbstractText>While much work remains, the evidence has become strong that IPG generation following insulin action is a significant signaling mechanism. A considerable body of data has established IPG release by insulin and other growth factors from cell membranes, cells and in human blood and muscle biopsies in vivo. Two separate IPG species containing D-chiro-inositol and myo-inositol have been separated by ion exchange. These IPGs have separate actions in vitro and are both active as insulin surrogates in vivo. A deficiency of the chiro-inositol system has been demonstrated in urine and tissues in humans and directly related to insulin resistance. Accordingly, D-chiro-inositol was administered to STZ diabetic rats and rhesus monkeys and shown to decrease hyperglycemia and enhance glucose disposal. Two trials in humans with impaired glucose tolerance and women with PCOS have now also proven successful. Thus, the pathophysiology in the chiro-inositol system related to insulin resistance and its reversal by chiro-inositol administration, in addition to the basic work, argues strongly for the physiological significance of this novel signaling system in the control of glucose metabolism.</AbstractText></Abstract><AuthorList CompleteYN="Y"><Author ValidYN="Y"><LastName>Larner</LastName><ForeName>J</ForeName><Initials>J</Initials><AffiliationInfo><Affiliation>Department of Pharmacology, University of Virginia School of Medicine, Charlottesville 22908, USA.</Affiliation></AffiliationInfo></Author><Author ValidYN="Y"><LastName>Allan</LastName><ForeName>G</ForeName><Initials>G</Initials></Author><Author ValidYN="Y"><LastName>Kessler</LastName><ForeName>C</ForeName><Initials>C</Initials></Author><Author ValidYN="Y"><LastName>Reamer</LastName><ForeName>P</ForeName><Initials>P</Initials></Author><Author ValidYN="Y"><LastName>Gunn</LastName><ForeName>R</ForeName><Initials>R</Initials></Author><Author ValidYN="Y"><LastName>Huang</LastName><ForeName>L C</ForeName><Initials>LC</Initials></Author></AuthorList><Language>eng</Language><PublicationTypeList><PublicationType UI="D016430">Clinical Trial</PublicationType><PublicationType UI="D017426">Clinical Trial, Phase I</PublicationType><PublicationType UI="D016428">Journal Article</PublicationType><PublicationType UI="D016449">Randomized Controlled Trial</PublicationType><PublicationType UI="D013485">Research Support, Non-U.S. Gov't</PublicationType><PublicationType UI="D013487">Research Support, U.S. Gov't, P.H.S.</PublicationType></PublicationTypeList></Article><MedlineJournalInfo><Country>Germany</Country><MedlineTA>J Basic Clin Physiol Pharmacol</MedlineTA><NlmUniqueID>9101750</NlmUniqueID><ISSNLinking>0792-6855</ISSNLinking></MedlineJournalInfo><ChemicalList><Chemical><RegistryNumber>0</RegistryNumber><NameOfSubstance UI="D001786">Blood Glucose</NameOfSubstance></Chemical><Chemical><RegistryNumber>0</RegistryNumber><NameOfSubstance UI="D007004">Hypoglycemic Agents</NameOfSubstance></Chemical><Chemical><RegistryNumber>0</RegistryNumber><NameOfSubstance UI="D007295">Inositol Phosphates</NameOfSubstance></Chemical><Chemical><RegistryNumber>0</RegistryNumber><NameOfSubstance UI="D007328">Insulin</NameOfSubstance></Chemical><Chemical><RegistryNumber>0</RegistryNumber><NameOfSubstance UI="D011134">Polysaccharides</NameOfSubstance></Chemical><Chemical><RegistryNumber>0</RegistryNumber><NameOfSubstance UI="C028039">inositol phosphate glycan</NameOfSubstance></Chemical></ChemicalList><CitationSubset>IM</CitationSubset><MeshHeadingList><MeshHeading><DescriptorName UI="D000818" MajorTopicYN="N">Animals</DescriptorName></MeshHeading><MeshHeading><DescriptorName UI="D001786" MajorTopicYN="N">Blood Glucose</DescriptorName><QualifierName UI="Q000187" MajorTopicYN="N">drug effects</QualifierName></MeshHeading><MeshHeading><DescriptorName UI="D018592" MajorTopicYN="N">Cross-Over Studies</DescriptorName></MeshHeading><MeshHeading><DescriptorName UI="D003924" MajorTopicYN="N">Diabetes Mellitus, Type 2</DescriptorName><QualifierName UI="Q000188" MajorTopicYN="Y">drug therapy</QualifierName><QualifierName UI="Q000652" MajorTopicYN="N">urine</QualifierName></MeshHeading><MeshHeading><DescriptorName UI="D004285" MajorTopicYN="N">Dogs</DescriptorName></MeshHeading><MeshHeading><DescriptorName UI="D004311" MajorTopicYN="N">Double-Blind Method</DescriptorName></MeshHeading><MeshHeading><DescriptorName UI="D005260" MajorTopicYN="N">Female</DescriptorName></MeshHeading><MeshHeading><DescriptorName UI="D006801" MajorTopicYN="N">Humans</DescriptorName></MeshHeading><MeshHeading><DescriptorName UI="D007004" MajorTopicYN="N">Hypoglycemic Agents</DescriptorName><QualifierName UI="Q000494" MajorTopicYN="Y">pharmacology</QualifierName></MeshHeading><MeshHeading><DescriptorName UI="D007295" MajorTopicYN="N">Inositol Phosphates</DescriptorName><QualifierName UI="Q000378" MajorTopicYN="N">metabolism</QualifierName><QualifierName UI="Q000494" MajorTopicYN="Y">pharmacology</QualifierName><QualifierName UI="Q000627" MajorTopicYN="N">therapeutic use</QualifierName><QualifierName UI="Q000652" MajorTopicYN="N">urine</QualifierName></MeshHeading><MeshHeading><DescriptorName UI="D007328" MajorTopicYN="N">Insulin</DescriptorName><QualifierName UI="Q000378" MajorTopicYN="N">metabolism</QualifierName></MeshHeading><MeshHeading><DescriptorName UI="D007333" MajorTopicYN="Y">Insulin Resistance</DescriptorName></MeshHeading><MeshHeading><DescriptorName UI="D000078790" MajorTopicYN="N">Insulin Secretion</DescriptorName></MeshHeading><MeshHeading><DescriptorName UI="D008253" MajorTopicYN="N">Macaca mulatta</DescriptorName></MeshHeading><MeshHeading><DescriptorName UI="D011134" MajorTopicYN="N">Polysaccharides</DescriptorName><QualifierName UI="Q000378" MajorTopicYN="N">metabolism</QualifierName><QualifierName UI="Q000494" MajorTopicYN="Y">pharmacology</QualifierName><QualifierName UI="Q000627" MajorTopicYN="N">therapeutic use</QualifierName><QualifierName UI="Q000652" MajorTopicYN="N">urine</QualifierName></MeshHeading><MeshHeading><DescriptorName UI="D051381" MajorTopicYN="N">Rats</DescriptorName></MeshHeading></MeshHeadingList></MedlineCitation><PubmedData><History><PubMedPubDate PubStatus="pubmed"><Year>1999</Year><Month>4</Month><Day>23</Day></PubMedPubDate><PubMedPubDate PubStatus="medline"><Year>1999</Year><Month>4</Month><Day>23</Day><Hour>0</Hour><Minute>1</Minute></PubMedPubDate><PubMedPubDate PubStatus="entrez"><Year>1999</Year><Month>4</Month><Day>23</Day><Hour>0</Hour><Minute>0</Minute></PubMedPubDate></History><PublicationStatus>ppublish</PublicationStatus><ArticleIdList><ArticleId IdType="pubmed">10212830</ArticleId><ArticleId IdType="doi">10.1515/jbcpp.1998.9.2-4.127</ArticleId></ArticleIdList></PubmedData></PubmedArticle></PubmedArticleSet>