<?xml version="1.0" ?>
<!DOCTYPE PubmedArticleSet PUBLIC "-//NLM//DTD PubMedArticle, 1st January 2019//EN" "https://dtd.nlm.nih.gov/ncbi/pubmed/out/pubmed_190101.dtd">
<PubmedArticleSet><PubmedArticle><MedlineCitation Status="MEDLINE" Owner="NLM"><PMID Version="1">10218793</PMID><DateCompleted><Year>1999</Year><Month>06</Month><Day>14</Day></DateCompleted><DateRevised><Year>2019</Year><Month>07</Month><Day>12</Day></DateRevised><Article PubModel="Print"><Journal><ISSN IssnType="Print">0306-4522</ISSN><JournalIssue CitedMedium="Print"><Volume>90</Volume><Issue>3</Issue><PubDate><Year>1999</Year><Month>Mar</Month></PubDate></JournalIssue><Title>Neuroscience</Title><ISOAbbreviation>Neuroscience</ISOAbbreviation></Journal><ArticleTitle>Tetrodotoxin-resistant sodium channels of dorsal root ganglion neurons are readily activated in diabetic rats.</ArticleTitle><Pagination><MedlinePgn>933-9</MedlinePgn></Pagination><Abstract><AbstractText>To clarify the mechanism of hyperalgesia in diabetic neuropathy, we investigated the effects of streptozocin-induced hyperglycemia on tetrodotoxin-resistant Na+ channel activity of dorsal root ganglion neurons. Experiments were performed on enzymatically isolated neurons of dorsal root ganglia dissected from streptozocin-induced diabetic and their age-matched control rats. Membrane currents were recorded using the whole-cell patch-clamp technique. Mean current density of tetrodotoxin-resistant Na+ channels was significantly larger in neurons prepared from diabetic rats than in control neurons. Tetrodotoxin-resistant Na+ channels were activated at more negative potentials in diabetic than in control neurons. Curves representing the steady-state inactivation and the peak Na+ conductance as a function of membrane potential shifted to the negative side. The changes in gating property of the Na+ channel were observed six weeks after the injection of streptozocin, and still after eight months, indicating that tetrodotoxin-resistant Na+ channel abnormality starts to develop early and persists during the whole period of diabetes. These results suggest that neurons participating in nociception are highly excitable in diabetic animals. The present results may provide an important clue to the elucidation of hyperalgesia in diabetes.</AbstractText></Abstract><AuthorList CompleteYN="Y"><Author ValidYN="Y"><LastName>Hirade</LastName><ForeName>M</ForeName><Initials>M</Initials><AffiliationInfo><Affiliation>Third Department of Medicine, Shiga University of Medical Science, Ohtsu, Japan.</Affiliation></AffiliationInfo></Author><Author ValidYN="Y"><LastName>Yasuda</LastName><ForeName>H</ForeName><Initials>H</Initials></Author><Author ValidYN="Y"><LastName>Omatsu-Kanbe</LastName><ForeName>M</ForeName><Initials>M</Initials></Author><Author ValidYN="Y"><LastName>Kikkawa</LastName><ForeName>R</ForeName><Initials>R</Initials></Author><Author ValidYN="Y"><LastName>Kitasato</LastName><ForeName>H</ForeName><Initials>H</Initials></Author></AuthorList><Language>eng</Language><PublicationTypeList><PublicationType UI="D016428">Journal Article</PublicationType><PublicationType UI="D013485">Research Support, Non-U.S. Gov't</PublicationType></PublicationTypeList></Article><MedlineJournalInfo><Country>United States</Country><MedlineTA>Neuroscience</MedlineTA><NlmUniqueID>7605074</NlmUniqueID><ISSNLinking>0306-4522</ISSNLinking></MedlineJournalInfo><ChemicalList><Chemical><RegistryNumber>0</RegistryNumber><NameOfSubstance UI="D015222">Sodium Channels</NameOfSubstance></Chemical><Chemical><RegistryNumber>4368-28-9</RegistryNumber><NameOfSubstance UI="D013779">Tetrodotoxin</NameOfSubstance></Chemical></ChemicalList><CitationSubset>IM</CitationSubset><MeshHeadingList><MeshHeading><DescriptorName UI="D000818" MajorTopicYN="N">Animals</DescriptorName></MeshHeading><MeshHeading><DescriptorName UI="D003921" MajorTopicYN="N">Diabetes Mellitus, Experimental</DescriptorName><QualifierName UI="Q000378" MajorTopicYN="Y">metabolism</QualifierName><QualifierName UI="Q000473" MajorTopicYN="N">pathology</QualifierName></MeshHeading><MeshHeading><DescriptorName UI="D004351" MajorTopicYN="N">Drug Resistance</DescriptorName></MeshHeading><MeshHeading><DescriptorName UI="D004553" MajorTopicYN="N">Electric Conductivity</DescriptorName></MeshHeading><MeshHeading><DescriptorName UI="D004594" MajorTopicYN="N">Electrophysiology</DescriptorName></MeshHeading><MeshHeading><DescriptorName UI="D005727" MajorTopicYN="N">Ganglia, Spinal</DescriptorName><QualifierName UI="Q000378" MajorTopicYN="Y">metabolism</QualifierName><QualifierName UI="Q000473" MajorTopicYN="N">pathology</QualifierName></MeshHeading><MeshHeading><DescriptorName UI="D008297" MajorTopicYN="N">Male</DescriptorName></MeshHeading><MeshHeading><DescriptorName UI="D009474" MajorTopicYN="N">Neurons</DescriptorName><QualifierName UI="Q000378" MajorTopicYN="Y">metabolism</QualifierName></MeshHeading><MeshHeading><DescriptorName UI="D051381" MajorTopicYN="N">Rats</DescriptorName></MeshHeading><MeshHeading><DescriptorName UI="D017207" MajorTopicYN="N">Rats, Sprague-Dawley</DescriptorName></MeshHeading><MeshHeading><DescriptorName UI="D012016" MajorTopicYN="N">Reference Values</DescriptorName></MeshHeading><MeshHeading><DescriptorName UI="D015222" MajorTopicYN="N">Sodium Channels</DescriptorName><QualifierName UI="Q000187" MajorTopicYN="Y">drug effects</QualifierName><QualifierName UI="Q000502" MajorTopicYN="Y">physiology</QualifierName></MeshHeading><MeshHeading><DescriptorName UI="D013779" MajorTopicYN="N">Tetrodotoxin</DescriptorName><QualifierName UI="Q000494" MajorTopicYN="Y">pharmacology</QualifierName></MeshHeading></MeshHeadingList></MedlineCitation><PubmedData><History><PubMedPubDate PubStatus="pubmed"><Year>1999</Year><Month>4</Month><Day>28</Day></PubMedPubDate><PubMedPubDate PubStatus="medline"><Year>1999</Year><Month>4</Month><Day>28</Day><Hour>0</Hour><Minute>1</Minute></PubMedPubDate><PubMedPubDate PubStatus="entrez"><Year>1999</Year><Month>4</Month><Day>28</Day><Hour>0</Hour><Minute>0</Minute></PubMedPubDate></History><PublicationStatus>ppublish</PublicationStatus><ArticleIdList><ArticleId IdType="pubmed">10218793</ArticleId><ArticleId IdType="pii">S0306-4522(98)00486-2</ArticleId><ArticleId IdType="doi">10.1016/s0306-4522(98)00486-2</ArticleId></ArticleIdList></PubmedData></PubmedArticle></PubmedArticleSet>