<?xml version="1.0" ?>
<!DOCTYPE PubmedArticleSet PUBLIC "-//NLM//DTD PubMedArticle, 1st January 2019//EN" "https://dtd.nlm.nih.gov/ncbi/pubmed/out/pubmed_190101.dtd">
<PubmedArticleSet><PubmedArticle><MedlineCitation Status="MEDLINE" Owner="NLM"><PMID Version="1">10218775</PMID><DateCompleted><Year>1999</Year><Month>06</Month><Day>14</Day></DateCompleted><DateRevised><Year>2022</Year><Month>03</Month><Day>17</Day></DateRevised><Article PubModel="Print"><Journal><ISSN IssnType="Print">0306-4522</ISSN><JournalIssue CitedMedium="Print"><Volume>90</Volume><Issue>3</Issue><PubDate><Year>1999</Year><Month>Mar</Month></PubDate></JournalIssue><Title>Neuroscience</Title><ISOAbbreviation>Neuroscience</ISOAbbreviation></Journal><ArticleTitle>Hippocampal synaptic plasticity in streptozotocin-diabetic rats: impairment of long-term potentiation and facilitation of long-term depression.</ArticleTitle><Pagination><MedlinePgn>737-45</MedlinePgn></Pagination><Abstract><AbstractText>Streptozotocin-diabetic rats, an animal model for diabetes mellitus, show learning deficits and impaired long-term potentiation in the CA1-field of the hippocampus. The present study aimed to further characterize the effects of streptozotocin-diabetes on N-methyl-D-aspartate receptor-dependent long-term potentiation in the CA1-field, to extend these findings to N-methyl-D-aspartate receptor-dependent and independent long-term potentiation in other regions of the hippocampus and to examine effects on long-term depression. First, the effect of diabetes duration on long-term potentiation in the CA1-field was determined. A progressive deficit was observed after a diabetes duration of six to eight weeks, which reached a maximum after 12 weeks of diabetes and remained stable thereafter. Next, long-term potentiation was examined in the dentate gyrus and in the CA3-field after 12 weeks of diabetes. Both were found to be impaired compared to controls. Finally, long-term depression was examined in the CA1-field of the hippocampus after 12 weeks of diabetes and found to be enhanced in slices from diabetic rats compared to controls. Changes in synaptic plasticity were observed in hippocampal slices from streptozotocin-diabetic rats. Expression of N-methyl-D-aspartate receptor-dependent long-term potentiation was impaired in the CA1-field and dentate gyrus and expression of N-methyl-D-aspartate receptor-independent long-term potentiation was impaired in the CA3-field. In contrast, expression of long-term depression was facilitated in CA1. It is suggested that this combination of changes in plasticity may reflect alterations in intracellular signalling pathways.</AbstractText></Abstract><AuthorList CompleteYN="Y"><Author ValidYN="Y"><LastName>Kamal</LastName><ForeName>A</ForeName><Initials>A</Initials><AffiliationInfo><Affiliation>Department of Medical Pharmacology, Rudolf Magnus Institute for Neurosciences, Utrecht University, The Netherlands.</Affiliation></AffiliationInfo></Author><Author ValidYN="Y"><LastName>Biessels</LastName><ForeName>G J</ForeName><Initials>GJ</Initials></Author><Author ValidYN="Y"><LastName>Urban</LastName><ForeName>I J</ForeName><Initials>IJ</Initials></Author><Author ValidYN="Y"><LastName>Gispen</LastName><ForeName>W H</ForeName><Initials>WH</Initials></Author></AuthorList><Language>eng</Language><PublicationTypeList><PublicationType UI="D016428">Journal Article</PublicationType><PublicationType UI="D013485">Research Support, Non-U.S. Gov't</PublicationType></PublicationTypeList></Article><MedlineJournalInfo><Country>United States</Country><MedlineTA>Neuroscience</MedlineTA><NlmUniqueID>7605074</NlmUniqueID><ISSNLinking>0306-4522</ISSNLinking></MedlineJournalInfo><CitationSubset>IM</CitationSubset><MeshHeadingList><MeshHeading><DescriptorName UI="D000818" MajorTopicYN="N">Animals</DescriptorName></MeshHeading><MeshHeading><DescriptorName UI="D003921" MajorTopicYN="N">Diabetes Mellitus, Experimental</DescriptorName><QualifierName UI="Q000503" MajorTopicYN="Y">physiopathology</QualifierName></MeshHeading><MeshHeading><DescriptorName UI="D006624" MajorTopicYN="N">Hippocampus</DescriptorName><QualifierName UI="Q000503" MajorTopicYN="Y">physiopathology</QualifierName></MeshHeading><MeshHeading><DescriptorName UI="D017774" MajorTopicYN="N">Long-Term Potentiation</DescriptorName><QualifierName UI="Q000502" MajorTopicYN="Y">physiology</QualifierName></MeshHeading><MeshHeading><DescriptorName UI="D008297" MajorTopicYN="N">Male</DescriptorName></MeshHeading><MeshHeading><DescriptorName UI="D009473" MajorTopicYN="N">Neuronal Plasticity</DescriptorName><QualifierName UI="Q000502" MajorTopicYN="Y">physiology</QualifierName></MeshHeading><MeshHeading><DescriptorName UI="D051381" MajorTopicYN="N">Rats</DescriptorName></MeshHeading><MeshHeading><DescriptorName UI="D017208" MajorTopicYN="N">Rats, Wistar</DescriptorName></MeshHeading><MeshHeading><DescriptorName UI="D013569" MajorTopicYN="N">Synapses</DescriptorName><QualifierName UI="Q000502" MajorTopicYN="Y">physiology</QualifierName></MeshHeading><MeshHeading><DescriptorName UI="D013997" MajorTopicYN="N">Time Factors</DescriptorName></MeshHeading></MeshHeadingList></MedlineCitation><PubmedData><History><PubMedPubDate PubStatus="pubmed"><Year>1999</Year><Month>4</Month><Day>28</Day></PubMedPubDate><PubMedPubDate PubStatus="medline"><Year>1999</Year><Month>4</Month><Day>28</Day><Hour>0</Hour><Minute>1</Minute></PubMedPubDate><PubMedPubDate PubStatus="entrez"><Year>1999</Year><Month>4</Month><Day>28</Day><Hour>0</Hour><Minute>0</Minute></PubMedPubDate></History><PublicationStatus>ppublish</PublicationStatus><ArticleIdList><ArticleId IdType="pubmed">10218775</ArticleId><ArticleId IdType="pii">S0306-4522(98)00485-0</ArticleId><ArticleId IdType="doi">10.1016/s0306-4522(98)00485-0</ArticleId></ArticleIdList></PubmedData></PubmedArticle></PubmedArticleSet>