<?xml version="1.0" ?>
<!DOCTYPE PubmedArticleSet PUBLIC "-//NLM//DTD PubMedArticle, 1st January 2019//EN" "https://dtd.nlm.nih.gov/ncbi/pubmed/out/pubmed_190101.dtd">
<PubmedArticleSet><PubmedArticle><MedlineCitation Status="MEDLINE" Owner="NLM"><PMID Version="1">10212834</PMID><DateCompleted><Year>1999</Year><Month>06</Month><Day>30</Day></DateCompleted><DateRevised><Year>2019</Year><Month>11</Month><Day>03</Day></DateRevised><Article PubModel="Print"><Journal><ISSN IssnType="Print">0792-6855</ISSN><JournalIssue CitedMedium="Print"><Volume>9</Volume><Issue>2-4</Issue><PubDate><Year>1998</Year></PubDate></JournalIssue><Title>Journal of basic and clinical physiology and pharmacology</Title><ISOAbbreviation>J Basic Clin Physiol Pharmacol</ISOAbbreviation></Journal><ArticleTitle>Inositolphosphoglycans (IPGs) as mediators of insulin's steroidogenic actions.</ArticleTitle><Pagination><MedlinePgn>197-204</MedlinePgn></Pagination><Abstract><AbstractText>PCOS is a unique model of insulin resistance in which one tissue (skeletal muscle) is resistant to insulin in terms of glucose metabolism whereas another tissue (ovarian thecal cells) maintains its responsiveness to insulin in terms of testosterone biosynthesis. During the past decade, a series of in vitro studies conducted in human placental cells /25/, swine granulosa cells /28/, and most recently, human thecal cells /17/, have provided compelling evidence that one factor involved in this apparent clinical paradox is the clear demonstration of the utilization of the IPG signal transduction system for insulin's effects on steroidogenesis. Nonetheless, many questions remain to be addressed. For example, it would be instructive to determine simultaneously the effects of insulin on glucose disposal and testosterone biosynthesis in isolated thecal cells. In other words, is the thecal cell itself resistant to insulin in terms of glucose disposal while remaining sensitive to insulin in terms of testosterone biosynthesis? Is the IPG content of human thecal cells from women with PCOS decreased compared with that in matched healthy women? There is substantial evidence to suggest that some IPGs may also be responsible in part for mediating insulin's stimulation of glucose disposal (see paper by Dr. Joseph Larner in this issue)--this raises the question as to whether specific forms of IPGs are responsible for glucose metabolism in vivo, whereas other IPGs are responsible for mediating insulin's effects on steroidogenesis. Is there a disparity in the ratio of different types of IPGs among various tissues (e.g., muscle, liver, ovary), and does that ratio determine the tissue's responsiveness to one or another action of insulin? These questions and others leave IPGs and insulin signal transduction a fruitful area for both clinical and laboratory investigations.</AbstractText></Abstract><AuthorList CompleteYN="Y"><Author ValidYN="Y"><LastName>Nestler</LastName><ForeName>J E</ForeName><Initials>JE</Initials><AffiliationInfo><Affiliation>Division of Endocrinology and Metabolism Medical College of Virginia, Virginia Commonwealth University, USA. nestler@hsc.vcu.edu</Affiliation></AffiliationInfo></Author></AuthorList><Language>eng</Language><GrantList CompleteYN="Y"><Grant><GrantID>R01CA64500</GrantID><Acronym>CA</Acronym><Agency>NCI NIH HHS</Agency><Country>United States</Country></Grant><Grant><GrantID>R01HD35629</GrantID><Acronym>HD</Acronym><Agency>NICHD NIH HHS</Agency><Country>United States</Country></Grant></GrantList><PublicationTypeList><PublicationType UI="D016428">Journal Article</PublicationType><PublicationType UI="D013485">Research Support, Non-U.S. Gov't</PublicationType><PublicationType UI="D013487">Research Support, U.S. Gov't, P.H.S.</PublicationType></PublicationTypeList></Article><MedlineJournalInfo><Country>Germany</Country><MedlineTA>J Basic Clin Physiol Pharmacol</MedlineTA><NlmUniqueID>9101750</NlmUniqueID><ISSNLinking>0792-6855</ISSNLinking></MedlineJournalInfo><ChemicalList><Chemical><RegistryNumber>0</RegistryNumber><NameOfSubstance UI="D007004">Hypoglycemic Agents</NameOfSubstance></Chemical><Chemical><RegistryNumber>0</RegistryNumber><NameOfSubstance UI="D007295">Inositol Phosphates</NameOfSubstance></Chemical><Chemical><RegistryNumber>0</RegistryNumber><NameOfSubstance UI="D007328">Insulin</NameOfSubstance></Chemical><Chemical><RegistryNumber>0</RegistryNumber><NameOfSubstance UI="D011134">Polysaccharides</NameOfSubstance></Chemical><Chemical><RegistryNumber>0</RegistryNumber><NameOfSubstance UI="C028039">inositol phosphate glycan</NameOfSubstance></Chemical><Chemical><RegistryNumber>3XMK78S47O</RegistryNumber><NameOfSubstance UI="D013739">Testosterone</NameOfSubstance></Chemical><Chemical><RegistryNumber>4L6452S749</RegistryNumber><NameOfSubstance UI="D007294">Inositol</NameOfSubstance></Chemical></ChemicalList><CitationSubset>IM</CitationSubset><MeshHeadingList><MeshHeading><DescriptorName UI="D000818" MajorTopicYN="N">Animals</DescriptorName></MeshHeading><MeshHeading><DescriptorName UI="D003924" MajorTopicYN="N">Diabetes Mellitus, Type 2</DescriptorName><QualifierName UI="Q000378" MajorTopicYN="N">metabolism</QualifierName><QualifierName UI="Q000503" MajorTopicYN="Y">physiopathology</QualifierName></MeshHeading><MeshHeading><DescriptorName UI="D005260" MajorTopicYN="N">Female</DescriptorName></MeshHeading><MeshHeading><DescriptorName UI="D006801" MajorTopicYN="N">Humans</DescriptorName></MeshHeading><MeshHeading><DescriptorName UI="D007004" MajorTopicYN="N">Hypoglycemic Agents</DescriptorName><QualifierName UI="Q000494" MajorTopicYN="Y">pharmacology</QualifierName></MeshHeading><MeshHeading><DescriptorName UI="D007294" MajorTopicYN="N">Inositol</DescriptorName><QualifierName UI="Q000031" MajorTopicYN="Y">analogs &amp; derivatives</QualifierName></MeshHeading><MeshHeading><DescriptorName UI="D007295" MajorTopicYN="N">Inositol Phosphates</DescriptorName><QualifierName UI="Q000494" MajorTopicYN="Y">pharmacology</QualifierName></MeshHeading><MeshHeading><DescriptorName UI="D007328" MajorTopicYN="N">Insulin</DescriptorName><QualifierName UI="Q000494" MajorTopicYN="Y">pharmacology</QualifierName></MeshHeading><MeshHeading><DescriptorName UI="D007333" MajorTopicYN="N">Insulin Resistance</DescriptorName></MeshHeading><MeshHeading><DescriptorName UI="D011085" MajorTopicYN="N">Polycystic Ovary Syndrome</DescriptorName><QualifierName UI="Q000378" MajorTopicYN="N">metabolism</QualifierName><QualifierName UI="Q000503" MajorTopicYN="Y">physiopathology</QualifierName></MeshHeading><MeshHeading><DescriptorName UI="D011134" MajorTopicYN="N">Polysaccharides</DescriptorName><QualifierName UI="Q000494" MajorTopicYN="Y">pharmacology</QualifierName></MeshHeading><MeshHeading><DescriptorName UI="D015398" MajorTopicYN="N">Signal Transduction</DescriptorName><QualifierName UI="Q000187" MajorTopicYN="Y">drug effects</QualifierName><QualifierName UI="Q000502" MajorTopicYN="N">physiology</QualifierName></MeshHeading><MeshHeading><DescriptorName UI="D013552" MajorTopicYN="N">Swine</DescriptorName></MeshHeading><MeshHeading><DescriptorName UI="D013739" MajorTopicYN="N">Testosterone</DescriptorName><QualifierName UI="Q000096" MajorTopicYN="N">biosynthesis</QualifierName></MeshHeading><MeshHeading><DescriptorName UI="D013799" MajorTopicYN="N">Theca Cells</DescriptorName><QualifierName UI="Q000187" MajorTopicYN="N">drug effects</QualifierName><QualifierName UI="Q000502" MajorTopicYN="N">physiology</QualifierName></MeshHeading></MeshHeadingList></MedlineCitation><PubmedData><History><PubMedPubDate PubStatus="pubmed"><Year>1999</Year><Month>4</Month><Day>23</Day></PubMedPubDate><PubMedPubDate PubStatus="medline"><Year>1999</Year><Month>4</Month><Day>23</Day><Hour>0</Hour><Minute>1</Minute></PubMedPubDate><PubMedPubDate PubStatus="entrez"><Year>1999</Year><Month>4</Month><Day>23</Day><Hour>0</Hour><Minute>0</Minute></PubMedPubDate></History><PublicationStatus>ppublish</PublicationStatus><ArticleIdList><ArticleId IdType="pubmed">10212834</ArticleId><ArticleId IdType="doi">10.1515/jbcpp.1998.9.2-4.197</ArticleId></ArticleIdList></PubmedData></PubmedArticle></PubmedArticleSet>