<?xml version="1.0" ?>
<!DOCTYPE PubmedArticleSet PUBLIC "-//NLM//DTD PubMedArticle, 1st January 2019//EN" "https://dtd.nlm.nih.gov/ncbi/pubmed/out/pubmed_190101.dtd">
<PubmedArticleSet><PubmedArticle><MedlineCitation Status="MEDLINE" Owner="NLM"><PMID Version="1">10212083</PMID><DateCompleted><Year>2000</Year><Month>03</Month><Day>29</Day></DateCompleted><DateRevised><Year>2019</Year><Month>05</Month><Day>03</Day></DateRevised><Article PubModel="Print"><Journal><ISSN IssnType="Print">1359-2998</ISSN><JournalIssue CitedMedium="Print"><Volume>80</Volume><Issue>3</Issue><PubDate><Year>1999</Year><Month>May</Month></PubDate></JournalIssue><Title>Archives of disease in childhood. Fetal and neonatal edition</Title><ISOAbbreviation>Arch Dis Child Fetal Neonatal Ed</ISOAbbreviation></Journal><ArticleTitle>Permanent neonatal diabetes mellitus: clinical presentation and epidemiology in Oman.</ArticleTitle><Pagination><MedlinePgn>F209-12</MedlinePgn></Pagination><Abstract><AbstractText Label="AIM" NlmCategory="OBJECTIVE">To estimate the accurate incidence and prevalence of permanent neonatal diabetes mellitus, and to determine the clinical profile of this condition in the Sultanate of Oman.</AbstractText><AbstractText Label="METHODS" NlmCategory="METHODS">All children diagnosed as having permanent neonatal diabetes mellitus between 1991 and 1995 in Oman were included in the study.</AbstractText><AbstractText Label="RESULTS" NlmCategory="RESULTS">The mean incidence was 2.2 per 100 000 live births/year and the prevalence among under 5s during 1995 was 2.0/100 000. Intrauterine growth retardation was noted in all (mean birthweight 1.86 kg), and diabetic ketoacidosis (mean plasma glucose 34.4 (SD 8.7) mmol/l, mean pH 7.17 (SD 0.09) in 80%. Hypertriglyceridaemia (mean serum triglyceride 19.06 (6.13) mmol/) was constant. No infant had clinical or immunological evidence of congenital viral infections. None had C-peptide excretion or circulating islet cell antibody during diagnosis or follow up. The other important features were parental consanguinity in all, HLA DR3/DR4 association in 80%, development of autoimmune hypothyroidism in one and observation of autoimmune disorders (insulin dependent diabetes mellitus and Hashimoto's thyroiditis) in family members.</AbstractText><AbstractText Label="CONCLUSIONS" NlmCategory="CONCLUSIONS">These findings strongly suggest an immune mediated aetiology for diabetes mellitus. The reported incidence of permanent insulin dependent neonatal diabetes mellitus in Oman is the highest in the world.</AbstractText></Abstract><AuthorList CompleteYN="Y"><Author ValidYN="Y"><LastName>Bappal</LastName><ForeName>B</ForeName><Initials>B</Initials><AffiliationInfo><Affiliation>Paediatric Endocrinology, Royal Hospital, Muscat, Oman.</Affiliation></AffiliationInfo></Author><Author ValidYN="Y"><LastName>Raghupathy</LastName><ForeName>P</ForeName><Initials>P</Initials></Author><Author ValidYN="Y"><LastName>de Silva</LastName><ForeName>V</ForeName><Initials>V</Initials></Author><Author ValidYN="Y"><LastName>Khusaiby</LastName><ForeName>S M</ForeName><Initials>SM</Initials></Author></AuthorList><Language>eng</Language><PublicationTypeList><PublicationType UI="D016428">Journal Article</PublicationType></PublicationTypeList></Article><MedlineJournalInfo><Country>England</Country><MedlineTA>Arch Dis Child Fetal Neonatal Ed</MedlineTA><NlmUniqueID>9501297</NlmUniqueID><ISSNLinking>1359-2998</ISSNLinking></MedlineJournalInfo><ChemicalList><Chemical><RegistryNumber>0</RegistryNumber><NameOfSubstance UI="D015803">HLA-DR3 Antigen</NameOfSubstance></Chemical><Chemical><RegistryNumber>0</RegistryNumber><NameOfSubstance UI="D015804">HLA-DR4 Antigen</NameOfSubstance></Chemical></ChemicalList><CitationSubset>IM</CitationSubset><MeshHeadingList><MeshHeading><DescriptorName UI="D003241" MajorTopicYN="N">Consanguinity</DescriptorName></MeshHeading><MeshHeading><DescriptorName UI="D003922" MajorTopicYN="N">Diabetes Mellitus, Type 1</DescriptorName><QualifierName UI="Q000453" MajorTopicYN="Y">epidemiology</QualifierName><QualifierName UI="Q000235" MajorTopicYN="N">genetics</QualifierName><QualifierName UI="Q000276" MajorTopicYN="N">immunology</QualifierName></MeshHeading><MeshHeading><DescriptorName UI="D016883" MajorTopicYN="N">Diabetic Ketoacidosis</DescriptorName><QualifierName UI="Q000453" MajorTopicYN="N">epidemiology</QualifierName><QualifierName UI="Q000235" MajorTopicYN="N">genetics</QualifierName><QualifierName UI="Q000276" MajorTopicYN="N">immunology</QualifierName></MeshHeading><MeshHeading><DescriptorName UI="D005317" MajorTopicYN="N">Fetal Growth Retardation</DescriptorName><QualifierName UI="Q000453" MajorTopicYN="N">epidemiology</QualifierName><QualifierName UI="Q000235" MajorTopicYN="N">genetics</QualifierName><QualifierName UI="Q000276" MajorTopicYN="N">immunology</QualifierName></MeshHeading><MeshHeading><DescriptorName UI="D015803" MajorTopicYN="N">HLA-DR3 Antigen</DescriptorName><QualifierName UI="Q000032" MajorTopicYN="N">analysis</QualifierName></MeshHeading><MeshHeading><DescriptorName UI="D015804" MajorTopicYN="N">HLA-DR4 Antigen</DescriptorName><QualifierName UI="Q000032" MajorTopicYN="N">analysis</QualifierName></MeshHeading><MeshHeading><DescriptorName UI="D006801" MajorTopicYN="N">Humans</DescriptorName></MeshHeading><MeshHeading><DescriptorName UI="D015994" MajorTopicYN="N">Incidence</DescriptorName></MeshHeading><MeshHeading><DescriptorName UI="D007231" MajorTopicYN="N">Infant, Newborn</DescriptorName></MeshHeading><MeshHeading><DescriptorName UI="D009850" MajorTopicYN="N" Type="Geographic">Oman</DescriptorName><QualifierName UI="Q000453" MajorTopicYN="N">epidemiology</QualifierName></MeshHeading><MeshHeading><DescriptorName UI="D015995" MajorTopicYN="N">Prevalence</DescriptorName></MeshHeading><MeshHeading><DescriptorName UI="D011446" MajorTopicYN="N">Prospective Studies</DescriptorName></MeshHeading></MeshHeadingList></MedlineCitation><PubmedData><History><PubMedPubDate PubStatus="pubmed"><Year>1999</Year><Month>4</Month><Day>22</Day><Hour>2</Hour><Minute>5</Minute></PubMedPubDate><PubMedPubDate PubStatus="medline"><Year>2000</Year><Month>4</Month><Day>1</Day><Hour>9</Hour><Minute>0</Minute></PubMedPubDate><PubMedPubDate PubStatus="entrez"><Year>1999</Year><Month>4</Month><Day>22</Day><Hour>2</Hour><Minute>5</Minute></PubMedPubDate></History><PublicationStatus>ppublish</PublicationStatus><ArticleIdList><ArticleId IdType="pubmed">10212083</ArticleId><ArticleId IdType="pmc">PMC1720935</ArticleId><ArticleId IdType="doi">10.1136/fn.80.3.f209</ArticleId></ArticleIdList><ReferenceList><Reference><Citation>J Pediatr. 1982 Jun;100(6):926-9</Citation><ArticleIdList><ArticleId IdType="pubmed">7045311</ArticleId></ArticleIdList></Reference><Reference><Citation>Arch Dis Child. 1977 May;52(5):411-3</Citation><ArticleIdList><ArticleId IdType="pubmed">326201</ArticleId></ArticleIdList></Reference><Reference><Citation>Ann Saudi Med. 1991 May;11(3):302-6</Citation><ArticleIdList><ArticleId IdType="pubmed">17588108</ArticleId></ArticleIdList></Reference><Reference><Citation>Arch Dis Child. 1953 Aug;28(140):297-9</Citation><ArticleIdList><ArticleId IdType="pubmed">13081165</ArticleId></ArticleIdList></Reference><Reference><Citation>N Engl J Med. 1990 Oct 25;323(17):1167-72</Citation><ArticleIdList><ArticleId IdType="pubmed">2215594</ArticleId></ArticleIdList></Reference><Reference><Citation>Br Med J. 1973 Nov 3;4(5887):260-2</Citation><ArticleIdList><ArticleId IdType="pubmed">4753237</ArticleId></ArticleIdList></Reference><Reference><Citation>Mol Biol Med. 1990 Aug;7(4):299-309</Citation><ArticleIdList><ArticleId IdType="pubmed">2233244</ArticleId></ArticleIdList></Reference><Reference><Citation>J Pediatr. 1971 Aug;79(2):296-8</Citation><ArticleIdList><ArticleId IdType="pubmed">5560053</ArticleId></ArticleIdList></Reference><Reference><Citation>N Engl J Med. 1981 Jun 11;304(24):1454-65</Citation><ArticleIdList><ArticleId IdType="pubmed">6785646</ArticleId></ArticleIdList></Reference><Reference><Citation>N Engl J Med. 1985 Aug 22;313(8):461-4</Citation><ArticleIdList><ArticleId IdType="pubmed">3894969</ArticleId></ArticleIdList></Reference><Reference><Citation>Acta Paediatr Scand. 1983 Mar;72(2):303-7</Citation><ArticleIdList><ArticleId IdType="pubmed">6340416</ArticleId></ArticleIdList></Reference><Reference><Citation>J Pediatr. 1982 Dec;101(6):955-7</Citation><ArticleIdList><ArticleId IdType="pubmed">6754901</ArticleId></ArticleIdList></Reference><Reference><Citation>Lancet. 1989 May 20;1(8647):1100-3</Citation><ArticleIdList><ArticleId IdType="pubmed">2566050</ArticleId></ArticleIdList></Reference><Reference><Citation>N Engl J Med. 1986 May 22;314(21):1360-8</Citation><ArticleIdList><ArticleId IdType="pubmed">3517648</ArticleId></ArticleIdList></Reference><Reference><Citation>Diabetes. 1988 Mar;37(3):347-50</Citation><ArticleIdList><ArticleId IdType="pubmed">2453387</ArticleId></ArticleIdList></Reference><Reference><Citation>Arch Dis Child Fetal Neonatal Ed. 1997 Jan;76(1):F39-42</Citation><ArticleIdList><ArticleId IdType="pubmed">9059185</ArticleId></ArticleIdList></Reference><Reference><Citation>J Pediatr. 1958 Aug;53(2):227-30</Citation><ArticleIdList><ArticleId IdType="pubmed">13564388</ArticleId></ArticleIdList></Reference><Reference><Citation>Lancet. 1988 Jul 2;2(8601):1-4</Citation><ArticleIdList><ArticleId IdType="pubmed">2898620</ArticleId></ArticleIdList></Reference><Reference><Citation>Br Med J (Clin Res Ed). 1987 Feb 7;294(6568):342-5</Citation><ArticleIdList><ArticleId IdType="pubmed">3101866</ArticleId></ArticleIdList></Reference><Reference><Citation>N Engl J Med. 1995 Sep 14;333(11):704-8</Citation><ArticleIdList><ArticleId IdType="pubmed">7637748</ArticleId></ArticleIdList></Reference></ReferenceList></PubmedData></PubmedArticle></PubmedArticleSet>