<?xml version="1.0" ?>
<!DOCTYPE PubmedArticleSet PUBLIC "-//NLM//DTD PubMedArticle, 1st January 2019//EN" "https://dtd.nlm.nih.gov/ncbi/pubmed/out/pubmed_190101.dtd">
<PubmedArticleSet><PubmedArticle><MedlineCitation Status="MEDLINE" Owner="NLM"><PMID Version="1">10229308</PMID><DateCompleted><Year>1999</Year><Month>06</Month><Day>01</Day></DateCompleted><DateRevised><Year>2022</Year><Month>03</Month><Day>21</Day></DateRevised><Article PubModel="Print"><Journal><ISSN IssnType="Print">0742-3071</ISSN><JournalIssue CitedMedium="Print"><Volume>16</Volume><Issue>2</Issue><PubDate><Year>1999</Year><Month>Feb</Month></PubDate></JournalIssue><Title>Diabetic medicine : a journal of the British Diabetic Association</Title><ISOAbbreviation>Diabet Med</ISOAbbreviation></Journal><ArticleTitle>The effect of gliclazide on plasma insulin, intact and 32/33 split proinsulin in South Asian subjects with Type 2 diabetes mellitus.</ArticleTitle><Pagination><MedlinePgn>142-6</MedlinePgn></Pagination><Abstract><AbstractText Label="AIMS" NlmCategory="OBJECTIVE">Previous studies have shown that in Caucasian subjects with Type 2 diabetes mellitus (DM), the sulphonylurea glibenclamide increased insulin secretion without causing an increase in 32/33 split proinsulin secretion. South Asian subjects with Type 2 DM are thought to be more insulin resistant and the effect of sulphonylureas may be different. We therefore investigated the effect of sulphonylurea therapy with gliclazide on beta-cell function in South Asian subjects with newly diagnosed Type 2 DM.</AbstractText><AbstractText Label="METHODS" NlmCategory="METHODS">Glucose, insulin, and intact and 32/33 split proinsulin were measured at diagnostic oral glucose tolerance test (OGTT). After 8-12 weeks on a conventional diet, subjects with a fasting glucose &gt; 6 mmol/l (n = 16) were commenced on gliclazide.</AbstractText><AbstractText Label="RESULTS" NlmCategory="RESULTS">At diagnosis, those requiring gliclazide were more hyperglycaemic but there was no difference in weight or fasting insulin concentration than in the diet group. Following diet, in the gliclazide group, weight fell (P &lt; 0.04) with no change in fasting glucose concentration. Fasting intact proinsulin, insulin and 32/33 split proinsulin remained unchanged. After gliclazide therapy weight remained unchanged, but fasting glucose fell (P &lt; 0.003). Fasting insulin and intact proinsulin remained unchanged but 32/33 split proinsulin fell (P &lt; 0.05). Fasting insulin to glucose ratio significantly improved after gliclazide (P &lt; 0.006).</AbstractText><AbstractText Label="CONCLUSIONS" NlmCategory="CONCLUSIONS">In South Asian subjects treated with gliclazide the reduction in fasting glucose concentrations appears to be due to an improvement in insulin sensitivity as well as in beta-cell function.</AbstractText></Abstract><AuthorList CompleteYN="Y"><Author ValidYN="Y"><LastName>Ammari</LastName><ForeName>F</ForeName><Initials>F</Initials><AffiliationInfo><Affiliation>Diabetes Care, Leicester General Hospital, UK.</Affiliation></AffiliationInfo></Author><Author ValidYN="Y"><LastName>Davies</LastName><ForeName>M J</ForeName><Initials>MJ</Initials></Author><Author ValidYN="Y"><LastName>Koppiker</LastName><ForeName>N</ForeName><Initials>N</Initials></Author><Author ValidYN="Y"><LastName>Gregory</LastName><ForeName>R</ForeName><Initials>R</Initials></Author><Author ValidYN="Y"><LastName>Burden</LastName><ForeName>A C</ForeName><Initials>AC</Initials></Author></AuthorList><Language>eng</Language><PublicationTypeList><PublicationType UI="D016430">Clinical Trial</PublicationType><PublicationType UI="D018848">Controlled Clinical Trial</PublicationType><PublicationType UI="D016428">Journal Article</PublicationType><PublicationType UI="D013485">Research Support, Non-U.S. Gov't</PublicationType></PublicationTypeList></Article><MedlineJournalInfo><Country>England</Country><MedlineTA>Diabet Med</MedlineTA><NlmUniqueID>8500858</NlmUniqueID><ISSNLinking>0742-3071</ISSNLinking></MedlineJournalInfo><ChemicalList><Chemical><RegistryNumber>0</RegistryNumber><NameOfSubstance UI="D007004">Hypoglycemic Agents</NameOfSubstance></Chemical><Chemical><RegistryNumber>0</RegistryNumber><NameOfSubstance UI="D007328">Insulin</NameOfSubstance></Chemical><Chemical><RegistryNumber>0</RegistryNumber><NameOfSubstance UI="D011498">Protein Precursors</NameOfSubstance></Chemical><Chemical><RegistryNumber>0</RegistryNumber><NameOfSubstance UI="C070703">proinsulin, des(31,32)-</NameOfSubstance></Chemical><Chemical><RegistryNumber>9035-68-1</RegistryNumber><NameOfSubstance UI="D011384">Proinsulin</NameOfSubstance></Chemical><Chemical><RegistryNumber>G4PX8C4HKV</RegistryNumber><NameOfSubstance UI="D005907">Gliclazide</NameOfSubstance></Chemical></ChemicalList><CitationSubset>IM</CitationSubset><MeshHeadingList><MeshHeading><DescriptorName UI="D000328" MajorTopicYN="N">Adult</DescriptorName></MeshHeading><MeshHeading><DescriptorName UI="D000368" MajorTopicYN="N">Aged</DescriptorName></MeshHeading><MeshHeading><DescriptorName UI="D001210" MajorTopicYN="N" Type="Geographic">Asia, Southeastern</DescriptorName><QualifierName UI="Q000208" MajorTopicYN="N">ethnology</QualifierName></MeshHeading><MeshHeading><DescriptorName UI="D003924" MajorTopicYN="N">Diabetes Mellitus, Type 2</DescriptorName><QualifierName UI="Q000097" MajorTopicYN="N">blood</QualifierName><QualifierName UI="Q000188" MajorTopicYN="Y">drug therapy</QualifierName></MeshHeading><MeshHeading><DescriptorName UI="D005260" MajorTopicYN="N">Female</DescriptorName></MeshHeading><MeshHeading><DescriptorName UI="D005907" MajorTopicYN="N">Gliclazide</DescriptorName><QualifierName UI="Q000627" MajorTopicYN="Y">therapeutic use</QualifierName></MeshHeading><MeshHeading><DescriptorName UI="D006801" MajorTopicYN="N">Humans</DescriptorName></MeshHeading><MeshHeading><DescriptorName UI="D007004" MajorTopicYN="N">Hypoglycemic Agents</DescriptorName><QualifierName UI="Q000627" MajorTopicYN="Y">therapeutic use</QualifierName></MeshHeading><MeshHeading><DescriptorName UI="D007328" MajorTopicYN="N">Insulin</DescriptorName><QualifierName UI="Q000378" MajorTopicYN="Y">metabolism</QualifierName></MeshHeading><MeshHeading><DescriptorName UI="D000078790" MajorTopicYN="N">Insulin Secretion</DescriptorName></MeshHeading><MeshHeading><DescriptorName UI="D007515" MajorTopicYN="N">Islets of Langerhans</DescriptorName><QualifierName UI="Q000187" MajorTopicYN="Y">drug effects</QualifierName><QualifierName UI="Q000378" MajorTopicYN="N">metabolism</QualifierName></MeshHeading><MeshHeading><DescriptorName UI="D008297" MajorTopicYN="N">Male</DescriptorName></MeshHeading><MeshHeading><DescriptorName UI="D008875" MajorTopicYN="N">Middle Aged</DescriptorName></MeshHeading><MeshHeading><DescriptorName UI="D011384" MajorTopicYN="N">Proinsulin</DescriptorName><QualifierName UI="Q000378" MajorTopicYN="Y">metabolism</QualifierName></MeshHeading><MeshHeading><DescriptorName UI="D011498" MajorTopicYN="N">Protein Precursors</DescriptorName><QualifierName UI="Q000378" MajorTopicYN="N">metabolism</QualifierName></MeshHeading><MeshHeading><DescriptorName UI="D006113" MajorTopicYN="N" Type="Geographic">United Kingdom</DescriptorName></MeshHeading></MeshHeadingList></MedlineCitation><PubmedData><History><PubMedPubDate PubStatus="pubmed"><Year>1999</Year><Month>5</Month><Day>6</Day></PubMedPubDate><PubMedPubDate PubStatus="medline"><Year>1999</Year><Month>5</Month><Day>6</Day><Hour>0</Hour><Minute>1</Minute></PubMedPubDate><PubMedPubDate PubStatus="entrez"><Year>1999</Year><Month>5</Month><Day>6</Day><Hour>0</Hour><Minute>0</Minute></PubMedPubDate></History><PublicationStatus>ppublish</PublicationStatus><ArticleIdList><ArticleId IdType="pubmed">10229308</ArticleId><ArticleId IdType="doi">10.1046/j.1464-5491.1999.00025.x</ArticleId></ArticleIdList></PubmedData></PubmedArticle></PubmedArticleSet>