<?xml version="1.0" ?>
<!DOCTYPE PubmedArticleSet PUBLIC "-//NLM//DTD PubMedArticle, 1st January 2019//EN" "https://dtd.nlm.nih.gov/ncbi/pubmed/out/pubmed_190101.dtd">
<PubmedArticleSet><PubmedArticle><MedlineCitation Status="MEDLINE" Owner="NLM"><PMID Version="1">10229297</PMID><DateCompleted><Year>1999</Year><Month>06</Month><Day>04</Day></DateCompleted><DateRevised><Year>2019</Year><Month>08</Month><Day>31</Day></DateRevised><Article PubModel="Print"><Journal><ISSN IssnType="Print">0742-3071</ISSN><JournalIssue CitedMedium="Print"><Volume>16</Volume><Issue>1</Issue><PubDate><Year>1999</Year><Month>Jan</Month></PubDate></JournalIssue><Title>Diabetic medicine : a journal of the British Diabetic Association</Title><ISOAbbreviation>Diabet Med</ISOAbbreviation></Journal><ArticleTitle>Antioxidant systems in polymorphonuclear leucocytes of Type 2 diabetes mellitus.</ArticleTitle><Pagination><MedlinePgn>74-8</MedlinePgn></Pagination><Abstract><AbstractText Label="AIMS" NlmCategory="OBJECTIVE">To examine the effect of Type 2 diabetes mellitus (DM) on enzymes of importance for oxygen-dependent killing of microorganisms by leucocytes.</AbstractText><AbstractText Label="METHODS" NlmCategory="METHODS">Twenty patients with Type 2 DM and 20 nondiabetic controls provided blood samples for analysis.</AbstractText><AbstractText Label="RESULTS" NlmCategory="RESULTS">The superoxide dismutase (SOD) activity was lower by 41% in polymorphonuclear leucocytes (PMNL) from patients with Type 2 DM than in controls (3.42+/-0.32 U/mg of protein vs. 5.79+/-0.71 U/mg of protein, P&lt;0.005). Glutathione peroxidase (GSHPx) and glutathione reductase (GR) activities of Type 2 DM patients were 73.04% and 81.12% of control values (0.84+/-0.07 nkat/mg of protein vs. 1.15+/-0.10 nkat/mg of protein, P&lt;0.003, and 2.02+/-0.12 nkat/mg of protein vs. 2.49+/-0.16 nkat/mg of protein, P &lt; 0.023, respectively). The catalase activity showed no significant difference. A significant increase (141.37% of control) in the concentration of thiobarbituric acid reactive products was observed (9.91+/-0.78 miromol/l vs. 7.01+/-0.47 micromol/l, P&lt;0.003). A positive correlation between thiobarbituric acid reactive products and glucose, glycated haemoglobin and fructosamine in the serum of diabetic patients was observed.</AbstractText><AbstractText Label="CONCLUSION" NlmCategory="CONCLUSIONS">These findings may explain some of the mechanisms underlying the increased susceptibility to certain infection in patients with Type 2 DM.</AbstractText></Abstract><AuthorList CompleteYN="Y"><Author ValidYN="Y"><LastName>Muchová</LastName><ForeName>J</ForeName><Initials>J</Initials><AffiliationInfo><Affiliation>Department of Medical Chemistry, Biochemistry and Clinical Biochemistry, Faculty of Medicine, Comenius University, Bratislava, Slovakia.</Affiliation></AffiliationInfo></Author><Author ValidYN="Y"><LastName>Liptáková</LastName><ForeName>A</ForeName><Initials>A</Initials></Author><Author ValidYN="Y"><LastName>Országhová</LastName><ForeName>Z</ForeName><Initials>Z</Initials></Author><Author ValidYN="Y"><LastName>Garaiová</LastName><ForeName>I</ForeName><Initials>I</Initials></Author><Author ValidYN="Y"><LastName>Tison</LastName><ForeName>P</ForeName><Initials>P</Initials></Author><Author ValidYN="Y"><LastName>Cársky</LastName><ForeName>J</ForeName><Initials>J</Initials></Author><Author ValidYN="Y"><LastName>Duracková</LastName><ForeName>Z</ForeName><Initials>Z</Initials></Author></AuthorList><Language>eng</Language><PublicationTypeList><PublicationType UI="D016430">Clinical Trial</PublicationType><PublicationType UI="D018848">Controlled Clinical Trial</PublicationType><PublicationType UI="D016428">Journal Article</PublicationType><PublicationType UI="D013485">Research Support, Non-U.S. Gov't</PublicationType></PublicationTypeList></Article><MedlineJournalInfo><Country>England</Country><MedlineTA>Diabet Med</MedlineTA><NlmUniqueID>8500858</NlmUniqueID><ISSNLinking>0742-3071</ISSNLinking></MedlineJournalInfo><ChemicalList><Chemical><RegistryNumber>0</RegistryNumber><NameOfSubstance UI="D000975">Antioxidants</NameOfSubstance></Chemical><Chemical><RegistryNumber>EC 1.11.1.6</RegistryNumber><NameOfSubstance UI="D002374">Catalase</NameOfSubstance></Chemical><Chemical><RegistryNumber>EC 1.11.1.9</RegistryNumber><NameOfSubstance UI="D005979">Glutathione Peroxidase</NameOfSubstance></Chemical><Chemical><RegistryNumber>EC 1.15.1.1</RegistryNumber><NameOfSubstance UI="D013482">Superoxide Dismutase</NameOfSubstance></Chemical><Chemical><RegistryNumber>EC 1.8.1.7</RegistryNumber><NameOfSubstance UI="D005980">Glutathione Reductase</NameOfSubstance></Chemical></ChemicalList><CitationSubset>IM</CitationSubset><MeshHeadingList><MeshHeading><DescriptorName UI="D000328" MajorTopicYN="N">Adult</DescriptorName></MeshHeading><MeshHeading><DescriptorName UI="D000975" MajorTopicYN="N">Antioxidants</DescriptorName><QualifierName UI="Q000378" MajorTopicYN="Y">metabolism</QualifierName></MeshHeading><MeshHeading><DescriptorName UI="D002374" MajorTopicYN="N">Catalase</DescriptorName><QualifierName UI="Q000097" MajorTopicYN="N">blood</QualifierName></MeshHeading><MeshHeading><DescriptorName UI="D003924" MajorTopicYN="N">Diabetes Mellitus, Type 2</DescriptorName><QualifierName UI="Q000097" MajorTopicYN="N">blood</QualifierName><QualifierName UI="Q000201" MajorTopicYN="Y">enzymology</QualifierName></MeshHeading><MeshHeading><DescriptorName UI="D005260" MajorTopicYN="N">Female</DescriptorName></MeshHeading><MeshHeading><DescriptorName UI="D005979" MajorTopicYN="N">Glutathione Peroxidase</DescriptorName><QualifierName UI="Q000097" MajorTopicYN="N">blood</QualifierName></MeshHeading><MeshHeading><DescriptorName UI="D005980" MajorTopicYN="N">Glutathione Reductase</DescriptorName><QualifierName UI="Q000097" MajorTopicYN="N">blood</QualifierName></MeshHeading><MeshHeading><DescriptorName UI="D006801" MajorTopicYN="N">Humans</DescriptorName></MeshHeading><MeshHeading><DescriptorName UI="D016014" MajorTopicYN="N">Linear Models</DescriptorName></MeshHeading><MeshHeading><DescriptorName UI="D008297" MajorTopicYN="N">Male</DescriptorName></MeshHeading><MeshHeading><DescriptorName UI="D008875" MajorTopicYN="N">Middle Aged</DescriptorName></MeshHeading><MeshHeading><DescriptorName UI="D009504" MajorTopicYN="N">Neutrophils</DescriptorName><QualifierName UI="Q000201" MajorTopicYN="Y">enzymology</QualifierName></MeshHeading><MeshHeading><DescriptorName UI="D013482" MajorTopicYN="N">Superoxide Dismutase</DescriptorName><QualifierName UI="Q000097" MajorTopicYN="N">blood</QualifierName></MeshHeading></MeshHeadingList></MedlineCitation><PubmedData><History><PubMedPubDate PubStatus="pubmed"><Year>1999</Year><Month>5</Month><Day>6</Day></PubMedPubDate><PubMedPubDate PubStatus="medline"><Year>1999</Year><Month>5</Month><Day>6</Day><Hour>0</Hour><Minute>1</Minute></PubMedPubDate><PubMedPubDate PubStatus="entrez"><Year>1999</Year><Month>5</Month><Day>6</Day><Hour>0</Hour><Minute>0</Minute></PubMedPubDate></History><PublicationStatus>ppublish</PublicationStatus><ArticleIdList><ArticleId IdType="pubmed">10229297</ArticleId><ArticleId IdType="doi">10.1046/j.1464-5491.1999.00015.x</ArticleId></ArticleIdList></PubmedData></PubmedArticle></PubmedArticleSet>