<?xml version="1.0" ?>
<!DOCTYPE PubmedArticleSet PUBLIC "-//NLM//DTD PubMedArticle, 1st January 2019//EN" "https://dtd.nlm.nih.gov/ncbi/pubmed/out/pubmed_190101.dtd">
<PubmedArticleSet><PubmedArticle><MedlineCitation Status="MEDLINE" Owner="NLM"><PMID Version="1">10229289</PMID><DateCompleted><Year>1999</Year><Month>06</Month><Day>04</Day></DateCompleted><DateRevised><Year>2019</Year><Month>08</Month><Day>31</Day></DateRevised><Article PubModel="Print"><Journal><ISSN IssnType="Print">0742-3071</ISSN><JournalIssue CitedMedium="Print"><Volume>16</Volume><Issue>1</Issue><PubDate><Year>1999</Year><Month>Jan</Month></PubDate></JournalIssue><Title>Diabetic medicine : a journal of the British Diabetic Association</Title><ISOAbbreviation>Diabet Med</ISOAbbreviation></Journal><ArticleTitle>Longitudinal study on glycaemic control and quality of life in patients with Type 2 diabetes mellitus referred for intensified control.</ArticleTitle><Pagination><MedlinePgn>23-30</MedlinePgn></Pagination><Abstract><AbstractText Label="AIM" NlmCategory="OBJECTIVE">The aim of our study was to describe investigate and association between improved glycaemic control on quality of life (QoL) during 1 year of treatment in a sample of 94 Type 2 diabetic patients referred for insulin therapy to an outpatient department (OPD). Treatment was aimed at achieving acceptable glycaemic control by means of maximizing oral therapy, if necessary switching over to insulin therapy, and information and education provided by a diabetes specialist nurse and dietitian.</AbstractText><AbstractText Label="METHODS" NlmCategory="METHODS">QoL was measured using a disease-specific (Diabetes Health Profile (DHP)) and a generic questionnaire (RAND-36). After 1 year the medical examination and QoL measurements were repeated. The association between 1-year changes in QoL and achievement of good metabolic control (final glycosylated haemoglobin (HbA1c) &lt; or = 8%), switch to insulin therapy, and presence of hyperglycaemic complaints at baseline was analysed after adjustment for appropriate confounders.</AbstractText><AbstractText Label="RESULTS" NlmCategory="RESULTS">After 1 year, mean HbA1c was reduced from 10.4% to 7.8%. Also QoL improved in the total group. Patients who achieved good glycaemic control after 1 year (61%) improved in a similar manner as the others. Patients switched over to insulin (65%) improved in a similar manner as the others, but at the final examination they experienced more problems with social functioning and pain. Patients with hyperglycaemic complaints at baseline (49%) improved more in QoL than those without, especially in physical functioning, vitality and health change, but at the final examination still scored lower on a majority of the DHP and RAND-36 dimensions.</AbstractText><AbstractText Label="CONCLUSION" NlmCategory="CONCLUSIONS">Symptoms of hyperglycaemia predict the strength of an association between improvements of glycaemic control and QoL.</AbstractText></Abstract><AuthorList CompleteYN="Y"><Author ValidYN="Y"><LastName>Goddijn</LastName><ForeName>P P</ForeName><Initials>PP</Initials><AffiliationInfo><Affiliation>Department of Internal Medicine, Hospital de Weezenlanden, Zwolle, The Netherlands.</Affiliation></AffiliationInfo></Author><Author ValidYN="Y"><LastName>Bilo</LastName><ForeName>H J</ForeName><Initials>HJ</Initials></Author><Author ValidYN="Y"><LastName>Feskens</LastName><ForeName>E J</ForeName><Initials>EJ</Initials></Author><Author ValidYN="Y"><LastName>Groeniert</LastName><ForeName>K H</ForeName><Initials>KH</Initials></Author><Author ValidYN="Y"><LastName>van der Zee</LastName><ForeName>K I</ForeName><Initials>KI</Initials></Author><Author ValidYN="Y"><LastName>Meyboom-de Jong</LastName><ForeName>B</ForeName><Initials>B</Initials></Author></AuthorList><Language>eng</Language><PublicationTypeList><PublicationType UI="D016430">Clinical Trial</PublicationType><PublicationType UI="D018848">Controlled Clinical Trial</PublicationType><PublicationType UI="D016428">Journal Article</PublicationType></PublicationTypeList></Article><MedlineJournalInfo><Country>England</Country><MedlineTA>Diabet Med</MedlineTA><NlmUniqueID>8500858</NlmUniqueID><ISSNLinking>0742-3071</ISSNLinking></MedlineJournalInfo><ChemicalList><Chemical><RegistryNumber>0</RegistryNumber><NameOfSubstance UI="D001786">Blood Glucose</NameOfSubstance></Chemical><Chemical><RegistryNumber>0</RegistryNumber><NameOfSubstance UI="D007004">Hypoglycemic Agents</NameOfSubstance></Chemical><Chemical><RegistryNumber>0</RegistryNumber><NameOfSubstance UI="D007328">Insulin</NameOfSubstance></Chemical></ChemicalList><CitationSubset>IM</CitationSubset><MeshHeadingList><MeshHeading><DescriptorName UI="D000328" MajorTopicYN="N">Adult</DescriptorName></MeshHeading><MeshHeading><DescriptorName UI="D000368" MajorTopicYN="N">Aged</DescriptorName></MeshHeading><MeshHeading><DescriptorName UI="D000369" MajorTopicYN="N">Aged, 80 and over</DescriptorName></MeshHeading><MeshHeading><DescriptorName UI="D000553" MajorTopicYN="N">Ambulatory Care</DescriptorName><QualifierName UI="Q000379" MajorTopicYN="N">methods</QualifierName></MeshHeading><MeshHeading><DescriptorName UI="D001786" MajorTopicYN="N">Blood Glucose</DescriptorName><QualifierName UI="Q000378" MajorTopicYN="Y">metabolism</QualifierName></MeshHeading><MeshHeading><DescriptorName UI="D003924" MajorTopicYN="N">Diabetes Mellitus, Type 2</DescriptorName><QualifierName UI="Q000097" MajorTopicYN="N">blood</QualifierName><QualifierName UI="Q000188" MajorTopicYN="Y">drug therapy</QualifierName></MeshHeading><MeshHeading><DescriptorName UI="D005260" MajorTopicYN="N">Female</DescriptorName></MeshHeading><MeshHeading><DescriptorName UI="D006801" MajorTopicYN="N">Humans</DescriptorName></MeshHeading><MeshHeading><DescriptorName UI="D007004" MajorTopicYN="N">Hypoglycemic Agents</DescriptorName><QualifierName UI="Q000627" MajorTopicYN="Y">therapeutic use</QualifierName></MeshHeading><MeshHeading><DescriptorName UI="D007328" MajorTopicYN="N">Insulin</DescriptorName><QualifierName UI="Q000627" MajorTopicYN="Y">therapeutic use</QualifierName></MeshHeading><MeshHeading><DescriptorName UI="D008137" MajorTopicYN="N">Longitudinal Studies</DescriptorName></MeshHeading><MeshHeading><DescriptorName UI="D008297" MajorTopicYN="N">Male</DescriptorName></MeshHeading><MeshHeading><DescriptorName UI="D008875" MajorTopicYN="N">Middle Aged</DescriptorName></MeshHeading><MeshHeading><DescriptorName UI="D011788" MajorTopicYN="Y">Quality of Life</DescriptorName></MeshHeading></MeshHeadingList></MedlineCitation><PubmedData><History><PubMedPubDate PubStatus="pubmed"><Year>1999</Year><Month>5</Month><Day>6</Day></PubMedPubDate><PubMedPubDate PubStatus="medline"><Year>1999</Year><Month>5</Month><Day>6</Day><Hour>0</Hour><Minute>1</Minute></PubMedPubDate><PubMedPubDate PubStatus="entrez"><Year>1999</Year><Month>5</Month><Day>6</Day><Hour>0</Hour><Minute>0</Minute></PubMedPubDate></History><PublicationStatus>ppublish</PublicationStatus><ArticleIdList><ArticleId IdType="pubmed">10229289</ArticleId><ArticleId IdType="doi">10.1046/j.1464-5491.1999.00002.x</ArticleId></ArticleIdList></PubmedData></PubmedArticle></PubmedArticleSet>