<?xml version="1.0" ?>
<!DOCTYPE PubmedArticleSet PUBLIC "-//NLM//DTD PubMedArticle, 1st January 2019//EN" "https://dtd.nlm.nih.gov/ncbi/pubmed/out/pubmed_190101.dtd">
<PubmedArticleSet><PubmedArticle><MedlineCitation Status="MEDLINE" Owner="NLM"><PMID Version="1">10221665</PMID><DateCompleted><Year>1999</Year><Month>06</Month><Day>10</Day></DateCompleted><DateRevised><Year>2019</Year><Month>09</Month><Day>09</Day></DateRevised><Article PubModel="Print"><Journal><ISSN IssnType="Print">0168-8227</ISSN><JournalIssue CitedMedium="Print"><Volume>43</Volume><Issue>2</Issue><PubDate><Year>1999</Year><Month>Feb</Month></PubDate></JournalIssue><Title>Diabetes research and clinical practice</Title><ISOAbbreviation>Diabetes Res Clin Pract</ISOAbbreviation></Journal><ArticleTitle>Systemic levels of cytokines and GAD-specific autoantibodies isotypes in Chinese IDDM patients.</ArticleTitle><Pagination><MedlinePgn>127-35</MedlinePgn></Pagination><Abstract><AbstractText>It is not clear if a Th1/Th2 imbalance in Type 1 diabetes (insulin-dependent diabetes mellitus, IDDM) would lead to a particular antigen-specific IgG subclass dominant as had been shown in the mouse model. In new-onset Type 1 diabetics, an autoantibody response to glutamate decarboxylase (GADab) is frequently observed but the GADab subclass repertoire is not well-established. We determined the systemic levels of representative Th1 and Th2 cytokines and the GADab IgG subclass distribution in 41 Chinese IDDM patients of whom 26 were recently diagnosed (&lt; or = 1 year) and 32 had GADab, to ascertain a likely association of antigen-specific antibody isotype and the Th1/Th2 dichotomy. With high-sensitivity ELISA systems that measure sub-picogram cytokine concentrations, 26 of the 41 patients (63.4%) had at least one of the pro-inflammatory Th1 cytokines (TNF-alpha, IFN-gamma and IL-12) detected. Fewer patients (4/41) had the anti-inflammatory Th2 cytokine IL-4 detected. For IL-10, all subjects had measurable quantities but only three diabetics had levels above the upper limit for healthy subjects (n = 20). Grouped according to the profile of detectable cytokines, there were 24 Th1, 2 Th2 and 2 Th0 patterns. GAD-specific IgG1 antibody was more frequently expressed; 22 of 32 GADab[+] patients. The rank order for the GADab subclasses was IgG1 &gt; 4 &gt; 3 &gt; 2; IgG2 was found in 11 GADab[+] patients. Recent-onset diabetics have a similar ranking of the GAD-specific IgG subclasses. In human Type 1 diabetes, a predominance of GAD-specific IgG1 antibody response is observed together with a dominant Th1 cytokine pattern.</AbstractText></Abstract><AuthorList CompleteYN="Y"><Author ValidYN="Y"><LastName>Ng</LastName><ForeName>W Y</ForeName><Initials>WY</Initials><AffiliationInfo><Affiliation>Department of Medicine, National University of Singapore, Singapore. mdcngwy@nus.edu.sg</Affiliation></AffiliationInfo></Author><Author ValidYN="Y"><LastName>Thai</LastName><ForeName>A C</ForeName><Initials>AC</Initials></Author><Author ValidYN="Y"><LastName>Lui</LastName><ForeName>K F</ForeName><Initials>KF</Initials></Author><Author ValidYN="Y"><LastName>Yeo</LastName><ForeName>P P</ForeName><Initials>PP</Initials></Author><Author ValidYN="Y"><LastName>Cheah</LastName><ForeName>J S</ForeName><Initials>JS</Initials></Author></AuthorList><Language>eng</Language><PublicationTypeList><PublicationType UI="D016428">Journal Article</PublicationType><PublicationType UI="D013485">Research Support, Non-U.S. Gov't</PublicationType></PublicationTypeList></Article><MedlineJournalInfo><Country>Ireland</Country><MedlineTA>Diabetes Res Clin Pract</MedlineTA><NlmUniqueID>8508335</NlmUniqueID><ISSNLinking>0168-8227</ISSNLinking></MedlineJournalInfo><ChemicalList><Chemical><RegistryNumber>0</RegistryNumber><NameOfSubstance UI="D001323">Autoantibodies</NameOfSubstance></Chemical><Chemical><RegistryNumber>0</RegistryNumber><NameOfSubstance UI="D016207">Cytokines</NameOfSubstance></Chemical><Chemical><RegistryNumber>0</RegistryNumber><NameOfSubstance UI="D007074">Immunoglobulin G</NameOfSubstance></Chemical><Chemical><RegistryNumber>0</RegistryNumber><NameOfSubstance UI="D007132">Immunoglobulin Isotypes</NameOfSubstance></Chemical><Chemical><RegistryNumber>0</RegistryNumber><NameOfSubstance UI="D014409">Tumor Necrosis Factor-alpha</NameOfSubstance></Chemical><Chemical><RegistryNumber>130068-27-8</RegistryNumber><NameOfSubstance UI="D016753">Interleukin-10</NameOfSubstance></Chemical><Chemical><RegistryNumber>187348-17-0</RegistryNumber><NameOfSubstance UI="D018664">Interleukin-12</NameOfSubstance></Chemical><Chemical><RegistryNumber>207137-56-2</RegistryNumber><NameOfSubstance UI="D015847">Interleukin-4</NameOfSubstance></Chemical><Chemical><RegistryNumber>82115-62-6</RegistryNumber><NameOfSubstance UI="D007371">Interferon-gamma</NameOfSubstance></Chemical><Chemical><RegistryNumber>EC 4.1.1.15</RegistryNumber><NameOfSubstance UI="D005968">Glutamate Decarboxylase</NameOfSubstance></Chemical></ChemicalList><CitationSubset>IM</CitationSubset><MeshHeadingList><MeshHeading><DescriptorName UI="D000293" MajorTopicYN="N">Adolescent</DescriptorName></MeshHeading><MeshHeading><DescriptorName UI="D000328" MajorTopicYN="N">Adult</DescriptorName></MeshHeading><MeshHeading><DescriptorName UI="D000818" MajorTopicYN="N">Animals</DescriptorName></MeshHeading><MeshHeading><DescriptorName UI="D001323" MajorTopicYN="N">Autoantibodies</DescriptorName><QualifierName UI="Q000097" MajorTopicYN="Y">blood</QualifierName></MeshHeading><MeshHeading><DescriptorName UI="D002681" MajorTopicYN="N" Type="Geographic">China</DescriptorName><QualifierName UI="Q000208" MajorTopicYN="N">ethnology</QualifierName></MeshHeading><MeshHeading><DescriptorName UI="D016207" MajorTopicYN="N">Cytokines</DescriptorName><QualifierName UI="Q000097" MajorTopicYN="Y">blood</QualifierName></MeshHeading><MeshHeading><DescriptorName UI="D003922" MajorTopicYN="N">Diabetes Mellitus, Type 1</DescriptorName><QualifierName UI="Q000097" MajorTopicYN="N">blood</QualifierName><QualifierName UI="Q000276" MajorTopicYN="Y">immunology</QualifierName></MeshHeading><MeshHeading><DescriptorName UI="D005260" MajorTopicYN="N">Female</DescriptorName></MeshHeading><MeshHeading><DescriptorName UI="D005968" MajorTopicYN="N">Glutamate Decarboxylase</DescriptorName><QualifierName UI="Q000276" MajorTopicYN="Y">immunology</QualifierName></MeshHeading><MeshHeading><DescriptorName UI="D006801" MajorTopicYN="N">Humans</DescriptorName></MeshHeading><MeshHeading><DescriptorName UI="D007074" MajorTopicYN="N">Immunoglobulin G</DescriptorName><QualifierName UI="Q000097" MajorTopicYN="N">blood</QualifierName></MeshHeading><MeshHeading><DescriptorName UI="D007132" MajorTopicYN="N">Immunoglobulin Isotypes</DescriptorName><QualifierName UI="Q000097" MajorTopicYN="Y">blood</QualifierName></MeshHeading><MeshHeading><DescriptorName UI="D007371" MajorTopicYN="N">Interferon-gamma</DescriptorName><QualifierName UI="Q000097" MajorTopicYN="N">blood</QualifierName></MeshHeading><MeshHeading><DescriptorName UI="D016753" MajorTopicYN="N">Interleukin-10</DescriptorName><QualifierName UI="Q000097" MajorTopicYN="N">blood</QualifierName></MeshHeading><MeshHeading><DescriptorName UI="D018664" MajorTopicYN="N">Interleukin-12</DescriptorName><QualifierName UI="Q000097" MajorTopicYN="N">blood</QualifierName></MeshHeading><MeshHeading><DescriptorName UI="D015847" MajorTopicYN="N">Interleukin-4</DescriptorName><QualifierName UI="Q000097" MajorTopicYN="N">blood</QualifierName></MeshHeading><MeshHeading><DescriptorName UI="D008297" MajorTopicYN="N">Male</DescriptorName></MeshHeading><MeshHeading><DescriptorName UI="D051379" MajorTopicYN="N">Mice</DescriptorName></MeshHeading><MeshHeading><DescriptorName UI="D012044" MajorTopicYN="N">Regression Analysis</DescriptorName></MeshHeading><MeshHeading><DescriptorName UI="D012846" MajorTopicYN="N" Type="Geographic">Singapore</DescriptorName></MeshHeading><MeshHeading><DescriptorName UI="D018417" MajorTopicYN="N">Th1 Cells</DescriptorName><QualifierName UI="Q000276" MajorTopicYN="N">immunology</QualifierName></MeshHeading><MeshHeading><DescriptorName UI="D018418" MajorTopicYN="N">Th2 Cells</DescriptorName><QualifierName UI="Q000276" MajorTopicYN="N">immunology</QualifierName></MeshHeading><MeshHeading><DescriptorName UI="D014409" MajorTopicYN="N">Tumor Necrosis Factor-alpha</DescriptorName><QualifierName UI="Q000032" MajorTopicYN="N">analysis</QualifierName></MeshHeading></MeshHeadingList></MedlineCitation><PubmedData><History><PubMedPubDate PubStatus="pubmed"><Year>1999</Year><Month>4</Month><Day>30</Day></PubMedPubDate><PubMedPubDate PubStatus="medline"><Year>1999</Year><Month>4</Month><Day>30</Day><Hour>0</Hour><Minute>1</Minute></PubMedPubDate><PubMedPubDate PubStatus="entrez"><Year>1999</Year><Month>4</Month><Day>30</Day><Hour>0</Hour><Minute>0</Minute></PubMedPubDate></History><PublicationStatus>ppublish</PublicationStatus><ArticleIdList><ArticleId IdType="pubmed">10221665</ArticleId><ArticleId IdType="pii">S0168-8227(98)00130-2</ArticleId><ArticleId IdType="doi">10.1016/s0168-8227(98)00130-2</ArticleId></ArticleIdList></PubmedData></PubmedArticle></PubmedArticleSet>