<?xml version="1.0" ?>
<!DOCTYPE PubmedArticleSet PUBLIC "-//NLM//DTD PubMedArticle, 1st January 2019//EN" "https://dtd.nlm.nih.gov/ncbi/pubmed/out/pubmed_190101.dtd">
<PubmedArticleSet><PubmedArticle><MedlineCitation Status="MEDLINE" Owner="NLM"><PMID Version="1">10229302</PMID><DateCompleted><Year>1999</Year><Month>06</Month><Day>01</Day></DateCompleted><DateRevised><Year>2022</Year><Month>04</Month><Day>09</Day></DateRevised><Article PubModel="Print"><Journal><ISSN IssnType="Print">0742-3071</ISSN><JournalIssue CitedMedium="Print"><Volume>16</Volume><Issue>2</Issue><PubDate><Year>1999</Year><Month>Feb</Month></PubDate></JournalIssue><Title>Diabetic medicine : a journal of the British Diabetic Association</Title><ISOAbbreviation>Diabet Med</ISOAbbreviation></Journal><ArticleTitle>Type 2 diabetes mellitus, cognitive impairment and dementia.</ArticleTitle><Pagination><MedlinePgn>93-112</MedlinePgn></Pagination><Abstract><AbstractText Label="AIMS" NlmCategory="OBJECTIVE">We set out to examine the evidence for an association between cognitive impairment or dementia and the presence of Type 2 diabetes mellitus (DM). We also sought evidence of potential mechanisms for such an association.</AbstractText><AbstractText Label="METHODS" NlmCategory="METHODS">A literature search of three databases was performed and the reference lists of the papers so identified were examined, using English language papers only.</AbstractText><AbstractText Label="RESULTS" NlmCategory="RESULTS">We found evidence of cross-sectional and prospective associations between Type 2 DM and cognitive impairment, probably both for memory and executive function. There is also evidence for an elevated risk of both vascular dementia and Alzheimer's disease in Type 2 DM albeit with strong interaction of other factors such as hypertension, dyslipidaemia and apolipoprotein E phenotype. Both vascular and non-vascular factors are likely to play a role in dementia in diabetes.</AbstractText><AbstractText Label="CONCLUSIONS" NlmCategory="CONCLUSIONS">Current classification structures for dementia may not be adequate in diabetes, where mixed pathogenesis is likely. Further research into the mechanisms of cognitive impairment in Type 2 DM may allow us to challenge the concept of dementia, at least in these patients, as an irremediable disease.</AbstractText></Abstract><AuthorList CompleteYN="Y"><Author ValidYN="Y"><LastName>Stewart</LastName><ForeName>R</ForeName><Initials>R</Initials><AffiliationInfo><Affiliation>Section of Old Age Psychiatry, Institute of Psychiatry, London, UK.</Affiliation></AffiliationInfo></Author><Author ValidYN="Y"><LastName>Liolitsa</LastName><ForeName>D</ForeName><Initials>D</Initials></Author></AuthorList><Language>eng</Language><GrantList CompleteYN="Y"><Grant><Agency>Wellcome Trust</Agency><Country>United Kingdom</Country></Grant></GrantList><PublicationTypeList><PublicationType UI="D016430">Clinical Trial</PublicationType><PublicationType UI="D016428">Journal Article</PublicationType><PublicationType UI="D013485">Research Support, Non-U.S. Gov't</PublicationType><PublicationType UI="D016454">Review</PublicationType></PublicationTypeList></Article><MedlineJournalInfo><Country>England</Country><MedlineTA>Diabet Med</MedlineTA><NlmUniqueID>8500858</NlmUniqueID><ISSNLinking>0742-3071</ISSNLinking></MedlineJournalInfo><CitationSubset>IM</CitationSubset><MeshHeadingList><MeshHeading><DescriptorName UI="D016022" MajorTopicYN="N">Case-Control Studies</DescriptorName></MeshHeading><MeshHeading><DescriptorName UI="D003072" MajorTopicYN="N">Cognition Disorders</DescriptorName><QualifierName UI="Q000209" MajorTopicYN="Y">etiology</QualifierName></MeshHeading><MeshHeading><DescriptorName UI="D003430" MajorTopicYN="N">Cross-Sectional Studies</DescriptorName></MeshHeading><MeshHeading><DescriptorName UI="D003704" MajorTopicYN="N">Dementia</DescriptorName><QualifierName UI="Q000209" MajorTopicYN="Y">etiology</QualifierName></MeshHeading><MeshHeading><DescriptorName UI="D003924" MajorTopicYN="N">Diabetes Mellitus, Type 2</DescriptorName><QualifierName UI="Q000523" MajorTopicYN="Y">psychology</QualifierName></MeshHeading><MeshHeading><DescriptorName UI="D006801" MajorTopicYN="N">Humans</DescriptorName></MeshHeading><MeshHeading><DescriptorName UI="D011159" MajorTopicYN="N">Population Surveillance</DescriptorName></MeshHeading><MeshHeading><DescriptorName UI="D011446" MajorTopicYN="N">Prospective Studies</DescriptorName></MeshHeading><MeshHeading><DescriptorName UI="D012307" MajorTopicYN="N">Risk Factors</DescriptorName></MeshHeading></MeshHeadingList><NumberOfReferences>145</NumberOfReferences></MedlineCitation><PubmedData><History><PubMedPubDate PubStatus="pubmed"><Year>1999</Year><Month>5</Month><Day>6</Day></PubMedPubDate><PubMedPubDate PubStatus="medline"><Year>1999</Year><Month>5</Month><Day>6</Day><Hour>0</Hour><Minute>1</Minute></PubMedPubDate><PubMedPubDate PubStatus="entrez"><Year>1999</Year><Month>5</Month><Day>6</Day><Hour>0</Hour><Minute>0</Minute></PubMedPubDate></History><PublicationStatus>ppublish</PublicationStatus><ArticleIdList><ArticleId IdType="pubmed">10229302</ArticleId><ArticleId IdType="doi">10.1046/j.1464-5491.1999.00027.x</ArticleId></ArticleIdList></PubmedData></PubmedArticle></PubmedArticleSet>