<?xml version="1.0" ?>
<!DOCTYPE PubmedArticleSet PUBLIC "-//NLM//DTD PubMedArticle, 1st January 2019//EN" "https://dtd.nlm.nih.gov/ncbi/pubmed/out/pubmed_190101.dtd">
<PubmedArticleSet><PubmedArticle><MedlineCitation Status="MEDLINE" Owner="NLM"><PMID Version="1">10227563</PMID><DateCompleted><Year>1999</Year><Month>06</Month><Day>01</Day></DateCompleted><DateRevised><Year>2019</Year><Month>08</Month><Day>31</Day></DateRevised><Article PubModel="Print"><Journal><ISSN IssnType="Print">0742-3071</ISSN><JournalIssue CitedMedium="Print"><Volume>16</Volume><Issue>3</Issue><PubDate><Year>1999</Year><Month>Mar</Month></PubDate></JournalIssue><Title>Diabetic medicine : a journal of the British Diabetic Association</Title><ISOAbbreviation>Diabet Med</ISOAbbreviation></Journal><ArticleTitle>Identification of new mutations in the hepatocyte nuclear factor 4alpha gene among families with early onset Type 2 diabetes mellitus.</ArticleTitle><Pagination><MedlinePgn>193-200</MedlinePgn></Pagination><Abstract><AbstractText Label="AIMS" NlmCategory="OBJECTIVE">Mutations in hepatocyte nuclear factor (HNF)-4alpha gene located on chromosome 20q have been found to be responsible for the development of early onset Type 2 diabetes mellitus (DM). Through a national campaign, 53 families with autosomal dominant, early onset Type 2 DM (n=654) were assembled to determine the frequency of mutations in the HNF-4alpha gene and their contribution to the development of diabetes.</AbstractText><AbstractText Label="METHODS" NlmCategory="METHODS">Twelve exons and the promoter region of the HNF-4alpha gene were screened in probands of the families by a double gradient, denaturing gradient gel electrophoresis (DG-DGGE) protocol combined with automated bi-directional sequencing of the PCR products of all heterozygous individuals.</AbstractText><AbstractText Label="RESULTS" NlmCategory="RESULTS">We detected two new mutations in the HNF-4alpha gene that changed the amino-acid sequence. The first mutation was a Gly--&gt;Ser substitution in codon 115 within a highly conserved DNA binding domain, and all six carriers of this mutation had diabetes and low insulin secretion. The second mutation was an Ile--&gt;Val substitution in codon 454 within the transactivation domain. It was carried by four family members, two of whom also carried a mutation in the HNF-1alpha gene. Of those having only the mutation in HNF-4alpha one had diabetes and the other had normal glucose tolerance and both were obese and hyperinsulinaemic. Thus, it is uncertain that this mutation is responsible for any of the diabetes in this family.</AbstractText><AbstractText Label="CONCLUSION" NlmCategory="CONCLUSIONS">We have found that mutations in the HNF-4alpha gene account for a small proportion, about 2-4%, of families with early onset, autosomal dominant, Type 2 DM in US Caucasians.</AbstractText></Abstract><AuthorList CompleteYN="Y"><Author ValidYN="Y"><LastName>Malecki</LastName><ForeName>M T</ForeName><Initials>MT</Initials><AffiliationInfo><Affiliation>Research Division, Joslin Diabetes Center, Boston, Massachusetts 02215-5397, USA.</Affiliation></AffiliationInfo></Author><Author ValidYN="Y"><LastName>Yang</LastName><ForeName>Y</ForeName><Initials>Y</Initials></Author><Author ValidYN="Y"><LastName>Antonellis</LastName><ForeName>A</ForeName><Initials>A</Initials></Author><Author ValidYN="Y"><LastName>Curtis</LastName><ForeName>S</ForeName><Initials>S</Initials></Author><Author ValidYN="Y"><LastName>Warram</LastName><ForeName>J H</ForeName><Initials>JH</Initials></Author><Author ValidYN="Y"><LastName>Krolewski</LastName><ForeName>A S</ForeName><Initials>AS</Initials></Author></AuthorList><Language>eng</Language><GrantList CompleteYN="Y"><Grant><GrantID>DK-36836</GrantID><Acronym>DK</Acronym><Agency>NIDDK NIH HHS</Agency><Country>United States</Country></Grant><Grant><GrantID>DK-47475</GrantID><Acronym>DK</Acronym><Agency>NIDDK NIH HHS</Agency><Country>United States</Country></Grant></GrantList><PublicationTypeList><PublicationType UI="D016428">Journal Article</PublicationType><PublicationType UI="D013487">Research Support, U.S. Gov't, P.H.S.</PublicationType></PublicationTypeList></Article><MedlineJournalInfo><Country>England</Country><MedlineTA>Diabet Med</MedlineTA><NlmUniqueID>8500858</NlmUniqueID><ISSNLinking>0742-3071</ISSNLinking></MedlineJournalInfo><ChemicalList><Chemical><RegistryNumber>0</RegistryNumber><NameOfSubstance UI="D051778">Basic Helix-Loop-Helix Leucine Zipper Transcription Factors</NameOfSubstance></Chemical><Chemical><RegistryNumber>0</RegistryNumber><NameOfSubstance UI="D004268">DNA-Binding Proteins</NameOfSubstance></Chemical><Chemical><RegistryNumber>0</RegistryNumber><NameOfSubstance UI="C496592">HNF4A protein, human</NameOfSubstance></Chemical><Chemical><RegistryNumber>0</RegistryNumber><NameOfSubstance UI="D051557">Hepatocyte Nuclear Factor 4</NameOfSubstance></Chemical><Chemical><RegistryNumber>0</RegistryNumber><NameOfSubstance UI="C403128">MLX protein, human</NameOfSubstance></Chemical><Chemical><RegistryNumber>0</RegistryNumber><NameOfSubstance UI="D010750">Phosphoproteins</NameOfSubstance></Chemical><Chemical><RegistryNumber>0</RegistryNumber><NameOfSubstance UI="D018160">Receptors, Cytoplasmic and Nuclear</NameOfSubstance></Chemical><Chemical><RegistryNumber>0</RegistryNumber><NameOfSubstance UI="D014157">Transcription Factors</NameOfSubstance></Chemical></ChemicalList><CitationSubset>IM</CitationSubset><MeshHeadingList><MeshHeading><DescriptorName UI="D000293" MajorTopicYN="N">Adolescent</DescriptorName></MeshHeading><MeshHeading><DescriptorName UI="D000328" MajorTopicYN="N">Adult</DescriptorName></MeshHeading><MeshHeading><DescriptorName UI="D017668" MajorTopicYN="N">Age of Onset</DescriptorName></MeshHeading><MeshHeading><DescriptorName UI="D051778" MajorTopicYN="N">Basic Helix-Loop-Helix Leucine Zipper Transcription Factors</DescriptorName></MeshHeading><MeshHeading><DescriptorName UI="D004268" MajorTopicYN="Y">DNA-Binding Proteins</DescriptorName></MeshHeading><MeshHeading><DescriptorName UI="D003924" MajorTopicYN="N">Diabetes Mellitus, Type 2</DescriptorName><QualifierName UI="Q000235" MajorTopicYN="Y">genetics</QualifierName></MeshHeading><MeshHeading><DescriptorName UI="D005192" MajorTopicYN="Y">Family Health</DescriptorName></MeshHeading><MeshHeading><DescriptorName UI="D005799" MajorTopicYN="Y">Genes, Dominant</DescriptorName></MeshHeading><MeshHeading><DescriptorName UI="D051557" MajorTopicYN="N">Hepatocyte Nuclear Factor 4</DescriptorName></MeshHeading><MeshHeading><DescriptorName UI="D006801" MajorTopicYN="N">Humans</DescriptorName></MeshHeading><MeshHeading><DescriptorName UI="D009154" MajorTopicYN="N">Mutation</DescriptorName></MeshHeading><MeshHeading><DescriptorName UI="D010375" MajorTopicYN="N">Pedigree</DescriptorName></MeshHeading><MeshHeading><DescriptorName UI="D010750" MajorTopicYN="N">Phosphoproteins</DescriptorName><QualifierName UI="Q000235" MajorTopicYN="Y">genetics</QualifierName></MeshHeading><MeshHeading><DescriptorName UI="D018160" MajorTopicYN="N">Receptors, Cytoplasmic and Nuclear</DescriptorName><QualifierName UI="Q000235" MajorTopicYN="Y">genetics</QualifierName></MeshHeading><MeshHeading><DescriptorName UI="D014157" MajorTopicYN="N">Transcription Factors</DescriptorName><QualifierName UI="Q000235" MajorTopicYN="Y">genetics</QualifierName></MeshHeading></MeshHeadingList></MedlineCitation><PubmedData><History><PubMedPubDate PubStatus="pubmed"><Year>1999</Year><Month>5</Month><Day>5</Day></PubMedPubDate><PubMedPubDate PubStatus="medline"><Year>1999</Year><Month>5</Month><Day>5</Day><Hour>0</Hour><Minute>1</Minute></PubMedPubDate><PubMedPubDate PubStatus="entrez"><Year>1999</Year><Month>5</Month><Day>5</Day><Hour>0</Hour><Minute>0</Minute></PubMedPubDate></History><PublicationStatus>ppublish</PublicationStatus><ArticleIdList><ArticleId IdType="pubmed">10227563</ArticleId><ArticleId IdType="doi">10.1046/j.1464-5491.1999.00073.x</ArticleId></ArticleIdList></PubmedData></PubmedArticle></PubmedArticleSet>