<?xml version="1.0" ?>
<!DOCTYPE PubmedArticleSet PUBLIC "-//NLM//DTD PubMedArticle, 1st January 2019//EN" "https://dtd.nlm.nih.gov/ncbi/pubmed/out/pubmed_190101.dtd">
<PubmedArticleSet><PubmedArticle><MedlineCitation Status="MEDLINE" Owner="NLM"><PMID Version="1">10226887</PMID><DateCompleted><Year>1999</Year><Month>07</Month><Day>14</Day></DateCompleted><DateRevised><Year>2019</Year><Month>09</Month><Day>21</Day></DateRevised><Article PubModel="Print"><Journal><ISSN IssnType="Print">0271-9142</ISSN><JournalIssue CitedMedium="Print"><Volume>19</Volume><Issue>2</Issue><PubDate><Year>1999</Year><Month>Mar</Month></PubDate></JournalIssue><Title>Journal of clinical immunology</Title><ISOAbbreviation>J Clin Immunol</ISOAbbreviation></Journal><ArticleTitle>T-cell response to proinsulin and insulin in type 1 and pretype 1 diabetes.</ArticleTitle><Pagination><MedlinePgn>127-34</MedlinePgn></Pagination><Abstract><AbstractText>Insulin-dependent diabetes mellitus (IDDM) results from the selective destruction of pancreatic beta cells by a T cell-mediated autoimmune process. Insulin and proinsulin are the only known beta cell-specific autoantigens. Using short-term cultures of freshly isolated peripheral blood mononuclear cells, we evaluated T-cell responses to proinsulin and to insulin in IDDM patients and individuals at risk for IDDM. A proliferative T-cell response to proinsulin was observed in only 2 of 26 recent-onset IDDM subjects and 2 of 12 long-standing IDDM subjects and was associated with a proliferative response to insulin. In contrast, 5 of 13 islet cell autoantibody-positive first-degree relatives of IDDM patients showed a proliferative response to proinsulin alone, 3 of 13 to insulin alone, and 1 of 13 to both insulin and proinsulin. Overall, 9 of 13 ICA-positive first-degree relatives responded to either proinsulin or insulin. We observed an inverse relationship between antiinsulin antibodies and T-cell responses to insulin in ICA-positive first-degree relatives but not in long-standing IDDM patients. Our data indicate that proinsulin is a major antigen in IDDM and, further, illustrate the difference between the autoimmune response to insulin and the immune response to exogenous insulin.</AbstractText></Abstract><AuthorList CompleteYN="Y"><Author ValidYN="Y"><LastName>Dubois-LaForgue</LastName><ForeName>D</ForeName><Initials>D</Initials><AffiliationInfo><Affiliation>INSERM U342, Hôpital Saint-Vincent de Paul, Paris, France.</Affiliation></AffiliationInfo></Author><Author ValidYN="Y"><LastName>Carel</LastName><ForeName>J C</ForeName><Initials>JC</Initials></Author><Author ValidYN="Y"><LastName>Bougnères</LastName><ForeName>P F</ForeName><Initials>PF</Initials></Author><Author ValidYN="Y"><LastName>Guillet</LastName><ForeName>J G</ForeName><Initials>JG</Initials></Author><Author ValidYN="Y"><LastName>Boitard</LastName><ForeName>C</ForeName><Initials>C</Initials></Author></AuthorList><Language>eng</Language><PublicationTypeList><PublicationType UI="D016428">Journal Article</PublicationType><PublicationType UI="D013485">Research Support, Non-U.S. Gov't</PublicationType></PublicationTypeList></Article><MedlineJournalInfo><Country>Netherlands</Country><MedlineTA>J Clin Immunol</MedlineTA><NlmUniqueID>8102137</NlmUniqueID><ISSNLinking>0271-9142</ISSNLinking></MedlineJournalInfo><ChemicalList><Chemical><RegistryNumber>0</RegistryNumber><NameOfSubstance UI="D001323">Autoantibodies</NameOfSubstance></Chemical><Chemical><RegistryNumber>0</RegistryNumber><NameOfSubstance UI="D006684">HLA-DR Antigens</NameOfSubstance></Chemical><Chemical><RegistryNumber>0</RegistryNumber><NameOfSubstance UI="D007328">Insulin</NameOfSubstance></Chemical><Chemical><RegistryNumber>9035-68-1</RegistryNumber><NameOfSubstance UI="D011384">Proinsulin</NameOfSubstance></Chemical></ChemicalList><CitationSubset>IM</CitationSubset><MeshHeadingList><MeshHeading><DescriptorName UI="D000293" MajorTopicYN="N">Adolescent</DescriptorName></MeshHeading><MeshHeading><DescriptorName UI="D000328" MajorTopicYN="N">Adult</DescriptorName></MeshHeading><MeshHeading><DescriptorName UI="D001323" MajorTopicYN="N">Autoantibodies</DescriptorName><QualifierName UI="Q000097" MajorTopicYN="N">blood</QualifierName></MeshHeading><MeshHeading><DescriptorName UI="D002648" MajorTopicYN="N">Child</DescriptorName></MeshHeading><MeshHeading><DescriptorName UI="D002675" MajorTopicYN="N">Child, Preschool</DescriptorName></MeshHeading><MeshHeading><DescriptorName UI="D003922" MajorTopicYN="N">Diabetes Mellitus, Type 1</DescriptorName><QualifierName UI="Q000276" MajorTopicYN="Y">immunology</QualifierName></MeshHeading><MeshHeading><DescriptorName UI="D006684" MajorTopicYN="N">HLA-DR Antigens</DescriptorName><QualifierName UI="Q000378" MajorTopicYN="N">metabolism</QualifierName></MeshHeading><MeshHeading><DescriptorName UI="D006801" MajorTopicYN="N">Humans</DescriptorName></MeshHeading><MeshHeading><DescriptorName UI="D007328" MajorTopicYN="N">Insulin</DescriptorName><QualifierName UI="Q000276" MajorTopicYN="Y">immunology</QualifierName></MeshHeading><MeshHeading><DescriptorName UI="D008213" MajorTopicYN="N">Lymphocyte Activation</DescriptorName></MeshHeading><MeshHeading><DescriptorName UI="D008875" MajorTopicYN="N">Middle Aged</DescriptorName></MeshHeading><MeshHeading><DescriptorName UI="D011384" MajorTopicYN="N">Proinsulin</DescriptorName><QualifierName UI="Q000276" MajorTopicYN="Y">immunology</QualifierName></MeshHeading><MeshHeading><DescriptorName UI="D013601" MajorTopicYN="N">T-Lymphocytes</DescriptorName><QualifierName UI="Q000276" MajorTopicYN="Y">immunology</QualifierName></MeshHeading></MeshHeadingList></MedlineCitation><PubmedData><History><PubMedPubDate PubStatus="pubmed"><Year>1999</Year><Month>5</Month><Day>5</Day></PubMedPubDate><PubMedPubDate PubStatus="medline"><Year>1999</Year><Month>5</Month><Day>5</Day><Hour>0</Hour><Minute>1</Minute></PubMedPubDate><PubMedPubDate PubStatus="entrez"><Year>1999</Year><Month>5</Month><Day>5</Day><Hour>0</Hour><Minute>0</Minute></PubMedPubDate></History><PublicationStatus>ppublish</PublicationStatus><ArticleIdList><ArticleId IdType="pubmed">10226887</ArticleId><ArticleId IdType="doi">10.1023/a:1020558601175</ArticleId></ArticleIdList><ReferenceList><Reference><Citation>Mol Med. 1995 Sep;1(6):625-33</Citation><ArticleIdList><ArticleId IdType="pubmed">8529129</ArticleId></ArticleIdList></Reference><Reference><Citation>Eur J Immunol. 1995 Apr;25(4):1056-62</Citation><ArticleIdList><ArticleId IdType="pubmed">7537670</ArticleId></ArticleIdList></Reference><Reference><Citation>Cell. 1991 Sep 20;66(6):1145-53</Citation><ArticleIdList><ArticleId IdType="pubmed">1913805</ArticleId></ArticleIdList></Reference><Reference><Citation>Annu Rev Immunol. 1990;8:647-79</Citation><ArticleIdList><ArticleId IdType="pubmed">2188676</ArticleId></ArticleIdList></Reference><Reference><Citation>J Exp Med. 1987 Oct 1;166(4):823-32</Citation><ArticleIdList><ArticleId IdType="pubmed">3309126</ArticleId></ArticleIdList></Reference><Reference><Citation>Diabetes. 1998 Apr;47(4):566-9</Citation><ArticleIdList><ArticleId IdType="pubmed">9568688</ArticleId></ArticleIdList></Reference><Reference><Citation>J Clin Endocrinol Metab. 1997 Feb;82(2):375-80</Citation><ArticleIdList><ArticleId IdType="pubmed">9024221</ArticleId></ArticleIdList></Reference><Reference><Citation>J Clin Invest. 1992 Dec;90(6):2242-50</Citation><ArticleIdList><ArticleId IdType="pubmed">1469084</ArticleId></ArticleIdList></Reference><Reference><Citation>Diabetes. 1989 Oct;38(10):1320-5</Citation><ArticleIdList><ArticleId IdType="pubmed">2676660</ArticleId></ArticleIdList></Reference><Reference><Citation>Science. 1991 Jul 19;253(5017):325-9</Citation><ArticleIdList><ArticleId IdType="pubmed">1857971</ArticleId></ArticleIdList></Reference><Reference><Citation>Lancet. 1990 Jan 20;335(8682):147-9</Citation><ArticleIdList><ArticleId IdType="pubmed">1967440</ArticleId></ArticleIdList></Reference><Reference><Citation>Diabetes. 1988 Aug;37(8):1049-52</Citation><ArticleIdList><ArticleId IdType="pubmed">3292324</ArticleId></ArticleIdList></Reference><Reference><Citation>J Clin Invest. 1995 Feb;95(2):628-34</Citation><ArticleIdList><ArticleId IdType="pubmed">7860747</ArticleId></ArticleIdList></Reference><Reference><Citation>Diabetes. 1993 Jul;42(7):941-7</Citation><ArticleIdList><ArticleId IdType="pubmed">7646584</ArticleId></ArticleIdList></Reference><Reference><Citation>J Immunol. 1991 Jan 15;146(2):438-43</Citation><ArticleIdList><ArticleId IdType="pubmed">1702801</ArticleId></ArticleIdList></Reference><Reference><Citation>Proc Natl Acad Sci U S A. 1996 Jan 23;93(2):956-60</Citation><ArticleIdList><ArticleId IdType="pubmed">8570667</ArticleId></ArticleIdList></Reference><Reference><Citation>Diabetes. 1996 Jul;45(7):926-33</Citation><ArticleIdList><ArticleId IdType="pubmed">8666144</ArticleId></ArticleIdList></Reference><Reference><Citation>J Autoimmun. 1991 Apr;4(2):263-76</Citation><ArticleIdList><ArticleId IdType="pubmed">1679332</ArticleId></ArticleIdList></Reference><Reference><Citation>Diabetes. 1997 Jul;46(7):1124-32</Citation><ArticleIdList><ArticleId IdType="pubmed">9200646</ArticleId></ArticleIdList></Reference><Reference><Citation>J Clin Invest. 1996 Jun 15;97(12):2772-83</Citation><ArticleIdList><ArticleId IdType="pubmed">8675688</ArticleId></ArticleIdList></Reference><Reference><Citation>Lancet. 1993 Apr 10;341(8850):927-8</Citation><ArticleIdList><ArticleId IdType="pubmed">8096268</ArticleId></ArticleIdList></Reference><Reference><Citation>Clin Immunol Immunopathol. 1996 Sep;80(3 Pt 1):225-35</Citation><ArticleIdList><ArticleId IdType="pubmed">8811042</ArticleId></ArticleIdList></Reference><Reference><Citation>Proc Natl Acad Sci U S A. 1991 Nov 15;88(22):10252-6</Citation><ArticleIdList><ArticleId IdType="pubmed">1946445</ArticleId></ArticleIdList></Reference><Reference><Citation>Diabetes. 1988 Jan;37(1):130-2</Citation><ArticleIdList><ArticleId IdType="pubmed">3275554</ArticleId></ArticleIdList></Reference><Reference><Citation>Science. 1984 Mar 30;223(4643):1362-7</Citation><ArticleIdList><ArticleId IdType="pubmed">6367043</ArticleId></ArticleIdList></Reference><Reference><Citation>Am J Med. 1981 Jan;70(1):105-15</Citation><ArticleIdList><ArticleId IdType="pubmed">7006384</ArticleId></ArticleIdList></Reference><Reference><Citation>Diabetes. 1993 Jan;42(1):44-55</Citation><ArticleIdList><ArticleId IdType="pubmed">8093606</ArticleId></ArticleIdList></Reference><Reference><Citation>J Clin Invest. 1996 Jan 15;97(2):551-61</Citation><ArticleIdList><ArticleId IdType="pubmed">8567980</ArticleId></ArticleIdList></Reference><Reference><Citation>J Clin Invest. 1992 Apr;89(4):1161-5</Citation><ArticleIdList><ArticleId IdType="pubmed">1556180</ArticleId></ArticleIdList></Reference><Reference><Citation>J Clin Invest. 1993 Oct;92(4):1608-16</Citation><ArticleIdList><ArticleId IdType="pubmed">8408615</ArticleId></ArticleIdList></Reference><Reference><Citation>Diabetes. 1987 Jan;36(1):66-72</Citation><ArticleIdList><ArticleId IdType="pubmed">2431939</ArticleId></ArticleIdList></Reference><Reference><Citation>Lancet. 1993 May 29;341(8857):1365-9</Citation><ArticleIdList><ArticleId IdType="pubmed">8098789</ArticleId></ArticleIdList></Reference><Reference><Citation>Horm Res. 1996;45 Suppl 1:44-7</Citation><ArticleIdList><ArticleId IdType="pubmed">8805030</ArticleId></ArticleIdList></Reference><Reference><Citation>Diabetes. 1996 Jun;45(6):795-800</Citation><ArticleIdList><ArticleId IdType="pubmed">8635655</ArticleId></ArticleIdList></Reference><Reference><Citation>Nature. 1990 Sep 13;347(6289):151-6</Citation><ArticleIdList><ArticleId IdType="pubmed">1697648</ArticleId></ArticleIdList></Reference><Reference><Citation>Diabetologia. 1998 Feb;41(2):237-40</Citation><ArticleIdList><ArticleId IdType="pubmed">9498660</ArticleId></ArticleIdList></Reference><Reference><Citation>J Immunol. 1993 Feb 1;150(3):782-92</Citation><ArticleIdList><ArticleId IdType="pubmed">7678622</ArticleId></ArticleIdList></Reference><Reference><Citation>J Clin Invest. 1995 Sep;96(3):1506-11</Citation><ArticleIdList><ArticleId IdType="pubmed">7657822</ArticleId></ArticleIdList></Reference><Reference><Citation>Lancet. 1992 Feb 22;339(8791):458-9</Citation><ArticleIdList><ArticleId IdType="pubmed">1346821</ArticleId></ArticleIdList></Reference><Reference><Citation>Diabetologia. 1988 Jul;31(7):451-2</Citation><ArticleIdList><ArticleId IdType="pubmed">3065106</ArticleId></ArticleIdList></Reference><Reference><Citation>Immunol Today. 1995 Jun;16(6):289-94</Citation><ArticleIdList><ArticleId IdType="pubmed">7662098</ArticleId></ArticleIdList></Reference><Reference><Citation>J Clin Invest. 1998 Jan 15;101(2):327-36</Citation><ArticleIdList><ArticleId IdType="pubmed">9435304</ArticleId></ArticleIdList></Reference><Reference><Citation>Science. 1990 Sep 21;249(4975):1433-6</Citation><ArticleIdList><ArticleId IdType="pubmed">2205920</ArticleId></ArticleIdList></Reference><Reference><Citation>Diabetes. 1994 Mar;43(3):459-67</Citation><ArticleIdList><ArticleId IdType="pubmed">8314020</ArticleId></ArticleIdList></Reference><Reference><Citation>J Immunol. 1989 Nov 1;143(9):2814-9</Citation><ArticleIdList><ArticleId IdType="pubmed">2478626</ArticleId></ArticleIdList></Reference><Reference><Citation>Science. 1983 Dec 23;222(4630):1337-9</Citation><ArticleIdList><ArticleId IdType="pubmed">6362005</ArticleId></ArticleIdList></Reference><Reference><Citation>J Autoimmun. 1990 Jun;3(3):321-7</Citation><ArticleIdList><ArticleId IdType="pubmed">2204345</ArticleId></ArticleIdList></Reference><Reference><Citation>Diabetologia. 1997 May;40(5):564-72</Citation><ArticleIdList><ArticleId IdType="pubmed">9165225</ArticleId></ArticleIdList></Reference><Reference><Citation>Diabetes. 1991 Sep;40(9):1128-33</Citation><ArticleIdList><ArticleId IdType="pubmed">1936620</ArticleId></ArticleIdList></Reference><Reference><Citation>Diabetes. 1994 Nov;43(11):1304-10</Citation><ArticleIdList><ArticleId IdType="pubmed">7926304</ArticleId></ArticleIdList></Reference></ReferenceList></PubmedData></PubmedArticle></PubmedArticleSet>