<?xml version="1.0" ?>
<!DOCTYPE PubmedArticleSet PUBLIC "-//NLM//DTD PubMedArticle, 1st January 2019//EN" "https://dtd.nlm.nih.gov/ncbi/pubmed/out/pubmed_190101.dtd">
<PubmedArticleSet><PubmedArticle><MedlineCitation Status="MEDLINE" Owner="NLM"><PMID Version="1">10233747</PMID><DateCompleted><Year>1999</Year><Month>07</Month><Day>30</Day></DateCompleted><DateRevised><Year>2019</Year><Month>05</Month><Day>13</Day></DateRevised><Article PubModel="Print"><Journal><ISSN IssnType="Print">0019-2805</ISSN><JournalIssue CitedMedium="Print"><Volume>96</Volume><Issue>4</Issue><PubDate><Year>1999</Year><Month>Apr</Month></PubDate></JournalIssue><Title>Immunology</Title><ISOAbbreviation>Immunology</ISOAbbreviation></Journal><ArticleTitle>A role for CD45RBlow CD38+ T cells and costimulatory pathways of T-cell activation in protection of non-obese diabetic (NOD) mice from diabetes.</ArticleTitle><Pagination><MedlinePgn>600-5</MedlinePgn></Pagination><Abstract><AbstractText>Non-obese diabetic (NOD) mice spontaneously develop autoimmune insulin-dependent diabetes mellitus (IDDM). Infection of the animals with mycobacteria, or immunization with mycobacteria-containing adjuvant, results in permanent protection of NOD mice from diabetes and we have recently reported that the phenomenon is associated with increased numbers of interferon-gamma-producing T cells, possessing increased cytotoxic activity, and also with augmented numbers of activated immunoglobulin M-positive (IgM+) B cells. Here, we have investigated whether protection of NOD mice from IDDM was associated with changes on costimulatory pathways of T and B cells, namely CD28/CTLA-4-B7 and CD40-CD40 ligand (CD40L) and we also further characterized protective T helper (Th) cells with regards to the expression of the differentiation markers CD45RB and CD38. We report that Th cells involved in diabetes vaccination of NOD mice by mycobacterial infection seem to belong to CD45RBlo CD38+ phenotype. The protective effect of Mycobacterium avium infection is also associated with increased CD40L and CTLA-4- expressing Th cells and with the generation of a CD40- IgG+ B cells. Our data are consistent with induction by mycobacterial infection of regulatory CD45RBlo CD38+ Th cells with the ability to trigger deletion or anergy of peripheral self-reactive lymphocytes, with shutting down of IgG+ B-cell response. They also implicate a role for IgG+ B cells in the autoimmune aggression of the endocrine pancreas of NOD mice.</AbstractText></Abstract><AuthorList CompleteYN="Y"><Author ValidYN="Y"><LastName>Martins</LastName><ForeName>T C</ForeName><Initials>TC</Initials><AffiliationInfo><Affiliation>Institute for Molecular and Cell Biology, Department of Anatomy, Abel Salazar Institute for the Biomedical Sciences, University of Porto, Portugal.</Affiliation></AffiliationInfo></Author><Author ValidYN="Y"><LastName>Aguas</LastName><ForeName>A P</ForeName><Initials>AP</Initials></Author></AuthorList><Language>eng</Language><PublicationTypeList><PublicationType UI="D016428">Journal Article</PublicationType><PublicationType UI="D013485">Research Support, Non-U.S. Gov't</PublicationType></PublicationTypeList></Article><MedlineJournalInfo><Country>England</Country><MedlineTA>Immunology</MedlineTA><NlmUniqueID>0374672</NlmUniqueID><ISSNLinking>0019-2805</ISSNLinking></MedlineJournalInfo><ChemicalList><Chemical><RegistryNumber>0</RegistryNumber><NameOfSubstance UI="D015703">Antigens, CD</NameOfSubstance></Chemical><Chemical><RegistryNumber>0</RegistryNumber><NameOfSubstance UI="D000943">Antigens, Differentiation</NameOfSubstance></Chemical><Chemical><RegistryNumber>0</RegistryNumber><NameOfSubstance UI="D008562">Membrane Glycoproteins</NameOfSubstance></Chemical><Chemical><RegistryNumber>EC 3.1.3.48</RegistryNumber><NameOfSubstance UI="D017493">Leukocyte Common Antigens</NameOfSubstance></Chemical><Chemical><RegistryNumber>EC 3.1.3.48</RegistryNumber><NameOfSubstance UI="D054562">Protein Tyrosine Phosphatase, Non-Receptor Type 1</NameOfSubstance></Chemical><Chemical><RegistryNumber>EC 3.2.2.5</RegistryNumber><NameOfSubstance UI="D036541">ADP-ribosyl Cyclase</NameOfSubstance></Chemical><Chemical><RegistryNumber>EC 3.2.2.5</RegistryNumber><NameOfSubstance UI="C498155">Cd38 protein, mouse</NameOfSubstance></Chemical><Chemical><RegistryNumber>EC 3.2.2.5</RegistryNumber><NameOfSubstance UI="D009244">NAD+ Nucleosidase</NameOfSubstance></Chemical><Chemical><RegistryNumber>EC 3.2.2.6</RegistryNumber><NameOfSubstance UI="D051997">ADP-ribosyl Cyclase 1</NameOfSubstance></Chemical></ChemicalList><CitationSubset>IM</CitationSubset><MeshHeadingList><MeshHeading><DescriptorName UI="D036541" MajorTopicYN="N">ADP-ribosyl Cyclase</DescriptorName></MeshHeading><MeshHeading><DescriptorName UI="D051997" MajorTopicYN="N">ADP-ribosyl Cyclase 1</DescriptorName></MeshHeading><MeshHeading><DescriptorName UI="D000818" MajorTopicYN="N">Animals</DescriptorName></MeshHeading><MeshHeading><DescriptorName UI="D015703" MajorTopicYN="N">Antigens, CD</DescriptorName><QualifierName UI="Q000032" MajorTopicYN="N">analysis</QualifierName></MeshHeading><MeshHeading><DescriptorName UI="D000943" MajorTopicYN="N">Antigens, Differentiation</DescriptorName><QualifierName UI="Q000032" MajorTopicYN="N">analysis</QualifierName></MeshHeading><MeshHeading><DescriptorName UI="D001327" MajorTopicYN="N">Autoimmune Diseases</DescriptorName><QualifierName UI="Q000276" MajorTopicYN="Y">immunology</QualifierName></MeshHeading><MeshHeading><DescriptorName UI="D001402" MajorTopicYN="N">B-Lymphocytes</DescriptorName><QualifierName UI="Q000276" MajorTopicYN="N">immunology</QualifierName></MeshHeading><MeshHeading><DescriptorName UI="D015496" MajorTopicYN="N">CD4-Positive T-Lymphocytes</DescriptorName><QualifierName UI="Q000276" MajorTopicYN="N">immunology</QualifierName></MeshHeading><MeshHeading><DescriptorName UI="D003922" MajorTopicYN="N">Diabetes Mellitus, Type 1</DescriptorName><QualifierName UI="Q000276" MajorTopicYN="Y">immunology</QualifierName></MeshHeading><MeshHeading><DescriptorName UI="D005260" MajorTopicYN="N">Female</DescriptorName></MeshHeading><MeshHeading><DescriptorName UI="D016130" MajorTopicYN="N">Immunophenotyping</DescriptorName></MeshHeading><MeshHeading><DescriptorName UI="D017493" MajorTopicYN="N">Leukocyte Common Antigens</DescriptorName><QualifierName UI="Q000032" MajorTopicYN="N">analysis</QualifierName></MeshHeading><MeshHeading><DescriptorName UI="D008213" MajorTopicYN="N">Lymphocyte Activation</DescriptorName><QualifierName UI="Q000276" MajorTopicYN="Y">immunology</QualifierName></MeshHeading><MeshHeading><DescriptorName UI="D008562" MajorTopicYN="N">Membrane Glycoproteins</DescriptorName></MeshHeading><MeshHeading><DescriptorName UI="D051379" MajorTopicYN="N">Mice</DescriptorName></MeshHeading><MeshHeading><DescriptorName UI="D016688" MajorTopicYN="N">Mice, Inbred NOD</DescriptorName></MeshHeading><MeshHeading><DescriptorName UI="D009162" MajorTopicYN="N">Mycobacterium avium</DescriptorName><QualifierName UI="Q000276" MajorTopicYN="N">immunology</QualifierName></MeshHeading><MeshHeading><DescriptorName UI="D009244" MajorTopicYN="N">NAD+ Nucleosidase</DescriptorName><QualifierName UI="Q000032" MajorTopicYN="N">analysis</QualifierName></MeshHeading><MeshHeading><DescriptorName UI="D054562" MajorTopicYN="N">Protein Tyrosine Phosphatase, Non-Receptor Type 1</DescriptorName></MeshHeading><MeshHeading><DescriptorName UI="D016176" MajorTopicYN="N">T-Lymphocyte Subsets</DescriptorName><QualifierName UI="Q000276" MajorTopicYN="Y">immunology</QualifierName></MeshHeading><MeshHeading><DescriptorName UI="D006377" MajorTopicYN="N">T-Lymphocytes, Helper-Inducer</DescriptorName><QualifierName UI="Q000276" MajorTopicYN="N">immunology</QualifierName></MeshHeading><MeshHeading><DescriptorName UI="D014376" MajorTopicYN="N">Tuberculosis</DescriptorName><QualifierName UI="Q000276" MajorTopicYN="N">immunology</QualifierName></MeshHeading></MeshHeadingList></MedlineCitation><PubmedData><History><PubMedPubDate PubStatus="pubmed"><Year>1999</Year><Month>5</Month><Day>8</Day></PubMedPubDate><PubMedPubDate PubStatus="medline"><Year>1999</Year><Month>5</Month><Day>8</Day><Hour>0</Hour><Minute>1</Minute></PubMedPubDate><PubMedPubDate PubStatus="entrez"><Year>1999</Year><Month>5</Month><Day>8</Day><Hour>0</Hour><Minute>0</Minute></PubMedPubDate></History><PublicationStatus>ppublish</PublicationStatus><ArticleIdList><ArticleId IdType="pubmed">10233747</ArticleId><ArticleId IdType="pii">imm725</ArticleId><ArticleId IdType="pmc">PMC2326776</ArticleId><ArticleId IdType="doi">10.1046/j.1365-2567.1999.00725.x</ArticleId></ArticleIdList><ReferenceList><Reference><Citation>Int Immunol. 1995 Feb;7(2):213-21</Citation><ArticleIdList><ArticleId IdType="pubmed">7734417</ArticleId></ArticleIdList></Reference><Reference><Citation>J Exp Med. 1995 Mar 1;181(3):1145-55</Citation><ArticleIdList><ArticleId IdType="pubmed">7532678</ArticleId></ArticleIdList></Reference><Reference><Citation>Science. 1995 Nov 10;270(5238):932-3</Citation><ArticleIdList><ArticleId IdType="pubmed">7481795</ArticleId></ArticleIdList></Reference><Reference><Citation>Diabetes. 1996 Jan;45(1):71-8</Citation><ArticleIdList><ArticleId IdType="pubmed">8522063</ArticleId></ArticleIdList></Reference><Reference><Citation>Proc Natl Acad Sci U S A. 1996 Mar 19;93(6):2245-52</Citation><ArticleIdList><ArticleId IdType="pubmed">8637857</ArticleId></ArticleIdList></Reference><Reference><Citation>Proc Natl Acad Sci U S A. 1996 Mar 19;93(6):2264-71</Citation><ArticleIdList><ArticleId IdType="pubmed">8637861</ArticleId></ArticleIdList></Reference><Reference><Citation>J Exp Med. 1996 May 1;183(5):2209-18</Citation><ArticleIdList><ArticleId IdType="pubmed">8642330</ArticleId></ArticleIdList></Reference><Reference><Citation>J Exp Med. 1996 Jun 1;183(6):2669-74</Citation><ArticleIdList><ArticleId IdType="pubmed">8676088</ArticleId></ArticleIdList></Reference><Reference><Citation>J Autoimmun. 1996 Jun;9(3):331-9</Citation><ArticleIdList><ArticleId IdType="pubmed">8816968</ArticleId></ArticleIdList></Reference><Reference><Citation>N Engl J Med. 1996 Oct 31;335(18):1369-77</Citation><ArticleIdList><ArticleId IdType="pubmed">8857022</ArticleId></ArticleIdList></Reference><Reference><Citation>J Autoimmun. 1996 Aug;9(4):501-7</Citation><ArticleIdList><ArticleId IdType="pubmed">8864825</ArticleId></ArticleIdList></Reference><Reference><Citation>Immunology. 1996 Sep;89(1):20-5</Citation><ArticleIdList><ArticleId IdType="pubmed">8911135</ArticleId></ArticleIdList></Reference><Reference><Citation>Curr Opin Immunol. 1996 Dec;8(6):815-21</Citation><ArticleIdList><ArticleId IdType="pubmed">8994861</ArticleId></ArticleIdList></Reference><Reference><Citation>Curr Opin Immunol. 1996 Dec;8(6):822-30</Citation><ArticleIdList><ArticleId IdType="pubmed">8994862</ArticleId></ArticleIdList></Reference><Reference><Citation>Infect Immun. 1997 Aug;65(8):3126-31</Citation><ArticleIdList><ArticleId IdType="pubmed">9234764</ArticleId></ArticleIdList></Reference><Reference><Citation>Proc Natl Acad Sci U S A. 1997 Aug 5;94(16):8670-4</Citation><ArticleIdList><ArticleId IdType="pubmed">9238035</ArticleId></ArticleIdList></Reference><Reference><Citation>J Leukoc Biol. 1997 Aug;62(2):156-62</Citation><ArticleIdList><ArticleId IdType="pubmed">9261329</ArticleId></ArticleIdList></Reference><Reference><Citation>J Immunol. 1997 Oct 1;159(7):3156-67</Citation><ArticleIdList><ArticleId IdType="pubmed">9317113</ArticleId></ArticleIdList></Reference><Reference><Citation>Immunity. 1997 Sep;7(3):315-24</Citation><ArticleIdList><ArticleId IdType="pubmed">9324352</ArticleId></ArticleIdList></Reference><Reference><Citation>Nature. 1997 Oct 16;389(6652):737-42</Citation><ArticleIdList><ArticleId IdType="pubmed">9338786</ArticleId></ArticleIdList></Reference><Reference><Citation>Immunity. 1997 Oct;7(4):445-50</Citation><ArticleIdList><ArticleId IdType="pubmed">9354465</ArticleId></ArticleIdList></Reference><Reference><Citation>J Immunol. 1997 Nov 1;159(9):4620-7</Citation><ArticleIdList><ArticleId IdType="pubmed">9379064</ArticleId></ArticleIdList></Reference><Reference><Citation>J Clin Invest. 1997 Nov 1;100(9):2243-53</Citation><ArticleIdList><ArticleId IdType="pubmed">9410902</ArticleId></ArticleIdList></Reference><Reference><Citation>J Exp Med. 1998 Feb 2;187(3):427-32</Citation><ArticleIdList><ArticleId IdType="pubmed">9449722</ArticleId></ArticleIdList></Reference><Reference><Citation>Clin Exp Immunol. 1999 Feb;115(2):248-54</Citation><ArticleIdList><ArticleId IdType="pubmed">9933449</ArticleId></ArticleIdList></Reference><Reference><Citation>Scand J Immunol. 1984 Apr;19(4):315-21</Citation><ArticleIdList><ArticleId IdType="pubmed">6610204</ArticleId></ArticleIdList></Reference><Reference><Citation>Infect Immun. 1990 May;58(5):1461-70</Citation><ArticleIdList><ArticleId IdType="pubmed">2323824</ArticleId></ArticleIdList></Reference><Reference><Citation>J Exp Med. 1990 Jul 1;172(1):239-44</Citation><ArticleIdList><ArticleId IdType="pubmed">2141628</ArticleId></ArticleIdList></Reference><Reference><Citation>Immunology. 1990 Aug;70(4):427-33</Citation><ArticleIdList><ArticleId IdType="pubmed">2144259</ArticleId></ArticleIdList></Reference><Reference><Citation>Annu Rev Immunol. 1993;11:191-212</Citation><ArticleIdList><ArticleId IdType="pubmed">8386518</ArticleId></ArticleIdList></Reference><Reference><Citation>Annu Rev Immunol. 1993;11:331-60</Citation><ArticleIdList><ArticleId IdType="pubmed">8476565</ArticleId></ArticleIdList></Reference><Reference><Citation>Cell. 1994 Jan 28;76(2):275-85</Citation><ArticleIdList><ArticleId IdType="pubmed">7904901</ArticleId></ArticleIdList></Reference><Reference><Citation>Nature. 1994 Feb 3;367(6462):425-8</Citation><ArticleIdList><ArticleId IdType="pubmed">8107800</ArticleId></ArticleIdList></Reference><Reference><Citation>Proc Natl Acad Sci U S A. 1994 May 24;91(11):5138-42</Citation><ArticleIdList><ArticleId IdType="pubmed">7515187</ArticleId></ArticleIdList></Reference><Reference><Citation>Immunol Today. 1994 Sep;15(9):406-11</Citation><ArticleIdList><ArticleId IdType="pubmed">7524518</ArticleId></ArticleIdList></Reference><Reference><Citation>Immunity. 1994 Oct;1(7):553-62</Citation><ArticleIdList><ArticleId IdType="pubmed">7600284</ArticleId></ArticleIdList></Reference></ReferenceList></PubmedData></PubmedArticle></PubmedArticleSet>