<?xml version="1.0" ?>
<!DOCTYPE PubmedArticleSet PUBLIC "-//NLM//DTD PubMedArticle, 1st January 2019//EN" "https://dtd.nlm.nih.gov/ncbi/pubmed/out/pubmed_190101.dtd">
<PubmedArticleSet><PubmedArticle><MedlineCitation Status="MEDLINE" Owner="NLM"><PMID Version="1">10233208</PMID><DateCompleted><Year>1999</Year><Month>06</Month><Day>10</Day></DateCompleted><DateRevised><Year>2018</Year><Month>11</Month><Day>13</Day></DateRevised><Article PubModel="Print"><Journal><ISSN IssnType="Print">0306-5251</ISSN><JournalIssue CitedMedium="Print"><Volume>47</Volume><Issue>4</Issue><PubDate><Year>1999</Year><Month>Apr</Month></PubDate></JournalIssue><Title>British journal of clinical pharmacology</Title><ISOAbbreviation>Br J Clin Pharmacol</ISOAbbreviation></Journal><ArticleTitle>Impaired beta-adrenoceptor mediated venodilation in patients with diabetes mellitus.</ArticleTitle><Pagination><MedlinePgn>427-31</MedlinePgn></Pagination><Abstract><AbstractText Label="AIMS" NlmCategory="OBJECTIVE">We investigated whether venoconstriction by alpha-adrenoceptor stimulation, and venodilation by beta-adrenoceptor stimulation and nitroglycerin are altered in patients with diabetes mellitus (DM).</AbstractText><AbstractText Label="METHODS" NlmCategory="METHODS">Eight male patients with non insulin-dependent DM and eight age-matched control subjects were included. The patients had neither hypertension nor hyperlipidaemia. Noradrenaline (1 to 512 ng min-1 ), isoprenaline (1 to 256 ng min-1 ) and nitroglycerin (0.5 to 128 ng min-1 ) were infused into a dorsal hand vein and its diameter was measured using a linear variable differential transformer.</AbstractText><AbstractText Label="RESULTS" NlmCategory="RESULTS">The venoconstricting response to noradrenaline and the venodilating response to nitroglycerin in DM patients were similar to those in control subjects, while the venodilation by isoprenaline was significantly (P&lt;0.05) smaller in DM patients than in control subjects at the dose of 32 ng min-1 or more [32 ng min-1: 11.5% vs 29.8% (DM vs control subjects), 64 ng min-1: 19.0% vs 40.1%, 128 ng min-1: 25.2% vs 49.0%, 256 ng min-1: 34.3% vs 56.7%].</AbstractText><AbstractText Label="CONCLUSIONS" NlmCategory="CONCLUSIONS">These data suggested that venoconstriction by alpha-adrenoceptor stimulation and venodilation by nitroglycerin are not altered, whereas venodilation by beta-adrenoceptor stimulation might be impaired in patients with DM.</AbstractText></Abstract><AuthorList CompleteYN="Y"><Author ValidYN="Y"><LastName>Harada</LastName><ForeName>K</ForeName><Initials>K</Initials><AffiliationInfo><Affiliation>Department of Clinical Pharmacology, Jichi Medical School, Minamikawachi, Tochigi 329-0498, Japan.</Affiliation></AffiliationInfo></Author><Author ValidYN="Y"><LastName>Ohmori</LastName><ForeName>M</ForeName><Initials>M</Initials></Author><Author ValidYN="Y"><LastName>Kitoh</LastName><ForeName>Y</ForeName><Initials>Y</Initials></Author><Author ValidYN="Y"><LastName>Sugimoto</LastName><ForeName>K</ForeName><Initials>K</Initials></Author><Author ValidYN="Y"><LastName>Fujimura</LastName><ForeName>A</ForeName><Initials>A</Initials></Author></AuthorList><Language>eng</Language><PublicationTypeList><PublicationType UI="D016428">Journal Article</PublicationType><PublicationType UI="D013485">Research Support, Non-U.S. Gov't</PublicationType></PublicationTypeList></Article><MedlineJournalInfo><Country>England</Country><MedlineTA>Br J Clin Pharmacol</MedlineTA><NlmUniqueID>7503323</NlmUniqueID><ISSNLinking>0306-5251</ISSNLinking></MedlineJournalInfo><ChemicalList><Chemical><RegistryNumber>0</RegistryNumber><NameOfSubstance UI="D011943">Receptors, Adrenergic, beta</NameOfSubstance></Chemical><Chemical><RegistryNumber>G59M7S0WS3</RegistryNumber><NameOfSubstance UI="D005996">Nitroglycerin</NameOfSubstance></Chemical><Chemical><RegistryNumber>L628TT009W</RegistryNumber><NameOfSubstance UI="D007545">Isoproterenol</NameOfSubstance></Chemical><Chemical><RegistryNumber>SX6K58TVWC</RegistryNumber><NameOfSubstance UI="D005905">Glyburide</NameOfSubstance></Chemical><Chemical><RegistryNumber>X4W3ENH1CV</RegistryNumber><NameOfSubstance UI="D009638">Norepinephrine</NameOfSubstance></Chemical></ChemicalList><CitationSubset>IM</CitationSubset><MeshHeadingList><MeshHeading><DescriptorName UI="D000328" MajorTopicYN="N">Adult</DescriptorName></MeshHeading><MeshHeading><DescriptorName UI="D000368" MajorTopicYN="N">Aged</DescriptorName></MeshHeading><MeshHeading><DescriptorName UI="D003924" MajorTopicYN="N">Diabetes Mellitus, Type 2</DescriptorName><QualifierName UI="Q000503" MajorTopicYN="Y">physiopathology</QualifierName></MeshHeading><MeshHeading><DescriptorName UI="D005905" MajorTopicYN="N">Glyburide</DescriptorName><QualifierName UI="Q000494" MajorTopicYN="N">pharmacology</QualifierName></MeshHeading><MeshHeading><DescriptorName UI="D006801" MajorTopicYN="N">Humans</DescriptorName></MeshHeading><MeshHeading><DescriptorName UI="D007545" MajorTopicYN="N">Isoproterenol</DescriptorName><QualifierName UI="Q000494" MajorTopicYN="N">pharmacology</QualifierName></MeshHeading><MeshHeading><DescriptorName UI="D008297" MajorTopicYN="N">Male</DescriptorName></MeshHeading><MeshHeading><DescriptorName UI="D008875" MajorTopicYN="N">Middle Aged</DescriptorName></MeshHeading><MeshHeading><DescriptorName UI="D005996" MajorTopicYN="N">Nitroglycerin</DescriptorName><QualifierName UI="Q000494" MajorTopicYN="N">pharmacology</QualifierName></MeshHeading><MeshHeading><DescriptorName UI="D009638" MajorTopicYN="N">Norepinephrine</DescriptorName><QualifierName UI="Q000494" MajorTopicYN="N">pharmacology</QualifierName></MeshHeading><MeshHeading><DescriptorName UI="D011943" MajorTopicYN="N">Receptors, Adrenergic, beta</DescriptorName><QualifierName UI="Q000502" MajorTopicYN="Y">physiology</QualifierName></MeshHeading><MeshHeading><DescriptorName UI="D014661" MajorTopicYN="N">Vasoconstriction</DescriptorName><QualifierName UI="Q000187" MajorTopicYN="N">drug effects</QualifierName></MeshHeading><MeshHeading><DescriptorName UI="D014664" MajorTopicYN="N">Vasodilation</DescriptorName><QualifierName UI="Q000187" MajorTopicYN="Y">drug effects</QualifierName></MeshHeading></MeshHeadingList></MedlineCitation><PubmedData><History><PubMedPubDate PubStatus="pubmed"><Year>1999</Year><Month>5</Month><Day>8</Day></PubMedPubDate><PubMedPubDate PubStatus="medline"><Year>1999</Year><Month>5</Month><Day>8</Day><Hour>0</Hour><Minute>1</Minute></PubMedPubDate><PubMedPubDate PubStatus="entrez"><Year>1999</Year><Month>5</Month><Day>8</Day><Hour>0</Hour><Minute>0</Minute></PubMedPubDate></History><PublicationStatus>ppublish</PublicationStatus><ArticleIdList><ArticleId IdType="pubmed">10233208</ArticleId><ArticleId IdType="pmc">PMC2014230</ArticleId></ArticleIdList><ReferenceList><Reference><Citation>Hypertension. 1997 Oct;30(4):918-21</Citation><ArticleIdList><ArticleId IdType="pubmed">9336393</ArticleId></ArticleIdList></Reference><Reference><Citation>Eur J Clin Invest. 1997 May;27(5):360-5</Citation><ArticleIdList><ArticleId IdType="pubmed">9179541</ArticleId></ArticleIdList></Reference><Reference><Citation>Diabetes Care. 1979 Mar-Apr;2(2):187-95</Citation><ArticleIdList><ArticleId IdType="pubmed">520123</ArticleId></ArticleIdList></Reference><Reference><Citation>Diabetes. 1980 Nov;29(11):882-8</Citation><ArticleIdList><ArticleId IdType="pubmed">7429028</ArticleId></ArticleIdList></Reference><Reference><Citation>Br J Clin Pharmacol. 1981 Mar;11(3):237-43</Citation><ArticleIdList><ArticleId IdType="pubmed">7213525</ArticleId></ArticleIdList></Reference><Reference><Citation>N Engl J Med. 1985 Nov 21;313(21):1315-22</Citation><ArticleIdList><ArticleId IdType="pubmed">2865677</ArticleId></ArticleIdList></Reference><Reference><Citation>J Pharmacol Exp Ther. 1986 Dec;239(3):802-7</Citation><ArticleIdList><ArticleId IdType="pubmed">3025419</ArticleId></ArticleIdList></Reference><Reference><Citation>Clin Pharmacol Ther. 1987 Nov;42(5):521-4</Citation><ArticleIdList><ArticleId IdType="pubmed">3119271</ArticleId></ArticleIdList></Reference><Reference><Citation>J Biol Chem. 1988 Jun 15;263(17):7933-6</Citation><ArticleIdList><ArticleId IdType="pubmed">2453509</ArticleId></ArticleIdList></Reference><Reference><Citation>Lancet. 1989 Feb 25;1(8635):403-6</Citation><ArticleIdList><ArticleId IdType="pubmed">2563787</ArticleId></ArticleIdList></Reference><Reference><Citation>Clin Pharmacol Ther. 1992 Jan;51(1):68-75</Citation><ArticleIdList><ArticleId IdType="pubmed">1732078</ArticleId></ArticleIdList></Reference><Reference><Citation>Clin Sci (Lond). 1992 Feb;82(2):163-8</Citation><ArticleIdList><ArticleId IdType="pubmed">1347259</ArticleId></ArticleIdList></Reference><Reference><Citation>Diabetologia. 1992 Aug;35(8):771-6</Citation><ArticleIdList><ArticleId IdType="pubmed">1511805</ArticleId></ArticleIdList></Reference><Reference><Citation>Br J Pharmacol. 1992 Oct;107(2):393-9</Citation><ArticleIdList><ArticleId IdType="pubmed">1422588</ArticleId></ArticleIdList></Reference><Reference><Citation>Br J Pharmacol. 1992 Nov;107(3):684-90</Citation><ArticleIdList><ArticleId IdType="pubmed">1335334</ArticleId></ArticleIdList></Reference><Reference><Citation>Circulation. 1993 Dec;88(6):2510-6</Citation><ArticleIdList><ArticleId IdType="pubmed">8080489</ArticleId></ArticleIdList></Reference><Reference><Citation>Am J Physiol. 1994 Jan;266(1 Pt 2):H84-92</Citation><ArticleIdList><ArticleId IdType="pubmed">7905717</ArticleId></ArticleIdList></Reference><Reference><Citation>Drugs. 1995 Aug;50(2):263-88</Citation><ArticleIdList><ArticleId IdType="pubmed">8521759</ArticleId></ArticleIdList></Reference><Reference><Citation>Eur J Clin Pharmacol. 1996;50(1-2):37-40</Citation><ArticleIdList><ArticleId IdType="pubmed">8739809</ArticleId></ArticleIdList></Reference><Reference><Citation>J Cardiovasc Pharmacol. 1996 Jun;27(6):884-90</Citation><ArticleIdList><ArticleId IdType="pubmed">8761857</ArticleId></ArticleIdList></Reference><Reference><Citation>J Cardiovasc Pharmacol. 1997 Apr;29(4):515-9</Citation><ArticleIdList><ArticleId IdType="pubmed">9156362</ArticleId></ArticleIdList></Reference><Reference><Citation>Diabetes. 1976 Apr;25(4):268-74</Citation><ArticleIdList><ArticleId IdType="pubmed">773723</ArticleId></ArticleIdList></Reference></ReferenceList></PubmedData></PubmedArticle></PubmedArticleSet>