<?xml version="1.0" ?>
<!DOCTYPE PubmedArticleSet PUBLIC "-//NLM//DTD PubMedArticle, 1st January 2019//EN" "https://dtd.nlm.nih.gov/ncbi/pubmed/out/pubmed_190101.dtd">
<PubmedArticleSet><PubmedArticle><MedlineCitation Status="MEDLINE" Owner="NLM"><PMID Version="1">10230652</PMID><DateCompleted><Year>1999</Year><Month>06</Month><Day>29</Day></DateCompleted><DateRevised><Year>2017</Year><Month>11</Month><Day>16</Day></DateRevised><Article PubModel="Print"><Journal><ISSN IssnType="Print">0012-186X</ISSN><JournalIssue CitedMedium="Print"><Volume>42</Volume><Issue>4</Issue><PubDate><Year>1999</Year><Month>Apr</Month></PubDate></JournalIssue><Title>Diabetologia</Title><ISOAbbreviation>Diabetologia</ISOAbbreviation></Journal><ArticleTitle>A novel inhibitor of advanced glycation end-product formation inhibits mesenteric vascular hypertrophy in experimental diabetes.</ArticleTitle><Pagination><MedlinePgn>472-9</MedlinePgn></Pagination><Abstract><AbstractText Label="AIMS/HYPOTHESIS" NlmCategory="OBJECTIVE">Previous studies in our laboratory have shown that the vascular changes in diabetes include hypertrophy of the mesenteric vasculature and that this process can be attenuated by the inhibition of advanced glycation with aminoguanidine. Since aminoguanidine can also act as an inhibitor of nitric oxide synthase, the effect of a novel inhibitor of advanced glycation end-products, formation that does not inhibit nitric oxide synthase, known as 2,3 diaminophenazine (2,3 DAP) was evaluated.</AbstractText><AbstractText Label="METHODS" NlmCategory="METHODS">Initially, in vitro assessment of the ability of 2,3 diaminophenazine to inhibit formation of advanced glycation products was performed. Subsequently, in vivo studies evaluating 2,3 diaminophenazine and aminoguanidine were carried out. Animals were followed for 3 weeks after induction of diabetes and randomised to no treatment, aminoguanidine or 2,3 diaminophenazine. Mesenteric vessels were weighed and advanced glycation end-products were measured by radioimmunoassay in vessel and kidney homogenates. In addition, these products were assessed in mesenteric vessels by immunohistochemistry.</AbstractText><AbstractText Label="RESULTS" NlmCategory="RESULTS">When compared with control animals, diabetes was associated with an increase in mesenteric vascular weight. Treatment of diabetic rats with aminoguanidine or 2,3 diaminophenazine resulted in attenuation of vascular hypertrophy. Both aminoguanidine and 2,3 diaminophenazine reduced the formation of advanced glycation end-products as measured by radioimmunoassay and as assessed immunohistochemically in these vessels. This reduction was also observed in the kidney.</AbstractText><AbstractText Label="CONCLUSION/INTERPRETATION" NlmCategory="CONCLUSIONS">These data support the concept that the effects of aminoguanidine in reducing diabetes associated vascular hypertrophy are via inhibition of advanced glycation end-products dependent pathways.</AbstractText></Abstract><AuthorList CompleteYN="Y"><Author ValidYN="Y"><LastName>Soulis</LastName><ForeName>T</ForeName><Initials>T</Initials><AffiliationInfo><Affiliation>Department of Medicine, University of Melbourne, Austin and Repatriation Medical Centre, Heidelberg, Vic, Australia.</Affiliation></AffiliationInfo></Author><Author ValidYN="Y"><LastName>Sastra</LastName><ForeName>S</ForeName><Initials>S</Initials></Author><Author ValidYN="Y"><LastName>Thallas</LastName><ForeName>V</ForeName><Initials>V</Initials></Author><Author ValidYN="Y"><LastName>Mortensen</LastName><ForeName>S B</ForeName><Initials>SB</Initials></Author><Author ValidYN="Y"><LastName>Wilken</LastName><ForeName>M</ForeName><Initials>M</Initials></Author><Author ValidYN="Y"><LastName>Clausen</LastName><ForeName>J T</ForeName><Initials>JT</Initials></Author><Author ValidYN="Y"><LastName>Bjerrum</LastName><ForeName>O J</ForeName><Initials>OJ</Initials></Author><Author ValidYN="Y"><LastName>Petersen</LastName><ForeName>H</ForeName><Initials>H</Initials></Author><Author ValidYN="Y"><LastName>Lau</LastName><ForeName>J</ForeName><Initials>J</Initials></Author><Author ValidYN="Y"><LastName>Jerums</LastName><ForeName>G</ForeName><Initials>G</Initials></Author><Author ValidYN="Y"><LastName>Boel</LastName><ForeName>E</ForeName><Initials>E</Initials></Author><Author ValidYN="Y"><LastName>Cooper</LastName><ForeName>M E</ForeName><Initials>ME</Initials></Author></AuthorList><Language>eng</Language><PublicationTypeList><PublicationType UI="D016428">Journal Article</PublicationType></PublicationTypeList></Article><MedlineJournalInfo><Country>Germany</Country><MedlineTA>Diabetologia</MedlineTA><NlmUniqueID>0006777</NlmUniqueID><ISSNLinking>0012-186X</ISSNLinking></MedlineJournalInfo><ChemicalList><Chemical><RegistryNumber>0</RegistryNumber><NameOfSubstance UI="D017127">Glycation End Products, Advanced</NameOfSubstance></Chemical><Chemical><RegistryNumber>0</RegistryNumber><NameOfSubstance UI="D010619">Phenazines</NameOfSubstance></Chemical><Chemical><RegistryNumber>0B20H27U1Y</RegistryNumber><NameOfSubstance UI="C054312">2,3-diaminophenazine</NameOfSubstance></Chemical><Chemical><RegistryNumber>EC 1.14.13.39</RegistryNumber><NameOfSubstance UI="D019001">Nitric Oxide Synthase</NameOfSubstance></Chemical><Chemical><RegistryNumber>EC 1.14.13.39</RegistryNumber><NameOfSubstance UI="D052247">Nitric Oxide Synthase Type II</NameOfSubstance></Chemical><Chemical><RegistryNumber>EC 1.14.13.39</RegistryNumber><NameOfSubstance UI="C496317">Nos2 protein, mouse</NameOfSubstance></Chemical><Chemical><RegistryNumber>EC 1.14.13.39</RegistryNumber><NameOfSubstance UI="C496318">Nos2 protein, rat</NameOfSubstance></Chemical></ChemicalList><CitationSubset>IM</CitationSubset><MeshHeadingList><MeshHeading><DescriptorName UI="D000818" MajorTopicYN="N">Animals</DescriptorName></MeshHeading><MeshHeading><DescriptorName UI="D003921" MajorTopicYN="N">Diabetes Mellitus, Experimental</DescriptorName><QualifierName UI="Q000150" MajorTopicYN="Y">complications</QualifierName><QualifierName UI="Q000378" MajorTopicYN="N">metabolism</QualifierName></MeshHeading><MeshHeading><DescriptorName UI="D003925" MajorTopicYN="N">Diabetic Angiopathies</DescriptorName><QualifierName UI="Q000378" MajorTopicYN="Y">metabolism</QualifierName></MeshHeading><MeshHeading><DescriptorName UI="D004790" MajorTopicYN="N">Enzyme Induction</DescriptorName></MeshHeading><MeshHeading><DescriptorName UI="D017127" MajorTopicYN="N">Glycation End Products, Advanced</DescriptorName><QualifierName UI="Q000378" MajorTopicYN="Y">metabolism</QualifierName></MeshHeading><MeshHeading><DescriptorName UI="D006984" MajorTopicYN="N">Hypertrophy</DescriptorName><QualifierName UI="Q000517" MajorTopicYN="N">prevention &amp; control</QualifierName></MeshHeading><MeshHeading><DescriptorName UI="D008297" MajorTopicYN="N">Male</DescriptorName></MeshHeading><MeshHeading><DescriptorName UI="D008638" MajorTopicYN="N">Mesenteric Arteries</DescriptorName><QualifierName UI="Q000473" MajorTopicYN="N">pathology</QualifierName></MeshHeading><MeshHeading><DescriptorName UI="D008642" MajorTopicYN="N">Mesenteric Veins</DescriptorName><QualifierName UI="Q000473" MajorTopicYN="N">pathology</QualifierName></MeshHeading><MeshHeading><DescriptorName UI="D051379" MajorTopicYN="N">Mice</DescriptorName></MeshHeading><MeshHeading><DescriptorName UI="D019001" MajorTopicYN="N">Nitric Oxide Synthase</DescriptorName><QualifierName UI="Q000096" MajorTopicYN="N">biosynthesis</QualifierName></MeshHeading><MeshHeading><DescriptorName UI="D052247" MajorTopicYN="N">Nitric Oxide Synthase Type II</DescriptorName></MeshHeading><MeshHeading><DescriptorName UI="D010619" MajorTopicYN="N">Phenazines</DescriptorName><QualifierName UI="Q000494" MajorTopicYN="Y">pharmacology</QualifierName></MeshHeading><MeshHeading><DescriptorName UI="D011817" MajorTopicYN="N">Rabbits</DescriptorName></MeshHeading><MeshHeading><DescriptorName UI="D011863" MajorTopicYN="N">Radioimmunoassay</DescriptorName></MeshHeading><MeshHeading><DescriptorName UI="D051381" MajorTopicYN="N">Rats</DescriptorName></MeshHeading><MeshHeading><DescriptorName UI="D017207" MajorTopicYN="N">Rats, Sprague-Dawley</DescriptorName></MeshHeading></MeshHeadingList></MedlineCitation><PubmedData><History><PubMedPubDate PubStatus="pubmed"><Year>1999</Year><Month>5</Month><Day>7</Day></PubMedPubDate><PubMedPubDate PubStatus="medline"><Year>1999</Year><Month>5</Month><Day>7</Day><Hour>0</Hour><Minute>1</Minute></PubMedPubDate><PubMedPubDate PubStatus="entrez"><Year>1999</Year><Month>5</Month><Day>7</Day><Hour>0</Hour><Minute>0</Minute></PubMedPubDate></History><PublicationStatus>ppublish</PublicationStatus><ArticleIdList><ArticleId IdType="pubmed">10230652</ArticleId><ArticleId IdType="doi">10.1007/s001250051181</ArticleId></ArticleIdList></PubmedData></PubmedArticle></PubmedArticleSet>