<?xml version="1.0" ?>
<!DOCTYPE PubmedArticleSet PUBLIC "-//NLM//DTD PubMedArticle, 1st January 2019//EN" "https://dtd.nlm.nih.gov/ncbi/pubmed/out/pubmed_190101.dtd">
<PubmedArticleSet><PubmedArticle><MedlineCitation Status="MEDLINE" Owner="NLM"><PMID Version="1">10232707</PMID><DateCompleted><Year>1999</Year><Month>06</Month><Day>28</Day></DateCompleted><DateRevised><Year>2022</Year><Month>03</Month><Day>31</Day></DateRevised><Article PubModel="Print"><Journal><ISSN IssnType="Print">1056-8727</ISSN><JournalIssue CitedMedium="Print"><Volume>13</Volume><Issue>1</Issue><PubDate><MedlineDate>1999 Jan-Feb</MedlineDate></PubDate></JournalIssue><Title>Journal of diabetes and its complications</Title><ISOAbbreviation>J Diabetes Complications</ISOAbbreviation></Journal><ArticleTitle>Neurocognitive functioning in children diagnosed with diabetes before age 10 years.</ArticleTitle><Pagination><MedlinePgn>31-8</MedlinePgn></Pagination><Abstract><AbstractText>Our objective was to determine scores on tests of neurocognitive functioning in children diagnosed with diabetes before age 10 years and to determine the association of age of diagnosis, duration of diabetes, subtle hypoglycemia, severe hypoglycemia, and history of hypoglycemic seizures with these neurocognitive test scores. Fifty-five of 62 eligible patients with a mean age of 7.9 +/- 1.6 years followed in our center were given the Woodcock-Johnson Psychoeducational Battery, Beery Developmental Test of Visual-Motor Integration, Finger Tapping, Grooved Pegboard, and Verbal Selective Reminding tests to evaluate the following domains: memory/attention, visual-perceptual, broad cognitive function, academic achievement, and fine motor speed/coordination. Fifteen age-matched siblings served as controls. Twenty-seven subjects were less than 5 years of age when diagnosed with diabetes, the mean age at diagnosis was 4.5 +/- 2.1 years of age, and mean diabetes duration was 2.6 +/- 2.0 years. Eighteen patients had a history of severe hypoglycemia, eight of whom had hypoglycemic seizures. The mean HbA1c was 7.8 +/- 1.1% for the year prior to testing. Our results showed that the overall mean scores for the extensive neurocognitive battery were within the normal range and were comparable to the scores of the age-matched sibling controls. Age of diagnosis and duration of diabetes did not relate to neurocognitive test results. Mean HbA1c had a negative association with some tests of memory/attention (p &lt; 0.03-0.04) and academic achievement (p &lt; 0.005-0.03), while number of blood glucose levels less than mg/dL had a positive association with memory/attention (p &lt; 0.004-0.04), verbal comprehension (p &lt; 0.03) and academic achievement (p &lt; 0.018-0.05). There was no association of neurocognitive test scores with severe hypoglycemia, but subjects with history of hypoglycemic seizures had a decrease in scores on tests assessing memory skills (p &lt; 0.03) including short term memory and memory for words. These data suggest that overall neurocognitive test scores were within the normal range and comparable to controls. However, specific aspects of neurocognitive functioning may be adversely affected by having had a hypoglycemic seizure, but not by episodes of severe hypoglycemia without seizure. Lower HbA1c and an increase in the number of blood glucose levels less than 70 mg/ dL (subtle hypoglycemia) which were associated with higher scores in some domains of academic achievement and memory suggests that stable glycemia may influence cognitive abilities and/or that successful diabetes management requires cognitive skills. Strategies to diminish the risk of seizures with hypoglycemia should be investigated.</AbstractText></Abstract><AuthorList CompleteYN="Y"><Author ValidYN="Y"><LastName>Kaufman</LastName><ForeName>F R</ForeName><Initials>FR</Initials><AffiliationInfo><Affiliation>Department of Pediatrics, USC School of Medicine, Childrens Hospital Los Angeles, California, USA.</Affiliation></AffiliationInfo></Author><Author ValidYN="Y"><LastName>Epport</LastName><ForeName>K</ForeName><Initials>K</Initials></Author><Author ValidYN="Y"><LastName>Engilman</LastName><ForeName>R</ForeName><Initials>R</Initials></Author><Author ValidYN="Y"><LastName>Halvorson</LastName><ForeName>M</ForeName><Initials>M</Initials></Author></AuthorList><Language>eng</Language><GrantList CompleteYN="Y"><Grant><GrantID>MO1 RR-43</GrantID><Acronym>RR</Acronym><Agency>NCRR NIH HHS</Agency><Country>United States</Country></Grant></GrantList><PublicationTypeList><PublicationType UI="D016428">Journal Article</PublicationType><PublicationType UI="D013487">Research Support, U.S. Gov't, P.H.S.</PublicationType></PublicationTypeList></Article><MedlineJournalInfo><Country>United States</Country><MedlineTA>J Diabetes Complications</MedlineTA><NlmUniqueID>9204583</NlmUniqueID><ISSNLinking>1056-8727</ISSNLinking></MedlineJournalInfo><ChemicalList><Chemical><RegistryNumber>0</RegistryNumber><NameOfSubstance UI="D006442">Glycated Hemoglobin A</NameOfSubstance></Chemical></ChemicalList><CitationSubset>IM</CitationSubset><MeshHeadingList><MeshHeading><DescriptorName UI="D017668" MajorTopicYN="N">Age of Onset</DescriptorName></MeshHeading><MeshHeading><DescriptorName UI="D001288" MajorTopicYN="N">Attention</DescriptorName></MeshHeading><MeshHeading><DescriptorName UI="D002657" MajorTopicYN="N">Child Development</DescriptorName></MeshHeading><MeshHeading><DescriptorName UI="D002675" MajorTopicYN="N">Child, Preschool</DescriptorName></MeshHeading><MeshHeading><DescriptorName UI="D003071" MajorTopicYN="Y">Cognition</DescriptorName></MeshHeading><MeshHeading><DescriptorName UI="D003922" MajorTopicYN="N">Diabetes Mellitus, Type 1</DescriptorName><QualifierName UI="Q000097" MajorTopicYN="N">blood</QualifierName><QualifierName UI="Q000503" MajorTopicYN="Y">physiopathology</QualifierName><QualifierName UI="Q000523" MajorTopicYN="Y">psychology</QualifierName></MeshHeading><MeshHeading><DescriptorName UI="D004521" MajorTopicYN="N">Educational Measurement</DescriptorName></MeshHeading><MeshHeading><DescriptorName UI="D005260" MajorTopicYN="N">Female</DescriptorName></MeshHeading><MeshHeading><DescriptorName UI="D006442" MajorTopicYN="N">Glycated Hemoglobin A</DescriptorName><QualifierName UI="Q000032" MajorTopicYN="N">analysis</QualifierName></MeshHeading><MeshHeading><DescriptorName UI="D006801" MajorTopicYN="N">Humans</DescriptorName></MeshHeading><MeshHeading><DescriptorName UI="D007003" MajorTopicYN="N">Hypoglycemia</DescriptorName><QualifierName UI="Q000150" MajorTopicYN="N">complications</QualifierName></MeshHeading><MeshHeading><DescriptorName UI="D007223" MajorTopicYN="N">Infant</DescriptorName></MeshHeading><MeshHeading><DescriptorName UI="D008297" MajorTopicYN="N">Male</DescriptorName></MeshHeading><MeshHeading><DescriptorName UI="D008568" MajorTopicYN="N">Memory</DescriptorName></MeshHeading><MeshHeading><DescriptorName UI="D009679" MajorTopicYN="N">Nuclear Family</DescriptorName></MeshHeading><MeshHeading><DescriptorName UI="D011581" MajorTopicYN="Y">Psychological Tests</DescriptorName></MeshHeading><MeshHeading><DescriptorName UI="D011597" MajorTopicYN="N">Psychomotor Performance</DescriptorName></MeshHeading></MeshHeadingList></MedlineCitation><PubmedData><History><PubMedPubDate PubStatus="pubmed"><Year>1999</Year><Month>5</Month><Day>8</Day></PubMedPubDate><PubMedPubDate PubStatus="medline"><Year>1999</Year><Month>5</Month><Day>8</Day><Hour>0</Hour><Minute>1</Minute></PubMedPubDate><PubMedPubDate PubStatus="entrez"><Year>1999</Year><Month>5</Month><Day>8</Day><Hour>0</Hour><Minute>0</Minute></PubMedPubDate></History><PublicationStatus>ppublish</PublicationStatus><ArticleIdList><ArticleId IdType="pubmed">10232707</ArticleId><ArticleId IdType="pii">S1056-8727(98)00029-4</ArticleId><ArticleId IdType="doi">10.1016/s1056-8727(98)00029-4</ArticleId></ArticleIdList></PubmedData></PubmedArticle></PubmedArticleSet>