<?xml version="1.0" ?>
<!DOCTYPE PubmedArticleSet PUBLIC "-//NLM//DTD PubMedArticle, 1st January 2019//EN" "https://dtd.nlm.nih.gov/ncbi/pubmed/out/pubmed_190101.dtd">
<PubmedArticleSet><PubmedArticle><MedlineCitation Status="MEDLINE" Owner="NLM"><PMID Version="1">10230648</PMID><DateCompleted><Year>1999</Year><Month>06</Month><Day>29</Day></DateCompleted><DateRevised><Year>2019</Year><Month>08</Month><Day>16</Day></DateRevised><Article PubModel="Print"><Journal><ISSN IssnType="Print">0012-186X</ISSN><JournalIssue CitedMedium="Print"><Volume>42</Volume><Issue>4</Issue><PubDate><Year>1999</Year><Month>Apr</Month></PubDate></JournalIssue><Title>Diabetologia</Title><ISOAbbreviation>Diabetologia</ISOAbbreviation></Journal><ArticleTitle>Autoreactive and immunoregulatory T-cell subsets in insulin-dependent diabetes mellitus.</ArticleTitle><Pagination><MedlinePgn>443-9</MedlinePgn></Pagination><Abstract><AbstractText Label="AIMS/HYPOTHESIS" NlmCategory="OBJECTIVE">Type I (insulin-dependent) diabetes mellitus is a T-cell mediated autoimmune disease. Several subsets of T-cells, in particular CD4+ and in vivo activate CD45RA+RO+ T-cells, have been shown to be increased at disease onset. The functional implications of these relative increases in CD4 T-cells were investigated.</AbstractText><AbstractText Label="METHODS" NlmCategory="METHODS">Subsets of T-cells were sorted on the basis of their activation status (CD45RA+ naive cells, CD45RA+RO+ recently activated cells and CD45RO+ memory cells) and stimulated with autoantigens or recall antigen in vitro.</AbstractText><AbstractText Label="RESULTS" NlmCategory="RESULTS">Proliferative responses to tetanus toxoid were primarily or exclusively observed in resting memory T-cells (CD45RO+). Autoimmune T-cell responses were, however, primarily measured in activated T-cells (CD45RA+RO+) in newly diagnosed Type I diabetic patients, whereas those with longer disease duration reacted to autoantigens with memory T-cells (CD45RO+) (p &lt; 0.004). Interestingly, in non-diabetic control subjects not responding to autoantigens in the regular assay, considerable autoreactive T-cell responses were detectable after sorting in the CD45RO+ or CD45RA+RO+ lymphocyte subsets. Remixing these subsets showed that these autoimmune responses in activated cells could be down-modulated by CD45RA+ lymphocytes, whereas resting memory cells appeared unaffected by the suppressive CD45RA subset.</AbstractText><AbstractText Label="CONCLUSION/INTERPRETATION" NlmCategory="CONCLUSIONS">These results show that autoimmune T-cell responses can be linked to particular subsets which differ depending on clinical status. Furthermore, the CD45RA T-cell subset harbours lymphocytes potentially capable of suppressing autoimmune T-cell responses. The changes in responsiveness to exogenous insulin may help to unravel the mechanism by which isohormonal therapy could prevent the onset of Type I diabetes.</AbstractText></Abstract><AuthorList CompleteYN="Y"><Author ValidYN="Y"><LastName>Peterson</LastName><ForeName>L D</ForeName><Initials>LD</Initials><AffiliationInfo><Affiliation>Department of Immunohaematology, University Hospital Leiden, The Netherlands.</Affiliation></AffiliationInfo></Author><Author ValidYN="Y"><LastName>van der Keur</LastName><ForeName>M</ForeName><Initials>M</Initials></Author><Author ValidYN="Y"><LastName>de Vries</LastName><ForeName>R R</ForeName><Initials>RR</Initials></Author><Author ValidYN="Y"><LastName>Roep</LastName><ForeName>B O</ForeName><Initials>BO</Initials></Author></AuthorList><Language>eng</Language><PublicationTypeList><PublicationType UI="D016428">Journal Article</PublicationType><PublicationType UI="D013485">Research Support, Non-U.S. Gov't</PublicationType></PublicationTypeList></Article><MedlineJournalInfo><Country>Germany</Country><MedlineTA>Diabetologia</MedlineTA><NlmUniqueID>0006777</NlmUniqueID><ISSNLinking>0012-186X</ISSNLinking></MedlineJournalInfo><ChemicalList><Chemical><RegistryNumber>0</RegistryNumber><NameOfSubstance UI="D007328">Insulin</NameOfSubstance></Chemical><Chemical><RegistryNumber>EC 3.1.3.48</RegistryNumber><NameOfSubstance UI="D017493">Leukocyte Common Antigens</NameOfSubstance></Chemical><Chemical><RegistryNumber>EC 3.1.3.48</RegistryNumber><NameOfSubstance UI="D054562">Protein Tyrosine Phosphatase, Non-Receptor Type 1</NameOfSubstance></Chemical></ChemicalList><CitationSubset>IM</CitationSubset><MeshHeadingList><MeshHeading><DescriptorName UI="D000293" MajorTopicYN="N">Adolescent</DescriptorName></MeshHeading><MeshHeading><DescriptorName UI="D000818" MajorTopicYN="N">Animals</DescriptorName></MeshHeading><MeshHeading><DescriptorName UI="D002455" MajorTopicYN="N">Cell Division</DescriptorName></MeshHeading><MeshHeading><DescriptorName UI="D002648" MajorTopicYN="N">Child</DescriptorName></MeshHeading><MeshHeading><DescriptorName UI="D002675" MajorTopicYN="N">Child, Preschool</DescriptorName></MeshHeading><MeshHeading><DescriptorName UI="D003922" MajorTopicYN="N">Diabetes Mellitus, Type 1</DescriptorName><QualifierName UI="Q000276" MajorTopicYN="Y">immunology</QualifierName></MeshHeading><MeshHeading><DescriptorName UI="D005260" MajorTopicYN="N">Female</DescriptorName></MeshHeading><MeshHeading><DescriptorName UI="D005434" MajorTopicYN="N">Flow Cytometry</DescriptorName></MeshHeading><MeshHeading><DescriptorName UI="D006801" MajorTopicYN="N">Humans</DescriptorName></MeshHeading><MeshHeading><DescriptorName UI="D007328" MajorTopicYN="N">Insulin</DescriptorName><QualifierName UI="Q000378" MajorTopicYN="N">metabolism</QualifierName></MeshHeading><MeshHeading><DescriptorName UI="D017493" MajorTopicYN="N">Leukocyte Common Antigens</DescriptorName><QualifierName UI="Q000378" MajorTopicYN="N">metabolism</QualifierName></MeshHeading><MeshHeading><DescriptorName UI="D008297" MajorTopicYN="N">Male</DescriptorName></MeshHeading><MeshHeading><DescriptorName UI="D054562" MajorTopicYN="N">Protein Tyrosine Phosphatase, Non-Receptor Type 1</DescriptorName></MeshHeading><MeshHeading><DescriptorName UI="D051381" MajorTopicYN="N">Rats</DescriptorName></MeshHeading><MeshHeading><DescriptorName UI="D016176" MajorTopicYN="N">T-Lymphocyte Subsets</DescriptorName><QualifierName UI="Q000276" MajorTopicYN="Y">immunology</QualifierName></MeshHeading><MeshHeading><DescriptorName UI="D014407" MajorTopicYN="N">Tumor Cells, Cultured</DescriptorName></MeshHeading></MeshHeadingList></MedlineCitation><PubmedData><History><PubMedPubDate PubStatus="pubmed"><Year>1999</Year><Month>5</Month><Day>7</Day></PubMedPubDate><PubMedPubDate PubStatus="medline"><Year>1999</Year><Month>5</Month><Day>7</Day><Hour>0</Hour><Minute>1</Minute></PubMedPubDate><PubMedPubDate PubStatus="entrez"><Year>1999</Year><Month>5</Month><Day>7</Day><Hour>0</Hour><Minute>0</Minute></PubMedPubDate></History><PublicationStatus>ppublish</PublicationStatus><ArticleIdList><ArticleId IdType="pubmed">10230648</ArticleId><ArticleId IdType="doi">10.1007/s001250051177</ArticleId></ArticleIdList></PubmedData></PubmedArticle></PubmedArticleSet>