<?xml version="1.0" ?>
<!DOCTYPE PubmedArticleSet PUBLIC "-//NLM//DTD PubMedArticle, 1st January 2019//EN" "https://dtd.nlm.nih.gov/ncbi/pubmed/out/pubmed_190101.dtd">
<PubmedArticleSet><PubmedArticle><MedlineCitation Status="MEDLINE" Owner="NLM"><PMID Version="1">10230651</PMID><DateCompleted><Year>1999</Year><Month>06</Month><Day>29</Day></DateCompleted><DateRevised><Year>2019</Year><Month>12</Month><Day>10</Day></DateRevised><Article PubModel="Print"><Journal><ISSN IssnType="Print">0012-186X</ISSN><JournalIssue CitedMedium="Print"><Volume>42</Volume><Issue>4</Issue><PubDate><Year>1999</Year><Month>Apr</Month></PubDate></JournalIssue><Title>Diabetologia</Title><ISOAbbreviation>Diabetologia</ISOAbbreviation></Journal><ArticleTitle>The effect of human proinsulin C-peptide on erythrocyte deformability in patients with Type I diabetes mellitus.</ArticleTitle><Pagination><MedlinePgn>465-71</MedlinePgn></Pagination><Abstract><AbstractText Label="AIMS/HYPOTHESIS" NlmCategory="OBJECTIVE">In recent years, evidence has arisen that proinsulin C-peptide exerts biological effects especially on microcirculation, e.g. C-peptide has been shown to increase skin microcirculation in patients with Type I (insulin-dependent) diabetes mellitus and to activate endothelial nitric oxide synthase. This study aimed to investigate the influence of pro-insulin C-peptide on erythrocyte deformability which was assessed by means of laser diffractoscopy.</AbstractText><AbstractText Label="METHODS" NlmCategory="METHODS">Blood samples from healthy control subjects (n = 10) and Type I diabetic patients (n = 15) completely deficient of C-peptide were analysed at shear stresses ranging from 0.3 to 30 Pa.</AbstractText><AbstractText Label="RESULTS" NlmCategory="RESULTS">Erythrocyte deformability was lower in the group of Type I diabetic patients than in the control subjects. Preincubation of the diabetic blood samples with various concentrations of human proinsulin C-peptide for 8 h restored the deformability of erythrocytes, almost reaching the values of control samples. In contrast, proinsulin C-peptide did not modify the erythrocyte deformability of control subjects.</AbstractText><AbstractText Label="CONCLUSION/INTERPRETATION" NlmCategory="CONCLUSIONS">We conclude that proinsulin C-peptide is able to ameliorate the impaired deformability of erythrocytes in Type I diabetic patients and we hypothesise that this effect is mediated by restoration of Na(+)-K(+)-ATPase activity, which is known to be attenuated in diabetic patients.</AbstractText></Abstract><AuthorList CompleteYN="Y"><Author ValidYN="Y"><LastName>Kunt</LastName><ForeName>T</ForeName><Initials>T</Initials><AffiliationInfo><Affiliation>Department of Endocrinology, University of Mainz, Germany.</Affiliation></AffiliationInfo></Author><Author ValidYN="Y"><LastName>Schneider</LastName><ForeName>S</ForeName><Initials>S</Initials></Author><Author ValidYN="Y"><LastName>Pfützner</LastName><ForeName>A</ForeName><Initials>A</Initials></Author><Author ValidYN="Y"><LastName>Goitum</LastName><ForeName>K</ForeName><Initials>K</Initials></Author><Author ValidYN="Y"><LastName>Engelbach</LastName><ForeName>M</ForeName><Initials>M</Initials></Author><Author ValidYN="Y"><LastName>Schauf</LastName><ForeName>B</ForeName><Initials>B</Initials></Author><Author ValidYN="Y"><LastName>Beyer</LastName><ForeName>J</ForeName><Initials>J</Initials></Author><Author ValidYN="Y"><LastName>Forst</LastName><ForeName>T</ForeName><Initials>T</Initials></Author></AuthorList><Language>eng</Language><PublicationTypeList><PublicationType UI="D016428">Journal Article</PublicationType></PublicationTypeList></Article><MedlineJournalInfo><Country>Germany</Country><MedlineTA>Diabetologia</MedlineTA><NlmUniqueID>0006777</NlmUniqueID><ISSNLinking>0012-186X</ISSNLinking></MedlineJournalInfo><ChemicalList><Chemical><RegistryNumber>0</RegistryNumber><NameOfSubstance UI="D002096">C-Peptide</NameOfSubstance></Chemical><Chemical><RegistryNumber>0</RegistryNumber><NameOfSubstance UI="D004791">Enzyme Inhibitors</NameOfSubstance></Chemical><Chemical><RegistryNumber>5ACL011P69</RegistryNumber><NameOfSubstance UI="D010042">Ouabain</NameOfSubstance></Chemical><Chemical><RegistryNumber>EC 7.2.2.13</RegistryNumber><NameOfSubstance UI="D000254">Sodium-Potassium-Exchanging ATPase</NameOfSubstance></Chemical></ChemicalList><CitationSubset>IM</CitationSubset><MeshHeadingList><MeshHeading><DescriptorName UI="D002096" MajorTopicYN="N">C-Peptide</DescriptorName><QualifierName UI="Q000494" MajorTopicYN="Y">pharmacology</QualifierName></MeshHeading><MeshHeading><DescriptorName UI="D003922" MajorTopicYN="N">Diabetes Mellitus, Type 1</DescriptorName><QualifierName UI="Q000097" MajorTopicYN="Y">blood</QualifierName></MeshHeading><MeshHeading><DescriptorName UI="D004791" MajorTopicYN="N">Enzyme Inhibitors</DescriptorName><QualifierName UI="Q000494" MajorTopicYN="N">pharmacology</QualifierName></MeshHeading><MeshHeading><DescriptorName UI="D004907" MajorTopicYN="N">Erythrocyte Deformability</DescriptorName><QualifierName UI="Q000187" MajorTopicYN="Y">drug effects</QualifierName></MeshHeading><MeshHeading><DescriptorName UI="D004912" MajorTopicYN="N">Erythrocytes</DescriptorName><QualifierName UI="Q000187" MajorTopicYN="N">drug effects</QualifierName><QualifierName UI="Q000201" MajorTopicYN="N">enzymology</QualifierName></MeshHeading><MeshHeading><DescriptorName UI="D006801" MajorTopicYN="N">Humans</DescriptorName></MeshHeading><MeshHeading><DescriptorName UI="D007834" MajorTopicYN="N">Lasers</DescriptorName></MeshHeading><MeshHeading><DescriptorName UI="D010042" MajorTopicYN="N">Ouabain</DescriptorName><QualifierName UI="Q000494" MajorTopicYN="N">pharmacology</QualifierName></MeshHeading><MeshHeading><DescriptorName UI="D000254" MajorTopicYN="N">Sodium-Potassium-Exchanging ATPase</DescriptorName><QualifierName UI="Q000037" MajorTopicYN="N">antagonists &amp; inhibitors</QualifierName></MeshHeading></MeshHeadingList></MedlineCitation><PubmedData><History><PubMedPubDate PubStatus="pubmed"><Year>1999</Year><Month>5</Month><Day>7</Day></PubMedPubDate><PubMedPubDate PubStatus="medline"><Year>1999</Year><Month>5</Month><Day>7</Day><Hour>0</Hour><Minute>1</Minute></PubMedPubDate><PubMedPubDate PubStatus="entrez"><Year>1999</Year><Month>5</Month><Day>7</Day><Hour>0</Hour><Minute>0</Minute></PubMedPubDate></History><PublicationStatus>ppublish</PublicationStatus><ArticleIdList><ArticleId IdType="pubmed">10230651</ArticleId><ArticleId IdType="doi">10.1007/s001250051180</ArticleId></ArticleIdList></PubmedData></PubmedArticle></PubmedArticleSet>