<?xml version="1.0" ?>
<!DOCTYPE PubmedArticleSet PUBLIC "-//NLM//DTD PubMedArticle, 1st January 2019//EN" "https://dtd.nlm.nih.gov/ncbi/pubmed/out/pubmed_190101.dtd">
<PubmedArticleSet><PubmedArticle><MedlineCitation Status="MEDLINE" Owner="NLM"><PMID Version="1">10319147</PMID><DateCompleted><Year>1999</Year><Month>06</Month><Day>28</Day></DateCompleted><DateRevised><Year>2022</Year><Month>03</Month><Day>30</Day></DateRevised><Article PubModel="Print"><Journal><ISSN IssnType="Print">0253-6269</ISSN><JournalIssue CitedMedium="Print"><Volume>17</Volume><Issue>6</Issue><PubDate><Year>1994</Year><Month>Dec</Month></PubDate></JournalIssue><Title>Archives of pharmacal research</Title><ISOAbbreviation>Arch Pharm Res</ISOAbbreviation></Journal><ArticleTitle>Changes in the central dopaminergic systems in the streptozotocin-induced diabetic rats.</ArticleTitle><Pagination><MedlinePgn>398-404</MedlinePgn></Pagination><Abstract><AbstractText>The behavioral response, dopamine metabolism, and characteristics of dopamine subtypes after developing the hyperglycemia were studied in the striata of rats. In animals developed hyperglycemia, the on-set and duration of cataleptic behavior responded to SCH 23390 injection was delayed and shortened, respectively. However, the cataleptic responses to spiperone occurred significantly earlier in on-set and prolonged in duration. Dopamine metabolites, dihydroxyphenylacetic acid (DOPAC) and homovanillic acid (HVA), were significantly reduced in the striata of hyperglycemic rats. However, level of DA was significantly increased. It is noted that the ratios of DOPAC and HVA to DA were decreased, suggesting decreased turnover of DA. The affinity of striatal D-1 receptors was significantly increased without changes in the number of binding sites, while the maximum binding number of D-2 receptors was significantly increased without affecting its affinity in the diabetic rats. These results indicate that the dopaminergic activity in the striata was altered in hyperglycemic rats. Furthermore, it suggests that the upregulation of dopamine receptors might be due to the decreased dopamine metabolism.</AbstractText></Abstract><AuthorList CompleteYN="Y"><Author ValidYN="Y"><LastName>Lim</LastName><ForeName>D K</ForeName><Initials>DK</Initials><AffiliationInfo><Affiliation>College of Pharmacy, Chonnam National University, Kwang-Ju, Korea.</Affiliation></AffiliationInfo></Author><Author ValidYN="Y"><LastName>Lee</LastName><ForeName>K M</ForeName><Initials>KM</Initials></Author><Author ValidYN="Y"><LastName>Ho</LastName><ForeName>I K</ForeName><Initials>IK</Initials></Author></AuthorList><Language>eng</Language><PublicationTypeList><PublicationType UI="D016428">Journal Article</PublicationType><PublicationType UI="D013485">Research Support, Non-U.S. Gov't</PublicationType></PublicationTypeList></Article><MedlineJournalInfo><Country>Korea (South)</Country><MedlineTA>Arch Pharm Res</MedlineTA><NlmUniqueID>8000036</NlmUniqueID><ISSNLinking>0253-6269</ISSNLinking></MedlineJournalInfo><ChemicalList><Chemical><RegistryNumber>0</RegistryNumber><NameOfSubstance UI="D018492">Dopamine Antagonists</NameOfSubstance></Chemical><Chemical><RegistryNumber>0</RegistryNumber><NameOfSubstance UI="D011954">Receptors, Dopamine</NameOfSubstance></Chemical><Chemical><RegistryNumber>0</RegistryNumber><NameOfSubstance UI="D017447">Receptors, Dopamine D1</NameOfSubstance></Chemical><Chemical><RegistryNumber>0</RegistryNumber><NameOfSubstance UI="D017448">Receptors, Dopamine D2</NameOfSubstance></Chemical><Chemical><RegistryNumber>VTD58H1Z2X</RegistryNumber><NameOfSubstance UI="D004298">Dopamine</NameOfSubstance></Chemical></ChemicalList><CitationSubset>IM</CitationSubset><MeshHeadingList><MeshHeading><DescriptorName UI="D000818" MajorTopicYN="N">Animals</DescriptorName></MeshHeading><MeshHeading><DescriptorName UI="D001522" MajorTopicYN="N">Behavior, Animal</DescriptorName><QualifierName UI="Q000187" MajorTopicYN="N">drug effects</QualifierName></MeshHeading><MeshHeading><DescriptorName UI="D003342" MajorTopicYN="N">Corpus Striatum</DescriptorName><QualifierName UI="Q000378" MajorTopicYN="Y">metabolism</QualifierName></MeshHeading><MeshHeading><DescriptorName UI="D003921" MajorTopicYN="N">Diabetes Mellitus, Experimental</DescriptorName><QualifierName UI="Q000378" MajorTopicYN="Y">metabolism</QualifierName><QualifierName UI="Q000503" MajorTopicYN="N">physiopathology</QualifierName></MeshHeading><MeshHeading><DescriptorName UI="D004298" MajorTopicYN="N">Dopamine</DescriptorName><QualifierName UI="Q000378" MajorTopicYN="Y">metabolism</QualifierName></MeshHeading><MeshHeading><DescriptorName UI="D018492" MajorTopicYN="N">Dopamine Antagonists</DescriptorName><QualifierName UI="Q000494" MajorTopicYN="N">pharmacology</QualifierName></MeshHeading><MeshHeading><DescriptorName UI="D008297" MajorTopicYN="N">Male</DescriptorName></MeshHeading><MeshHeading><DescriptorName UI="D051381" MajorTopicYN="N">Rats</DescriptorName></MeshHeading><MeshHeading><DescriptorName UI="D017207" MajorTopicYN="N">Rats, Sprague-Dawley</DescriptorName></MeshHeading><MeshHeading><DescriptorName UI="D011954" MajorTopicYN="N">Receptors, Dopamine</DescriptorName><QualifierName UI="Q000187" MajorTopicYN="N">drug effects</QualifierName><QualifierName UI="Q000378" MajorTopicYN="N">metabolism</QualifierName></MeshHeading><MeshHeading><DescriptorName UI="D017447" MajorTopicYN="N">Receptors, Dopamine D1</DescriptorName><QualifierName UI="Q000187" MajorTopicYN="N">drug effects</QualifierName></MeshHeading><MeshHeading><DescriptorName UI="D017448" MajorTopicYN="N">Receptors, Dopamine D2</DescriptorName><QualifierName UI="Q000187" MajorTopicYN="N">drug effects</QualifierName></MeshHeading></MeshHeadingList></MedlineCitation><PubmedData><History><PubMedPubDate PubStatus="pubmed"><Year>1994</Year><Month>12</Month><Day>1</Day><Hour>0</Hour><Minute>0</Minute></PubMedPubDate><PubMedPubDate PubStatus="medline"><Year>1999</Year><Month>5</Month><Day>13</Day><Hour>0</Hour><Minute>1</Minute></PubMedPubDate><PubMedPubDate PubStatus="entrez"><Year>1994</Year><Month>12</Month><Day>1</Day><Hour>0</Hour><Minute>0</Minute></PubMedPubDate></History><PublicationStatus>ppublish</PublicationStatus><ArticleIdList><ArticleId IdType="pubmed">10319147</ArticleId><ArticleId IdType="doi">10.1007/BF02979114</ArticleId></ArticleIdList><ReferenceList><Reference><Citation>Proc Natl Acad Sci U S A. 1974 Dec;71(12):4802-7</Citation><ArticleIdList><ArticleId IdType="pubmed">4155072</ArticleId></ArticleIdList></Reference><Reference><Citation>Arzneimittelforschung. 1973 May;23(5):674-83</Citation><ArticleIdList><ArticleId IdType="pubmed">4740210</ArticleId></ArticleIdList></Reference><Reference><Citation>Neurochem Int. 1985;7(2):279-84</Citation><ArticleIdList><ArticleId IdType="pubmed">20492925</ArticleId></ArticleIdList></Reference><Reference><Citation>J Pharmacol Exp Ther. 1992 Mar;260(3):1337-43</Citation><ArticleIdList><ArticleId IdType="pubmed">1545396</ArticleId></ArticleIdList></Reference><Reference><Citation>J Chromatogr. 1983 Jan 21;255:533-44</Citation><ArticleIdList><ArticleId IdType="pubmed">6863424</ArticleId></ArticleIdList></Reference><Reference><Citation>Neurosci Lett. 1984 Aug 31;49(3):301-6</Citation><ArticleIdList><ArticleId IdType="pubmed">6493613</ArticleId></ArticleIdList></Reference><Reference><Citation>Pharmacol Biochem Behav. 1981 Feb;14(2):169-74</Citation><ArticleIdList><ArticleId IdType="pubmed">7193882</ArticleId></ArticleIdList></Reference><Reference><Citation>Diabetes. 1992 Sep;41(9):1119-21</Citation><ArticleIdList><ArticleId IdType="pubmed">1386820</ArticleId></ArticleIdList></Reference><Reference><Citation>Life Sci. 1985 May 13;36(19):1857-64</Citation><ArticleIdList><ArticleId IdType="pubmed">3157851</ArticleId></ArticleIdList></Reference><Reference><Citation>Life Sci. 1984 Dec 3;35(23):2281-96</Citation><ArticleIdList><ArticleId IdType="pubmed">6390056</ArticleId></ArticleIdList></Reference><Reference><Citation>Science. 1980 Dec 12;210(4475):1269-71</Citation><ArticleIdList><ArticleId IdType="pubmed">6254155</ArticleId></ArticleIdList></Reference><Reference><Citation>Eur J Pharmacol. 1976 Jun;37(2):249-55</Citation><ArticleIdList><ArticleId IdType="pubmed">954808</ArticleId></ArticleIdList></Reference><Reference><Citation>J Pharmacol Exp Ther. 1990 Aug;254(2):445-9</Citation><ArticleIdList><ArticleId IdType="pubmed">2384882</ArticleId></ArticleIdList></Reference><Reference><Citation>Life Sci. 1986 Jul 28;39(4):321-8</Citation><ArticleIdList><ArticleId IdType="pubmed">3526066</ArticleId></ArticleIdList></Reference><Reference><Citation>Eur J Pharmacol. 1988 May 10;149(3):225-32</Citation><ArticleIdList><ArticleId IdType="pubmed">3261693</ArticleId></ArticleIdList></Reference><Reference><Citation>Science. 1981 Nov 27;214(4524):1031-3</Citation><ArticleIdList><ArticleId IdType="pubmed">6458088</ArticleId></ArticleIdList></Reference><Reference><Citation>J Neurochem. 1992 Oct;59(4):1555-7</Citation><ArticleIdList><ArticleId IdType="pubmed">1402904</ArticleId></ArticleIdList></Reference><Reference><Citation>J Biol Chem. 1981 Feb 10;256(3):1335-9</Citation><ArticleIdList><ArticleId IdType="pubmed">6108963</ArticleId></ArticleIdList></Reference><Reference><Citation>Diabetes. 1986 Apr;35(4):481-5</Citation><ArticleIdList><ArticleId IdType="pubmed">3514326</ArticleId></ArticleIdList></Reference><Reference><Citation>Diabetes. 1984 Oct;33(10):991-4</Citation><ArticleIdList><ArticleId IdType="pubmed">6383907</ArticleId></ArticleIdList></Reference><Reference><Citation>Anal Biochem. 1980 Sep 1;107(1):220-39</Citation><ArticleIdList><ArticleId IdType="pubmed">6254391</ArticleId></ArticleIdList></Reference><Reference><Citation>Eur J Pharmacol. 1983 Jul 15;91(1):153-4</Citation><ArticleIdList><ArticleId IdType="pubmed">6225651</ArticleId></ArticleIdList></Reference><Reference><Citation>J Pharmacol Exp Ther. 1990 Sep;254(3):781-5</Citation><ArticleIdList><ArticleId IdType="pubmed">2168485</ArticleId></ArticleIdList></Reference><Reference><Citation>Pharmacol Biochem Behav. 1985 Feb;22(2):341-2</Citation><ArticleIdList><ArticleId IdType="pubmed">2858871</ArticleId></ArticleIdList></Reference><Reference><Citation>Brain Res. 1976 Jul 30;111(2):428-32</Citation><ArticleIdList><ArticleId IdType="pubmed">949615</ArticleId></ArticleIdList></Reference><Reference><Citation>Exp Clin Endocrinol. 1990 Aug;95(3):385-8</Citation><ArticleIdList><ArticleId IdType="pubmed">2147142</ArticleId></ArticleIdList></Reference><Reference><Citation>Brain Res. 1982 Jan 28;232(2):331-43</Citation><ArticleIdList><ArticleId IdType="pubmed">6200179</ArticleId></ArticleIdList></Reference><Reference><Citation>J Neurochem. 1984 Aug;43(2):546-52</Citation><ArticleIdList><ArticleId IdType="pubmed">6145756</ArticleId></ArticleIdList></Reference><Reference><Citation>Trends Pharmacol Sci. 1989 Oct;10(10):383-4</Citation><ArticleIdList><ArticleId IdType="pubmed">2694533</ArticleId></ArticleIdList></Reference><Reference><Citation>J Biol Chem. 1951 Nov;193(1):265-75</Citation><ArticleIdList><ArticleId IdType="pubmed">14907713</ArticleId></ArticleIdList></Reference><Reference><Citation>J Neurosci. 1984 Jan;4(1):111-24</Citation><ArticleIdList><ArticleId IdType="pubmed">6319625</ArticleId></ArticleIdList></Reference><Reference><Citation>Neuroscience. 1992;47(4):755-70</Citation><ArticleIdList><ArticleId IdType="pubmed">1579210</ArticleId></ArticleIdList></Reference><Reference><Citation>J Neurochem. 1966 Aug;13(8):655-69</Citation><ArticleIdList><ArticleId IdType="pubmed">5950056</ArticleId></ArticleIdList></Reference><Reference><Citation>J Pharmacol Exp Ther. 1986 Mar;236(3):714-20</Citation><ArticleIdList><ArticleId IdType="pubmed">3005552</ArticleId></ArticleIdList></Reference><Reference><Citation>Pharmacol Rev. 1980 Sep;32(3):229-313</Citation><ArticleIdList><ArticleId IdType="pubmed">6117090</ArticleId></ArticleIdList></Reference><Reference><Citation>J Pharmacol Exp Ther. 1986 Feb;236(2):432-7</Citation><ArticleIdList><ArticleId IdType="pubmed">2418197</ArticleId></ArticleIdList></Reference><Reference><Citation>Endocrinology. 1988 Dec;123(6):2621-5</Citation><ArticleIdList><ArticleId IdType="pubmed">3197638</ArticleId></ArticleIdList></Reference></ReferenceList></PubmedData></PubmedArticle></PubmedArticleSet>