<?xml version="1.0" ?>
<!DOCTYPE PubmedArticleSet PUBLIC "-//NLM//DTD PubMedArticle, 1st January 2019//EN" "https://dtd.nlm.nih.gov/ncbi/pubmed/out/pubmed_190101.dtd">
<PubmedArticleSet><PubmedArticle><MedlineCitation Status="MEDLINE" Owner="NLM"><PMID Version="1">10325232</PMID><DateCompleted><Year>1999</Year><Month>06</Month><Day>08</Day></DateCompleted><DateRevised><Year>2019</Year><Month>06</Month><Day>19</Day></DateRevised><Article PubModel="Print"><Journal><ISSN IssnType="Print">0036-8075</ISSN><JournalIssue CitedMedium="Print"><Volume>284</Volume><Issue>5417</Issue><PubDate><Year>1999</Year><Month>May</Month><Day>14</Day></PubDate></JournalIssue><Title>Science (New York, N.Y.)</Title><ISOAbbreviation>Science</ISOAbbreviation></Journal><ArticleTitle>Control of autoimmune diabetes in NOD mice by GAD expression or suppression in beta cells.</ArticleTitle><Pagination><MedlinePgn>1183-7</MedlinePgn></Pagination><Abstract><AbstractText>Glutamic acid decarboxylase (GAD) is a pancreatic beta cell autoantigen in humans and nonobese diabetic (NOD) mice. beta Cell-specific suppression of GAD expression in two lines of antisense GAD transgenic NOD mice prevented autoimmune diabetes, whereas persistent GAD expression in the beta cells in the other four lines of antisense GAD transgenic NOD mice resulted in diabetes, similar to that seen in transgene-negative NOD mice. Complete suppression of beta cell GAD expression blocked the generation of diabetogenic T cells and protected islet grafts from autoimmune injury. Thus, beta cell-specific GAD expression is required for the development of autoimmune diabetes in NOD mice, and modulation of GAD might, therefore, have therapeutic value in type 1 diabetes.</AbstractText></Abstract><AuthorList CompleteYN="Y"><Author ValidYN="Y"><LastName>Yoon</LastName><ForeName>J W</ForeName><Initials>JW</Initials><AffiliationInfo><Affiliation>Laboratory of Viral and Immunopathogenesis of Diabetes, Julia McFarlane Diabetes Research Centre, Faculty of Medicine, University of Calgary, Calgary, Alberta T2N 4N1, Canada. yoon@ucalgary.edu</Affiliation></AffiliationInfo></Author><Author ValidYN="Y"><LastName>Yoon</LastName><ForeName>C S</ForeName><Initials>CS</Initials></Author><Author ValidYN="Y"><LastName>Lim</LastName><ForeName>H W</ForeName><Initials>HW</Initials></Author><Author ValidYN="Y"><LastName>Huang</LastName><ForeName>Q Q</ForeName><Initials>QQ</Initials></Author><Author ValidYN="Y"><LastName>Kang</LastName><ForeName>Y</ForeName><Initials>Y</Initials></Author><Author ValidYN="Y"><LastName>Pyun</LastName><ForeName>K H</ForeName><Initials>KH</Initials></Author><Author ValidYN="Y"><LastName>Hirasawa</LastName><ForeName>K</ForeName><Initials>K</Initials></Author><Author ValidYN="Y"><LastName>Sherwin</LastName><ForeName>R S</ForeName><Initials>RS</Initials></Author><Author ValidYN="Y"><LastName>Jun</LastName><ForeName>H S</ForeName><Initials>HS</Initials></Author></AuthorList><Language>eng</Language><GrantList CompleteYN="Y"><Grant><GrantID>DK 45735</GrantID><Acronym>DK</Acronym><Agency>NIDDK NIH HHS</Agency><Country>United States</Country></Grant><Grant><GrantID>DK 53015-01</GrantID><Acronym>DK</Acronym><Agency>NIDDK NIH HHS</Agency><Country>United States</Country></Grant></GrantList><PublicationTypeList><PublicationType UI="D016428">Journal Article</PublicationType><PublicationType UI="D013485">Research Support, Non-U.S. Gov't</PublicationType><PublicationType UI="D013487">Research Support, U.S. Gov't, P.H.S.</PublicationType></PublicationTypeList></Article><MedlineJournalInfo><Country>United States</Country><MedlineTA>Science</MedlineTA><NlmUniqueID>0404511</NlmUniqueID><ISSNLinking>0036-8075</ISSNLinking></MedlineJournalInfo><ChemicalList><Chemical><RegistryNumber>0</RegistryNumber><NameOfSubstance UI="D001324">Autoantigens</NameOfSubstance></Chemical><Chemical><RegistryNumber>0</RegistryNumber><NameOfSubstance UI="D016373">DNA, Antisense</NameOfSubstance></Chemical><Chemical><RegistryNumber>0</RegistryNumber><NameOfSubstance UI="D007328">Insulin</NameOfSubstance></Chemical><Chemical><RegistryNumber>EC 4.1.1.15</RegistryNumber><NameOfSubstance UI="D005968">Glutamate Decarboxylase</NameOfSubstance></Chemical></ChemicalList><CitationSubset>IM</CitationSubset><CommentsCorrectionsList><CommentsCorrections RefType="CommentIn"><RefSource>Science. 2000 Jan 14;287(5451):191</RefSource></CommentsCorrections><CommentsCorrections RefType="CommentIn"><RefSource>Science. 1999 May 14;284(5417):1135, 1137</RefSource><PMID Version="1">10366347</PMID></CommentsCorrections></CommentsCorrectionsList><MeshHeadingList><MeshHeading><DescriptorName UI="D019264" MajorTopicYN="N">Adoptive Transfer</DescriptorName></MeshHeading><MeshHeading><DescriptorName UI="D000818" MajorTopicYN="N">Animals</DescriptorName></MeshHeading><MeshHeading><DescriptorName UI="D001324" MajorTopicYN="N">Autoantigens</DescriptorName><QualifierName UI="Q000235" MajorTopicYN="N">genetics</QualifierName><QualifierName UI="Q000276" MajorTopicYN="Y">immunology</QualifierName><QualifierName UI="Q000502" MajorTopicYN="N">physiology</QualifierName></MeshHeading><MeshHeading><DescriptorName UI="D015551" MajorTopicYN="N">Autoimmunity</DescriptorName></MeshHeading><MeshHeading><DescriptorName UI="D016373" MajorTopicYN="N">DNA, Antisense</DescriptorName></MeshHeading><MeshHeading><DescriptorName UI="D003922" MajorTopicYN="N">Diabetes Mellitus, Type 1</DescriptorName><QualifierName UI="Q000201" MajorTopicYN="Y">enzymology</QualifierName><QualifierName UI="Q000276" MajorTopicYN="Y">immunology</QualifierName><QualifierName UI="Q000473" MajorTopicYN="N">pathology</QualifierName></MeshHeading><MeshHeading><DescriptorName UI="D005260" MajorTopicYN="N">Female</DescriptorName></MeshHeading><MeshHeading><DescriptorName UI="D015870" MajorTopicYN="N">Gene Expression</DescriptorName></MeshHeading><MeshHeading><DescriptorName UI="D005968" MajorTopicYN="N">Glutamate Decarboxylase</DescriptorName><QualifierName UI="Q000235" MajorTopicYN="N">genetics</QualifierName><QualifierName UI="Q000276" MajorTopicYN="Y">immunology</QualifierName><QualifierName UI="Q000502" MajorTopicYN="N">physiology</QualifierName></MeshHeading><MeshHeading><DescriptorName UI="D007328" MajorTopicYN="N">Insulin</DescriptorName><QualifierName UI="Q000097" MajorTopicYN="N">blood</QualifierName><QualifierName UI="Q000378" MajorTopicYN="N">metabolism</QualifierName></MeshHeading><MeshHeading><DescriptorName UI="D007515" MajorTopicYN="N">Islets of Langerhans</DescriptorName><QualifierName UI="Q000201" MajorTopicYN="Y">enzymology</QualifierName><QualifierName UI="Q000276" MajorTopicYN="N">immunology</QualifierName><QualifierName UI="Q000378" MajorTopicYN="N">metabolism</QualifierName><QualifierName UI="Q000473" MajorTopicYN="N">pathology</QualifierName></MeshHeading><MeshHeading><DescriptorName UI="D016381" MajorTopicYN="N">Islets of Langerhans Transplantation</DescriptorName></MeshHeading><MeshHeading><DescriptorName UI="D008213" MajorTopicYN="N">Lymphocyte Activation</DescriptorName></MeshHeading><MeshHeading><DescriptorName UI="D008297" MajorTopicYN="N">Male</DescriptorName></MeshHeading><MeshHeading><DescriptorName UI="D051379" MajorTopicYN="N">Mice</DescriptorName></MeshHeading><MeshHeading><DescriptorName UI="D016688" MajorTopicYN="N">Mice, Inbred NOD</DescriptorName></MeshHeading><MeshHeading><DescriptorName UI="D016513" MajorTopicYN="N">Mice, SCID</DescriptorName></MeshHeading><MeshHeading><DescriptorName UI="D008822" MajorTopicYN="N">Mice, Transgenic</DescriptorName></MeshHeading><MeshHeading><DescriptorName UI="D013601" MajorTopicYN="N">T-Lymphocytes</DescriptorName><QualifierName UI="Q000276" MajorTopicYN="N">immunology</QualifierName></MeshHeading><MeshHeading><DescriptorName UI="D019076" MajorTopicYN="N">Transgenes</DescriptorName></MeshHeading></MeshHeadingList></MedlineCitation><PubmedData><History><PubMedPubDate PubStatus="pubmed"><Year>1999</Year><Month>5</Month><Day>15</Day></PubMedPubDate><PubMedPubDate PubStatus="medline"><Year>1999</Year><Month>5</Month><Day>15</Day><Hour>0</Hour><Minute>1</Minute></PubMedPubDate><PubMedPubDate PubStatus="entrez"><Year>1999</Year><Month>5</Month><Day>15</Day><Hour>0</Hour><Minute>0</Minute></PubMedPubDate></History><PublicationStatus>ppublish</PublicationStatus><ArticleIdList><ArticleId IdType="pubmed">10325232</ArticleId><ArticleId IdType="doi">10.1126/science.284.5417.1183</ArticleId></ArticleIdList></PubmedData></PubmedArticle></PubmedArticleSet>