<?xml version="1.0" ?>
<!DOCTYPE PubmedArticleSet PUBLIC "-//NLM//DTD PubMedArticle, 1st January 2019//EN" "https://dtd.nlm.nih.gov/ncbi/pubmed/out/pubmed_190101.dtd">
<PubmedArticleSet><PubmedArticle><MedlineCitation Status="MEDLINE" Owner="NLM"><PMID Version="1">10329982</PMID><DateCompleted><Year>1999</Year><Month>06</Month><Day>07</Day></DateCompleted><DateRevised><Year>2019</Year><Month>01</Month><Day>17</Day></DateRevised><Article PubModel="Print"><Journal><ISSN IssnType="Print">0002-9513</ISSN><JournalIssue CitedMedium="Print"><Volume>276</Volume><Issue>5</Issue><PubDate><Year>1999</Year><Month>05</Month></PubDate></JournalIssue><Title>The American journal of physiology</Title><ISOAbbreviation>Am J Physiol</ISOAbbreviation></Journal><ArticleTitle>Regulation of GLUT-3 glucose transporter in the hippocampus of diabetic rats subjected to stress.</ArticleTitle><Pagination><MedlinePgn>E879-86</MedlinePgn></Pagination><ELocationID EIdType="doi" ValidYN="Y">10.1152/ajpendo.1999.276.5.E879</ELocationID><Abstract><AbstractText>Previous studies from our laboratory have demonstrated that chronic stress produces molecular, morphological, and ultrastructural changes in the rat hippocampus that are accompanied by cognitive deficits. Glucocorticoid attenuation of glucose utilization is proposed to be one of the causative factors involved in stress-induced changes in the hippocampus, producing an energy-compromised environment that may make hippocampal neuronal populations more vulnerable to neurotoxic insults. Similarly, diabetes potentiates neuronal damage in acute neurotoxic events, such as ischemia and stroke. Accordingly, the current study examined the regulation of the neuron-specific glucose transporter, GLUT-3, in the hippocampus of streptozotocin-induced diabetic rats subjected to restraint stress. Diabetes leads to significant increases in GLUT-3 mRNA and protein expression in the hippocampus, increases that are not affected by stress. Collectively, these results suggest that streptozotocin-induced increases in GLUT-3 mRNA and protein expression in the hippocampus may represent a compensatory mechanism to increase glucose utilization during diabetes and also suggest that modulation of GLUT-3 expression is not responsible for glucocorticoid impairment of glucose utilization.</AbstractText></Abstract><AuthorList CompleteYN="Y"><Author ValidYN="Y"><LastName>Reagan</LastName><ForeName>L P</ForeName><Initials>LP</Initials><AffiliationInfo><Affiliation>Harold and Margaret Milliken Hatch Laboratory of Neuroendocrinology, The Rockefeller University, New York, New York 10021, USA.</Affiliation></AffiliationInfo></Author><Author ValidYN="Y"><LastName>Magariños</LastName><ForeName>A M</ForeName><Initials>AM</Initials></Author><Author ValidYN="Y"><LastName>Lucas</LastName><ForeName>L R</ForeName><Initials>LR</Initials></Author><Author ValidYN="Y"><LastName>van Bueren</LastName><ForeName>A</ForeName><Initials>A</Initials></Author><Author ValidYN="Y"><LastName>McCall</LastName><ForeName>A L</ForeName><Initials>AL</Initials></Author><Author ValidYN="Y"><LastName>McEwen</LastName><ForeName>B S</ForeName><Initials>BS</Initials></Author></AuthorList><Language>eng</Language><GrantList CompleteYN="Y"><Grant><GrantID>DA-05572-02</GrantID><Acronym>DA</Acronym><Agency>NIDA NIH HHS</Agency><Country>United States</Country></Grant><Grant><GrantID>DK-09443</GrantID><Acronym>DK</Acronym><Agency>NIDDK NIH HHS</Agency><Country>United States</Country></Grant><Grant><GrantID>NS-17493</GrantID><Acronym>NS</Acronym><Agency>NINDS NIH HHS</Agency><Country>United States</Country></Grant></GrantList><PublicationTypeList><PublicationType UI="D016428">Journal Article</PublicationType><PublicationType UI="D013487">Research Support, U.S. Gov't, P.H.S.</PublicationType></PublicationTypeList></Article><MedlineJournalInfo><Country>United States</Country><MedlineTA>Am J Physiol</MedlineTA><NlmUniqueID>0370511</NlmUniqueID><ISSNLinking>0002-9513</ISSNLinking></MedlineJournalInfo><ChemicalList><Chemical><RegistryNumber>0</RegistryNumber><NameOfSubstance UI="D001786">Blood Glucose</NameOfSubstance></Chemical><Chemical><RegistryNumber>0</RegistryNumber><NameOfSubstance UI="D051274">Glucose Transporter Type 3</NameOfSubstance></Chemical><Chemical><RegistryNumber>0</RegistryNumber><NameOfSubstance UI="D009004">Monosaccharide Transport Proteins</NameOfSubstance></Chemical><Chemical><RegistryNumber>0</RegistryNumber><NameOfSubstance UI="D009419">Nerve Tissue Proteins</NameOfSubstance></Chemical><Chemical><RegistryNumber>0</RegistryNumber><NameOfSubstance UI="D012333">RNA, Messenger</NameOfSubstance></Chemical><Chemical><RegistryNumber>0</RegistryNumber><NameOfSubstance UI="C495690">Slc2a3 protein, rat</NameOfSubstance></Chemical><Chemical><RegistryNumber>0</RegistryNumber><NameOfSubstance UI="D013462">Sulfur Radioisotopes</NameOfSubstance></Chemical></ChemicalList><CitationSubset>IM</CitationSubset><MeshHeadingList><MeshHeading><DescriptorName UI="D000818" MajorTopicYN="N">Animals</DescriptorName></MeshHeading><MeshHeading><DescriptorName UI="D001345" MajorTopicYN="N">Autoradiography</DescriptorName></MeshHeading><MeshHeading><DescriptorName UI="D001786" MajorTopicYN="N">Blood Glucose</DescriptorName><QualifierName UI="Q000378" MajorTopicYN="N">metabolism</QualifierName></MeshHeading><MeshHeading><DescriptorName UI="D003921" MajorTopicYN="N">Diabetes Mellitus, Experimental</DescriptorName><QualifierName UI="Q000150" MajorTopicYN="N">complications</QualifierName><QualifierName UI="Q000378" MajorTopicYN="Y">metabolism</QualifierName></MeshHeading><MeshHeading><DescriptorName UI="D005786" MajorTopicYN="Y">Gene Expression Regulation</DescriptorName></MeshHeading><MeshHeading><DescriptorName UI="D051274" MajorTopicYN="N">Glucose Transporter Type 3</DescriptorName></MeshHeading><MeshHeading><DescriptorName UI="D006624" MajorTopicYN="N">Hippocampus</DescriptorName><QualifierName UI="Q000378" MajorTopicYN="Y">metabolism</QualifierName></MeshHeading><MeshHeading><DescriptorName UI="D007150" MajorTopicYN="N">Immunohistochemistry</DescriptorName></MeshHeading><MeshHeading><DescriptorName UI="D017403" MajorTopicYN="N">In Situ Hybridization</DescriptorName></MeshHeading><MeshHeading><DescriptorName UI="D008297" MajorTopicYN="N">Male</DescriptorName></MeshHeading><MeshHeading><DescriptorName UI="D009004" MajorTopicYN="N">Monosaccharide Transport Proteins</DescriptorName><QualifierName UI="Q000235" MajorTopicYN="Y">genetics</QualifierName></MeshHeading><MeshHeading><DescriptorName UI="D009419" MajorTopicYN="Y">Nerve Tissue Proteins</DescriptorName></MeshHeading><MeshHeading><DescriptorName UI="D012333" MajorTopicYN="N">RNA, Messenger</DescriptorName><QualifierName UI="Q000378" MajorTopicYN="N">metabolism</QualifierName></MeshHeading><MeshHeading><DescriptorName UI="D051381" MajorTopicYN="N">Rats</DescriptorName></MeshHeading><MeshHeading><DescriptorName UI="D017207" MajorTopicYN="N">Rats, Sprague-Dawley</DescriptorName></MeshHeading><MeshHeading><DescriptorName UI="D012149" MajorTopicYN="N">Restraint, Physical</DescriptorName></MeshHeading><MeshHeading><DescriptorName UI="D013312" MajorTopicYN="N">Stress, Physiological</DescriptorName><QualifierName UI="Q000150" MajorTopicYN="N">complications</QualifierName><QualifierName UI="Q000378" MajorTopicYN="Y">metabolism</QualifierName></MeshHeading><MeshHeading><DescriptorName UI="D013462" MajorTopicYN="N">Sulfur Radioisotopes</DescriptorName></MeshHeading><MeshHeading><DescriptorName UI="D015430" MajorTopicYN="N">Weight Gain</DescriptorName></MeshHeading></MeshHeadingList></MedlineCitation><PubmedData><History><PubMedPubDate PubStatus="pubmed"><Year>1999</Year><Month>5</Month><Day>18</Day></PubMedPubDate><PubMedPubDate PubStatus="medline"><Year>1999</Year><Month>5</Month><Day>18</Day><Hour>0</Hour><Minute>1</Minute></PubMedPubDate><PubMedPubDate PubStatus="entrez"><Year>1999</Year><Month>5</Month><Day>18</Day><Hour>0</Hour><Minute>0</Minute></PubMedPubDate></History><PublicationStatus>ppublish</PublicationStatus><ArticleIdList><ArticleId IdType="pubmed">10329982</ArticleId><ArticleId IdType="doi">10.1152/ajpendo.1999.276.5.E879</ArticleId></ArticleIdList></PubmedData></PubmedArticle></PubmedArticleSet>