<?xml version="1.0" ?>
<!DOCTYPE PubmedArticleSet PUBLIC "-//NLM//DTD PubMedArticle, 1st January 2019//EN" "https://dtd.nlm.nih.gov/ncbi/pubmed/out/pubmed_190101.dtd">
<PubmedArticleSet><PubmedArticle><MedlineCitation Status="MEDLINE" Owner="NLM"><PMID Version="1">10333055</PMID><DateCompleted><Year>1999</Year><Month>07</Month><Day>02</Day></DateCompleted><DateRevised><Year>2019</Year><Month>08</Month><Day>16</Day></DateRevised><Article PubModel="Print"><Journal><ISSN IssnType="Print">0012-186X</ISSN><JournalIssue CitedMedium="Print"><Volume>42</Volume><Issue>5</Issue><PubDate><Year>1999</Year><Month>May</Month></PubDate></JournalIssue><Title>Diabetologia</Title><ISOAbbreviation>Diabetologia</ISOAbbreviation></Journal><ArticleTitle>Genetic heterogeneity of autoimmune diabetes: age of presentation in adults is influenced by HLA DRB1 and DQB1 genotypes (UKPDS 43). UK Prospective Diabetes Study (UKPDS) Group.</ArticleTitle><Pagination><MedlinePgn>608-16</MedlinePgn></Pagination><Abstract><AbstractText Label="AIMS/HYPOTHESIS" NlmCategory="OBJECTIVE">Juvenile-onset, insulin-dependent diabetes is associated with islet cell antibodies and with specific "high-risk" HLA-DRB1 and HLA-DQB1 genotypes. Patients with Type II (non-insulin-dependent) diabetes mellitus can have islet-related antibodies, but the genotypic associations at different ages of onset have not been evaluated. Our aim was to determine (i) the prevalence of DRB1 and DQB1 genotypes in patients at diagnosis of Type II diabetes at different ages from 25 to 65 years compared with the general population, and (ii) whether the presence of islet cell antibodies (ICA) or glutamic acid decarboxylase antibodies (GADA) or both by age is associated with different DRB1 and DQB1 genotypes.</AbstractText><AbstractText Label="METHODS" NlmCategory="METHODS">The antibodies to islet cells and those to glutamic acid decarboxylase were measured in 1712 white Caucasian diabetic subjects at diagnosis of diabetes and they were genotyped for HLA DRB1*03 and DRB1*04 and the high-risk DRB1*04-DQB1* 0302 haplotype. To assess over-representation of high-risk alleles for Type I (insulin-dependent) diabetes mellitus, the prevalence of high-risk alleles in diabetic patients was expressed relative to the prevalence of low-risk alleles, non-DR3/non-DR4, that provided a reference denominator in both the diabetic patients and in 200 non-diabetic control subjects. The prevalence of ICA or GADA or both in patients with different HLA genotypes was assessed in those diagnosed in four age groups, 25-34 years, 35-44 years, 45-54 years and 55-65 years.</AbstractText><AbstractText Label="RESULTS" NlmCategory="RESULTS">In Type II diabetic patients presenting at ages 25-34, 35-44 and 45-54 years, there was an increased prevalence of DR3/DR4 compared with the general population with approximately 6.5-fold, 2.9-fold, 2.1-fold over-representation, respectively (p &lt; 0.0001, &lt; 0.01, &lt; 0.05) but this was not found in those aged 55-65 years old. In the group aged 25-34 years, 32 % of patients with ICA or GADA or both had DRB1*03/DRB1*04-DQB1*0302 compared with 10% in those aged 55-65 years and expected 3% prevalence. Conversely, only 14% of those aged 25-34 years with antibodies had non-DR3/non-DR4, compared with 35 % in those aged 55-65 years. There was thus pronounced age heterogeneity in DRB1 and DQB1 predisposition to Type II diabetes. The antibodies displaced DRB1 or DQB1 genotypes in the multivariate model for requiring insulin therapy by 6 years of follow-up.</AbstractText><AbstractText Label="CONCLUSION/HYPOTHESIS" NlmCategory="CONCLUSIONS">The age of presentation of Type I diabetes in adulthood was in part dependent on the DRB1/DQB1 genotype. Islet cell antibodies and glutamic acid decarboxylase antibodies were strongly associated with DRB1*03/DRB1*04-DQB1*0302 in early adulthood but showed little relation with specific HLA genotypes after the age of 55 years.</AbstractText></Abstract><AuthorList CompleteYN="Y"><Author ValidYN="Y"><LastName>Horton</LastName><ForeName>V</ForeName><Initials>V</Initials><AffiliationInfo><Affiliation>Diabetes Research Laboratories, Radcliffe Infirmary, Oxford, United Kingdom.</Affiliation></AffiliationInfo></Author><Author ValidYN="Y"><LastName>Stratton</LastName><ForeName>I</ForeName><Initials>I</Initials></Author><Author ValidYN="Y"><LastName>Bottazzo</LastName><ForeName>G F</ForeName><Initials>GF</Initials></Author><Author ValidYN="Y"><LastName>Shattock</LastName><ForeName>M</ForeName><Initials>M</Initials></Author><Author ValidYN="Y"><LastName>Mackay</LastName><ForeName>I</ForeName><Initials>I</Initials></Author><Author ValidYN="Y"><LastName>Zimmet</LastName><ForeName>P</ForeName><Initials>P</Initials></Author><Author ValidYN="Y"><LastName>Manley</LastName><ForeName>S</ForeName><Initials>S</Initials></Author><Author ValidYN="Y"><LastName>Holman</LastName><ForeName>R</ForeName><Initials>R</Initials></Author><Author ValidYN="Y"><LastName>Turner</LastName><ForeName>R</ForeName><Initials>R</Initials></Author></AuthorList><Language>eng</Language><GrantList CompleteYN="Y"><Grant><Agency>Wellcome Trust</Agency><Country>United Kingdom</Country></Grant></GrantList><PublicationTypeList><PublicationType UI="D016428">Journal Article</PublicationType><PublicationType UI="D013485">Research Support, Non-U.S. Gov't</PublicationType><PublicationType UI="D013487">Research Support, U.S. Gov't, P.H.S.</PublicationType></PublicationTypeList></Article><MedlineJournalInfo><Country>Germany</Country><MedlineTA>Diabetologia</MedlineTA><NlmUniqueID>0006777</NlmUniqueID><ISSNLinking>0012-186X</ISSNLinking></MedlineJournalInfo><ChemicalList><Chemical><RegistryNumber>0</RegistryNumber><NameOfSubstance UI="D001323">Autoantibodies</NameOfSubstance></Chemical><Chemical><RegistryNumber>0</RegistryNumber><NameOfSubstance UI="D006683">HLA-DQ Antigens</NameOfSubstance></Chemical><Chemical><RegistryNumber>0</RegistryNumber><NameOfSubstance UI="D059866">HLA-DQ beta-Chains</NameOfSubstance></Chemical><Chemical><RegistryNumber>0</RegistryNumber><NameOfSubstance UI="C069051">HLA-DQB1 antigen</NameOfSubstance></Chemical><Chemical><RegistryNumber>0</RegistryNumber><NameOfSubstance UI="D006684">HLA-DR Antigens</NameOfSubstance></Chemical><Chemical><RegistryNumber>0</RegistryNumber><NameOfSubstance UI="D059811">HLA-DRB1 Chains</NameOfSubstance></Chemical><Chemical><RegistryNumber>0</RegistryNumber><NameOfSubstance UI="D007328">Insulin</NameOfSubstance></Chemical><Chemical><RegistryNumber>EC 4.1.1.15</RegistryNumber><NameOfSubstance UI="D005968">Glutamate Decarboxylase</NameOfSubstance></Chemical></ChemicalList><CitationSubset>IM</CitationSubset><MeshHeadingList><MeshHeading><DescriptorName UI="D000328" MajorTopicYN="N">Adult</DescriptorName></MeshHeading><MeshHeading><DescriptorName UI="D000368" MajorTopicYN="N">Aged</DescriptorName></MeshHeading><MeshHeading><DescriptorName UI="D000375" MajorTopicYN="Y">Aging</DescriptorName></MeshHeading><MeshHeading><DescriptorName UI="D001323" MajorTopicYN="N">Autoantibodies</DescriptorName><QualifierName UI="Q000097" MajorTopicYN="N">blood</QualifierName></MeshHeading><MeshHeading><DescriptorName UI="D001327" MajorTopicYN="N">Autoimmune Diseases</DescriptorName><QualifierName UI="Q000235" MajorTopicYN="Y">genetics</QualifierName></MeshHeading><MeshHeading><DescriptorName UI="D003922" MajorTopicYN="N">Diabetes Mellitus, Type 1</DescriptorName><QualifierName UI="Q000235" MajorTopicYN="Y">genetics</QualifierName><QualifierName UI="Q000276" MajorTopicYN="Y">immunology</QualifierName></MeshHeading><MeshHeading><DescriptorName UI="D005838" MajorTopicYN="Y">Genotype</DescriptorName></MeshHeading><MeshHeading><DescriptorName UI="D005968" MajorTopicYN="N">Glutamate Decarboxylase</DescriptorName><QualifierName UI="Q000276" MajorTopicYN="N">immunology</QualifierName></MeshHeading><MeshHeading><DescriptorName UI="D006683" MajorTopicYN="N">HLA-DQ Antigens</DescriptorName><QualifierName UI="Q000235" MajorTopicYN="Y">genetics</QualifierName></MeshHeading><MeshHeading><DescriptorName UI="D059866" MajorTopicYN="N">HLA-DQ beta-Chains</DescriptorName></MeshHeading><MeshHeading><DescriptorName UI="D006684" MajorTopicYN="N">HLA-DR Antigens</DescriptorName><QualifierName UI="Q000235" MajorTopicYN="Y">genetics</QualifierName></MeshHeading><MeshHeading><DescriptorName UI="D059811" MajorTopicYN="N">HLA-DRB1 Chains</DescriptorName></MeshHeading><MeshHeading><DescriptorName UI="D006801" MajorTopicYN="N">Humans</DescriptorName></MeshHeading><MeshHeading><DescriptorName UI="D007328" MajorTopicYN="N">Insulin</DescriptorName><QualifierName UI="Q000008" MajorTopicYN="N">administration &amp; dosage</QualifierName></MeshHeading><MeshHeading><DescriptorName UI="D007515" MajorTopicYN="N">Islets of Langerhans</DescriptorName><QualifierName UI="Q000276" MajorTopicYN="N">immunology</QualifierName></MeshHeading><MeshHeading><DescriptorName UI="D008875" MajorTopicYN="N">Middle Aged</DescriptorName></MeshHeading><MeshHeading><DescriptorName UI="D011897" MajorTopicYN="N">Random Allocation</DescriptorName></MeshHeading><MeshHeading><DescriptorName UI="D012307" MajorTopicYN="N">Risk Factors</DescriptorName></MeshHeading></MeshHeadingList></MedlineCitation><PubmedData><History><PubMedPubDate PubStatus="pubmed"><Year>1999</Year><Month>5</Month><Day>20</Day></PubMedPubDate><PubMedPubDate PubStatus="medline"><Year>1999</Year><Month>5</Month><Day>20</Day><Hour>0</Hour><Minute>1</Minute></PubMedPubDate><PubMedPubDate PubStatus="entrez"><Year>1999</Year><Month>5</Month><Day>20</Day><Hour>0</Hour><Minute>0</Minute></PubMedPubDate></History><PublicationStatus>ppublish</PublicationStatus><ArticleIdList><ArticleId IdType="pubmed">10333055</ArticleId><ArticleId IdType="doi">10.1007/s001250051202</ArticleId></ArticleIdList></PubmedData></PubmedArticle></PubmedArticleSet>