<?xml version="1.0" ?>
<!DOCTYPE PubmedArticleSet PUBLIC "-//NLM//DTD PubMedArticle, 1st January 2019//EN" "https://dtd.nlm.nih.gov/ncbi/pubmed/out/pubmed_190101.dtd">
<PubmedArticleSet><PubmedArticle><MedlineCitation Status="MEDLINE" Owner="NLM"><PMID Version="1">10332687</PMID><DateCompleted><Year>1999</Year><Month>07</Month><Day>09</Day></DateCompleted><DateRevised><Year>2022</Year><Month>03</Month><Day>17</Day></DateRevised><Article PubModel="Print"><Journal><ISSN IssnType="Print">0149-5992</ISSN><JournalIssue CitedMedium="Print"><Volume>22</Volume><Issue>5</Issue><PubDate><Year>1999</Year><Month>May</Month></PubDate></JournalIssue><Title>Diabetes care</Title><ISOAbbreviation>Diabetes Care</ISOAbbreviation></Journal><ArticleTitle>Apolipoprotein(B) identifies dyslipidemic phenotypes associated with cardiovascular risk in normocholesterolemic type 2 diabetic patients.</ArticleTitle><Pagination><MedlinePgn>812-7</MedlinePgn></Pagination><Abstract><AbstractText Label="OBJECTIVE" NlmCategory="OBJECTIVE">Apolipoprotein(B) [apo(B)] reflects the total mass of atherogenic particles (VLDL, IDL, and LDL), and its increase is associated with cardiovascular disease independently of LDL cholesterol (LDLc) levels. Apo(B) determination has been recently standardized, but attention to regional reference limits is advisable. Our aim was to analyze the frequency of dyslipidemic phenotypes, including those dependent on increased apo(B) in normocholesterolemic type 2 diabetic patients.</AbstractText><AbstractText Label="RESEARCH DESIGN AND METHODS" NlmCategory="METHODS">A total of 100 consecutively seen type 2 diabetic patients (63 men, 37 women; aged 59 +/- 11 years) were included, after excluding those on lipid-lowering therapy. Apo(B) cutoff (1.1 g/l) was obtained from a group of normolipidemic (47 men, 21 women) control subjects, and LDLc, triglycerides, and HDL cholesterol (HDLc) cutoff points were those from the National Cholesterol Education Program guidelines. LDLc levels were obtained by ultracentrifugation if triglyceride levels were &gt; 3.45 mmol/l; otherwise, they were calculated (Friedwald). Apo(B) levels were measured by immunoturbidimetry.</AbstractText><AbstractText Label="RESULTS" NlmCategory="RESULTS">Normocholesterolemia (LDLc &lt; 4.13 mmol/l) appeared in 75 of the 100 patients, of whom 55 were normo- and 20 hypertriglyceridemic. Hyperapolipoprotein(B) [hyperapo(B)] was the most frequent lipid disorder, present in 34 (45%) of the normocholesterolemic patients (22 normo- and 12 hypertriglyceridemic). Low HDLc levels were more prevalent (53%) in patients with hyperapo(B) than in the rest (24%).</AbstractText><AbstractText Label="CONCLUSIONS" NlmCategory="CONCLUSIONS">Hyperapo(B) was found in almost half of the normocholesterolemic type 2 diabetic patients and was frequently associated with low HDLc levels and hypertriglyceridemia. Thus, given its independent association with cardiovascular disease and that it identifies high-risk phenotypes in normocholesterolemic diabetic patients apo(B) should be used to evaluate the lipidic pattern of these patients.</AbstractText></Abstract><AuthorList CompleteYN="Y"><Author ValidYN="Y"><LastName>Wägner</LastName><ForeName>A M</ForeName><Initials>AM</Initials><AffiliationInfo><Affiliation>Department of Endocrinology, Hospital de Sant Pau, Universitat Autónoma, Barcelona, Spain.</Affiliation></AffiliationInfo></Author><Author ValidYN="Y"><LastName>Pérez</LastName><ForeName>A</ForeName><Initials>A</Initials></Author><Author ValidYN="Y"><LastName>Calvo</LastName><ForeName>F</ForeName><Initials>F</Initials></Author><Author ValidYN="Y"><LastName>Bonet</LastName><ForeName>R</ForeName><Initials>R</Initials></Author><Author ValidYN="Y"><LastName>Castellví</LastName><ForeName>A</ForeName><Initials>A</Initials></Author><Author ValidYN="Y"><LastName>Ordóñez</LastName><ForeName>J</ForeName><Initials>J</Initials></Author></AuthorList><Language>eng</Language><PublicationTypeList><PublicationType UI="D016428">Journal Article</PublicationType></PublicationTypeList></Article><MedlineJournalInfo><Country>United States</Country><MedlineTA>Diabetes Care</MedlineTA><NlmUniqueID>7805975</NlmUniqueID><ISSNLinking>0149-5992</ISSNLinking></MedlineJournalInfo><ChemicalList><Chemical><RegistryNumber>0</RegistryNumber><NameOfSubstance UI="D001055">Apolipoproteins B</NameOfSubstance></Chemical><Chemical><RegistryNumber>0</RegistryNumber><NameOfSubstance UI="D008076">Cholesterol, HDL</NameOfSubstance></Chemical><Chemical><RegistryNumber>0</RegistryNumber><NameOfSubstance UI="D008078">Cholesterol, LDL</NameOfSubstance></Chemical><Chemical><RegistryNumber>0</RegistryNumber><NameOfSubstance UI="D015243">Cholesterol, VLDL</NameOfSubstance></Chemical><Chemical><RegistryNumber>97C5T2UQ7J</RegistryNumber><NameOfSubstance UI="D002784">Cholesterol</NameOfSubstance></Chemical></ChemicalList><CitationSubset>IM</CitationSubset><MeshHeadingList><MeshHeading><DescriptorName UI="D001055" MajorTopicYN="N">Apolipoproteins B</DescriptorName><QualifierName UI="Q000097" MajorTopicYN="Y">blood</QualifierName><QualifierName UI="Q000235" MajorTopicYN="N">genetics</QualifierName></MeshHeading><MeshHeading><DescriptorName UI="D002318" MajorTopicYN="N">Cardiovascular Diseases</DescriptorName><QualifierName UI="Q000453" MajorTopicYN="Y">epidemiology</QualifierName></MeshHeading><MeshHeading><DescriptorName UI="D002784" MajorTopicYN="N">Cholesterol</DescriptorName><QualifierName UI="Q000097" MajorTopicYN="Y">blood</QualifierName></MeshHeading><MeshHeading><DescriptorName UI="D008076" MajorTopicYN="N">Cholesterol, HDL</DescriptorName><QualifierName UI="Q000097" MajorTopicYN="N">blood</QualifierName></MeshHeading><MeshHeading><DescriptorName UI="D008078" MajorTopicYN="N">Cholesterol, LDL</DescriptorName><QualifierName UI="Q000097" MajorTopicYN="N">blood</QualifierName></MeshHeading><MeshHeading><DescriptorName UI="D015243" MajorTopicYN="N">Cholesterol, VLDL</DescriptorName><QualifierName UI="Q000097" MajorTopicYN="N">blood</QualifierName></MeshHeading><MeshHeading><DescriptorName UI="D003924" MajorTopicYN="N">Diabetes Mellitus, Type 2</DescriptorName><QualifierName UI="Q000097" MajorTopicYN="N">blood</QualifierName><QualifierName UI="Q000150" MajorTopicYN="N">complications</QualifierName><QualifierName UI="Q000235" MajorTopicYN="Y">genetics</QualifierName></MeshHeading><MeshHeading><DescriptorName UI="D003925" MajorTopicYN="N">Diabetic Angiopathies</DescriptorName><QualifierName UI="Q000453" MajorTopicYN="N">epidemiology</QualifierName></MeshHeading><MeshHeading><DescriptorName UI="D005260" MajorTopicYN="N">Female</DescriptorName></MeshHeading><MeshHeading><DescriptorName UI="D006801" MajorTopicYN="N">Humans</DescriptorName></MeshHeading><MeshHeading><DescriptorName UI="D006949" MajorTopicYN="N">Hyperlipidemias</DescriptorName><QualifierName UI="Q000453" MajorTopicYN="N">epidemiology</QualifierName><QualifierName UI="Q000235" MajorTopicYN="Y">genetics</QualifierName></MeshHeading><MeshHeading><DescriptorName UI="D008297" MajorTopicYN="N">Male</DescriptorName></MeshHeading><MeshHeading><DescriptorName UI="D008875" MajorTopicYN="N">Middle Aged</DescriptorName></MeshHeading><MeshHeading><DescriptorName UI="D010641" MajorTopicYN="N">Phenotype</DescriptorName></MeshHeading><MeshHeading><DescriptorName UI="D012016" MajorTopicYN="N">Reference Values</DescriptorName></MeshHeading><MeshHeading><DescriptorName UI="D012307" MajorTopicYN="N">Risk Factors</DescriptorName></MeshHeading></MeshHeadingList></MedlineCitation><PubmedData><History><PubMedPubDate PubStatus="pubmed"><Year>1999</Year><Month>5</Month><Day>20</Day></PubMedPubDate><PubMedPubDate PubStatus="medline"><Year>1999</Year><Month>5</Month><Day>20</Day><Hour>0</Hour><Minute>1</Minute></PubMedPubDate><PubMedPubDate PubStatus="entrez"><Year>1999</Year><Month>5</Month><Day>20</Day><Hour>0</Hour><Minute>0</Minute></PubMedPubDate></History><PublicationStatus>ppublish</PublicationStatus><ArticleIdList><ArticleId IdType="pubmed">10332687</ArticleId><ArticleId IdType="doi">10.2337/diacare.22.5.812</ArticleId></ArticleIdList></PubmedData></PubmedArticle></PubmedArticleSet>