<?xml version="1.0" ?>
<!DOCTYPE PubmedArticleSet PUBLIC "-//NLM//DTD PubMedArticle, 1st January 2019//EN" "https://dtd.nlm.nih.gov/ncbi/pubmed/out/pubmed_190101.dtd">
<PubmedArticleSet><PubmedArticle><MedlineCitation Status="MEDLINE" Owner="NLM"><PMID Version="1">10339045</PMID><DateCompleted><Year>1999</Year><Month>02</Month><Day>23</Day></DateCompleted><DateRevised><Year>2019</Year><Month>12</Month><Day>10</Day></DateRevised><Article PubModel="Print"><Journal><ISSN IssnType="Print">1063-8628</ISSN><JournalIssue CitedMedium="Print"><Volume>6</Volume><Issue>4</Issue><PubDate><Year>1998</Year><Month>Sep</Month></PubDate></JournalIssue><Title>Quality management in health care</Title><ISOAbbreviation>Qual Manag Health Care</ISOAbbreviation></Journal><ArticleTitle>Changing the process of diabetes care improves metabolic outcomes and reduces hospitalizations.</ArticleTitle><Pagination><MedlinePgn>53-62</MedlinePgn></Pagination><Abstract><AbstractText>We designed and evaluated an ambulatory care intervention aimed at improving glycemic control and reducing hospitalizations in patients with insulin-dependent diabetes mellitus (IDDM). One hundred seventy-one youth with IDDM, ages 10-15, were assigned either to a Care Ambassador intervention (N = 89) or to standard care (N = 82). The intervention consisted of scheduling, confirming, and documenting medical follow-up for 24 months. During the study, the intervention group had more diabetes visits, 7.1 +/- 1.50 (mean +/- SD) Vs. 5.2 +/- 2.57 in the standard care group (P = 0.0001). In the at-risk subjects (baseline HbA1c 8.1%, N = 162), 50% of intervention subjects compared with 29% of standard care achieved HbA1c 8.6% while 17% of intervention subjects compared with 32% of standard care had values &gt; 9.6% (P = 0.039). During follow-up, severe hypoglycemia and hospitalization/ER use occurred at half the rate in the intervention group compared with standard care. This specific, low-cost intervention aimed at increasing ambulatory medical visits in at-risk patients with diabetes improves metabolic outcomes and significantly reduces hospital/ER use.</AbstractText></Abstract><AuthorList CompleteYN="Y"><Author ValidYN="Y"><LastName>Laffel</LastName><ForeName>L M</ForeName><Initials>LM</Initials><AffiliationInfo><Affiliation>Pediatric and Adolescent Unit, Joslin Diabetes Center, Boston, MA, USA.</Affiliation></AffiliationInfo></Author><Author ValidYN="Y"><LastName>Brackett</LastName><ForeName>J</ForeName><Initials>J</Initials></Author><Author ValidYN="Y"><LastName>Ho</LastName><ForeName>J</ForeName><Initials>J</Initials></Author><Author ValidYN="Y"><LastName>Anderson</LastName><ForeName>B J</ForeName><Initials>BJ</Initials></Author></AuthorList><Language>eng</Language><GrantList CompleteYN="Y"><Grant><GrantID>DK-46887</GrantID><Acronym>DK</Acronym><Agency>NIDDK NIH HHS</Agency><Country>United States</Country></Grant></GrantList><PublicationTypeList><PublicationType UI="D016430">Clinical Trial</PublicationType><PublicationType UI="D018848">Controlled Clinical Trial</PublicationType><PublicationType UI="D016428">Journal Article</PublicationType><PublicationType UI="D013485">Research Support, Non-U.S. Gov't</PublicationType><PublicationType UI="D013487">Research Support, U.S. Gov't, P.H.S.</PublicationType></PublicationTypeList></Article><MedlineJournalInfo><Country>United States</Country><MedlineTA>Qual Manag Health Care</MedlineTA><NlmUniqueID>9306156</NlmUniqueID><ISSNLinking>1063-8628</ISSNLinking></MedlineJournalInfo><ChemicalList><Chemical><RegistryNumber>0</RegistryNumber><NameOfSubstance UI="D001786">Blood Glucose</NameOfSubstance></Chemical><Chemical><RegistryNumber>0</RegistryNumber><NameOfSubstance UI="D006442">Glycated Hemoglobin A</NameOfSubstance></Chemical></ChemicalList><MeshHeadingList><MeshHeading><DescriptorName UI="D000293" MajorTopicYN="N">Adolescent</DescriptorName></MeshHeading><MeshHeading><DescriptorName UI="D001786" MajorTopicYN="N">Blood Glucose</DescriptorName><QualifierName UI="Q000378" MajorTopicYN="N">metabolism</QualifierName></MeshHeading><MeshHeading><DescriptorName UI="D001900" MajorTopicYN="N" Type="Geographic">Boston</DescriptorName></MeshHeading><MeshHeading><DescriptorName UI="D002648" MajorTopicYN="N">Child</DescriptorName></MeshHeading><MeshHeading><DescriptorName UI="D003922" MajorTopicYN="N">Diabetes Mellitus, Type 1</DescriptorName><QualifierName UI="Q000378" MajorTopicYN="N">metabolism</QualifierName><QualifierName UI="Q000628" MajorTopicYN="Y">therapy</QualifierName></MeshHeading><MeshHeading><DescriptorName UI="D019468" MajorTopicYN="Y">Disease Management</DescriptorName></MeshHeading><MeshHeading><DescriptorName UI="D004636" MajorTopicYN="N">Emergency Service, Hospital</DescriptorName><QualifierName UI="Q000706" MajorTopicYN="N">statistics &amp; numerical data</QualifierName></MeshHeading><MeshHeading><DescriptorName UI="D006442" MajorTopicYN="N">Glycated Hemoglobin A</DescriptorName><QualifierName UI="Q000378" MajorTopicYN="N">metabolism</QualifierName></MeshHeading><MeshHeading><DescriptorName UI="D006760" MajorTopicYN="N">Hospitalization</DescriptorName><QualifierName UI="Q000706" MajorTopicYN="Y">statistics &amp; numerical data</QualifierName></MeshHeading><MeshHeading><DescriptorName UI="D006801" MajorTopicYN="N">Humans</DescriptorName></MeshHeading><MeshHeading><DescriptorName UI="D010043" MajorTopicYN="N">Outcome and Process Assessment, Health Care</DescriptorName><QualifierName UI="Q000379" MajorTopicYN="Y">methods</QualifierName></MeshHeading><MeshHeading><DescriptorName UI="D016896" MajorTopicYN="N">Treatment Outcome</DescriptorName></MeshHeading></MeshHeadingList></MedlineCitation><PubmedData><History><PubMedPubDate PubStatus="pubmed"><Year>1999</Year><Month>5</Month><Day>29</Day></PubMedPubDate><PubMedPubDate PubStatus="medline"><Year>1999</Year><Month>5</Month><Day>29</Day><Hour>0</Hour><Minute>1</Minute></PubMedPubDate><PubMedPubDate PubStatus="entrez"><Year>1999</Year><Month>5</Month><Day>29</Day><Hour>0</Hour><Minute>0</Minute></PubMedPubDate></History><PublicationStatus>ppublish</PublicationStatus><ArticleIdList><ArticleId IdType="pubmed">10339045</ArticleId><ArticleId IdType="doi">10.1097/00019514-199806040-00006</ArticleId></ArticleIdList></PubmedData></PubmedArticle></PubmedArticleSet>