<?xml version="1.0" ?>
<!DOCTYPE PubmedArticleSet PUBLIC "-//NLM//DTD PubMedArticle, 1st January 2019//EN" "https://dtd.nlm.nih.gov/ncbi/pubmed/out/pubmed_190101.dtd">
<PubmedArticleSet><PubmedArticle><MedlineCitation Status="MEDLINE" Owner="NLM"><PMID Version="1">10332683</PMID><DateCompleted><Year>1999</Year><Month>07</Month><Day>09</Day></DateCompleted><DateRevised><Year>2019</Year><Month>05</Month><Day>15</Day></DateRevised><Article PubModel="Print"><Journal><ISSN IssnType="Print">0149-5992</ISSN><JournalIssue CitedMedium="Print"><Volume>22</Volume><Issue>5</Issue><PubDate><Year>1999</Year><Month>May</Month></PubDate></JournalIssue><Title>Diabetes care</Title><ISOAbbreviation>Diabetes Care</ISOAbbreviation></Journal><ArticleTitle>A double-blind randomized comparison of meal-related glycemic control by repaglinide and glyburide in well-controlled type 2 diabetic patients.</ArticleTitle><Pagination><MedlinePgn>789-94</MedlinePgn></Pagination><Abstract><AbstractText Label="OBJECTIVE" NlmCategory="OBJECTIVE">This study was designed to compare diurnal blood glucose excursions and the effects of accidental dietary noncompliance in type 2 diabetic patients who are well-controlled on either repaglinide or glyburide treatment.</AbstractText><AbstractText Label="RESEARCH DESIGN AND METHODS" NlmCategory="METHODS">This single-center double-blind randomized study comprised type 2 diabetic patients whose mean fasting blood glucose value after repaglinide/glyburide titration and stabilization was in the range of 90-140 mg/dl. The study consisted of an initial screening day, a titration period of 3 weeks, a 1-week stabilization period, a study period, and an end-of-study day. During the 3-day study period, half the patients of each group received two meals on the first day and three meals on the next 2 days, and in the other half, this sequence was reversed. Repaglinide was administered preprandially with each meal, and glyburide was administered as recommended in current labeling, i.e., either one or two daily doses before breakfast and dinner, regardless of whether lunch had been omitted. The diurnal blood glucose excursions on a day in which three meals were eaten were compared between the two groups, and the minimum blood glucose concentration (BGmin) measurements were compared between lunch and dinner on days with three and two meals.</AbstractText><AbstractText Label="RESULTS" NlmCategory="RESULTS">Of the 83 randomized patients, 43 entered into the 3-day study period and completed the trial. The results showed no significant differences between the repaglinide and glyburide groups in average blood glucose excursions from fasting blood glucose (P = 0.44). The influence on the mean BGmin of omitting a meal differed significantly between the repaglinide and glyburide groups (P = 0.014). In the latter group, BGmin decreased from 77 to 61 mg/dl as a result of omitting lunch, whereas in the repaglinide group, BGmin was unchanged for the two-meal day (78 mg/dl) and the three-meal day (76 mg/dl). All hypoglycemic events (n = 6) occurred in the glyburide group on the two-meal day, in connection with omitting lunch. No hypoglycemic events were recorded in the repaglinide group.</AbstractText><AbstractText Label="CONCLUSIONS" NlmCategory="CONCLUSIONS">These results suggest that treatment with repaglinide in well-controlled type 2 diabetic patients who miss or delay a meal is superior to treatment with longer-acting sulfonylurea drugs (such as glyburide) with respect to the risk of hypoglycemic episodes.</AbstractText></Abstract><AuthorList CompleteYN="Y"><Author ValidYN="Y"><LastName>Damsbo</LastName><ForeName>P</ForeName><Initials>P</Initials><AffiliationInfo><Affiliation>Novo Nordisk, Copenhagen, Denmark.</Affiliation></AffiliationInfo></Author><Author ValidYN="Y"><LastName>Clauson</LastName><ForeName>P</ForeName><Initials>P</Initials></Author><Author ValidYN="Y"><LastName>Marbury</LastName><ForeName>T C</ForeName><Initials>TC</Initials></Author><Author ValidYN="Y"><LastName>Windfeld</LastName><ForeName>K</ForeName><Initials>K</Initials></Author></AuthorList><Language>eng</Language><PublicationTypeList><PublicationType UI="D016430">Clinical Trial</PublicationType><PublicationType UI="D003160">Comparative Study</PublicationType><PublicationType UI="D016428">Journal Article</PublicationType><PublicationType UI="D016449">Randomized Controlled Trial</PublicationType></PublicationTypeList></Article><MedlineJournalInfo><Country>United States</Country><MedlineTA>Diabetes Care</MedlineTA><NlmUniqueID>7805975</NlmUniqueID><ISSNLinking>0149-5992</ISSNLinking></MedlineJournalInfo><ChemicalList><Chemical><RegistryNumber>0</RegistryNumber><NameOfSubstance UI="D001786">Blood Glucose</NameOfSubstance></Chemical><Chemical><RegistryNumber>0</RegistryNumber><NameOfSubstance UI="D002219">Carbamates</NameOfSubstance></Chemical><Chemical><RegistryNumber>0</RegistryNumber><NameOfSubstance UI="D007004">Hypoglycemic Agents</NameOfSubstance></Chemical><Chemical><RegistryNumber>0</RegistryNumber><NameOfSubstance UI="D010880">Piperidines</NameOfSubstance></Chemical><Chemical><RegistryNumber>668Z8C33LU</RegistryNumber><NameOfSubstance UI="C072379">repaglinide</NameOfSubstance></Chemical><Chemical><RegistryNumber>SX6K58TVWC</RegistryNumber><NameOfSubstance UI="D005905">Glyburide</NameOfSubstance></Chemical></ChemicalList><CitationSubset>IM</CitationSubset><MeshHeadingList><MeshHeading><DescriptorName UI="D000328" MajorTopicYN="N">Adult</DescriptorName></MeshHeading><MeshHeading><DescriptorName UI="D000368" MajorTopicYN="N">Aged</DescriptorName></MeshHeading><MeshHeading><DescriptorName UI="D001786" MajorTopicYN="N">Blood Glucose</DescriptorName><QualifierName UI="Q000378" MajorTopicYN="N">metabolism</QualifierName></MeshHeading><MeshHeading><DescriptorName UI="D002219" MajorTopicYN="N">Carbamates</DescriptorName><QualifierName UI="Q000008" MajorTopicYN="N">administration &amp; dosage</QualifierName><QualifierName UI="Q000009" MajorTopicYN="N">adverse effects</QualifierName><QualifierName UI="Q000627" MajorTopicYN="Y">therapeutic use</QualifierName></MeshHeading><MeshHeading><DescriptorName UI="D003924" MajorTopicYN="N">Diabetes Mellitus, Type 2</DescriptorName><QualifierName UI="Q000097" MajorTopicYN="N">blood</QualifierName><QualifierName UI="Q000178" MajorTopicYN="N">diet therapy</QualifierName><QualifierName UI="Q000188" MajorTopicYN="Y">drug therapy</QualifierName></MeshHeading><MeshHeading><DescriptorName UI="D003927" MajorTopicYN="N">Diet, Diabetic</DescriptorName></MeshHeading><MeshHeading><DescriptorName UI="D004311" MajorTopicYN="N">Double-Blind Method</DescriptorName></MeshHeading><MeshHeading><DescriptorName UI="D004334" MajorTopicYN="N">Drug Administration Schedule</DescriptorName></MeshHeading><MeshHeading><DescriptorName UI="D004435" MajorTopicYN="N">Eating</DescriptorName></MeshHeading><MeshHeading><DescriptorName UI="D002149" MajorTopicYN="N">Energy Intake</DescriptorName></MeshHeading><MeshHeading><DescriptorName UI="D005215" MajorTopicYN="N">Fasting</DescriptorName></MeshHeading><MeshHeading><DescriptorName UI="D005905" MajorTopicYN="N">Glyburide</DescriptorName><QualifierName UI="Q000008" MajorTopicYN="N">administration &amp; dosage</QualifierName><QualifierName UI="Q000009" MajorTopicYN="N">adverse effects</QualifierName><QualifierName UI="Q000627" MajorTopicYN="Y">therapeutic use</QualifierName></MeshHeading><MeshHeading><DescriptorName UI="D006801" MajorTopicYN="N">Humans</DescriptorName></MeshHeading><MeshHeading><DescriptorName UI="D007004" MajorTopicYN="N">Hypoglycemic Agents</DescriptorName><QualifierName UI="Q000008" MajorTopicYN="N">administration &amp; dosage</QualifierName><QualifierName UI="Q000009" MajorTopicYN="N">adverse effects</QualifierName><QualifierName UI="Q000627" MajorTopicYN="Y">therapeutic use</QualifierName></MeshHeading><MeshHeading><DescriptorName UI="D008875" MajorTopicYN="N">Middle Aged</DescriptorName></MeshHeading><MeshHeading><DescriptorName UI="D010880" MajorTopicYN="N">Piperidines</DescriptorName><QualifierName UI="Q000008" MajorTopicYN="N">administration &amp; dosage</QualifierName><QualifierName UI="Q000009" MajorTopicYN="N">adverse effects</QualifierName><QualifierName UI="Q000627" MajorTopicYN="Y">therapeutic use</QualifierName></MeshHeading></MeshHeadingList></MedlineCitation><PubmedData><History><PubMedPubDate PubStatus="pubmed"><Year>1999</Year><Month>5</Month><Day>20</Day></PubMedPubDate><PubMedPubDate PubStatus="medline"><Year>1999</Year><Month>5</Month><Day>20</Day><Hour>0</Hour><Minute>1</Minute></PubMedPubDate><PubMedPubDate PubStatus="entrez"><Year>1999</Year><Month>5</Month><Day>20</Day><Hour>0</Hour><Minute>0</Minute></PubMedPubDate></History><PublicationStatus>ppublish</PublicationStatus><ArticleIdList><ArticleId IdType="pubmed">10332683</ArticleId><ArticleId IdType="doi">10.2337/diacare.22.5.789</ArticleId></ArticleIdList></PubmedData></PubmedArticle></PubmedArticleSet>