<?xml version="1.0" ?>
<!DOCTYPE PubmedArticleSet PUBLIC "-//NLM//DTD PubMedArticle, 1st January 2019//EN" "https://dtd.nlm.nih.gov/ncbi/pubmed/out/pubmed_190101.dtd">
<PubmedArticleSet><PubmedArticle><MedlineCitation Status="MEDLINE" Owner="NLM"><PMID Version="1">10333946</PMID><DateCompleted><Year>1999</Year><Month>07</Month><Day>09</Day></DateCompleted><DateRevised><Year>2019</Year><Month>05</Month><Day>15</Day></DateRevised><Article PubModel="Print"><Journal><ISSN IssnType="Print">0149-5992</ISSN><JournalIssue CitedMedium="Print"><Volume>22</Volume><Issue>2</Issue><PubDate><Year>1999</Year><Month>Feb</Month></PubDate></JournalIssue><Title>Diabetes care</Title><ISOAbbreviation>Diabetes Care</ISOAbbreviation></Journal><ArticleTitle>alpha-Lipoic acid treatment decreases serum lactate and pyruvate concentrations and improves glucose effectiveness in lean and obese patients with type 2 diabetes.</ArticleTitle><Pagination><MedlinePgn>280-7</MedlinePgn></Pagination><Abstract><AbstractText Label="OBJECTIVE" NlmCategory="OBJECTIVE">We examined the effect of lipoic acid (LA), a cofactor of the pyruvate dehydrogenase complex (PDH), on insulin sensitivity (SI) and glucose effectiveness (SG) and on serum lactate and pyruvate levels after oral glucose tolerance tests (OGTTs) and modified frequently sampled intravenous glucose tolerance tests (FSIGTTs) in lean (n = 10) and obese (n = 10) patients with type 2 diabetes.</AbstractText><AbstractText Label="RESEARCH DESIGN AND METHODS" NlmCategory="METHODS">FSIGTT data were analyzed by minimal modeling technique to determine SI and SG before and after oral treatment (600 mg, twice a day, for 4 weeks). Serum lactate and pyruvate levels of diabetic patients after glucose loading were compared with those of lean (n = 10) and obese (n = 10) healthy control subjects in which SI and SG were also determined from FSIGTT data.</AbstractText><AbstractText Label="RESULTS" NlmCategory="RESULTS">Fasting lactate and pyruvate levels were significantly increased in patients with type 2 diabetes. These metabolites did not exceed elevated fasting concentrations after glucose loading in lean patients with type 2 diabetes. However, a twofold increase of lactate and pyruvate levels was measured in obese diabetic patients. LA treatment was associated with increased SG in both diabetic groups (lean 1.28 +/- 0.14 to 1.93 +/- 0.13; obese 1.07 +/- 0.11 to 1.53 +/- 0.08 x 10(-2) min-1, P &lt; 0.05). Higher SI and lower fasting glucose were measured in lean diabetic patients only (P &lt; 0.05). Lactate and pyruvate before and after glucose loading were approximately 45% lower in lean and obese diabetic patients after LA treatment.</AbstractText><AbstractText Label="CONCLUSIONS" NlmCategory="CONCLUSIONS">Treatment of lean and obese diabetic patients with LA prevents hyperglycemia-induced increments of serum lactate and pyruvate levels and increases SG.</AbstractText></Abstract><AuthorList CompleteYN="Y"><Author ValidYN="Y"><LastName>Konrad</LastName><ForeName>T</ForeName><Initials>T</Initials><AffiliationInfo><Affiliation>Department of Internal Medicine, J.W. Goethe-University, Frankfurt, Germany.</Affiliation></AffiliationInfo></Author><Author ValidYN="Y"><LastName>Vicini</LastName><ForeName>P</ForeName><Initials>P</Initials></Author><Author ValidYN="Y"><LastName>Kusterer</LastName><ForeName>K</ForeName><Initials>K</Initials></Author><Author ValidYN="Y"><LastName>Höflich</LastName><ForeName>A</ForeName><Initials>A</Initials></Author><Author ValidYN="Y"><LastName>Assadkhani</LastName><ForeName>A</ForeName><Initials>A</Initials></Author><Author ValidYN="Y"><LastName>Böhles</LastName><ForeName>H J</ForeName><Initials>HJ</Initials></Author><Author ValidYN="Y"><LastName>Sewell</LastName><ForeName>A</ForeName><Initials>A</Initials></Author><Author ValidYN="Y"><LastName>Tritschler</LastName><ForeName>H J</ForeName><Initials>HJ</Initials></Author><Author ValidYN="Y"><LastName>Cobelli</LastName><ForeName>C</ForeName><Initials>C</Initials></Author><Author ValidYN="Y"><LastName>Usadel</LastName><ForeName>K H</ForeName><Initials>KH</Initials></Author></AuthorList><Language>eng</Language><PublicationTypeList><PublicationType UI="D016428">Journal Article</PublicationType></PublicationTypeList></Article><MedlineJournalInfo><Country>United States</Country><MedlineTA>Diabetes Care</MedlineTA><NlmUniqueID>7805975</NlmUniqueID><ISSNLinking>0149-5992</ISSNLinking></MedlineJournalInfo><ChemicalList><Chemical><RegistryNumber>0</RegistryNumber><NameOfSubstance UI="D001786">Blood Glucose</NameOfSubstance></Chemical><Chemical><RegistryNumber>0</RegistryNumber><NameOfSubstance UI="D006442">Glycated Hemoglobin A</NameOfSubstance></Chemical><Chemical><RegistryNumber>0</RegistryNumber><NameOfSubstance UI="D007328">Insulin</NameOfSubstance></Chemical><Chemical><RegistryNumber>0</RegistryNumber><NameOfSubstance UI="D007773">Lactates</NameOfSubstance></Chemical><Chemical><RegistryNumber>0</RegistryNumber><NameOfSubstance UI="D011773">Pyruvates</NameOfSubstance></Chemical><Chemical><RegistryNumber>0</RegistryNumber><NameOfSubstance UI="D014280">Triglycerides</NameOfSubstance></Chemical><Chemical><RegistryNumber>73Y7P0K73Y</RegistryNumber><NameOfSubstance UI="D008063">Thioctic Acid</NameOfSubstance></Chemical></ChemicalList><CitationSubset>IM</CitationSubset><MeshHeadingList><MeshHeading><DescriptorName UI="D001786" MajorTopicYN="N">Blood Glucose</DescriptorName><QualifierName UI="Q000187" MajorTopicYN="N">drug effects</QualifierName><QualifierName UI="Q000378" MajorTopicYN="Y">metabolism</QualifierName></MeshHeading><MeshHeading><DescriptorName UI="D003920" MajorTopicYN="N">Diabetes Mellitus</DescriptorName><QualifierName UI="Q000097" MajorTopicYN="Y">blood</QualifierName></MeshHeading><MeshHeading><DescriptorName UI="D003924" MajorTopicYN="N">Diabetes Mellitus, Type 2</DescriptorName><QualifierName UI="Q000097" MajorTopicYN="Y">blood</QualifierName></MeshHeading><MeshHeading><DescriptorName UI="D005215" MajorTopicYN="N">Fasting</DescriptorName></MeshHeading><MeshHeading><DescriptorName UI="D005951" MajorTopicYN="N">Glucose Tolerance Test</DescriptorName></MeshHeading><MeshHeading><DescriptorName UI="D006442" MajorTopicYN="N">Glycated Hemoglobin A</DescriptorName><QualifierName UI="Q000032" MajorTopicYN="N">analysis</QualifierName></MeshHeading><MeshHeading><DescriptorName UI="D006801" MajorTopicYN="N">Humans</DescriptorName></MeshHeading><MeshHeading><DescriptorName UI="D006943" MajorTopicYN="N">Hyperglycemia</DescriptorName><QualifierName UI="Q000097" MajorTopicYN="N">blood</QualifierName></MeshHeading><MeshHeading><DescriptorName UI="D007328" MajorTopicYN="N">Insulin</DescriptorName><QualifierName UI="Q000097" MajorTopicYN="N">blood</QualifierName></MeshHeading><MeshHeading><DescriptorName UI="D007773" MajorTopicYN="N">Lactates</DescriptorName><QualifierName UI="Q000097" MajorTopicYN="Y">blood</QualifierName></MeshHeading><MeshHeading><DescriptorName UI="D008875" MajorTopicYN="N">Middle Aged</DescriptorName></MeshHeading><MeshHeading><DescriptorName UI="D009765" MajorTopicYN="Y">Obesity</DescriptorName></MeshHeading><MeshHeading><DescriptorName UI="D011773" MajorTopicYN="N">Pyruvates</DescriptorName><QualifierName UI="Q000097" MajorTopicYN="Y">blood</QualifierName></MeshHeading><MeshHeading><DescriptorName UI="D012016" MajorTopicYN="N">Reference Values</DescriptorName></MeshHeading><MeshHeading><DescriptorName UI="D013851" MajorTopicYN="N">Thinness</DescriptorName></MeshHeading><MeshHeading><DescriptorName UI="D008063" MajorTopicYN="N">Thioctic Acid</DescriptorName><QualifierName UI="Q000494" MajorTopicYN="Y">pharmacology</QualifierName></MeshHeading><MeshHeading><DescriptorName UI="D013997" MajorTopicYN="N">Time Factors</DescriptorName></MeshHeading><MeshHeading><DescriptorName UI="D014280" MajorTopicYN="N">Triglycerides</DescriptorName><QualifierName UI="Q000097" MajorTopicYN="N">blood</QualifierName></MeshHeading></MeshHeadingList></MedlineCitation><PubmedData><History><PubMedPubDate PubStatus="pubmed"><Year>1999</Year><Month>5</Month><Day>20</Day></PubMedPubDate><PubMedPubDate PubStatus="medline"><Year>1999</Year><Month>5</Month><Day>20</Day><Hour>0</Hour><Minute>1</Minute></PubMedPubDate><PubMedPubDate PubStatus="entrez"><Year>1999</Year><Month>5</Month><Day>20</Day><Hour>0</Hour><Minute>0</Minute></PubMedPubDate></History><PublicationStatus>ppublish</PublicationStatus><ArticleIdList><ArticleId IdType="pubmed">10333946</ArticleId><ArticleId IdType="doi">10.2337/diacare.22.2.280</ArticleId></ArticleIdList></PubmedData></PubmedArticle></PubmedArticleSet>