<?xml version="1.0" ?>
<!DOCTYPE PubmedArticleSet PUBLIC "-//NLM//DTD PubMedArticle, 1st January 2019//EN" "https://dtd.nlm.nih.gov/ncbi/pubmed/out/pubmed_190101.dtd">
<PubmedArticleSet><PubmedArticle><MedlineCitation Status="MEDLINE" Owner="NLM"><PMID Version="1">10330425</PMID><DateCompleted><Year>1999</Year><Month>06</Month><Day>07</Day></DateCompleted><DateRevised><Year>2018</Year><Month>12</Month><Day>17</Day></DateRevised><Article PubModel="Print"><Journal><ISSN IssnType="Print">0021-9738</ISSN><JournalIssue CitedMedium="Print"><Volume>103</Volume><Issue>10</Issue><PubDate><Year>1999</Year><Month>May</Month><Day>15</Day></PubDate></JournalIssue><Title>The Journal of clinical investigation</Title><ISOAbbreviation>J Clin Invest</ISOAbbreviation></Journal><ArticleTitle>Resistance to type 1 diabetes induction in 12-lipoxygenase knockout mice.</ArticleTitle><Pagination><MedlinePgn>1431-6</MedlinePgn></Pagination><Abstract><AbstractText>Leukocyte 12-lipoxygenase (12-LO) gene expression in pancreatic beta cells is upregulated by cytotoxic cytokines like IL-1beta. Recent studies have demonstrated that 12-LO inhibitors can prevent glutamate-induced neuronal cell death when intracellular glutathione stores are depleted. Therefore, 12-LO pathway inhibition may prevent beta-cell cytotoxicity. To evaluate the role of 12-LO gene expression in immune-mediated islet destruction, we used 12-LO knockout (12-LO KO) mice. Male homozygous 12-LO KO mice and control C57BL/6 mice received 5 consecutive daily injections of low-dose streptozotocin to induce immune-mediated diabetes. Fasting serum glucose and insulin levels were measured at 7-day intervals, and the mice were followed up for 28 days. 12-LO KO mice were highly resistant to diabetes development compared with control mice and had higher serum insulin levels on day 28. Isolated pancreatic islets were treated with IL-1beta, TNF-alpha, and IFN-gamma for 18 hours. Glucose-stimulated insulin secretion in cytokine-treated islets from C57/BL6 mice decreased 54% from that of untreated islets. In marked contrast, the same cytokine mix led to only a 26% decrease in islets from 12-LO KO mice. Furthermore, cytokine-induced 12-hydroxyeicosatetraenoic acid (12-HETE) production was absent in 12-LO KO islets but present in C57/BL6 islets. Isolated peritoneal macrophages were stimulated for 48 hours with IFN-gamma + LPS and compared for nitrate/nitrite generation. 12-LO KO macrophages generated 50% less nitrate/nitrite when compared with C57BL/6 macrophages. In summary, elimination of leukocyte 12-LO in mice ameliorates low dose streptozotocin-induced diabetes by increasing islet resistance to cytokines and decreasing macrophage production of nitric oxide.</AbstractText></Abstract><AuthorList CompleteYN="Y"><Author ValidYN="Y"><LastName>Bleich</LastName><ForeName>D</ForeName><Initials>D</Initials><AffiliationInfo><Affiliation>Division of Diabetes, Endocrinology, and Metabolism, City of Hope National Medical Center, Duarte, California 91010, USA.</Affiliation></AffiliationInfo></Author><Author ValidYN="Y"><LastName>Chen</LastName><ForeName>S</ForeName><Initials>S</Initials></Author><Author ValidYN="Y"><LastName>Zipser</LastName><ForeName>B</ForeName><Initials>B</Initials></Author><Author ValidYN="Y"><LastName>Sun</LastName><ForeName>D</ForeName><Initials>D</Initials></Author><Author ValidYN="Y"><LastName>Funk</LastName><ForeName>C D</ForeName><Initials>CD</Initials></Author><Author ValidYN="Y"><LastName>Nadler</LastName><ForeName>J L</ForeName><Initials>JL</Initials></Author></AuthorList><Language>eng</Language><GrantList CompleteYN="Y"><Grant><GrantID>P01 HL055798</GrantID><Acronym>HL</Acronym><Agency>NHLBI NIH HHS</Agency><Country>United States</Country></Grant><Grant><GrantID>R01 HL053558</GrantID><Acronym>HL</Acronym><Agency>NHLBI NIH HHS</Agency><Country>United States</Country></Grant><Grant><GrantID>HL-53558</GrantID><Acronym>HL</Acronym><Agency>NHLBI NIH HHS</Agency><Country>United States</Country></Grant><Grant><GrantID>HL-55798</GrantID><Acronym>HL</Acronym><Agency>NHLBI NIH HHS</Agency><Country>United States</Country></Grant></GrantList><PublicationTypeList><PublicationType UI="D016428">Journal Article</PublicationType><PublicationType UI="D013485">Research Support, Non-U.S. Gov't</PublicationType><PublicationType UI="D013487">Research Support, U.S. Gov't, P.H.S.</PublicationType></PublicationTypeList></Article><MedlineJournalInfo><Country>United States</Country><MedlineTA>J Clin Invest</MedlineTA><NlmUniqueID>7802877</NlmUniqueID><ISSNLinking>0021-9738</ISSNLinking></MedlineJournalInfo><ChemicalList><Chemical><RegistryNumber>0</RegistryNumber><NameOfSubstance UI="D007328">Insulin</NameOfSubstance></Chemical><Chemical><RegistryNumber>0</RegistryNumber><NameOfSubstance UI="D007375">Interleukin-1</NameOfSubstance></Chemical><Chemical><RegistryNumber>0</RegistryNumber><NameOfSubstance UI="D011994">Recombinant Proteins</NameOfSubstance></Chemical><Chemical><RegistryNumber>0</RegistryNumber><NameOfSubstance UI="D014409">Tumor Necrosis Factor-alpha</NameOfSubstance></Chemical><Chemical><RegistryNumber>11062-77-4</RegistryNumber><NameOfSubstance UI="D013481">Superoxides</NameOfSubstance></Chemical><Chemical><RegistryNumber>31C4KY9ESH</RegistryNumber><NameOfSubstance UI="D009569">Nitric Oxide</NameOfSubstance></Chemical><Chemical><RegistryNumber>82115-62-6</RegistryNumber><NameOfSubstance UI="D007371">Interferon-gamma</NameOfSubstance></Chemical><Chemical><RegistryNumber>EC 1.13.11.31</RegistryNumber><NameOfSubstance UI="D001092">Arachidonate 12-Lipoxygenase</NameOfSubstance></Chemical></ChemicalList><CitationSubset>IM</CitationSubset><MeshHeadingList><MeshHeading><DescriptorName UI="D000818" MajorTopicYN="N">Animals</DescriptorName></MeshHeading><MeshHeading><DescriptorName UI="D001092" MajorTopicYN="N">Arachidonate 12-Lipoxygenase</DescriptorName><QualifierName UI="Q000235" MajorTopicYN="Y">genetics</QualifierName></MeshHeading><MeshHeading><DescriptorName UI="D003921" MajorTopicYN="N">Diabetes Mellitus, Experimental</DescriptorName><QualifierName UI="Q000201" MajorTopicYN="N">enzymology</QualifierName><QualifierName UI="Q000235" MajorTopicYN="N">genetics</QualifierName><QualifierName UI="Q000503" MajorTopicYN="N">physiopathology</QualifierName></MeshHeading><MeshHeading><DescriptorName UI="D003922" MajorTopicYN="N">Diabetes Mellitus, Type 1</DescriptorName><QualifierName UI="Q000201" MajorTopicYN="Y">enzymology</QualifierName><QualifierName UI="Q000235" MajorTopicYN="Y">genetics</QualifierName><QualifierName UI="Q000503" MajorTopicYN="N">physiopathology</QualifierName></MeshHeading><MeshHeading><DescriptorName UI="D066298" MajorTopicYN="N">In Vitro Techniques</DescriptorName></MeshHeading><MeshHeading><DescriptorName UI="D007328" MajorTopicYN="N">Insulin</DescriptorName><QualifierName UI="Q000378" MajorTopicYN="N">metabolism</QualifierName></MeshHeading><MeshHeading><DescriptorName UI="D000078790" MajorTopicYN="N">Insulin Secretion</DescriptorName></MeshHeading><MeshHeading><DescriptorName UI="D007371" MajorTopicYN="N">Interferon-gamma</DescriptorName><QualifierName UI="Q000494" MajorTopicYN="N">pharmacology</QualifierName></MeshHeading><MeshHeading><DescriptorName UI="D007375" MajorTopicYN="N">Interleukin-1</DescriptorName><QualifierName UI="Q000494" MajorTopicYN="N">pharmacology</QualifierName></MeshHeading><MeshHeading><DescriptorName UI="D007515" MajorTopicYN="N">Islets of Langerhans</DescriptorName><QualifierName UI="Q000187" MajorTopicYN="N">drug effects</QualifierName><QualifierName UI="Q000201" MajorTopicYN="N">enzymology</QualifierName><QualifierName UI="Q000378" MajorTopicYN="N">metabolism</QualifierName></MeshHeading><MeshHeading><DescriptorName UI="D008297" MajorTopicYN="N">Male</DescriptorName></MeshHeading><MeshHeading><DescriptorName UI="D051379" MajorTopicYN="N">Mice</DescriptorName></MeshHeading><MeshHeading><DescriptorName UI="D008810" MajorTopicYN="N">Mice, Inbred C57BL</DescriptorName></MeshHeading><MeshHeading><DescriptorName UI="D018345" MajorTopicYN="N">Mice, Knockout</DescriptorName></MeshHeading><MeshHeading><DescriptorName UI="D009569" MajorTopicYN="N">Nitric Oxide</DescriptorName><QualifierName UI="Q000096" MajorTopicYN="N">biosynthesis</QualifierName></MeshHeading><MeshHeading><DescriptorName UI="D011994" MajorTopicYN="N">Recombinant Proteins</DescriptorName></MeshHeading><MeshHeading><DescriptorName UI="D013481" MajorTopicYN="N">Superoxides</DescriptorName><QualifierName UI="Q000378" MajorTopicYN="N">metabolism</QualifierName></MeshHeading><MeshHeading><DescriptorName UI="D014409" MajorTopicYN="N">Tumor Necrosis Factor-alpha</DescriptorName><QualifierName UI="Q000494" MajorTopicYN="N">pharmacology</QualifierName></MeshHeading></MeshHeadingList></MedlineCitation><PubmedData><History><PubMedPubDate PubStatus="pubmed"><Year>1999</Year><Month>5</Month><Day>20</Day></PubMedPubDate><PubMedPubDate PubStatus="medline"><Year>1999</Year><Month>5</Month><Day>20</Day><Hour>0</Hour><Minute>1</Minute></PubMedPubDate><PubMedPubDate PubStatus="entrez"><Year>1999</Year><Month>5</Month><Day>20</Day><Hour>0</Hour><Minute>0</Minute></PubMedPubDate></History><PublicationStatus>ppublish</PublicationStatus><ArticleIdList><ArticleId IdType="pubmed">10330425</ArticleId><ArticleId IdType="doi">10.1172/JCI5241</ArticleId><ArticleId IdType="pmc">PMC408453</ArticleId></ArticleIdList><ReferenceList><Reference><Citation>Int J Mol Med. 1998 Jan;1(1):265-72</Citation><ArticleIdList><ArticleId IdType="pubmed">9852229</ArticleId></ArticleIdList></Reference><Reference><Citation>J Clin Invest. 1998 Apr 15;101(8):1623-32</Citation><ArticleIdList><ArticleId IdType="pubmed">9541492</ArticleId></ArticleIdList></Reference><Reference><Citation>J Biol Chem. 1981 Apr 25;256(8):3690-7</Citation><ArticleIdList><ArticleId IdType="pubmed">6783644</ArticleId></ArticleIdList></Reference><Reference><Citation>Anal Biochem. 1982 Oct;126(1):131-8</Citation><ArticleIdList><ArticleId IdType="pubmed">7181105</ArticleId></ArticleIdList></Reference><Reference><Citation>J Clin Invest. 1983 May;71(5):1191-205</Citation><ArticleIdList><ArticleId IdType="pubmed">6406544</ArticleId></ArticleIdList></Reference><Reference><Citation>Cell Immunol. 1983 Jul 15;79(2):240-52</Citation><ArticleIdList><ArticleId IdType="pubmed">6307532</ArticleId></ArticleIdList></Reference><Reference><Citation>Diabetes. 1984 Feb;33(2):119-24</Citation><ArticleIdList><ArticleId IdType="pubmed">6319213</ArticleId></ArticleIdList></Reference><Reference><Citation>Biochim Biophys Acta. 1984 Jun 6;794(1):110-24</Citation><ArticleIdList><ArticleId IdType="pubmed">6329307</ArticleId></ArticleIdList></Reference><Reference><Citation>Biochim Biophys Acta. 1985 Mar 27;834(1):23-36</Citation><ArticleIdList><ArticleId IdType="pubmed">3919770</ArticleId></ArticleIdList></Reference><Reference><Citation>Biochim Biophys Acta. 1985 Jun 14;835(1):1-17</Citation><ArticleIdList><ArticleId IdType="pubmed">3924104</ArticleId></ArticleIdList></Reference><Reference><Citation>Endocrinology. 1985 Sep;117(3):1011-9</Citation><ArticleIdList><ArticleId IdType="pubmed">3926463</ArticleId></ArticleIdList></Reference><Reference><Citation>J Immunol. 1985 Sep;135(3):2040-4</Citation><ArticleIdList><ArticleId IdType="pubmed">2991375</ArticleId></ArticleIdList></Reference><Reference><Citation>J Pharmacol Exp Ther. 1986 Sep;238(3):809-18</Citation><ArticleIdList><ArticleId IdType="pubmed">3091809</ArticleId></ArticleIdList></Reference><Reference><Citation>J Clin Invest. 1987 Dec;80(6):1763-9</Citation><ArticleIdList><ArticleId IdType="pubmed">2824567</ArticleId></ArticleIdList></Reference><Reference><Citation>Diabetes. 1988 Jul;37(7):992-6</Citation><ArticleIdList><ArticleId IdType="pubmed">3133262</ArticleId></ArticleIdList></Reference><Reference><Citation>Biochim Biophys Acta. 1989 Jan 23;1001(1):16-24</Citation><ArticleIdList><ArticleId IdType="pubmed">2492199</ArticleId></ArticleIdList></Reference><Reference><Citation>Diabetes. 1989 Mar;38(3):379-85</Citation><ArticleIdList><ArticleId IdType="pubmed">2521836</ArticleId></ArticleIdList></Reference><Reference><Citation>Biochem Pharmacol. 1989 Jun 1;38(11):1849-62</Citation><ArticleIdList><ArticleId IdType="pubmed">2567595</ArticleId></ArticleIdList></Reference><Reference><Citation>Endocrinology. 1990 Jan;126(1):67-71</Citation><ArticleIdList><ArticleId IdType="pubmed">2104593</ArticleId></ArticleIdList></Reference><Reference><Citation>Biochim Biophys Acta. 1991 Jul 9;1084(2):202-4</Citation><ArticleIdList><ArticleId IdType="pubmed">1854807</ArticleId></ArticleIdList></Reference><Reference><Citation>Diabetes. 1991 Sep;40(9):1141-5</Citation><ArticleIdList><ArticleId IdType="pubmed">1834504</ArticleId></ArticleIdList></Reference><Reference><Citation>J Biol Chem. 1991 Nov 15;266(32):21351-4</Citation><ArticleIdList><ArticleId IdType="pubmed">1657959</ArticleId></ArticleIdList></Reference><Reference><Citation>Am J Physiol. 1992 Nov;263(5 Pt 1):E828-36</Citation><ArticleIdList><ArticleId IdType="pubmed">1443114</ArticleId></ArticleIdList></Reference><Reference><Citation>Am J Physiol. 1993 Jan;264(1 Pt 1):G104-11</Citation><ArticleIdList><ArticleId IdType="pubmed">7679252</ArticleId></ArticleIdList></Reference><Reference><Citation>Diabetologia. 1993 Jan;36(1):17-24</Citation><ArticleIdList><ArticleId IdType="pubmed">7679656</ArticleId></ArticleIdList></Reference><Reference><Citation>J Lipid Res. 1993 Jan;34(1):69-79</Citation><ArticleIdList><ArticleId IdType="pubmed">8445344</ArticleId></ArticleIdList></Reference><Reference><Citation>Biochem Biophys Res Commun. 1993 Nov 30;197(1):105-9</Citation><ArticleIdList><ArticleId IdType="pubmed">7504482</ArticleId></ArticleIdList></Reference><Reference><Citation>Endocrinology. 1994 Jan;134(1):70-7</Citation><ArticleIdList><ArticleId IdType="pubmed">8275971</ArticleId></ArticleIdList></Reference><Reference><Citation>Hypertension. 1994 Jan;23(1 Suppl):I142-7</Citation><ArticleIdList><ArticleId IdType="pubmed">8282345</ArticleId></ArticleIdList></Reference><Reference><Citation>Endocrinology. 1995 Dec;136(12):5736-44</Citation><ArticleIdList><ArticleId IdType="pubmed">7588331</ArticleId></ArticleIdList></Reference><Reference><Citation>J Biol Chem. 1996 Jan 12;271(2):1029-42</Citation><ArticleIdList><ArticleId IdType="pubmed">8557627</ArticleId></ArticleIdList></Reference><Reference><Citation>FEBS Lett. 1996 Jul 8;389(3):229-32</Citation><ArticleIdList><ArticleId IdType="pubmed">8766705</ArticleId></ArticleIdList></Reference><Reference><Citation>J Biol Chem. 1996 Sep 27;271(39):24055-62</Citation><ArticleIdList><ArticleId IdType="pubmed">8798642</ArticleId></ArticleIdList></Reference><Reference><Citation>Biochem Biophys Res Commun. 1997 Jan 13;230(2):448-51</Citation><ArticleIdList><ArticleId IdType="pubmed">9016800</ArticleId></ArticleIdList></Reference><Reference><Citation>Neuron. 1997 Aug;19(2):453-63</Citation><ArticleIdList><ArticleId IdType="pubmed">9292733</ArticleId></ArticleIdList></Reference><Reference><Citation>J Cell Physiol. 1999 Jan;178(1):63-8</Citation><ArticleIdList><ArticleId IdType="pubmed">9886491</ArticleId></ArticleIdList></Reference></ReferenceList></PubmedData></PubmedArticle></PubmedArticleSet>