<?xml version="1.0" ?>
<!DOCTYPE PubmedArticleSet PUBLIC "-//NLM//DTD PubMedArticle, 1st January 2019//EN" "https://dtd.nlm.nih.gov/ncbi/pubmed/out/pubmed_190101.dtd">
<PubmedArticleSet><PubmedArticle><MedlineCitation Status="MEDLINE" Owner="NLM"><PMID Version="1">10333897</PMID><DateCompleted><Year>1999</Year><Month>07</Month><Day>13</Day></DateCompleted><DateRevised><Year>2019</Year><Month>05</Month><Day>15</Day></DateRevised><Article PubModel="Print"><Journal><ISSN IssnType="Print">0149-5992</ISSN><JournalIssue CitedMedium="Print"><Volume>22</Volume><Issue>1</Issue><PubDate><Year>1999</Year><Month>Jan</Month></PubDate></JournalIssue><Title>Diabetes care</Title><ISOAbbreviation>Diabetes Care</ISOAbbreviation></Journal><ArticleTitle>Improved glycemic control and lipid profile and normalized fibrinolytic activity on a low-glycemic index diet in type 2 diabetic patients.</ArticleTitle><Pagination><MedlinePgn>10-8</MedlinePgn></Pagination><Abstract><AbstractText Label="OBJECTIVE" NlmCategory="OBJECTIVE">To evaluate the effects of varying the glycemic index (GI) of carbohydrate-rich foods on metabolic control in type 2 diabetic patients.</AbstractText><AbstractText Label="RESEARCH DESIGN AND METHODS" NlmCategory="METHODS">In a randomized crossover study, 20 patients, 5 women and 15 men, were given preweighed diets with different GIs during two consecutive 24-day periods. Both diets were composed in accordance with dietary recommendations for people with diabetes. The macronutrient composition and type and amount of dietary fiber were identical. Differences in GI were achieved mainly by altering the structure of the starchy foods.</AbstractText><AbstractText Label="RESULTS" NlmCategory="RESULTS">Peripheral insulin sensitivity increased significantly and fasting plasma glucose decreased during both treatment periods. There was a significant difference in the changes of serum fructosamine concentrations between the diets (P &lt; 0.05). The incremental area under the curve for both blood glucose and plasma insulin was approximately 30% lower after the low- than after the high-GI diet. LDL cholesterol was significantly lowered on both diets, with a significantly more pronounced reduction on the low-GI diet. Plasminogen activator inhibitor-1 activity was normalized on the low-GI diet, (-54%, P &lt; 0.001), but remained unchanged on the high-GI diet.</AbstractText><AbstractText Label="CONCLUSIONS" NlmCategory="CONCLUSIONS">A diet characterized by low-GI starchy foods lowers the glucose and insulin responses throughout the day and improves the lipid profile and capacity for fibrinolysis, suggesting a therapeutic potential in diabetes.</AbstractText></Abstract><AuthorList CompleteYN="Y"><Author ValidYN="Y"><LastName>Järvi</LastName><ForeName>A E</ForeName><Initials>AE</Initials><AffiliationInfo><Affiliation>Clinical Nutrition Research Unit, Uppsala University, Sweden. anette.jarvi@geriatrik.lul.se</Affiliation></AffiliationInfo></Author><Author ValidYN="Y"><LastName>Karlström</LastName><ForeName>B E</ForeName><Initials>BE</Initials></Author><Author ValidYN="Y"><LastName>Granfeldt</LastName><ForeName>Y E</ForeName><Initials>YE</Initials></Author><Author ValidYN="Y"><LastName>Björck</LastName><ForeName>I E</ForeName><Initials>IE</Initials></Author><Author ValidYN="Y"><LastName>Asp</LastName><ForeName>N G</ForeName><Initials>NG</Initials></Author><Author ValidYN="Y"><LastName>Vessby</LastName><ForeName>B O</ForeName><Initials>BO</Initials></Author></AuthorList><Language>eng</Language><PublicationTypeList><PublicationType UI="D016430">Clinical Trial</PublicationType><PublicationType UI="D016428">Journal Article</PublicationType><PublicationType UI="D016449">Randomized Controlled Trial</PublicationType><PublicationType UI="D013485">Research Support, Non-U.S. Gov't</PublicationType></PublicationTypeList></Article><MedlineJournalInfo><Country>United States</Country><MedlineTA>Diabetes Care</MedlineTA><NlmUniqueID>7805975</NlmUniqueID><ISSNLinking>0149-5992</ISSNLinking></MedlineJournalInfo><ChemicalList><Chemical><RegistryNumber>0</RegistryNumber><NameOfSubstance UI="D001053">Apolipoproteins</NameOfSubstance></Chemical><Chemical><RegistryNumber>0</RegistryNumber><NameOfSubstance UI="D001786">Blood Glucose</NameOfSubstance></Chemical><Chemical><RegistryNumber>0</RegistryNumber><NameOfSubstance UI="D004040">Dietary Carbohydrates</NameOfSubstance></Chemical><Chemical><RegistryNumber>0</RegistryNumber><NameOfSubstance UI="D006442">Glycated Hemoglobin A</NameOfSubstance></Chemical><Chemical><RegistryNumber>0</RegistryNumber><NameOfSubstance UI="D007328">Insulin</NameOfSubstance></Chemical><Chemical><RegistryNumber>0</RegistryNumber><NameOfSubstance UI="D008055">Lipids</NameOfSubstance></Chemical><Chemical><RegistryNumber>0</RegistryNumber><NameOfSubstance UI="D008074">Lipoproteins</NameOfSubstance></Chemical><Chemical><RegistryNumber>0</RegistryNumber><NameOfSubstance UI="D014280">Triglycerides</NameOfSubstance></Chemical><Chemical><RegistryNumber>97C5T2UQ7J</RegistryNumber><NameOfSubstance UI="D002784">Cholesterol</NameOfSubstance></Chemical></ChemicalList><CitationSubset>IM</CitationSubset><MeshHeadingList><MeshHeading><DescriptorName UI="D000368" MajorTopicYN="N">Aged</DescriptorName></MeshHeading><MeshHeading><DescriptorName UI="D001053" MajorTopicYN="N">Apolipoproteins</DescriptorName><QualifierName UI="Q000097" MajorTopicYN="N">blood</QualifierName></MeshHeading><MeshHeading><DescriptorName UI="D001786" MajorTopicYN="N">Blood Glucose</DescriptorName><QualifierName UI="Q000378" MajorTopicYN="Y">metabolism</QualifierName></MeshHeading><MeshHeading><DescriptorName UI="D001835" MajorTopicYN="N">Body Weight</DescriptorName></MeshHeading><MeshHeading><DescriptorName UI="D002784" MajorTopicYN="N">Cholesterol</DescriptorName><QualifierName UI="Q000097" MajorTopicYN="N">blood</QualifierName></MeshHeading><MeshHeading><DescriptorName UI="D018592" MajorTopicYN="N">Cross-Over Studies</DescriptorName></MeshHeading><MeshHeading><DescriptorName UI="D003924" MajorTopicYN="N">Diabetes Mellitus, Type 2</DescriptorName><QualifierName UI="Q000097" MajorTopicYN="Y">blood</QualifierName><QualifierName UI="Q000178" MajorTopicYN="Y">diet therapy</QualifierName></MeshHeading><MeshHeading><DescriptorName UI="D003927" MajorTopicYN="Y">Diet, Diabetic</DescriptorName></MeshHeading><MeshHeading><DescriptorName UI="D004040" MajorTopicYN="Y">Dietary Carbohydrates</DescriptorName></MeshHeading><MeshHeading><DescriptorName UI="D005260" MajorTopicYN="N">Female</DescriptorName></MeshHeading><MeshHeading><DescriptorName UI="D006442" MajorTopicYN="N">Glycated Hemoglobin A</DescriptorName><QualifierName UI="Q000032" MajorTopicYN="N">analysis</QualifierName></MeshHeading><MeshHeading><DescriptorName UI="D006801" MajorTopicYN="N">Humans</DescriptorName></MeshHeading><MeshHeading><DescriptorName UI="D007328" MajorTopicYN="N">Insulin</DescriptorName><QualifierName UI="Q000097" MajorTopicYN="N">blood</QualifierName></MeshHeading><MeshHeading><DescriptorName UI="D008055" MajorTopicYN="N">Lipids</DescriptorName><QualifierName UI="Q000097" MajorTopicYN="Y">blood</QualifierName></MeshHeading><MeshHeading><DescriptorName UI="D008074" MajorTopicYN="N">Lipoproteins</DescriptorName><QualifierName UI="Q000097" MajorTopicYN="N">blood</QualifierName></MeshHeading><MeshHeading><DescriptorName UI="D008297" MajorTopicYN="N">Male</DescriptorName></MeshHeading><MeshHeading><DescriptorName UI="D008875" MajorTopicYN="N">Middle Aged</DescriptorName></MeshHeading><MeshHeading><DescriptorName UI="D014280" MajorTopicYN="N">Triglycerides</DescriptorName><QualifierName UI="Q000097" MajorTopicYN="N">blood</QualifierName></MeshHeading></MeshHeadingList></MedlineCitation><PubmedData><History><PubMedPubDate PubStatus="pubmed"><Year>1999</Year><Month>5</Month><Day>20</Day></PubMedPubDate><PubMedPubDate PubStatus="medline"><Year>1999</Year><Month>5</Month><Day>20</Day><Hour>0</Hour><Minute>1</Minute></PubMedPubDate><PubMedPubDate PubStatus="entrez"><Year>1999</Year><Month>5</Month><Day>20</Day><Hour>0</Hour><Minute>0</Minute></PubMedPubDate></History><PublicationStatus>ppublish</PublicationStatus><ArticleIdList><ArticleId IdType="pubmed">10333897</ArticleId><ArticleId IdType="doi">10.2337/diacare.22.1.10</ArticleId></ArticleIdList></PubmedData></PubmedArticle></PubmedArticleSet>