<?xml version="1.0" ?>
<!DOCTYPE PubmedArticleSet PUBLIC "-//NLM//DTD PubMedArticle, 1st January 2019//EN" "https://dtd.nlm.nih.gov/ncbi/pubmed/out/pubmed_190101.dtd">
<PubmedArticleSet><PubmedArticle><MedlineCitation Status="MEDLINE" Owner="NLM"><PMID Version="1">10331395</PMID><DateCompleted><Year>1999</Year><Month>05</Month><Day>27</Day></DateCompleted><DateRevised><Year>2022</Year><Month>04</Month><Day>08</Day></DateRevised><Article PubModel="Print"><Journal><ISSN IssnType="Print">0012-1797</ISSN><JournalIssue CitedMedium="Print"><Volume>48</Volume><Issue>5</Issue><PubDate><Year>1999</Year><Month>May</Month></PubDate></JournalIssue><Title>Diabetes</Title><ISOAbbreviation>Diabetes</ISOAbbreviation></Journal><ArticleTitle>Hyperglycemia and cardiovascular disease in type 2 diabetes.</ArticleTitle><Pagination><MedlinePgn>937-42</MedlinePgn></Pagination><Abstract><AbstractText>Cardiovascular disease (coronary heart disease, stroke, peripheral vascular disease) is the most important cause of mortality and morbidity among patients with type 2 diabetes. Conventional risk factors contribute similarly to macrovascular complications in patients with type 2 diabetes and nondiabetic subjects, and therefore, other explanations have been sought for enhanced atherothrombosis in type 2 diabetes. Among characteristics specific for type 2 diabetes, hyperglycemia has recently been a focus of keen research. A recent meta-analysis of 20 studies on nondiabetic subjects has demonstrated that in the nondiabetic range of glycemia (&lt;6.1 mmol/l), increased glucose is already associated with an increased risk for cardiovascular disease. Similarly, 12 recent prospective studies have convincingly indicated that hyperglycemia contributes to cardiovascular complications in patients with type 2 diabetes. The recently published U.K. Prospective Diabetes Study has shown that intensive glucose control reduces effectively microvascular complications among patients with type 2 diabetes, but that its effect on the prevention of cardiovascular complications was limited. Given the fact that in the U.K. Prospective Diabetes Study, none of the treatment modalities was particularly effective in reducing glucose, this underestimates the true potential of the correction of hyperglycemia in the prevention of cardiovascular disease in type 2 diabetes. However, in addition to intensive therapy of hyperglycemia, other conventional risk factors should also be normalized to prevent cardiovascular disease in patients with type 2 diabetes.</AbstractText></Abstract><AuthorList CompleteYN="Y"><Author ValidYN="Y"><LastName>Laakso</LastName><ForeName>M</ForeName><Initials>M</Initials><AffiliationInfo><Affiliation>Department of Medicine, University of Kuopio, Finland. markku.laakso@uku.fi</Affiliation></AffiliationInfo></Author></AuthorList><Language>eng</Language><PublicationTypeList><PublicationType UI="D016428">Journal Article</PublicationType><PublicationType UI="D016454">Review</PublicationType></PublicationTypeList></Article><MedlineJournalInfo><Country>United States</Country><MedlineTA>Diabetes</MedlineTA><NlmUniqueID>0372763</NlmUniqueID><ISSNLinking>0012-1797</ISSNLinking></MedlineJournalInfo><ChemicalList><Chemical><RegistryNumber>0</RegistryNumber><NameOfSubstance UI="D001786">Blood Glucose</NameOfSubstance></Chemical></ChemicalList><CitationSubset>IM</CitationSubset><MeshHeadingList><MeshHeading><DescriptorName UI="D001786" MajorTopicYN="N">Blood Glucose</DescriptorName><QualifierName UI="Q000378" MajorTopicYN="N">metabolism</QualifierName></MeshHeading><MeshHeading><DescriptorName UI="D002318" MajorTopicYN="N">Cardiovascular Diseases</DescriptorName><QualifierName UI="Q000209" MajorTopicYN="Y">etiology</QualifierName></MeshHeading><MeshHeading><DescriptorName UI="D003924" MajorTopicYN="N">Diabetes Mellitus, Type 2</DescriptorName><QualifierName UI="Q000150" MajorTopicYN="Y">complications</QualifierName></MeshHeading><MeshHeading><DescriptorName UI="D003925" MajorTopicYN="N">Diabetic Angiopathies</DescriptorName></MeshHeading><MeshHeading><DescriptorName UI="D006801" MajorTopicYN="N">Humans</DescriptorName></MeshHeading><MeshHeading><DescriptorName UI="D006943" MajorTopicYN="N">Hyperglycemia</DescriptorName><QualifierName UI="Q000150" MajorTopicYN="Y">complications</QualifierName><QualifierName UI="Q000628" MajorTopicYN="N">therapy</QualifierName></MeshHeading><MeshHeading><DescriptorName UI="D011446" MajorTopicYN="N">Prospective Studies</DescriptorName></MeshHeading><MeshHeading><DescriptorName UI="D012307" MajorTopicYN="N">Risk Factors</DescriptorName></MeshHeading></MeshHeadingList><NumberOfReferences>50</NumberOfReferences></MedlineCitation><PubmedData><History><PubMedPubDate PubStatus="pubmed"><Year>1999</Year><Month>5</Month><Day>20</Day></PubMedPubDate><PubMedPubDate PubStatus="medline"><Year>1999</Year><Month>5</Month><Day>20</Day><Hour>0</Hour><Minute>1</Minute></PubMedPubDate><PubMedPubDate PubStatus="entrez"><Year>1999</Year><Month>5</Month><Day>20</Day><Hour>0</Hour><Minute>0</Minute></PubMedPubDate></History><PublicationStatus>ppublish</PublicationStatus><ArticleIdList><ArticleId IdType="pubmed">10331395</ArticleId><ArticleId IdType="doi">10.2337/diabetes.48.5.937</ArticleId></ArticleIdList></PubmedData></PubmedArticle></PubmedArticleSet>