<?xml version="1.0" ?>
<!DOCTYPE PubmedArticleSet PUBLIC "-//NLM//DTD PubMedArticle, 1st January 2019//EN" "https://dtd.nlm.nih.gov/ncbi/pubmed/out/pubmed_190101.dtd">
<PubmedArticleSet><PubmedArticle><MedlineCitation Status="MEDLINE" Owner="NLM"><PMID Version="1">10331400</PMID><DateCompleted><Year>1999</Year><Month>05</Month><Day>27</Day></DateCompleted><DateRevised><Year>2019</Year><Month>05</Month><Day>15</Day></DateRevised><Article PubModel="Print"><Journal><ISSN IssnType="Print">0012-1797</ISSN><JournalIssue CitedMedium="Print"><Volume>48</Volume><Issue>5</Issue><PubDate><Year>1999</Year><Month>May</Month></PubDate></JournalIssue><Title>Diabetes</Title><ISOAbbreviation>Diabetes</ISOAbbreviation></Journal><ArticleTitle>Islet cell membrane antigens activate diabetogenic CD4+ T-cells in the BB/Wor rat.</ArticleTitle><Pagination><MedlinePgn>975-82</MedlinePgn></Pagination><Abstract><AbstractText>Type 1 diabetes is a major histocompatibility complex (MHC) class II-associated autoimmune disease mediated by beta-cell-specific T-cells and characterized by circulating autoantibodies to beta-cell molecules. In the BB/Wor diabetes-prone (DP) rat, type 1 diabetes develops spontaneously with an incidence of &gt;90%. BB diabetes can be adoptively transferred to naive syngeneic or MHC class II-compatible rats with islet cell-activated T-cell lines derived from diabetic BB/Wor rats. However, the target beta-cell autoantigen(s) in BB diabetes has not yet been defined. BB rat T-cell lines activated in vitro with antigen-presenting cells (APC) and BB islet cell crude membranes (CM), but not islet cell cytosol, adoptively transfer diabetes into young DP recipients. To determine if the target autoantigen is an integral or peripheral membrane protein, islet cell CM were treated with 0.5 mol/l KCl or 0.2 mol/l Na2CO3 (pH 11). Both treatments selectively extract peripheral proteins from the cell membrane without affecting the disposition of integral (transmembrane) proteins. T-cell lines activated in vitro with APC and 0.5 mol/l KCl, or pH 11 (0.2 mol/l Na2CO3)-treated islet cell CM, transferred diabetes into young DP rats. Conversely, T-cell lines activated in vitro with APC and the supernatant of 0.5 mol/l KCl-treated CM (containing extracted peripheral proteins), did not adoptively transfer diabetes. After activation in vitro with islet cell membrane antigens, the diabetes-inducing cell lines were comprised of both CD4+ CD8- T-cells and 10-30% B-cells. We conclude that a major CD4+ T-cell target autoantigen in BB diabetes is a membrane-associated beta-cell molecule with the characteristics of an integral beta-cell membrane protein. The identification of this MHC class II-restricted beta-cell target molecule will allow the design of antigen-specific intervention protocols to prevent the onset of type 1 diabetes in genetically susceptible individuals.</AbstractText></Abstract><AuthorList CompleteYN="Y"><Author ValidYN="Y"><LastName>Ellerman</LastName><ForeName>K E</ForeName><Initials>KE</Initials><AffiliationInfo><Affiliation>Department of Pathology, University of Massachusetts Medical School, Worcester 01655-0125, USA. karen.ellerman@banyan.ummed.edu</Affiliation></AffiliationInfo></Author><Author ValidYN="Y"><LastName>Like</LastName><ForeName>A A</ForeName><Initials>AA</Initials></Author></AuthorList><Language>eng</Language><GrantList CompleteYN="Y"><Grant><GrantID>DK-19155</GrantID><Acronym>DK</Acronym><Agency>NIDDK NIH HHS</Agency><Country>United States</Country></Grant><Grant><GrantID>N01-DK-2-2201</GrantID><Acronym>DK</Acronym><Agency>NIDDK NIH HHS</Agency><Country>United States</Country></Grant></GrantList><PublicationTypeList><PublicationType UI="D016428">Journal Article</PublicationType><PublicationType UI="D013485">Research Support, Non-U.S. Gov't</PublicationType><PublicationType UI="D013487">Research Support, U.S. Gov't, P.H.S.</PublicationType></PublicationTypeList></Article><MedlineJournalInfo><Country>United States</Country><MedlineTA>Diabetes</MedlineTA><NlmUniqueID>0372763</NlmUniqueID><ISSNLinking>0012-1797</ISSNLinking></MedlineJournalInfo><ChemicalList><Chemical><RegistryNumber>0</RegistryNumber><NameOfSubstance UI="D001324">Autoantigens</NameOfSubstance></Chemical><Chemical><RegistryNumber>0</RegistryNumber><NameOfSubstance UI="D002254">Carbonates</NameOfSubstance></Chemical><Chemical><RegistryNumber>0</RegistryNumber><NameOfSubstance UI="D000949">Histocompatibility Antigens Class II</NameOfSubstance></Chemical><Chemical><RegistryNumber>45P3261C7T</RegistryNumber><NameOfSubstance UI="C005686">sodium carbonate</NameOfSubstance></Chemical><Chemical><RegistryNumber>660YQ98I10</RegistryNumber><NameOfSubstance UI="D011189">Potassium Chloride</NameOfSubstance></Chemical><Chemical><RegistryNumber>EC 4.1.1.15</RegistryNumber><NameOfSubstance UI="D005968">Glutamate Decarboxylase</NameOfSubstance></Chemical></ChemicalList><CitationSubset>IM</CitationSubset><MeshHeadingList><MeshHeading><DescriptorName UI="D019264" MajorTopicYN="N">Adoptive Transfer</DescriptorName></MeshHeading><MeshHeading><DescriptorName UI="D000818" MajorTopicYN="N">Animals</DescriptorName></MeshHeading><MeshHeading><DescriptorName UI="D001324" MajorTopicYN="N">Autoantigens</DescriptorName><QualifierName UI="Q000276" MajorTopicYN="Y">immunology</QualifierName></MeshHeading><MeshHeading><DescriptorName UI="D001402" MajorTopicYN="N">B-Lymphocytes</DescriptorName><QualifierName UI="Q000276" MajorTopicYN="N">immunology</QualifierName></MeshHeading><MeshHeading><DescriptorName UI="D015496" MajorTopicYN="N">CD4-Positive T-Lymphocytes</DescriptorName><QualifierName UI="Q000276" MajorTopicYN="Y">immunology</QualifierName></MeshHeading><MeshHeading><DescriptorName UI="D002254" MajorTopicYN="N">Carbonates</DescriptorName><QualifierName UI="Q000494" MajorTopicYN="N">pharmacology</QualifierName></MeshHeading><MeshHeading><DescriptorName UI="D002462" MajorTopicYN="N">Cell Membrane</DescriptorName><QualifierName UI="Q000187" MajorTopicYN="N">drug effects</QualifierName><QualifierName UI="Q000276" MajorTopicYN="Y">immunology</QualifierName></MeshHeading><MeshHeading><DescriptorName UI="D003922" MajorTopicYN="N">Diabetes Mellitus, Type 1</DescriptorName><QualifierName UI="Q000276" MajorTopicYN="Y">immunology</QualifierName></MeshHeading><MeshHeading><DescriptorName UI="D005968" MajorTopicYN="N">Glutamate Decarboxylase</DescriptorName><QualifierName UI="Q000276" MajorTopicYN="N">immunology</QualifierName></MeshHeading><MeshHeading><DescriptorName UI="D000949" MajorTopicYN="N">Histocompatibility Antigens Class II</DescriptorName><QualifierName UI="Q000276" MajorTopicYN="N">immunology</QualifierName></MeshHeading><MeshHeading><DescriptorName UI="D007515" MajorTopicYN="N">Islets of Langerhans</DescriptorName><QualifierName UI="Q000276" MajorTopicYN="Y">immunology</QualifierName></MeshHeading><MeshHeading><DescriptorName UI="D008213" MajorTopicYN="Y">Lymphocyte Activation</DescriptorName></MeshHeading><MeshHeading><DescriptorName UI="D011189" MajorTopicYN="N">Potassium Chloride</DescriptorName><QualifierName UI="Q000494" MajorTopicYN="N">pharmacology</QualifierName></MeshHeading><MeshHeading><DescriptorName UI="D051381" MajorTopicYN="N">Rats</DescriptorName></MeshHeading><MeshHeading><DescriptorName UI="D011913" MajorTopicYN="N">Rats, Inbred BB</DescriptorName></MeshHeading></MeshHeadingList></MedlineCitation><PubmedData><History><PubMedPubDate PubStatus="pubmed"><Year>1999</Year><Month>5</Month><Day>20</Day></PubMedPubDate><PubMedPubDate PubStatus="medline"><Year>1999</Year><Month>5</Month><Day>20</Day><Hour>0</Hour><Minute>1</Minute></PubMedPubDate><PubMedPubDate PubStatus="entrez"><Year>1999</Year><Month>5</Month><Day>20</Day><Hour>0</Hour><Minute>0</Minute></PubMedPubDate></History><PublicationStatus>ppublish</PublicationStatus><ArticleIdList><ArticleId IdType="pubmed">10331400</ArticleId><ArticleId IdType="doi">10.2337/diabetes.48.5.975</ArticleId></ArticleIdList></PubmedData></PubmedArticle></PubmedArticleSet>