<?xml version="1.0" ?>
<!DOCTYPE PubmedArticleSet PUBLIC "-//NLM//DTD PubMedArticle, 1st January 2019//EN" "https://dtd.nlm.nih.gov/ncbi/pubmed/out/pubmed_190101.dtd">
<PubmedArticleSet><PubmedArticle><MedlineCitation Status="MEDLINE" Owner="NLM"><PMID Version="1">10334327</PMID><DateCompleted><Year>1999</Year><Month>06</Month><Day>10</Day></DateCompleted><DateRevised><Year>2019</Year><Month>05</Month><Day>15</Day></DateRevised><Article PubModel="Print"><Journal><ISSN IssnType="Print">0012-1797</ISSN><JournalIssue CitedMedium="Print"><Volume>48</Volume><Issue>2</Issue><PubDate><Year>1999</Year><Month>Feb</Month></PubDate></JournalIssue><Title>Diabetes</Title><ISOAbbreviation>Diabetes</ISOAbbreviation></Journal><ArticleTitle>Streptozotocin treatment upregulates uncoupling protein 3 expression in the rat heart.</ArticleTitle><Pagination><MedlinePgn>430-5</MedlinePgn></Pagination><Abstract><AbstractText>Diabetic rats have a deficiency in their heart ATP concentrations, and although the mechanism remains to be elucidated, this deficiency may involve increased uncoupling of oxidative phosphorylation. To investigate whether heart uncoupling proteins (UCPs) are subject to transcriptional regulation in diabetes, we examined changes in UCP mRNA expression in the heart of streptozotocin-induced diabetic (STZ-DM) rats. Heart UCP3 mRNA expression significantly increased by 9.4-fold in STZ-DM rats, while levels of UCP2 mRNA expression were not significantly altered. Insulin supplementation in STZ-DM rats returned UCP3 mRNA concentrations to control levels. The expression of UCP3 mRNA was similarly elevated in the heart of fasted rats, which also have hypoinsulinemia and hyper-free fatty acidemia but, unlike the STZ-DM rats, are hypoglycemic. Since hyperinsulinemia alone was previously reported to not affect UCP3 gene expression in the muscle, these results indicate that hyper-free fatty acidemia is a potent enhancer of UCP3 gene expression in the diabetic rat heart. Interestingly, we found no changes in UCP3 mRNA levels in Zucker fatty (fa/fa) rats with excessive chronic hyper-free fatty acidemia, which suggests that upregulation of heart UCP3 mRNA may depend on an acute change in free fatty acid concentrations rather than on their sustained elevation. High-energy ATP deficiencies in the diabetic rat heart may primarily result from proton leakage due to the upregulation of UCP3 expression.</AbstractText></Abstract><AuthorList CompleteYN="Y"><Author ValidYN="Y"><LastName>Hidaka</LastName><ForeName>S</ForeName><Initials>S</Initials><AffiliationInfo><Affiliation>Department of Internal Medicine I, School of Medicine, Oita Medical University, Hasama, Japan.</Affiliation></AffiliationInfo></Author><Author ValidYN="Y"><LastName>Kakuma</LastName><ForeName>T</ForeName><Initials>T</Initials></Author><Author ValidYN="Y"><LastName>Yoshimatsu</LastName><ForeName>H</ForeName><Initials>H</Initials></Author><Author ValidYN="Y"><LastName>Sakino</LastName><ForeName>H</ForeName><Initials>H</Initials></Author><Author ValidYN="Y"><LastName>Fukuchi</LastName><ForeName>S</ForeName><Initials>S</Initials></Author><Author ValidYN="Y"><LastName>Sakata</LastName><ForeName>T</ForeName><Initials>T</Initials></Author></AuthorList><Language>eng</Language><PublicationTypeList><PublicationType UI="D016428">Journal Article</PublicationType><PublicationType UI="D013485">Research Support, Non-U.S. Gov't</PublicationType></PublicationTypeList></Article><MedlineJournalInfo><Country>United States</Country><MedlineTA>Diabetes</MedlineTA><NlmUniqueID>0372763</NlmUniqueID><ISSNLinking>0012-1797</ISSNLinking></MedlineJournalInfo><ChemicalList><Chemical><RegistryNumber>0</RegistryNumber><NameOfSubstance UI="D002352">Carrier Proteins</NameOfSubstance></Chemical><Chemical><RegistryNumber>0</RegistryNumber><NameOfSubstance UI="D005230">Fatty Acids, Nonesterified</NameOfSubstance></Chemical><Chemical><RegistryNumber>0</RegistryNumber><NameOfSubstance UI="D007328">Insulin</NameOfSubstance></Chemical><Chemical><RegistryNumber>0</RegistryNumber><NameOfSubstance UI="D007473">Ion Channels</NameOfSubstance></Chemical><Chemical><RegistryNumber>0</RegistryNumber><NameOfSubstance UI="D024101">Mitochondrial Proteins</NameOfSubstance></Chemical><Chemical><RegistryNumber>0</RegistryNumber><NameOfSubstance UI="C000604394">Ucp3 protein, rat</NameOfSubstance></Chemical><Chemical><RegistryNumber>0</RegistryNumber><NameOfSubstance UI="D000071247">Uncoupling Protein 3</NameOfSubstance></Chemical></ChemicalList><CitationSubset>IM</CitationSubset><MeshHeadingList><MeshHeading><DescriptorName UI="D000818" MajorTopicYN="N">Animals</DescriptorName></MeshHeading><MeshHeading><DescriptorName UI="D002352" MajorTopicYN="N">Carrier Proteins</DescriptorName><QualifierName UI="Q000235" MajorTopicYN="N">genetics</QualifierName><QualifierName UI="Q000378" MajorTopicYN="Y">metabolism</QualifierName></MeshHeading><MeshHeading><DescriptorName UI="D003921" MajorTopicYN="N">Diabetes Mellitus, Experimental</DescriptorName><QualifierName UI="Q000378" MajorTopicYN="Y">metabolism</QualifierName></MeshHeading><MeshHeading><DescriptorName UI="D005230" MajorTopicYN="N">Fatty Acids, Nonesterified</DescriptorName><QualifierName UI="Q000378" MajorTopicYN="N">metabolism</QualifierName></MeshHeading><MeshHeading><DescriptorName UI="D015870" MajorTopicYN="N">Gene Expression</DescriptorName><QualifierName UI="Q000502" MajorTopicYN="N">physiology</QualifierName></MeshHeading><MeshHeading><DescriptorName UI="D007328" MajorTopicYN="N">Insulin</DescriptorName><QualifierName UI="Q000494" MajorTopicYN="N">pharmacology</QualifierName></MeshHeading><MeshHeading><DescriptorName UI="D007473" MajorTopicYN="N">Ion Channels</DescriptorName></MeshHeading><MeshHeading><DescriptorName UI="D008297" MajorTopicYN="N">Male</DescriptorName></MeshHeading><MeshHeading><DescriptorName UI="D024101" MajorTopicYN="N">Mitochondrial Proteins</DescriptorName></MeshHeading><MeshHeading><DescriptorName UI="D009206" MajorTopicYN="N">Myocardium</DescriptorName><QualifierName UI="Q000378" MajorTopicYN="Y">metabolism</QualifierName></MeshHeading><MeshHeading><DescriptorName UI="D051381" MajorTopicYN="N">Rats</DescriptorName></MeshHeading><MeshHeading><DescriptorName UI="D017208" MajorTopicYN="N">Rats, Wistar</DescriptorName></MeshHeading><MeshHeading><DescriptorName UI="D011924" MajorTopicYN="N">Rats, Zucker</DescriptorName><QualifierName UI="Q000378" MajorTopicYN="N">metabolism</QualifierName></MeshHeading><MeshHeading><DescriptorName UI="D000071247" MajorTopicYN="N">Uncoupling Protein 3</DescriptorName></MeshHeading></MeshHeadingList></MedlineCitation><PubmedData><History><PubMedPubDate PubStatus="pubmed"><Year>1999</Year><Month>5</Month><Day>20</Day></PubMedPubDate><PubMedPubDate PubStatus="medline"><Year>1999</Year><Month>5</Month><Day>20</Day><Hour>0</Hour><Minute>1</Minute></PubMedPubDate><PubMedPubDate PubStatus="entrez"><Year>1999</Year><Month>5</Month><Day>20</Day><Hour>0</Hour><Minute>0</Minute></PubMedPubDate></History><PublicationStatus>ppublish</PublicationStatus><ArticleIdList><ArticleId IdType="pubmed">10334327</ArticleId><ArticleId IdType="doi">10.2337/diabetes.48.2.430</ArticleId></ArticleIdList></PubmedData></PubmedArticle></PubmedArticleSet>