<?xml version="1.0" ?>
<!DOCTYPE PubmedArticleSet PUBLIC "-//NLM//DTD PubMedArticle, 1st January 2019//EN" "https://dtd.nlm.nih.gov/ncbi/pubmed/out/pubmed_190101.dtd">
<PubmedArticleSet><PubmedArticle><MedlineCitation Status="MEDLINE" Owner="NLM"><PMID Version="1">10331421</PMID><DateCompleted><Year>1999</Year><Month>05</Month><Day>27</Day></DateCompleted><DateRevised><Year>2019</Year><Month>05</Month><Day>15</Day></DateRevised><Article PubModel="Print"><Journal><ISSN IssnType="Print">0012-1797</ISSN><JournalIssue CitedMedium="Print"><Volume>48</Volume><Issue>5</Issue><PubDate><Year>1999</Year><Month>May</Month></PubDate></JournalIssue><Title>Diabetes</Title><ISOAbbreviation>Diabetes</ISOAbbreviation></Journal><ArticleTitle>Significance of glutathione-dependent antioxidant system in diabetes-induced embryonic malformations.</ArticleTitle><Pagination><MedlinePgn>1138-44</MedlinePgn></Pagination><Abstract><AbstractText>Hyperglycemia-induced embryonic malformations may be due to an increase in radical formation and depletion of intracellular glutathione (GSH) in embryonic tissues. In the past, we have investigated the role of the glutathione-dependent antioxidant system and GSH on diabetes-related embryonic malformations. Embryos from streptozotocin-induced diabetic rats on gestational day 11 showed a significantly higher frequency of embryonic malformations (neural lesions 21.5 vs. 2.8%, P&lt;0.001; nonneural lesions 47.4 vs. 6.4%, P&lt;0.001) and growth retardation than those of normal mothers. The formation of intracellular reactive oxygen species (ROS), estimated by flow cytometry, was increased in isolated embryonic cells of diabetic rats on gestational day 11. The concentration of intracellular GSH in embryonic tissues of diabetic pregnant rats on day 11 was significantly lower than that of normal rats. The activity of y-glutamylcysteine synthetase (gamma-GCS), the rate-limiting GSH synthesizing enzyme, in embryos of diabetic rats was significantly low, associated with reduced expression of gamma-GCS mRNA. Administration of buthionine sulfoxamine (BSO), a specific inhibitor of gamma-GCS, to diabetic rats during the period of maximal teratogenic susceptibility (days 6-11 of gestation) reduced GSH by 46.7% and increased the frequency of neural lesions (62.1 vs. 21.5%, P&lt;0.01) and nonneural lesions (79.3 vs. 47.4%, P&lt;0.01). Administration of GSH ester to diabetic rats restored GSH concentration in the embryos and reduced the formation of ROS, leading to normalization of neural lesions (1.9 vs. 21.5%) and improvement in nonneural lesions (26.7 vs. 47.4%) and growth retardation. Administration of insulin in another group of pregnant rats during the same period resulted in complete normalization of neural lesions (4.3 vs. 21.5%), nonneural lesions (4.3 vs. 47.4%), and growth retardation with the restoration of GSH contents. Our results indicate that GSH depletion and impaired responsiveness of GSH-synthesizing enzyme to oxidative stress during organogenesis may have important roles in the development of embryonic malformations in diabetes.</AbstractText></Abstract><AuthorList CompleteYN="Y"><Author ValidYN="Y"><LastName>Sakamaki</LastName><ForeName>H</ForeName><Initials>H</Initials><AffiliationInfo><Affiliation>First Department of Internal Medicine, Atomic Disease Institute, Nagasaki University School of Medicine, Japan.</Affiliation></AffiliationInfo></Author><Author ValidYN="Y"><LastName>Akazawa</LastName><ForeName>S</ForeName><Initials>S</Initials></Author><Author ValidYN="Y"><LastName>Ishibashi</LastName><ForeName>M</ForeName><Initials>M</Initials></Author><Author ValidYN="Y"><LastName>Izumino</LastName><ForeName>K</ForeName><Initials>K</Initials></Author><Author ValidYN="Y"><LastName>Takino</LastName><ForeName>H</ForeName><Initials>H</Initials></Author><Author ValidYN="Y"><LastName>Yamasaki</LastName><ForeName>H</ForeName><Initials>H</Initials></Author><Author ValidYN="Y"><LastName>Yamaguchi</LastName><ForeName>Y</ForeName><Initials>Y</Initials></Author><Author ValidYN="Y"><LastName>Goto</LastName><ForeName>S</ForeName><Initials>S</Initials></Author><Author ValidYN="Y"><LastName>Urata</LastName><ForeName>Y</ForeName><Initials>Y</Initials></Author><Author ValidYN="Y"><LastName>Kondo</LastName><ForeName>T</ForeName><Initials>T</Initials></Author><Author ValidYN="Y"><LastName>Nagataki</LastName><ForeName>S</ForeName><Initials>S</Initials></Author></AuthorList><Language>eng</Language><PublicationTypeList><PublicationType UI="D016428">Journal Article</PublicationType><PublicationType UI="D013485">Research Support, Non-U.S. Gov't</PublicationType></PublicationTypeList></Article><MedlineJournalInfo><Country>United States</Country><MedlineTA>Diabetes</MedlineTA><NlmUniqueID>0372763</NlmUniqueID><ISSNLinking>0012-1797</ISSNLinking></MedlineJournalInfo><ChemicalList><Chemical><RegistryNumber>0</RegistryNumber><NameOfSubstance UI="D000975">Antioxidants</NameOfSubstance></Chemical><Chemical><RegistryNumber>0</RegistryNumber><NameOfSubstance UI="D004791">Enzyme Inhibitors</NameOfSubstance></Chemical><Chemical><RegistryNumber>0</RegistryNumber><NameOfSubstance UI="D007328">Insulin</NameOfSubstance></Chemical><Chemical><RegistryNumber>0</RegistryNumber><NameOfSubstance UI="D012333">RNA, Messenger</NameOfSubstance></Chemical><Chemical><RegistryNumber>0</RegistryNumber><NameOfSubstance UI="D017382">Reactive Oxygen Species</NameOfSubstance></Chemical><Chemical><RegistryNumber>5072-26-4</RegistryNumber><NameOfSubstance UI="D019328">Buthionine Sulfoximine</NameOfSubstance></Chemical><Chemical><RegistryNumber>EC 6.3.2.2</RegistryNumber><NameOfSubstance UI="D005721">Glutamate-Cysteine Ligase</NameOfSubstance></Chemical><Chemical><RegistryNumber>GAN16C9B8O</RegistryNumber><NameOfSubstance UI="D005978">Glutathione</NameOfSubstance></Chemical></ChemicalList><CitationSubset>IM</CitationSubset><MeshHeadingList><MeshHeading><DescriptorName UI="D000818" MajorTopicYN="N">Animals</DescriptorName></MeshHeading><MeshHeading><DescriptorName UI="D000975" MajorTopicYN="N">Antioxidants</DescriptorName><QualifierName UI="Q000378" MajorTopicYN="Y">metabolism</QualifierName></MeshHeading><MeshHeading><DescriptorName UI="D019328" MajorTopicYN="N">Buthionine Sulfoximine</DescriptorName><QualifierName UI="Q000494" MajorTopicYN="N">pharmacology</QualifierName></MeshHeading><MeshHeading><DescriptorName UI="D000013" MajorTopicYN="N">Congenital Abnormalities</DescriptorName><QualifierName UI="Q000209" MajorTopicYN="Y">etiology</QualifierName><QualifierName UI="Q000517" MajorTopicYN="N">prevention &amp; control</QualifierName></MeshHeading><MeshHeading><DescriptorName UI="D003921" MajorTopicYN="N">Diabetes Mellitus, Experimental</DescriptorName><QualifierName UI="Q000150" MajorTopicYN="Y">complications</QualifierName><QualifierName UI="Q000188" MajorTopicYN="N">drug therapy</QualifierName></MeshHeading><MeshHeading><DescriptorName UI="D004791" MajorTopicYN="N">Enzyme Inhibitors</DescriptorName><QualifierName UI="Q000494" MajorTopicYN="N">pharmacology</QualifierName></MeshHeading><MeshHeading><DescriptorName UI="D005260" MajorTopicYN="N">Female</DescriptorName></MeshHeading><MeshHeading><DescriptorName UI="D005317" MajorTopicYN="N">Fetal Growth Retardation</DescriptorName><QualifierName UI="Q000209" MajorTopicYN="N">etiology</QualifierName></MeshHeading><MeshHeading><DescriptorName UI="D005333" MajorTopicYN="N">Fetus</DescriptorName><QualifierName UI="Q000378" MajorTopicYN="N">metabolism</QualifierName></MeshHeading><MeshHeading><DescriptorName UI="D005865" MajorTopicYN="N">Gestational Age</DescriptorName></MeshHeading><MeshHeading><DescriptorName UI="D005721" MajorTopicYN="N">Glutamate-Cysteine Ligase</DescriptorName><QualifierName UI="Q000037" MajorTopicYN="N">antagonists &amp; inhibitors</QualifierName><QualifierName UI="Q000235" MajorTopicYN="N">genetics</QualifierName><QualifierName UI="Q000378" MajorTopicYN="N">metabolism</QualifierName></MeshHeading><MeshHeading><DescriptorName UI="D005978" MajorTopicYN="N">Glutathione</DescriptorName><QualifierName UI="Q000378" MajorTopicYN="N">metabolism</QualifierName><QualifierName UI="Q000494" MajorTopicYN="Y">pharmacology</QualifierName></MeshHeading><MeshHeading><DescriptorName UI="D007328" MajorTopicYN="N">Insulin</DescriptorName><QualifierName UI="Q000627" MajorTopicYN="N">therapeutic use</QualifierName></MeshHeading><MeshHeading><DescriptorName UI="D009421" MajorTopicYN="N">Nervous System Malformations</DescriptorName><QualifierName UI="Q000209" MajorTopicYN="N">etiology</QualifierName></MeshHeading><MeshHeading><DescriptorName UI="D011247" MajorTopicYN="N">Pregnancy</DescriptorName></MeshHeading><MeshHeading><DescriptorName UI="D011254" MajorTopicYN="Y">Pregnancy in Diabetics</DescriptorName></MeshHeading><MeshHeading><DescriptorName UI="D012333" MajorTopicYN="N">RNA, Messenger</DescriptorName><QualifierName UI="Q000032" MajorTopicYN="N">analysis</QualifierName></MeshHeading><MeshHeading><DescriptorName UI="D051381" MajorTopicYN="N">Rats</DescriptorName></MeshHeading><MeshHeading><DescriptorName UI="D017208" MajorTopicYN="N">Rats, Wistar</DescriptorName></MeshHeading><MeshHeading><DescriptorName UI="D017382" MajorTopicYN="N">Reactive Oxygen Species</DescriptorName><QualifierName UI="Q000378" MajorTopicYN="N">metabolism</QualifierName></MeshHeading></MeshHeadingList></MedlineCitation><PubmedData><History><PubMedPubDate PubStatus="pubmed"><Year>1999</Year><Month>5</Month><Day>20</Day></PubMedPubDate><PubMedPubDate PubStatus="medline"><Year>1999</Year><Month>5</Month><Day>20</Day><Hour>0</Hour><Minute>1</Minute></PubMedPubDate><PubMedPubDate PubStatus="entrez"><Year>1999</Year><Month>5</Month><Day>20</Day><Hour>0</Hour><Minute>0</Minute></PubMedPubDate></History><PublicationStatus>ppublish</PublicationStatus><ArticleIdList><ArticleId IdType="pubmed">10331421</ArticleId><ArticleId IdType="doi">10.2337/diabetes.48.5.1138</ArticleId></ArticleIdList></PubmedData></PubmedArticle></PubmedArticleSet>