<?xml version="1.0" ?>
<!DOCTYPE PubmedArticleSet PUBLIC "-//NLM//DTD PubMedArticle, 1st January 2019//EN" "https://dtd.nlm.nih.gov/ncbi/pubmed/out/pubmed_190101.dtd">
<PubmedArticleSet><PubmedArticle><MedlineCitation Status="MEDLINE" Owner="NLM"><PMID Version="1">10333054</PMID><DateCompleted><Year>1999</Year><Month>07</Month><Day>02</Day></DateCompleted><DateRevised><Year>2019</Year><Month>08</Month><Day>16</Day></DateRevised><Article PubModel="Print"><Journal><ISSN IssnType="Print">0012-186X</ISSN><JournalIssue CitedMedium="Print"><Volume>42</Volume><Issue>5</Issue><PubDate><Year>1999</Year><Month>May</Month></PubDate></JournalIssue><Title>Diabetologia</Title><ISOAbbreviation>Diabetologia</ISOAbbreviation></Journal><ArticleTitle>Diabetic retinopathy risk correlates with intracellular concentrations of the glycoxidation product Nepsilon-(carboxymethyl) lysine independently of glycohaemoglobin concentrations.</ArticleTitle><Pagination><MedlinePgn>603-7</MedlinePgn></Pagination><Abstract><AbstractText Label="AIMS/HYPOTHESIS" NlmCategory="OBJECTIVE">We investigated whether either the amount of diabetes-induced intracellular oxidative stress or the concentration of hyperglycaemia-induced advanced glycation endproducts is associated with the risk of diabetic retinopathy.</AbstractText><AbstractText Label="METHODS" NlmCategory="METHODS">We measured concentrations of the glycoxidation product Nepsilon-(carboxymethyl)lysine and two non-oxidation-dependent advanced glycation end-products (methylglyoxal-derived and 3-deoxyglucosone-derived) in CD45RA+ T-cells from 21 Type I (insulin-dependent) diabetic patients with and without diabetic retinopathy and from age-matched nondiabetic control subjects.</AbstractText><AbstractText Label="RESULTS" NlmCategory="RESULTS">Intracellular concentrations of both oxidation-dependent Nepsilon-(carboxymethyl)lysine and oxidation-independent advanced glycation endproducts were increased in memory T-cells from diabetic patients. Nepsilon-(carboxymethyl)lysine: diabetic median-24176 arbitrary units/mg protein (95% confidence interval 18690-34099 arbitrary units/mg protein); nondiabetic-9088 arbitrary units/mg protein (confidence interval 6994-10696 arbitrary units/mg protein; p &lt; 0.0001). Methylglyoxal-derived advanced glycation end products: diabetic-5430 arbitrary units/ mg protein (confidence interval 3458-13610); nondiabetic-271 arbitrary units/mg protein (confidence interval 61-760 arbitrary units/mg protein; p&lt; 0.0001). 3-Deoxyglucosone-derived advanced glycation end products: diabetic-8070 arbitrary units/mg protein (confidence interval 7049-16551 arbitrary units/mg protein); nondiabetic-1479 arbitrary units/ mg protein (confidence interval 1169-3170; p&lt; 0.0001). Only Nepsilon-(carboxymethyl)lysine concentrations, however, inversely correlated with the duration of retinopathy-free diabetes (r = -0.51; p &lt; 0.02). Diabetes-dependent Nepsilon-(carboxymethyl)lysine accumulation did not correlate with age, diabetes duration, or averaged glycohaemoglobin concentrations. In vitro experiments wih menadione and lymphocytes confirmed that Nepsilon-(carboxymethyl)lysine concentrations reflect intracellular oxidative stress.</AbstractText><AbstractText Label="CONCLUSION/INTERPRETATION" NlmCategory="CONCLUSIONS">Monitoring intracellular concentrations of increased oxidative stress in long-lived CD45RA+ lymphocytes by markers such as Nepsilon-(carboxymethyl)lysine possibly identifies a subgroup of patients at high risk for microvascular complications.</AbstractText></Abstract><AuthorList CompleteYN="Y"><Author ValidYN="Y"><LastName>Hammes</LastName><ForeName>H P</ForeName><Initials>HP</Initials><AffiliationInfo><Affiliation>3rd Medical Department, Centre of Internal Medicine, Justus-Liebig-University, Giessen, Germany.</Affiliation></AffiliationInfo></Author><Author ValidYN="Y"><LastName>Brownlee</LastName><ForeName>M</ForeName><Initials>M</Initials></Author><Author ValidYN="Y"><LastName>Lin</LastName><ForeName>J</ForeName><Initials>J</Initials></Author><Author ValidYN="Y"><LastName>Schleicher</LastName><ForeName>E</ForeName><Initials>E</Initials></Author><Author ValidYN="Y"><LastName>Bretzel</LastName><ForeName>R G</ForeName><Initials>RG</Initials></Author></AuthorList><Language>eng</Language><GrantList CompleteYN="Y"><Grant><GrantID>DK-33861</GrantID><Acronym>DK</Acronym><Agency>NIDDK NIH HHS</Agency><Country>United States</Country></Grant></GrantList><PublicationTypeList><PublicationType UI="D016428">Journal Article</PublicationType><PublicationType UI="D013485">Research Support, Non-U.S. Gov't</PublicationType><PublicationType UI="D013487">Research Support, U.S. Gov't, P.H.S.</PublicationType></PublicationTypeList></Article><MedlineJournalInfo><Country>Germany</Country><MedlineTA>Diabetologia</MedlineTA><NlmUniqueID>0006777</NlmUniqueID><ISSNLinking>0012-186X</ISSNLinking></MedlineJournalInfo><ChemicalList><Chemical><RegistryNumber>0</RegistryNumber><NameOfSubstance UI="D006442">Glycated Hemoglobin A</NameOfSubstance></Chemical><Chemical><RegistryNumber>0</RegistryNumber><NameOfSubstance UI="D017127">Glycation End Products, Advanced</NameOfSubstance></Chemical><Chemical><RegistryNumber>2490-91-7</RegistryNumber><NameOfSubstance UI="C060458">3-deoxyglucose</NameOfSubstance></Chemical><Chemical><RegistryNumber>70YDX3Z2O7</RegistryNumber><NameOfSubstance UI="C048496">N(6)-carboxymethyllysine</NameOfSubstance></Chemical><Chemical><RegistryNumber>722KLD7415</RegistryNumber><NameOfSubstance UI="D011765">Pyruvaldehyde</NameOfSubstance></Chemical><Chemical><RegistryNumber>9G2MP84A8W</RegistryNumber><NameOfSubstance UI="D003847">Deoxyglucose</NameOfSubstance></Chemical><Chemical><RegistryNumber>EC 3.1.3.48</RegistryNumber><NameOfSubstance UI="D017493">Leukocyte Common Antigens</NameOfSubstance></Chemical><Chemical><RegistryNumber>EC 3.1.3.48</RegistryNumber><NameOfSubstance UI="D054562">Protein Tyrosine Phosphatase, Non-Receptor Type 1</NameOfSubstance></Chemical><Chemical><RegistryNumber>K3Z4F929H6</RegistryNumber><NameOfSubstance UI="D008239">Lysine</NameOfSubstance></Chemical></ChemicalList><CitationSubset>IM</CitationSubset><MeshHeadingList><MeshHeading><DescriptorName UI="D000328" MajorTopicYN="N">Adult</DescriptorName></MeshHeading><MeshHeading><DescriptorName UI="D003847" MajorTopicYN="N">Deoxyglucose</DescriptorName><QualifierName UI="Q000031" MajorTopicYN="N">analogs &amp; derivatives</QualifierName></MeshHeading><MeshHeading><DescriptorName UI="D003922" MajorTopicYN="N">Diabetes Mellitus, Type 1</DescriptorName><QualifierName UI="Q000097" MajorTopicYN="Y">blood</QualifierName></MeshHeading><MeshHeading><DescriptorName UI="D003930" MajorTopicYN="N">Diabetic Retinopathy</DescriptorName><QualifierName UI="Q000097" MajorTopicYN="Y">blood</QualifierName></MeshHeading><MeshHeading><DescriptorName UI="D005260" MajorTopicYN="N">Female</DescriptorName></MeshHeading><MeshHeading><DescriptorName UI="D006442" MajorTopicYN="N">Glycated Hemoglobin A</DescriptorName><QualifierName UI="Q000032" MajorTopicYN="Y">analysis</QualifierName></MeshHeading><MeshHeading><DescriptorName UI="D017127" MajorTopicYN="N">Glycation End Products, Advanced</DescriptorName><QualifierName UI="Q000097" MajorTopicYN="N">blood</QualifierName></MeshHeading><MeshHeading><DescriptorName UI="D006801" MajorTopicYN="N">Humans</DescriptorName></MeshHeading><MeshHeading><DescriptorName UI="D017493" MajorTopicYN="N">Leukocyte Common Antigens</DescriptorName><QualifierName UI="Q000032" MajorTopicYN="N">analysis</QualifierName></MeshHeading><MeshHeading><DescriptorName UI="D008239" MajorTopicYN="N">Lysine</DescriptorName><QualifierName UI="Q000031" MajorTopicYN="Y">analogs &amp; derivatives</QualifierName><QualifierName UI="Q000097" MajorTopicYN="N">blood</QualifierName></MeshHeading><MeshHeading><DescriptorName UI="D008297" MajorTopicYN="N">Male</DescriptorName></MeshHeading><MeshHeading><DescriptorName UI="D008875" MajorTopicYN="N">Middle Aged</DescriptorName></MeshHeading><MeshHeading><DescriptorName UI="D054562" MajorTopicYN="N">Protein Tyrosine Phosphatase, Non-Receptor Type 1</DescriptorName></MeshHeading><MeshHeading><DescriptorName UI="D011765" MajorTopicYN="N">Pyruvaldehyde</DescriptorName></MeshHeading><MeshHeading><DescriptorName UI="D012307" MajorTopicYN="N">Risk Factors</DescriptorName></MeshHeading><MeshHeading><DescriptorName UI="D013601" MajorTopicYN="N">T-Lymphocytes</DescriptorName><QualifierName UI="Q000737" MajorTopicYN="Y">chemistry</QualifierName><QualifierName UI="Q000276" MajorTopicYN="N">immunology</QualifierName></MeshHeading></MeshHeadingList></MedlineCitation><PubmedData><History><PubMedPubDate PubStatus="pubmed"><Year>1999</Year><Month>5</Month><Day>20</Day></PubMedPubDate><PubMedPubDate PubStatus="medline"><Year>1999</Year><Month>5</Month><Day>20</Day><Hour>0</Hour><Minute>1</Minute></PubMedPubDate><PubMedPubDate PubStatus="entrez"><Year>1999</Year><Month>5</Month><Day>20</Day><Hour>0</Hour><Minute>0</Minute></PubMedPubDate></History><PublicationStatus>ppublish</PublicationStatus><ArticleIdList><ArticleId IdType="pubmed">10333054</ArticleId><ArticleId IdType="doi">10.1007/s001250051201</ArticleId></ArticleIdList></PubmedData></PubmedArticle></PubmedArticleSet>