<?xml version="1.0" ?>
<!DOCTYPE PubmedArticleSet PUBLIC "-//NLM//DTD PubMedArticle, 1st January 2019//EN" "https://dtd.nlm.nih.gov/ncbi/pubmed/out/pubmed_190101.dtd">
<PubmedArticleSet><PubmedArticle><MedlineCitation Status="MEDLINE" Owner="NLM"><PMID Version="1">10331428</PMID><DateCompleted><Year>1999</Year><Month>05</Month><Day>27</Day></DateCompleted><DateRevised><Year>2019</Year><Month>05</Month><Day>15</Day></DateRevised><Article PubModel="Print"><Journal><ISSN IssnType="Print">0012-1797</ISSN><JournalIssue CitedMedium="Print"><Volume>48</Volume><Issue>5</Issue><PubDate><Year>1999</Year><Month>May</Month></PubDate></JournalIssue><Title>Diabetes</Title><ISOAbbreviation>Diabetes</ISOAbbreviation></Journal><ArticleTitle>Acute exercise induces GLUT4 translocation in skeletal muscle of normal human subjects and subjects with type 2 diabetes.</ArticleTitle><Pagination><MedlinePgn>1192-7</MedlinePgn></Pagination><Abstract><AbstractText>Total GLUT4 content in skeletal muscle from individuals with type 2 diabetes is normal; however, recent studies have demonstrated that translocation of GLUT4 to the plasma membrane is decreased in response to insulin stimulation. It is not known whether physical exercise stimulates GLUT4 translocation in skeletal muscle of individuals with type 2 diabetes. Five subjects (two men, three women) with type 2 diabetes and five normal control subjects (5 men), as determined by a standard 75-g oral glucose tolerance test, were recruited to determine whether an acute bout of cycle exercise activates the translocation of GLUT4 to the plasma membrane in skeletal muscle. Each subject had two open biopsies of vastus lateralis muscle; one at rest and one 3-6 weeks later from the opposite leg after 45-60 min of cycle exercise at 60-70% of VO2max. Skeletal muscle plasma membranes were prepared by subcellular fractionation, and GLUT4 content was determined by Western blotting. Plasma membrane GLUT4 increased in each subject in response to exercise. The mean increase in plasma membrane GLUT4 for the subjects with type 2 diabetes was 74 +/-20% above resting values, and for the normal subjects the increase was 71+/-18% above resting values. Although plasma membrane GLUT4 content was approximately 32% lower at rest and after exercise in the muscle of the subjects with type 2 diabetes, the differences were not statistically significant. We conclude that in contrast to the previously reported defect in insulin-stimulated GLUT4 translocation in skeletal muscle of individuals with type 2 diabetes, a single bout of exercise results in the translocation of GLUT4 to the plasma membrane in skeletal muscle of individuals with type 2 diabetes. These data provide the first direct evidence that GLUT4 translocation is an important cellular mechanism through which exercise enhances skeletal muscle glucose uptake in individuals with type 2 diabetes.</AbstractText></Abstract><AuthorList CompleteYN="Y"><Author ValidYN="Y"><LastName>Kennedy</LastName><ForeName>J W</ForeName><Initials>JW</Initials><AffiliationInfo><Affiliation>Research Division, Joslin Diabetes Center, Boston, Massachusetts 02215, USA.</Affiliation></AffiliationInfo></Author><Author ValidYN="Y"><LastName>Hirshman</LastName><ForeName>M F</ForeName><Initials>MF</Initials></Author><Author ValidYN="Y"><LastName>Gervino</LastName><ForeName>E V</ForeName><Initials>EV</Initials></Author><Author ValidYN="Y"><LastName>Ocel</LastName><ForeName>J V</ForeName><Initials>JV</Initials></Author><Author ValidYN="Y"><LastName>Forse</LastName><ForeName>R A</ForeName><Initials>RA</Initials></Author><Author ValidYN="Y"><LastName>Hoenig</LastName><ForeName>S J</ForeName><Initials>SJ</Initials></Author><Author ValidYN="Y"><LastName>Aronson</LastName><ForeName>D</ForeName><Initials>D</Initials></Author><Author ValidYN="Y"><LastName>Goodyear</LastName><ForeName>L J</ForeName><Initials>LJ</Initials></Author><Author ValidYN="Y"><LastName>Horton</LastName><ForeName>E S</ForeName><Initials>ES</Initials></Author></AuthorList><Language>eng</Language><GrantList CompleteYN="Y"><Grant><GrantID>5T32 DK07260</GrantID><Acronym>DK</Acronym><Agency>NIDDK NIH HHS</Agency><Country>United States</Country></Grant><Grant><GrantID>AR42238</GrantID><Acronym>AR</Acronym><Agency>NIAMS NIH HHS</Agency><Country>United States</Country></Grant><Grant><GrantID>RR-01032</GrantID><Acronym>RR</Acronym><Agency>NCRR NIH HHS</Agency><Country>United States</Country></Grant></GrantList><PublicationTypeList><PublicationType UI="D016428">Journal Article</PublicationType><PublicationType UI="D013485">Research Support, Non-U.S. Gov't</PublicationType><PublicationType UI="D013487">Research Support, U.S. Gov't, P.H.S.</PublicationType></PublicationTypeList></Article><MedlineJournalInfo><Country>United States</Country><MedlineTA>Diabetes</MedlineTA><NlmUniqueID>0372763</NlmUniqueID><ISSNLinking>0012-1797</ISSNLinking></MedlineJournalInfo><ChemicalList><Chemical><RegistryNumber>0</RegistryNumber><NameOfSubstance UI="D051275">Glucose Transporter Type 4</NameOfSubstance></Chemical><Chemical><RegistryNumber>0</RegistryNumber><NameOfSubstance UI="D007328">Insulin</NameOfSubstance></Chemical><Chemical><RegistryNumber>0</RegistryNumber><NameOfSubstance UI="D009004">Monosaccharide Transport Proteins</NameOfSubstance></Chemical><Chemical><RegistryNumber>0</RegistryNumber><NameOfSubstance UI="D009124">Muscle Proteins</NameOfSubstance></Chemical><Chemical><RegistryNumber>0</RegistryNumber><NameOfSubstance UI="C495692">SLC2A4 protein, human</NameOfSubstance></Chemical><Chemical><RegistryNumber>EC 3.1.3.5</RegistryNumber><NameOfSubstance UI="D015720">5'-Nucleotidase</NameOfSubstance></Chemical></ChemicalList><CitationSubset>IM</CitationSubset><MeshHeadingList><MeshHeading><DescriptorName UI="D015720" MajorTopicYN="N">5'-Nucleotidase</DescriptorName><QualifierName UI="Q000378" MajorTopicYN="N">metabolism</QualifierName></MeshHeading><MeshHeading><DescriptorName UI="D000328" MajorTopicYN="N">Adult</DescriptorName></MeshHeading><MeshHeading><DescriptorName UI="D001692" MajorTopicYN="N">Biological Transport</DescriptorName></MeshHeading><MeshHeading><DescriptorName UI="D015153" MajorTopicYN="N">Blotting, Western</DescriptorName></MeshHeading><MeshHeading><DescriptorName UI="D002458" MajorTopicYN="N">Cell Fractionation</DescriptorName></MeshHeading><MeshHeading><DescriptorName UI="D002462" MajorTopicYN="N">Cell Membrane</DescriptorName><QualifierName UI="Q000378" MajorTopicYN="N">metabolism</QualifierName></MeshHeading><MeshHeading><DescriptorName UI="D003924" MajorTopicYN="N">Diabetes Mellitus, Type 2</DescriptorName><QualifierName UI="Q000378" MajorTopicYN="Y">metabolism</QualifierName></MeshHeading><MeshHeading><DescriptorName UI="D015444" MajorTopicYN="N">Exercise</DescriptorName><QualifierName UI="Q000502" MajorTopicYN="Y">physiology</QualifierName></MeshHeading><MeshHeading><DescriptorName UI="D005260" MajorTopicYN="N">Female</DescriptorName></MeshHeading><MeshHeading><DescriptorName UI="D051275" MajorTopicYN="N">Glucose Transporter Type 4</DescriptorName></MeshHeading><MeshHeading><DescriptorName UI="D006801" MajorTopicYN="N">Humans</DescriptorName></MeshHeading><MeshHeading><DescriptorName UI="D007328" MajorTopicYN="N">Insulin</DescriptorName><QualifierName UI="Q000494" MajorTopicYN="N">pharmacology</QualifierName></MeshHeading><MeshHeading><DescriptorName UI="D008297" MajorTopicYN="N">Male</DescriptorName></MeshHeading><MeshHeading><DescriptorName UI="D008875" MajorTopicYN="N">Middle Aged</DescriptorName></MeshHeading><MeshHeading><DescriptorName UI="D009004" MajorTopicYN="N">Monosaccharide Transport Proteins</DescriptorName><QualifierName UI="Q000378" MajorTopicYN="Y">metabolism</QualifierName></MeshHeading><MeshHeading><DescriptorName UI="D009124" MajorTopicYN="Y">Muscle Proteins</DescriptorName></MeshHeading><MeshHeading><DescriptorName UI="D018482" MajorTopicYN="N">Muscle, Skeletal</DescriptorName><QualifierName UI="Q000378" MajorTopicYN="Y">metabolism</QualifierName><QualifierName UI="Q000648" MajorTopicYN="N">ultrastructure</QualifierName></MeshHeading></MeshHeadingList></MedlineCitation><PubmedData><History><PubMedPubDate PubStatus="pubmed"><Year>1999</Year><Month>5</Month><Day>20</Day></PubMedPubDate><PubMedPubDate PubStatus="medline"><Year>1999</Year><Month>5</Month><Day>20</Day><Hour>0</Hour><Minute>1</Minute></PubMedPubDate><PubMedPubDate PubStatus="entrez"><Year>1999</Year><Month>5</Month><Day>20</Day><Hour>0</Hour><Minute>0</Minute></PubMedPubDate></History><PublicationStatus>ppublish</PublicationStatus><ArticleIdList><ArticleId IdType="pubmed">10331428</ArticleId><ArticleId IdType="doi">10.2337/diabetes.48.5.1192</ArticleId></ArticleIdList></PubmedData></PubmedArticle></PubmedArticleSet>