<?xml version="1.0" ?>
<!DOCTYPE PubmedArticleSet PUBLIC "-//NLM//DTD PubMedArticle, 1st January 2019//EN" "https://dtd.nlm.nih.gov/ncbi/pubmed/out/pubmed_190101.dtd">
<PubmedArticleSet><PubmedArticle><MedlineCitation Status="MEDLINE" Owner="NLM"><PMID Version="1">10336573</PMID><DateCompleted><Year>1999</Year><Month>07</Month><Day>06</Day></DateCompleted><DateRevised><Year>2019</Year><Month>05</Month><Day>13</Day></DateRevised><Article PubModel="Print"><Journal><ISSN IssnType="Print">0306-5251</ISSN><JournalIssue CitedMedium="Print"><Volume>47</Volume><Issue>5</Issue><PubDate><Year>1999</Year><Month>May</Month></PubDate></JournalIssue><Title>British journal of clinical pharmacology</Title><ISOAbbreviation>Br J Clin Pharmacol</ISOAbbreviation></Journal><ArticleTitle>Nisoldipine improves the impaired erythrocyte deformability correlating with elevated intracellular free calcium-ion concentration and poor glycaemic control in NIDDM.</ArticleTitle><Pagination><MedlinePgn>499-506</MedlinePgn></Pagination><Abstract><AbstractText Label="AIMS" NlmCategory="OBJECTIVE">To explore the mechanisms underlying the impaired erythrocyte deformability (RBC-df) in diabetic patients, the relationship between erythrocyte intracellular free calcium-ion concentration ([Ca2+]i) and RBC-df, and the effects of Ca2+-channel blocker on [Ca2+]i and RBC-df were evaluated.</AbstractText><AbstractText Label="METHODS" NlmCategory="METHODS">Forty-eight patients with NIDDM and 24 control subjects were enrolled in this study. [Ca2+]i was determined using fura-2, and RBC-df by filtration method expressed as Deformability Index (DI). Erythrocytes were treated with nisoldipine to evaluate the effects of a Ca2+-channel blocker.</AbstractText><AbstractText Label="RESULTS" NlmCategory="RESULTS">[Ca2+]i was significantly higher (82.6 (78.0-87.2) vs 76.6 (74.3-81.2) nmol lRBC-1, P&lt;0.001), and DI was significantly lower (0. 14 (0.09-0.28) vs 0.22 (0.16-0.28), P&lt;0.01) in NIDDM than in controls. There was a significant correlation between HbA1c and [Ca2+]i (r=0.38, P&lt;0.01), between HbA1c and DI (r=-0.51, P&lt;0.01), and between [Ca2+]i and DI (r=-0.42, P&lt;0.01). Stepwise multiple regression analysis revealed HbA1c and [Ca2+]i as independent determinants for the impaired RBC-df. Nisoldipine treatment in vitro significantly decreased [Ca2+]i, and significantly improved RBC-df.</AbstractText><AbstractText Label="CONCLUSIONS" NlmCategory="CONCLUSIONS">These data indicate that the impaired RBC-df in NIDDM may at least partly be attributed to the elevated [Ca2+]i and poor glycaemic control. In addition, favorable effects of a Ca2+-channel blocker on both [Ca2+]i and RBC-df have been demonstrated.</AbstractText></Abstract><AuthorList CompleteYN="Y"><Author ValidYN="Y"><LastName>Fujita</LastName><ForeName>J</ForeName><Initials>J</Initials><AffiliationInfo><Affiliation>Department of Metabolism and Clinical Nutrition, Kyoto University Graduate School of Medicine, Japan.</Affiliation></AffiliationInfo></Author><Author ValidYN="Y"><LastName>Tsuda</LastName><ForeName>K</ForeName><Initials>K</Initials></Author><Author ValidYN="Y"><LastName>Takeda</LastName><ForeName>T</ForeName><Initials>T</Initials></Author><Author ValidYN="Y"><LastName>Yu</LastName><ForeName>L</ForeName><Initials>L</Initials></Author><Author ValidYN="Y"><LastName>Fujimoto</LastName><ForeName>S</ForeName><Initials>S</Initials></Author><Author ValidYN="Y"><LastName>Kajikawa</LastName><ForeName>M</ForeName><Initials>M</Initials></Author><Author ValidYN="Y"><LastName>Nishimura</LastName><ForeName>M</ForeName><Initials>M</Initials></Author><Author ValidYN="Y"><LastName>Mizuno</LastName><ForeName>N</ForeName><Initials>N</Initials></Author><Author ValidYN="Y"><LastName>Hamamoto</LastName><ForeName>Y</ForeName><Initials>Y</Initials></Author><Author ValidYN="Y"><LastName>Mukai</LastName><ForeName>E</ForeName><Initials>E</Initials></Author><Author ValidYN="Y"><LastName>Adachi</LastName><ForeName>T</ForeName><Initials>T</Initials></Author><Author ValidYN="Y"><LastName>Seino</LastName><ForeName>Y</ForeName><Initials>Y</Initials></Author></AuthorList><Language>eng</Language><PublicationTypeList><PublicationType UI="D016428">Journal Article</PublicationType><PublicationType UI="D013485">Research Support, Non-U.S. Gov't</PublicationType></PublicationTypeList></Article><MedlineJournalInfo><Country>England</Country><MedlineTA>Br J Clin Pharmacol</MedlineTA><NlmUniqueID>7503323</NlmUniqueID><ISSNLinking>0306-5251</ISSNLinking></MedlineJournalInfo><ChemicalList><Chemical><RegistryNumber>0</RegistryNumber><NameOfSubstance UI="D001786">Blood Glucose</NameOfSubstance></Chemical><Chemical><RegistryNumber>0</RegistryNumber><NameOfSubstance UI="D002121">Calcium Channel Blockers</NameOfSubstance></Chemical><Chemical><RegistryNumber>0</RegistryNumber><NameOfSubstance UI="D006442">Glycated Hemoglobin A</NameOfSubstance></Chemical><Chemical><RegistryNumber>4I8HAB65SZ</RegistryNumber><NameOfSubstance UI="D015737">Nisoldipine</NameOfSubstance></Chemical><Chemical><RegistryNumber>SY7Q814VUP</RegistryNumber><NameOfSubstance UI="D002118">Calcium</NameOfSubstance></Chemical></ChemicalList><CitationSubset>IM</CitationSubset><MeshHeadingList><MeshHeading><DescriptorName UI="D000328" MajorTopicYN="N">Adult</DescriptorName></MeshHeading><MeshHeading><DescriptorName UI="D001786" MajorTopicYN="N">Blood Glucose</DescriptorName><QualifierName UI="Q000187" MajorTopicYN="Y">drug effects</QualifierName><QualifierName UI="Q000378" MajorTopicYN="N">metabolism</QualifierName></MeshHeading><MeshHeading><DescriptorName UI="D002118" MajorTopicYN="N">Calcium</DescriptorName><QualifierName UI="Q000378" MajorTopicYN="Y">metabolism</QualifierName></MeshHeading><MeshHeading><DescriptorName UI="D002121" MajorTopicYN="N">Calcium Channel Blockers</DescriptorName><QualifierName UI="Q000494" MajorTopicYN="Y">pharmacology</QualifierName></MeshHeading><MeshHeading><DescriptorName UI="D003924" MajorTopicYN="N">Diabetes Mellitus, Type 2</DescriptorName><QualifierName UI="Q000097" MajorTopicYN="Y">blood</QualifierName></MeshHeading><MeshHeading><DescriptorName UI="D004907" MajorTopicYN="N">Erythrocyte Deformability</DescriptorName><QualifierName UI="Q000187" MajorTopicYN="Y">drug effects</QualifierName></MeshHeading><MeshHeading><DescriptorName UI="D004909" MajorTopicYN="N">Erythrocyte Indices</DescriptorName><QualifierName UI="Q000187" MajorTopicYN="N">drug effects</QualifierName></MeshHeading><MeshHeading><DescriptorName UI="D004912" MajorTopicYN="N">Erythrocytes</DescriptorName><QualifierName UI="Q000187" MajorTopicYN="N">drug effects</QualifierName><QualifierName UI="Q000378" MajorTopicYN="N">metabolism</QualifierName><QualifierName UI="Q000473" MajorTopicYN="N">pathology</QualifierName></MeshHeading><MeshHeading><DescriptorName UI="D005260" MajorTopicYN="N">Female</DescriptorName></MeshHeading><MeshHeading><DescriptorName UI="D006442" MajorTopicYN="N">Glycated Hemoglobin A</DescriptorName><QualifierName UI="Q000187" MajorTopicYN="N">drug effects</QualifierName><QualifierName UI="Q000378" MajorTopicYN="N">metabolism</QualifierName></MeshHeading><MeshHeading><DescriptorName UI="D006801" MajorTopicYN="N">Humans</DescriptorName></MeshHeading><MeshHeading><DescriptorName UI="D008297" MajorTopicYN="N">Male</DescriptorName></MeshHeading><MeshHeading><DescriptorName UI="D008875" MajorTopicYN="N">Middle Aged</DescriptorName></MeshHeading><MeshHeading><DescriptorName UI="D015737" MajorTopicYN="N">Nisoldipine</DescriptorName><QualifierName UI="Q000494" MajorTopicYN="Y">pharmacology</QualifierName></MeshHeading></MeshHeadingList></MedlineCitation><PubmedData><History><PubMedPubDate PubStatus="pubmed"><Year>1999</Year><Month>5</Month><Day>21</Day></PubMedPubDate><PubMedPubDate PubStatus="medline"><Year>1999</Year><Month>5</Month><Day>21</Day><Hour>0</Hour><Minute>1</Minute></PubMedPubDate><PubMedPubDate PubStatus="entrez"><Year>1999</Year><Month>5</Month><Day>21</Day><Hour>0</Hour><Minute>0</Minute></PubMedPubDate></History><PublicationStatus>ppublish</PublicationStatus><ArticleIdList><ArticleId IdType="pubmed">10336573</ArticleId><ArticleId IdType="pmc">PMC2014185</ArticleId><ArticleId IdType="doi">10.1046/j.1365-2125.1999.00934.x</ArticleId></ArticleIdList><ReferenceList><Reference><Citation>Biorheology. 1994 Mar-Apr;31(2):207-15</Citation><ArticleIdList><ArticleId IdType="pubmed">8729482</ArticleId></ArticleIdList></Reference><Reference><Citation>Scand J Clin Lab Invest. 1996 Apr;56(2):183-90</Citation><ArticleIdList><ArticleId IdType="pubmed">8743112</ArticleId></ArticleIdList></Reference><Reference><Citation>Klin Wochenschr. 1986 Oct 15;64(20):1046-9</Citation><ArticleIdList><ArticleId IdType="pubmed">3023739</ArticleId></ArticleIdList></Reference><Reference><Citation>Diabetes Care. 1996 Dec;19(12):1393-8</Citation><ArticleIdList><ArticleId IdType="pubmed">8941470</ArticleId></ArticleIdList></Reference><Reference><Citation>Diabet Med. 1997 Jun;14(6):499-502</Citation><ArticleIdList><ArticleId IdType="pubmed">9212318</ArticleId></ArticleIdList></Reference><Reference><Citation>Biochem Biophys Res Commun. 1997 Jul 30;236(3):549-54</Citation><ArticleIdList><ArticleId IdType="pubmed">9245686</ArticleId></ArticleIdList></Reference><Reference><Citation>Scand J Clin Lab Invest Suppl. 1981;156:155-8</Citation><ArticleIdList><ArticleId IdType="pubmed">6948378</ArticleId></ArticleIdList></Reference><Reference><Citation>Lancet. 1982 Mar 6;1(8271):535-7</Citation><ArticleIdList><ArticleId IdType="pubmed">6120392</ArticleId></ArticleIdList></Reference><Reference><Citation>J Clin Invest. 1969 May;48(5):795-809</Citation><ArticleIdList><ArticleId IdType="pubmed">4388591</ArticleId></ArticleIdList></Reference><Reference><Citation>Lancet. 1976 Mar 27;1(7961):666-8</Citation><ArticleIdList><ArticleId IdType="pubmed">73640</ArticleId></ArticleIdList></Reference><Reference><Citation>Diabetes. 1978 Sep;27(9):895-901</Citation><ArticleIdList><ArticleId IdType="pubmed">689301</ArticleId></ArticleIdList></Reference><Reference><Citation>Biochim Biophys Acta. 1980 Sep 30;604(2):159-90</Citation><ArticleIdList><ArticleId IdType="pubmed">6252968</ArticleId></ArticleIdList></Reference><Reference><Citation>Horm Metab Res Suppl. 1981;11:104-7</Citation><ArticleIdList><ArticleId IdType="pubmed">6947946</ArticleId></ArticleIdList></Reference><Reference><Citation>Eur Neurol. 1983;22 Suppl 1:35-7</Citation><ArticleIdList><ArticleId IdType="pubmed">6884403</ArticleId></ArticleIdList></Reference><Reference><Citation>Br J Clin Pharmacol. 1984 Feb;17(2):133-8</Citation><ArticleIdList><ArticleId IdType="pubmed">6704282</ArticleId></ArticleIdList></Reference><Reference><Citation>J Biol Chem. 1985 Mar 25;260(6):3440-50</Citation><ArticleIdList><ArticleId IdType="pubmed">3838314</ArticleId></ArticleIdList></Reference><Reference><Citation>Biochim Biophys Acta. 1985 Apr 11;814(2):289-99</Citation><ArticleIdList><ArticleId IdType="pubmed">3919766</ArticleId></ArticleIdList></Reference><Reference><Citation>Nephron. 1985;39(4):344-51</Citation><ArticleIdList><ArticleId IdType="pubmed">3885063</ArticleId></ArticleIdList></Reference><Reference><Citation>Eur J Pharmacol. 1985 Feb 5;108(3):329-30</Citation><ArticleIdList><ArticleId IdType="pubmed">2985404</ArticleId></ArticleIdList></Reference><Reference><Citation>Br J Clin Pharmacol. 1985 Jun;19(6):731-7</Citation><ArticleIdList><ArticleId IdType="pubmed">4027116</ArticleId></ArticleIdList></Reference><Reference><Citation>Br J Clin Pharmacol. 1985 Aug;20(2):152-4</Citation><ArticleIdList><ArticleId IdType="pubmed">2931096</ArticleId></ArticleIdList></Reference><Reference><Citation>J Clin Pathol. 1986 Jul;39(7):722-7</Citation><ArticleIdList><ArticleId IdType="pubmed">3090107</ArticleId></ArticleIdList></Reference><Reference><Citation>Diabetes. 1987 Sep;36(9):1010-3</Citation><ArticleIdList><ArticleId IdType="pubmed">3609495</ArticleId></ArticleIdList></Reference><Reference><Citation>Horm Metab Res. 1987 Nov;19(11):569-73</Citation><ArticleIdList><ArticleId IdType="pubmed">3428873</ArticleId></ArticleIdList></Reference><Reference><Citation>Clin Biochem. 1988 Jan;21(1):49-51</Citation><ArticleIdList><ArticleId IdType="pubmed">3345599</ArticleId></ArticleIdList></Reference><Reference><Citation>Mayo Clin Proc. 1988 May;63(5):517-20</Citation><ArticleIdList><ArticleId IdType="pubmed">3361961</ArticleId></ArticleIdList></Reference><Reference><Citation>Klin Wochenschr. 1988 May 16;66(10):443-6</Citation><ArticleIdList><ArticleId IdType="pubmed">2969432</ArticleId></ArticleIdList></Reference><Reference><Citation>Cell Calcium. 1988 Aug;9(4):167-79</Citation><ArticleIdList><ArticleId IdType="pubmed">3191527</ArticleId></ArticleIdList></Reference><Reference><Citation>J Hypertens Suppl. 1988 Dec;6(4):S228-30</Citation><ArticleIdList><ArticleId IdType="pubmed">2853731</ArticleId></ArticleIdList></Reference><Reference><Citation>Am J Physiol. 1989 Nov;257(5 Pt 1):C986-96</Citation><ArticleIdList><ArticleId IdType="pubmed">2596592</ArticleId></ArticleIdList></Reference><Reference><Citation>Diabetes. 1991 Jun;40(6):701-8</Citation><ArticleIdList><ArticleId IdType="pubmed">2040386</ArticleId></ArticleIdList></Reference><Reference><Citation>Diabetes Care. 1991 Mar;14(3):233-9</Citation><ArticleIdList><ArticleId IdType="pubmed">2044438</ArticleId></ArticleIdList></Reference><Reference><Citation>J Lab Clin Med. 1991 Jun;117(6):500-4</Citation><ArticleIdList><ArticleId IdType="pubmed">2045718</ArticleId></ArticleIdList></Reference><Reference><Citation>Diabet Med. 1991 Apr;8(3):232-6</Citation><ArticleIdList><ArticleId IdType="pubmed">1828738</ArticleId></ArticleIdList></Reference><Reference><Citation>Diabet Med. 1991 Aug-Sep;8(7):662-7</Citation><ArticleIdList><ArticleId IdType="pubmed">1833119</ArticleId></ArticleIdList></Reference><Reference><Citation>Hypertension. 1992 Feb;19(2):167-74</Citation><ArticleIdList><ArticleId IdType="pubmed">1737651</ArticleId></ArticleIdList></Reference><Reference><Citation>J Cardiovasc Pharmacol. 1992;19 Suppl 3:S96-8</Citation><ArticleIdList><ArticleId IdType="pubmed">1376849</ArticleId></ArticleIdList></Reference><Reference><Citation>Am J Hypertens. 1992 Dec;5(12 Pt 1):887-91</Citation><ArticleIdList><ArticleId IdType="pubmed">1285938</ArticleId></ArticleIdList></Reference><Reference><Citation>Diabetes. 1993 Apr;42(4):590-3</Citation><ArticleIdList><ArticleId IdType="pubmed">8454110</ArticleId></ArticleIdList></Reference><Reference><Citation>Methods Find Exp Clin Pharmacol. 1993 Mar;15(2):95-9</Citation><ArticleIdList><ArticleId IdType="pubmed">8487598</ArticleId></ArticleIdList></Reference><Reference><Citation>Am J Hypertens. 1993 May;6(5 Pt 1):413-7</Citation><ArticleIdList><ArticleId IdType="pubmed">8512665</ArticleId></ArticleIdList></Reference><Reference><Citation>Biochem J. 1993 Jul 15;293 ( Pt 2):369-75</Citation><ArticleIdList><ArticleId IdType="pubmed">8393658</ArticleId></ArticleIdList></Reference><Reference><Citation>Am J Kidney Dis. 1994 Feb;23(2):188-92</Citation><ArticleIdList><ArticleId IdType="pubmed">8311073</ArticleId></ArticleIdList></Reference><Reference><Citation>Microvasc Res. 1993 Nov;46(3):401-5</Citation><ArticleIdList><ArticleId IdType="pubmed">8121323</ArticleId></ArticleIdList></Reference><Reference><Citation>Diabet Med. 1994 Oct;11(8):763-7</Citation><ArticleIdList><ArticleId IdType="pubmed">7851070</ArticleId></ArticleIdList></Reference><Reference><Citation>Diabet Med. 1996 Jan;13(1):53-8</Citation><ArticleIdList><ArticleId IdType="pubmed">8741813</ArticleId></ArticleIdList></Reference></ReferenceList></PubmedData></PubmedArticle></PubmedArticleSet>