<?xml version="1.0" ?>
<!DOCTYPE PubmedArticleSet PUBLIC "-//NLM//DTD PubMedArticle, 1st January 2019//EN" "https://dtd.nlm.nih.gov/ncbi/pubmed/out/pubmed_190101.dtd">
<PubmedArticleSet><PubmedArticle><MedlineCitation Status="MEDLINE" Owner="NLM"><PMID Version="1">10331425</PMID><DateCompleted><Year>1999</Year><Month>05</Month><Day>27</Day></DateCompleted><DateRevised><Year>2022</Year><Month>03</Month><Day>30</Day></DateRevised><Article PubModel="Print"><Journal><ISSN IssnType="Print">0012-1797</ISSN><JournalIssue CitedMedium="Print"><Volume>48</Volume><Issue>5</Issue><PubDate><Year>1999</Year><Month>May</Month></PubDate></JournalIssue><Title>Diabetes</Title><ISOAbbreviation>Diabetes</ISOAbbreviation></Journal><ArticleTitle>Genetic analysis of late-onset type 2 diabetes in a mouse model of human complex trait.</ArticleTitle><Pagination><MedlinePgn>1168-74</MedlinePgn></Pagination><Abstract><AbstractText>Type 2 diabetes is a complex trait with both genes and environmental factors contributing to susceptibility. Except for rare subtypes with monogenic inheritance, the genetic basis of type 2 diabetes is unknown because of the complex and heterogeneous nature of the disease. By using the NSY mouse, an inbred mouse model of type 2 diabetes, we genetically dissected late-onset type 2 diabetes and demonstrated age-dependent changes in the genetic control of type 2 diabetes as well as polygenic inheritance. Three major loci (Nidd1nsy, Nidd2nsy, Nidd3nsy) were mapped on mouse chromosomes (Chr) 11, 14, and 6, respectively. The existence of a fourth locus (Nidd4nsy) with an age-dependent effect was suggested by longitudinal, but not cross-sectional, analysis of linkage data. Nidd1nsy and Nidd4nsy appear to affect insulin secretion, whereas Nidd2nsy and Nidd3nsy appear to affect insulin sensitivity. A locus on Chr 6 was significantly linked to epididymal fat weight. A candidate disease gene (Tcf2) on Chr 11, encoding hepatic nuclear factor-1beta, was shown to have a rare sequence variant in the DNA binding domain in the model. The mouse model we used will serve as a useful model for future studies on the etiology of late-onset polygenic type 2 diabetes in humans.</AbstractText></Abstract><AuthorList CompleteYN="Y"><Author ValidYN="Y"><LastName>Ueda</LastName><ForeName>H</ForeName><Initials>H</Initials><AffiliationInfo><Affiliation>Department of Geriatric Medicine, Osaka University Medical School, Suita, Japan.</Affiliation></AffiliationInfo></Author><Author ValidYN="Y"><LastName>Ikegami</LastName><ForeName>H</ForeName><Initials>H</Initials></Author><Author ValidYN="Y"><LastName>Kawaguchi</LastName><ForeName>Y</ForeName><Initials>Y</Initials></Author><Author ValidYN="Y"><LastName>Fujisawa</LastName><ForeName>T</ForeName><Initials>T</Initials></Author><Author ValidYN="Y"><LastName>Yamato</LastName><ForeName>E</ForeName><Initials>E</Initials></Author><Author ValidYN="Y"><LastName>Shibata</LastName><ForeName>M</ForeName><Initials>M</Initials></Author><Author ValidYN="Y"><LastName>Ogihara</LastName><ForeName>T</ForeName><Initials>T</Initials></Author></AuthorList><Language>eng</Language><DataBankList CompleteYN="Y"><DataBank><DataBankName>GENBANK</DataBankName><AccessionNumberList><AccessionNumber>AB008174</AccessionNumber><AccessionNumber>AB008175</AccessionNumber><AccessionNumber>AB008176</AccessionNumber><AccessionNumber>AB008177</AccessionNumber></AccessionNumberList></DataBank></DataBankList><PublicationTypeList><PublicationType UI="D016428">Journal Article</PublicationType><PublicationType UI="D013485">Research Support, Non-U.S. Gov't</PublicationType></PublicationTypeList></Article><MedlineJournalInfo><Country>United States</Country><MedlineTA>Diabetes</MedlineTA><NlmUniqueID>0372763</NlmUniqueID><ISSNLinking>0012-1797</ISSNLinking></MedlineJournalInfo><ChemicalList><Chemical><RegistryNumber>0</RegistryNumber><NameOfSubstance UI="D001786">Blood Glucose</NameOfSubstance></Chemical><Chemical><RegistryNumber>0</RegistryNumber><NameOfSubstance UI="D004268">DNA-Binding Proteins</NameOfSubstance></Chemical><Chemical><RegistryNumber>0</RegistryNumber><NameOfSubstance UI="C496495">HNF1B protein, human</NameOfSubstance></Chemical><Chemical><RegistryNumber>0</RegistryNumber><NameOfSubstance UI="C496496">Hnf1b protein, mouse</NameOfSubstance></Chemical><Chemical><RegistryNumber>0</RegistryNumber><NameOfSubstance UI="D007328">Insulin</NameOfSubstance></Chemical><Chemical><RegistryNumber>0</RegistryNumber><NameOfSubstance UI="D014157">Transcription Factors</NameOfSubstance></Chemical><Chemical><RegistryNumber>138674-15-4</RegistryNumber><NameOfSubstance UI="D051539">Hepatocyte Nuclear Factor 1-beta</NameOfSubstance></Chemical></ChemicalList><CitationSubset>IM</CitationSubset><MeshHeadingList><MeshHeading><DescriptorName UI="D000273" MajorTopicYN="N">Adipose Tissue</DescriptorName><QualifierName UI="Q000033" MajorTopicYN="N">anatomy &amp; histology</QualifierName></MeshHeading><MeshHeading><DescriptorName UI="D000595" MajorTopicYN="N">Amino Acid Sequence</DescriptorName></MeshHeading><MeshHeading><DescriptorName UI="D000818" MajorTopicYN="N">Animals</DescriptorName></MeshHeading><MeshHeading><DescriptorName UI="D001786" MajorTopicYN="N">Blood Glucose</DescriptorName><QualifierName UI="Q000378" MajorTopicYN="N">metabolism</QualifierName></MeshHeading><MeshHeading><DescriptorName UI="D002874" MajorTopicYN="N">Chromosome Mapping</DescriptorName></MeshHeading><MeshHeading><DescriptorName UI="D004268" MajorTopicYN="N">DNA-Binding Proteins</DescriptorName><QualifierName UI="Q000235" MajorTopicYN="N">genetics</QualifierName></MeshHeading><MeshHeading><DescriptorName UI="D003924" MajorTopicYN="N">Diabetes Mellitus, Type 2</DescriptorName><QualifierName UI="Q000235" MajorTopicYN="Y">genetics</QualifierName></MeshHeading><MeshHeading><DescriptorName UI="D004195" MajorTopicYN="Y">Disease Models, Animal</DescriptorName></MeshHeading><MeshHeading><DescriptorName UI="D004822" MajorTopicYN="N">Epididymis</DescriptorName></MeshHeading><MeshHeading><DescriptorName UI="D005260" MajorTopicYN="N">Female</DescriptorName></MeshHeading><MeshHeading><DescriptorName UI="D051539" MajorTopicYN="N">Hepatocyte Nuclear Factor 1-beta</DescriptorName></MeshHeading><MeshHeading><DescriptorName UI="D006801" MajorTopicYN="N">Humans</DescriptorName></MeshHeading><MeshHeading><DescriptorName UI="D007328" MajorTopicYN="N">Insulin</DescriptorName><QualifierName UI="Q000378" MajorTopicYN="N">metabolism</QualifierName><QualifierName UI="Q000494" MajorTopicYN="N">pharmacology</QualifierName></MeshHeading><MeshHeading><DescriptorName UI="D007333" MajorTopicYN="N">Insulin Resistance</DescriptorName><QualifierName UI="Q000235" MajorTopicYN="N">genetics</QualifierName></MeshHeading><MeshHeading><DescriptorName UI="D000078790" MajorTopicYN="N">Insulin Secretion</DescriptorName></MeshHeading><MeshHeading><DescriptorName UI="D008137" MajorTopicYN="N">Longitudinal Studies</DescriptorName></MeshHeading><MeshHeading><DescriptorName UI="D008297" MajorTopicYN="N">Male</DescriptorName></MeshHeading><MeshHeading><DescriptorName UI="D051379" MajorTopicYN="N">Mice</DescriptorName></MeshHeading><MeshHeading><DescriptorName UI="D008815" MajorTopicYN="N">Mice, Inbred Strains</DescriptorName></MeshHeading><MeshHeading><DescriptorName UI="D008969" MajorTopicYN="N">Molecular Sequence Data</DescriptorName></MeshHeading><MeshHeading><DescriptorName UI="D009929" MajorTopicYN="N">Organ Size</DescriptorName></MeshHeading><MeshHeading><DescriptorName UI="D014157" MajorTopicYN="N">Transcription Factors</DescriptorName><QualifierName UI="Q000235" MajorTopicYN="N">genetics</QualifierName></MeshHeading></MeshHeadingList></MedlineCitation><PubmedData><History><PubMedPubDate PubStatus="pubmed"><Year>1999</Year><Month>5</Month><Day>20</Day></PubMedPubDate><PubMedPubDate PubStatus="medline"><Year>1999</Year><Month>5</Month><Day>20</Day><Hour>0</Hour><Minute>1</Minute></PubMedPubDate><PubMedPubDate PubStatus="entrez"><Year>1999</Year><Month>5</Month><Day>20</Day><Hour>0</Hour><Minute>0</Minute></PubMedPubDate></History><PublicationStatus>ppublish</PublicationStatus><ArticleIdList><ArticleId IdType="pubmed">10331425</ArticleId><ArticleId IdType="doi">10.2337/diabetes.48.5.1168</ArticleId></ArticleIdList></PubmedData></PubmedArticle></PubmedArticleSet>