<?xml version="1.0" ?>
<!DOCTYPE PubmedArticleSet PUBLIC "-//NLM//DTD PubMedArticle, 1st January 2019//EN" "https://dtd.nlm.nih.gov/ncbi/pubmed/out/pubmed_190101.dtd">
<PubmedArticleSet><PubmedArticle><MedlineCitation Status="MEDLINE" Owner="NLM"><PMID Version="1">10332663</PMID><DateCompleted><Year>1999</Year><Month>07</Month><Day>09</Day></DateCompleted><DateRevised><Year>2019</Year><Month>05</Month><Day>15</Day></DateRevised><Article PubModel="Print"><Journal><ISSN IssnType="Print">0149-5992</ISSN><JournalIssue CitedMedium="Print"><Volume>22</Volume><Issue>5</Issue><PubDate><Year>1999</Year><Month>May</Month></PubDate></JournalIssue><Title>Diabetes care</Title><ISOAbbreviation>Diabetes Care</ISOAbbreviation></Journal><ArticleTitle>Effects of meal carbohydrate content on insulin requirements in type 1 diabetic patients treated intensively with the basal-bolus (ultralente-regular) insulin regimen.</ArticleTitle><Pagination><MedlinePgn>667-73</MedlinePgn></Pagination><Abstract><AbstractText Label="OBJECTIVE" NlmCategory="OBJECTIVE">In this study, we evaluated the effects of high-(55%) and low-(40%) carbohydrate diets on insulin requirements in nine type 1 diabetic subjects treated intensively with ultralente as basal insulin and regular insulin as premeal insulin adjusted to the carbohydrate content of meals.</AbstractText><AbstractText Label="RESEARCH DESIGN AND METHODS" NlmCategory="METHODS">Nine subjects were randomized in a crossover design to follow two diets consecutively for a period of 14 days each. A 3-day food diary was completed for each diet with the amount of carbohydrate in the mixed meals ranging from 21 to 188 g. Preprandial (5.9 vs. 6.1 mmol/l) and postprandial (8 vs. 8.9 mmol/l) capillary glucose and fructosamine (310 vs. 316 mumol/l) were comparable on both the low- and high-carbohydrate diets.</AbstractText><AbstractText Label="RESULTS" NlmCategory="RESULTS">The assessment of meal carbohydrate content by the patients was excellent, with &gt; 85% of cases falling within 15% of computer-assisted evaluation. When premeal regular insulin was prescribed in U/10 g of carbohydrate, the postprandial glycemic rise remained constant (2.4 +/- 2.8 mmol/l) over a wide range of carbohydrate ingested (21-188 g) and was not affected by the glycemic index, fiber, and caloric and lipidic content of the meals. This tight control was maintained during the low- and high-carbohydrate diet without any change in insulin requirements (breakfast, 1.5 vs. 1.5 U/10 g of carbohydrate; lunch, 1.0 vs. 1.0; supper, 1.1 vs. 1.2) and in basal ultralente insulin requirements (22.5 vs. 21.4 U/day).</AbstractText><AbstractText Label="CONCLUSIONS" NlmCategory="CONCLUSIONS">These results indicate that in type 1 diabetic subjects 1) increasing the amount of carbohydrate intake does not influence glycemic control if premeal regular insulin is adjusted to the carbohydrate content of the meals; 2) algorithms based on U/10 g of carbohydrate are effective and safe, whatever the amount of carbohydrate in the meal; 3) the glycemic index, fiber, and lipidic and caloric content of the meals do not affect premeal regular insulin requirements; 4) wide variations in carbohydrate intake do not modify basal (ultralente) insulin requirements; and, finally 5) the ultralente-regular insulin regimen allows dissection between basal and prandial insulin requirements, so that each can be adjusted accurately and independently.</AbstractText></Abstract><AuthorList CompleteYN="Y"><Author ValidYN="Y"><LastName>Rabasa-Lhoret</LastName><ForeName>R</ForeName><Initials>R</Initials><AffiliationInfo><Affiliation>Research Center, Centre Hospitalier de l'Université de Montréal, Ontario, Canada.</Affiliation></AffiliationInfo></Author><Author ValidYN="Y"><LastName>Garon</LastName><ForeName>J</ForeName><Initials>J</Initials></Author><Author ValidYN="Y"><LastName>Langelier</LastName><ForeName>H</ForeName><Initials>H</Initials></Author><Author ValidYN="Y"><LastName>Poisson</LastName><ForeName>D</ForeName><Initials>D</Initials></Author><Author ValidYN="Y"><LastName>Chiasson</LastName><ForeName>J L</ForeName><Initials>JL</Initials></Author></AuthorList><Language>eng</Language><PublicationTypeList><PublicationType UI="D016430">Clinical Trial</PublicationType><PublicationType UI="D016428">Journal Article</PublicationType><PublicationType UI="D016449">Randomized Controlled Trial</PublicationType></PublicationTypeList></Article><MedlineJournalInfo><Country>United States</Country><MedlineTA>Diabetes Care</MedlineTA><NlmUniqueID>7805975</NlmUniqueID><ISSNLinking>0149-5992</ISSNLinking></MedlineJournalInfo><ChemicalList><Chemical><RegistryNumber>0</RegistryNumber><NameOfSubstance UI="D001786">Blood Glucose</NameOfSubstance></Chemical><Chemical><RegistryNumber>0</RegistryNumber><NameOfSubstance UI="D004040">Dietary Carbohydrates</NameOfSubstance></Chemical><Chemical><RegistryNumber>0</RegistryNumber><NameOfSubstance UI="D007004">Hypoglycemic Agents</NameOfSubstance></Chemical><Chemical><RegistryNumber>0</RegistryNumber><NameOfSubstance UI="D007328">Insulin</NameOfSubstance></Chemical><Chemical><RegistryNumber>0</RegistryNumber><NameOfSubstance UI="D049528">Insulin, Long-Acting</NameOfSubstance></Chemical></ChemicalList><CitationSubset>IM</CitationSubset><MeshHeadingList><MeshHeading><DescriptorName UI="D000328" MajorTopicYN="N">Adult</DescriptorName></MeshHeading><MeshHeading><DescriptorName UI="D001786" MajorTopicYN="N">Blood Glucose</DescriptorName><QualifierName UI="Q000378" MajorTopicYN="Y">metabolism</QualifierName></MeshHeading><MeshHeading><DescriptorName UI="D018592" MajorTopicYN="N">Cross-Over Studies</DescriptorName></MeshHeading><MeshHeading><DescriptorName UI="D003922" MajorTopicYN="N">Diabetes Mellitus, Type 1</DescriptorName><QualifierName UI="Q000097" MajorTopicYN="N">blood</QualifierName><QualifierName UI="Q000188" MajorTopicYN="Y">drug therapy</QualifierName></MeshHeading><MeshHeading><DescriptorName UI="D004040" MajorTopicYN="Y">Dietary Carbohydrates</DescriptorName></MeshHeading><MeshHeading><DescriptorName UI="D004359" MajorTopicYN="N">Drug Therapy, Combination</DescriptorName></MeshHeading><MeshHeading><DescriptorName UI="D004435" MajorTopicYN="N">Eating</DescriptorName></MeshHeading><MeshHeading><DescriptorName UI="D002149" MajorTopicYN="N">Energy Intake</DescriptorName></MeshHeading><MeshHeading><DescriptorName UI="D005260" MajorTopicYN="N">Female</DescriptorName></MeshHeading><MeshHeading><DescriptorName UI="D006801" MajorTopicYN="N">Humans</DescriptorName></MeshHeading><MeshHeading><DescriptorName UI="D007004" MajorTopicYN="N">Hypoglycemic Agents</DescriptorName><QualifierName UI="Q000627" MajorTopicYN="Y">therapeutic use</QualifierName></MeshHeading><MeshHeading><DescriptorName UI="D007328" MajorTopicYN="N">Insulin</DescriptorName><QualifierName UI="Q000627" MajorTopicYN="Y">therapeutic use</QualifierName></MeshHeading><MeshHeading><DescriptorName UI="D049528" MajorTopicYN="N">Insulin, Long-Acting</DescriptorName><QualifierName UI="Q000627" MajorTopicYN="Y">therapeutic use</QualifierName></MeshHeading><MeshHeading><DescriptorName UI="D008297" MajorTopicYN="N">Male</DescriptorName></MeshHeading><MeshHeading><DescriptorName UI="D008875" MajorTopicYN="N">Middle Aged</DescriptorName></MeshHeading><MeshHeading><DescriptorName UI="D019518" MajorTopicYN="N">Postprandial Period</DescriptorName></MeshHeading><MeshHeading><DescriptorName UI="D012044" MajorTopicYN="N">Regression Analysis</DescriptorName></MeshHeading></MeshHeadingList></MedlineCitation><PubmedData><History><PubMedPubDate PubStatus="pubmed"><Year>1999</Year><Month>5</Month><Day>20</Day></PubMedPubDate><PubMedPubDate PubStatus="medline"><Year>1999</Year><Month>5</Month><Day>20</Day><Hour>0</Hour><Minute>1</Minute></PubMedPubDate><PubMedPubDate PubStatus="entrez"><Year>1999</Year><Month>5</Month><Day>20</Day><Hour>0</Hour><Minute>0</Minute></PubMedPubDate></History><PublicationStatus>ppublish</PublicationStatus><ArticleIdList><ArticleId IdType="pubmed">10332663</ArticleId><ArticleId IdType="doi">10.2337/diacare.22.5.667</ArticleId></ArticleIdList></PubmedData></PubmedArticle></PubmedArticleSet>