<?xml version="1.0" ?>
<!DOCTYPE PubmedArticleSet PUBLIC "-//NLM//DTD PubMedArticle, 1st January 2019//EN" "https://dtd.nlm.nih.gov/ncbi/pubmed/out/pubmed_190101.dtd">
<PubmedArticleSet><PubmedArticle><MedlineCitation Status="MEDLINE" Owner="NLM"><PMID Version="1">10333942</PMID><DateCompleted><Year>1999</Year><Month>07</Month><Day>09</Day></DateCompleted><DateRevised><Year>2019</Year><Month>05</Month><Day>15</Day></DateRevised><Article PubModel="Print"><Journal><ISSN IssnType="Print">0149-5992</ISSN><JournalIssue CitedMedium="Print"><Volume>22</Volume><Issue>2</Issue><PubDate><Year>1999</Year><Month>Feb</Month></PubDate></JournalIssue><Title>Diabetes care</Title><ISOAbbreviation>Diabetes Care</ISOAbbreviation></Journal><ArticleTitle>Phenotypic characteristics of early-onset autosomal-dominant type 2 diabetes unlinked to known maturity-onset diabetes of the young (MODY) genes.</ArticleTitle><Pagination><MedlinePgn>253-61</MedlinePgn></Pagination><Abstract><AbstractText Label="OBJECTIVE" NlmCategory="OBJECTIVE">To investigate whether there are forms of early-onset autosomal-dominant type 2 diabetes that are distinct from typical maturity-onset diabetes of the young (MODY) and to characterize their phenotypic characteristics.</AbstractText><AbstractText Label="RESEARCH DESIGN AND METHODS" NlmCategory="METHODS">The study included 220 affected subjects from 29 families in which early-onset type 2 diabetes occurred in multiple generations and was not linked to known MODY genes (MODY gene-negative families). All individuals underwent an oral glucose tolerance test and other clinical measurements aimed at investigating the underlying metabolic defect and the presence of diabetic complications. For comparison, 79 affected carriers of MODY3 (hepatocyte nuclear factor [HNF]-1 alpha) mutations were similarly examined.</AbstractText><AbstractText Label="RESULTS" NlmCategory="RESULTS">Subjects from MODY gene-negative pedigrees were diagnosed with diabetes at an older age (36 +/- 17 vs. 21 +/- 10 years, P = 0.0001) and were more frequently obese (52 vs. 18%, P = 0.0001) than MODY3 individuals. MODY gene-negative patients who were insulin treated required more exogenous insulin than did MODY3 subjects (0.7 +/- 0.4 vs. 0.45 +/- 0.2 U.kg-1.day-1, P = 0.04), despite similar C-peptide levels. Among subjects not treated with insulin, MODY gene-negative subjects had significantly higher serum insulin levels, both fasting (16.5 +/- 15 vs. 6.5 +/- 5 microU/ml, P = 0.027) and 2 h after a glucose load (53 +/- 44 vs. 11 +/- 10, P = 0.002). They also had higher serum triglycerides (P = 0.02), higher cholesterol levels (P = 0.02), more hypertension (P = 0.0001), and more nephropathy (P = 0.001). Differences persisted when families were matched for age at diagnosis.</AbstractText><AbstractText Label="CONCLUSIONS" NlmCategory="CONCLUSIONS">Our findings indicate the existence of forms of early-onset autosomal-dominant type 2 diabetes that are distinct from MODY and are frequently characterized by insulin resistance, similar to later-onset type 2 diabetes. Because of the Mendelian pattern of inheritance, the goal of identifying the genes involved in these forms of diabetes appears to be particularly feasible.</AbstractText></Abstract><AuthorList CompleteYN="Y"><Author ValidYN="Y"><LastName>Doria</LastName><ForeName>A</ForeName><Initials>A</Initials><AffiliationInfo><Affiliation>Section on Genetics, Joslin Diabetes Center, Boston, MA 02215, USA. adoria@joslin.harvard.edu</Affiliation></AffiliationInfo></Author><Author ValidYN="Y"><LastName>Yang</LastName><ForeName>Y</ForeName><Initials>Y</Initials></Author><Author ValidYN="Y"><LastName>Malecki</LastName><ForeName>M</ForeName><Initials>M</Initials></Author><Author ValidYN="Y"><LastName>Scotti</LastName><ForeName>S</ForeName><Initials>S</Initials></Author><Author ValidYN="Y"><LastName>Dreyfus</LastName><ForeName>J</ForeName><Initials>J</Initials></Author><Author ValidYN="Y"><LastName>O'Keeffe</LastName><ForeName>C</ForeName><Initials>C</Initials></Author><Author ValidYN="Y"><LastName>Orban</LastName><ForeName>T</ForeName><Initials>T</Initials></Author><Author ValidYN="Y"><LastName>Warram</LastName><ForeName>J H</ForeName><Initials>JH</Initials></Author><Author ValidYN="Y"><LastName>Krolewski</LastName><ForeName>A S</ForeName><Initials>AS</Initials></Author></AuthorList><Language>eng</Language><GrantList CompleteYN="Y"><Grant><GrantID>DK-47475</GrantID><Acronym>DK</Acronym><Agency>NIDDK NIH HHS</Agency><Country>United States</Country></Grant><Grant><GrantID>DK-55523</GrantID><Acronym>DK</Acronym><Agency>NIDDK NIH HHS</Agency><Country>United States</Country></Grant></GrantList><PublicationTypeList><PublicationType UI="D016428">Journal Article</PublicationType><PublicationType UI="D013487">Research Support, U.S. Gov't, P.H.S.</PublicationType></PublicationTypeList></Article><MedlineJournalInfo><Country>United States</Country><MedlineTA>Diabetes Care</MedlineTA><NlmUniqueID>7805975</NlmUniqueID><ISSNLinking>0149-5992</ISSNLinking></MedlineJournalInfo><ChemicalList><Chemical><RegistryNumber>0</RegistryNumber><NameOfSubstance UI="D001786">Blood Glucose</NameOfSubstance></Chemical><Chemical><RegistryNumber>0</RegistryNumber><NameOfSubstance UI="D004268">DNA-Binding Proteins</NameOfSubstance></Chemical><Chemical><RegistryNumber>0</RegistryNumber><NameOfSubstance UI="C496487">HNF1A protein, human</NameOfSubstance></Chemical><Chemical><RegistryNumber>0</RegistryNumber><NameOfSubstance UI="C496495">HNF1B protein, human</NameOfSubstance></Chemical><Chemical><RegistryNumber>0</RegistryNumber><NameOfSubstance UI="D051538">Hepatocyte Nuclear Factor 1-alpha</NameOfSubstance></Chemical><Chemical><RegistryNumber>0</RegistryNumber><NameOfSubstance UI="D007328">Insulin</NameOfSubstance></Chemical><Chemical><RegistryNumber>0</RegistryNumber><NameOfSubstance UI="D009687">Nuclear Proteins</NameOfSubstance></Chemical><Chemical><RegistryNumber>0</RegistryNumber><NameOfSubstance UI="D014157">Transcription Factors</NameOfSubstance></Chemical><Chemical><RegistryNumber>0</RegistryNumber><NameOfSubstance UI="D014280">Triglycerides</NameOfSubstance></Chemical><Chemical><RegistryNumber>126548-29-6</RegistryNumber><NameOfSubstance UI="D051537">Hepatocyte Nuclear Factor 1</NameOfSubstance></Chemical><Chemical><RegistryNumber>138674-15-4</RegistryNumber><NameOfSubstance UI="D051539">Hepatocyte Nuclear Factor 1-beta</NameOfSubstance></Chemical><Chemical><RegistryNumber>97C5T2UQ7J</RegistryNumber><NameOfSubstance UI="D002784">Cholesterol</NameOfSubstance></Chemical></ChemicalList><CitationSubset>IM</CitationSubset><MeshHeadingList><MeshHeading><DescriptorName UI="D000328" MajorTopicYN="N">Adult</DescriptorName></MeshHeading><MeshHeading><DescriptorName UI="D017668" MajorTopicYN="N">Age of Onset</DescriptorName></MeshHeading><MeshHeading><DescriptorName UI="D001786" MajorTopicYN="N">Blood Glucose</DescriptorName><QualifierName UI="Q000378" MajorTopicYN="N">metabolism</QualifierName></MeshHeading><MeshHeading><DescriptorName UI="D001835" MajorTopicYN="N">Body Weight</DescriptorName></MeshHeading><MeshHeading><DescriptorName UI="D002784" MajorTopicYN="N">Cholesterol</DescriptorName><QualifierName UI="Q000097" MajorTopicYN="N">blood</QualifierName></MeshHeading><MeshHeading><DescriptorName UI="D004268" MajorTopicYN="N">DNA-Binding Proteins</DescriptorName><QualifierName UI="Q000235" MajorTopicYN="N">genetics</QualifierName></MeshHeading><MeshHeading><DescriptorName UI="D003920" MajorTopicYN="N">Diabetes Mellitus</DescriptorName><QualifierName UI="Q000097" MajorTopicYN="N">blood</QualifierName><QualifierName UI="Q000235" MajorTopicYN="N">genetics</QualifierName><QualifierName UI="Q000503" MajorTopicYN="N">physiopathology</QualifierName></MeshHeading><MeshHeading><DescriptorName UI="D003922" MajorTopicYN="N">Diabetes Mellitus, Type 1</DescriptorName><QualifierName UI="Q000097" MajorTopicYN="N">blood</QualifierName><QualifierName UI="Q000235" MajorTopicYN="N">genetics</QualifierName><QualifierName UI="Q000503" MajorTopicYN="N">physiopathology</QualifierName></MeshHeading><MeshHeading><DescriptorName UI="D003924" MajorTopicYN="N">Diabetes Mellitus, Type 2</DescriptorName><QualifierName UI="Q000097" MajorTopicYN="N">blood</QualifierName><QualifierName UI="Q000235" MajorTopicYN="Y">genetics</QualifierName><QualifierName UI="Q000503" MajorTopicYN="N">physiopathology</QualifierName></MeshHeading><MeshHeading><DescriptorName UI="D003928" MajorTopicYN="N">Diabetic Nephropathies</DescriptorName><QualifierName UI="Q000235" MajorTopicYN="N">genetics</QualifierName></MeshHeading><MeshHeading><DescriptorName UI="D005190" MajorTopicYN="N">Family</DescriptorName></MeshHeading><MeshHeading><DescriptorName UI="D005260" MajorTopicYN="N">Female</DescriptorName></MeshHeading><MeshHeading><DescriptorName UI="D005799" MajorTopicYN="N">Genes, Dominant</DescriptorName></MeshHeading><MeshHeading><DescriptorName UI="D018149" MajorTopicYN="N">Glucose Intolerance</DescriptorName><QualifierName UI="Q000235" MajorTopicYN="N">genetics</QualifierName></MeshHeading><MeshHeading><DescriptorName UI="D051537" MajorTopicYN="N">Hepatocyte Nuclear Factor 1</DescriptorName></MeshHeading><MeshHeading><DescriptorName UI="D051538" MajorTopicYN="N">Hepatocyte Nuclear Factor 1-alpha</DescriptorName></MeshHeading><MeshHeading><DescriptorName UI="D051539" MajorTopicYN="N">Hepatocyte Nuclear Factor 1-beta</DescriptorName></MeshHeading><MeshHeading><DescriptorName UI="D006801" MajorTopicYN="N">Humans</DescriptorName></MeshHeading><MeshHeading><DescriptorName UI="D007328" MajorTopicYN="N">Insulin</DescriptorName><QualifierName UI="Q000097" MajorTopicYN="N">blood</QualifierName></MeshHeading><MeshHeading><DescriptorName UI="D008297" MajorTopicYN="N">Male</DescriptorName></MeshHeading><MeshHeading><DescriptorName UI="D008875" MajorTopicYN="N">Middle Aged</DescriptorName></MeshHeading><MeshHeading><DescriptorName UI="D009687" MajorTopicYN="Y">Nuclear Proteins</DescriptorName></MeshHeading><MeshHeading><DescriptorName UI="D009765" MajorTopicYN="N">Obesity</DescriptorName></MeshHeading><MeshHeading><DescriptorName UI="D010641" MajorTopicYN="N">Phenotype</DescriptorName></MeshHeading><MeshHeading><DescriptorName UI="D014157" MajorTopicYN="N">Transcription Factors</DescriptorName><QualifierName UI="Q000235" MajorTopicYN="Y">genetics</QualifierName></MeshHeading><MeshHeading><DescriptorName UI="D014280" MajorTopicYN="N">Triglycerides</DescriptorName><QualifierName UI="Q000097" MajorTopicYN="N">blood</QualifierName></MeshHeading></MeshHeadingList></MedlineCitation><PubmedData><History><PubMedPubDate PubStatus="pubmed"><Year>1999</Year><Month>5</Month><Day>20</Day></PubMedPubDate><PubMedPubDate PubStatus="medline"><Year>1999</Year><Month>5</Month><Day>20</Day><Hour>0</Hour><Minute>1</Minute></PubMedPubDate><PubMedPubDate PubStatus="entrez"><Year>1999</Year><Month>5</Month><Day>20</Day><Hour>0</Hour><Minute>0</Minute></PubMedPubDate></History><PublicationStatus>ppublish</PublicationStatus><ArticleIdList><ArticleId IdType="pubmed">10333942</ArticleId><ArticleId IdType="doi">10.2337/diacare.22.2.253</ArticleId></ArticleIdList></PubmedData></PubmedArticle></PubmedArticleSet>