<?xml version="1.0" ?>
<!DOCTYPE PubmedArticleSet PUBLIC "-//NLM//DTD PubMedArticle, 1st January 2019//EN" "https://dtd.nlm.nih.gov/ncbi/pubmed/out/pubmed_190101.dtd">
<PubmedArticleSet><PubmedArticle><MedlineCitation Status="MEDLINE" Owner="NLM"><PMID Version="1">10333901</PMID><DateCompleted><Year>1999</Year><Month>07</Month><Day>13</Day></DateCompleted><DateRevised><Year>2019</Year><Month>05</Month><Day>15</Day></DateRevised><Article PubModel="Print"><Journal><ISSN IssnType="Print">0149-5992</ISSN><JournalIssue CitedMedium="Print"><Volume>22</Volume><Issue>1</Issue><PubDate><Year>1999</Year><Month>Jan</Month></PubDate></JournalIssue><Title>Diabetes care</Title><ISOAbbreviation>Diabetes Care</ISOAbbreviation></Journal><ArticleTitle>First 20 months' experience with use of metformin for type 2 diabetes in a large health maintenance organization.</ArticleTitle><Pagination><MedlinePgn>38-44</MedlinePgn></Pagination><Abstract><AbstractText Label="OBJECTIVE" NlmCategory="OBJECTIVE">To assess adherence to prescribing guidelines, continuation rates, population effects on glycemic control, and occurrence of lactic acidosis during the first 20 months of the availability of metformin in a large health maintenance organization.</AbstractText><AbstractText Label="RESEARCH DESIGN AND METHODS" NlmCategory="METHODS">A retrospective cohort study was performed in the 90,000-member diabetes registry of Kaiser Permanente, northern California. Principal study measures were the proportions of patients started on metformin who met prescribing guidelines (previously on sulfonylureas, HbA1c, obesity, creatinine), the change in HbA1c at 6 months after starting metformin, and hospitalization rates for lactic acidosis.</AbstractText><AbstractText Label="RESULTS" NlmCategory="RESULTS">A total of 9,875 patients received metformin during this interval. At least 74% were previously treated with sulfonylureas alone, 81% had baseline HbA1c &gt; or = 8.5%, 71% were obese, and 99% had a serum creatinine &lt; or = 1.5 mg/dl. Among patients on sulfonylureas at baseline, those starting metformin had significantly lower HbA1c levels 6 months later than those not started, after adjustment for age, sex, and the higher baseline levels in those started (adjusted difference: 0.5%, P &lt; 0.0001). Patients starting metformin as initial monotherapy also improved significantly, but patients previously treated with insulin (with or without sulfonyl-ureas) had slightly higher follow-up HbA1c levels than similar patients not starting metformin. Continuation of metformin at 12 months was significantly higher for patients previously treated with sulfonylureas than other groups. One probable case of lactic acidosis was identified during 4,502 person-years on metformin.</AbstractText><AbstractText Label="CONCLUSIONS" NlmCategory="CONCLUSIONS">Adherence to prescribing guidelines was relatively high during metformin's first 20 months of availability. Glycemic control improved substantially for patients previously treated with sulfonylureas. Lactic acidosis was rare.</AbstractText></Abstract><AuthorList CompleteYN="Y"><Author ValidYN="Y"><LastName>Selby</LastName><ForeName>J V</ForeName><Initials>JV</Initials><AffiliationInfo><Affiliation>Division of Research, Kaiser Permanente Medical Care Program (Northern California Region), Oakland, USA. jvs@dor.kaiser.org</Affiliation></AffiliationInfo></Author><Author ValidYN="Y"><LastName>Ettinger</LastName><ForeName>B</ForeName><Initials>B</Initials></Author><Author ValidYN="Y"><LastName>Swain</LastName><ForeName>B E</ForeName><Initials>BE</Initials></Author><Author ValidYN="Y"><LastName>Brown</LastName><ForeName>J B</ForeName><Initials>JB</Initials></Author></AuthorList><Language>eng</Language><PublicationTypeList><PublicationType UI="D003160">Comparative Study</PublicationType><PublicationType UI="D016428">Journal Article</PublicationType><PublicationType UI="D013485">Research Support, Non-U.S. Gov't</PublicationType></PublicationTypeList></Article><MedlineJournalInfo><Country>United States</Country><MedlineTA>Diabetes Care</MedlineTA><NlmUniqueID>7805975</NlmUniqueID><ISSNLinking>0149-5992</ISSNLinking></MedlineJournalInfo><ChemicalList><Chemical><RegistryNumber>0</RegistryNumber><NameOfSubstance UI="D006442">Glycated Hemoglobin A</NameOfSubstance></Chemical><Chemical><RegistryNumber>0</RegistryNumber><NameOfSubstance UI="D007004">Hypoglycemic Agents</NameOfSubstance></Chemical><Chemical><RegistryNumber>9100L32L2N</RegistryNumber><NameOfSubstance UI="D008687">Metformin</NameOfSubstance></Chemical></ChemicalList><CitationSubset>IM</CitationSubset><MeshHeadingList><MeshHeading><DescriptorName UI="D000293" MajorTopicYN="N">Adolescent</DescriptorName></MeshHeading><MeshHeading><DescriptorName UI="D000328" MajorTopicYN="N">Adult</DescriptorName></MeshHeading><MeshHeading><DescriptorName UI="D000368" MajorTopicYN="N">Aged</DescriptorName></MeshHeading><MeshHeading><DescriptorName UI="D002140" MajorTopicYN="N">California</DescriptorName></MeshHeading><MeshHeading><DescriptorName UI="D002648" MajorTopicYN="N">Child</DescriptorName></MeshHeading><MeshHeading><DescriptorName UI="D015331" MajorTopicYN="N">Cohort Studies</DescriptorName></MeshHeading><MeshHeading><DescriptorName UI="D003920" MajorTopicYN="N">Diabetes Mellitus</DescriptorName><QualifierName UI="Q000097" MajorTopicYN="N">blood</QualifierName><QualifierName UI="Q000188" MajorTopicYN="N">drug therapy</QualifierName></MeshHeading><MeshHeading><DescriptorName UI="D003924" MajorTopicYN="N">Diabetes Mellitus, Type 2</DescriptorName><QualifierName UI="Q000097" MajorTopicYN="N">blood</QualifierName><QualifierName UI="Q000188" MajorTopicYN="Y">drug therapy</QualifierName></MeshHeading><MeshHeading><DescriptorName UI="D005260" MajorTopicYN="N">Female</DescriptorName></MeshHeading><MeshHeading><DescriptorName UI="D005500" MajorTopicYN="N">Follow-Up Studies</DescriptorName></MeshHeading><MeshHeading><DescriptorName UI="D006442" MajorTopicYN="N">Glycated Hemoglobin A</DescriptorName><QualifierName UI="Q000032" MajorTopicYN="N">analysis</QualifierName></MeshHeading><MeshHeading><DescriptorName UI="D006279" MajorTopicYN="Y">Health Maintenance Organizations</DescriptorName></MeshHeading><MeshHeading><DescriptorName UI="D006801" MajorTopicYN="N">Humans</DescriptorName></MeshHeading><MeshHeading><DescriptorName UI="D007004" MajorTopicYN="N">Hypoglycemic Agents</DescriptorName><QualifierName UI="Q000627" MajorTopicYN="Y">therapeutic use</QualifierName></MeshHeading><MeshHeading><DescriptorName UI="D008297" MajorTopicYN="N">Male</DescriptorName></MeshHeading><MeshHeading><DescriptorName UI="D008687" MajorTopicYN="N">Metformin</DescriptorName><QualifierName UI="Q000627" MajorTopicYN="Y">therapeutic use</QualifierName></MeshHeading><MeshHeading><DescriptorName UI="D008875" MajorTopicYN="N">Middle Aged</DescriptorName></MeshHeading><MeshHeading><DescriptorName UI="D009765" MajorTopicYN="N">Obesity</DescriptorName></MeshHeading><MeshHeading><DescriptorName UI="D018579" MajorTopicYN="N">Patient Selection</DescriptorName></MeshHeading><MeshHeading><DescriptorName UI="D017410" MajorTopicYN="N">Practice Guidelines as Topic</DescriptorName></MeshHeading><MeshHeading><DescriptorName UI="D012042" MajorTopicYN="N">Registries</DescriptorName></MeshHeading><MeshHeading><DescriptorName UI="D012189" MajorTopicYN="N">Retrospective Studies</DescriptorName></MeshHeading></MeshHeadingList></MedlineCitation><PubmedData><History><PubMedPubDate PubStatus="pubmed"><Year>1999</Year><Month>5</Month><Day>20</Day></PubMedPubDate><PubMedPubDate PubStatus="medline"><Year>1999</Year><Month>5</Month><Day>20</Day><Hour>0</Hour><Minute>1</Minute></PubMedPubDate><PubMedPubDate PubStatus="entrez"><Year>1999</Year><Month>5</Month><Day>20</Day><Hour>0</Hour><Minute>0</Minute></PubMedPubDate></History><PublicationStatus>ppublish</PublicationStatus><ArticleIdList><ArticleId IdType="pubmed">10333901</ArticleId><ArticleId IdType="doi">10.2337/diacare.22.1.38</ArticleId></ArticleIdList></PubmedData></PubmedArticle></PubmedArticleSet>