<?xml version="1.0" ?>
<!DOCTYPE PubmedArticleSet PUBLIC "-//NLM//DTD PubMedArticle, 1st January 2019//EN" "https://dtd.nlm.nih.gov/ncbi/pubmed/out/pubmed_190101.dtd">
<PubmedArticleSet><PubmedArticle><MedlineCitation Status="MEDLINE" Owner="NLM"><PMID Version="1">10332677</PMID><DateCompleted><Year>1999</Year><Month>07</Month><Day>09</Day></DateCompleted><DateRevised><Year>2022</Year><Month>04</Month><Day>08</Day></DateRevised><Article PubModel="Print"><Journal><ISSN IssnType="Print">0149-5992</ISSN><JournalIssue CitedMedium="Print"><Volume>22</Volume><Issue>5</Issue><PubDate><Year>1999</Year><Month>May</Month></PubDate></JournalIssue><Title>Diabetes care</Title><ISOAbbreviation>Diabetes Care</ISOAbbreviation></Journal><ArticleTitle>Cause-specific mortality in type 2 diabetes. The Verona Diabetes Study.</ArticleTitle><Pagination><MedlinePgn>756-61</MedlinePgn></Pagination><Abstract><AbstractText Label="OBJECTIVE" NlmCategory="OBJECTIVE">This population-based study, carried out in the framework of the Verona Diabetes Study, investigated mortality from specific causes in known type 2 diabetic patients.</AbstractText><AbstractText Label="RESEARCH DESIGN AND METHODS" NlmCategory="METHODS">A cohort of 7,148 known type 2 diabetic patients (3,366 men and 3,782 women) was identified on 31 December 1986 and followed up for 5 years (1987-1991). Underlying causes of death were obtained from death certificates and were coded according to the International Classification of Diseases, Ninth Revision. Cause-specific death rates of diabetic subjects were compared with those of the inhabitants of Verona. By 31 December 1991, 1,550 diabetic subjects (744 men and 806 women) had died.</AbstractText><AbstractText Label="RESULTS" NlmCategory="RESULTS">The standardized mortality ratio (SMR) for all causes of death was 1.42 (95% CI 1.35-1.50). The highest SMRs were for the following specific causes: diabetes (SMR 4.47 [3.91-5.10]), gastrointestinal diseases (1.83 [1.50-2.21])--particularly liver cirrhosis (2.52 [1.96-3.20])--and cardiovascular diseases (1.34 [1.23-1.44]), particularly cerebrovascular (1.48 [1.25-1.73]) and ischemic heart diseases (1.41 [1.24-1.62]). A significantly higher than expected risk of mortality for cardiovascular causes was already present in the first 5 years after diagnosis and decreased with age. Type 2 diabetic patients treated with insulin had a higher risk of dying than those treated orally or by diet.</AbstractText><AbstractText Label="CONCLUSIONS" NlmCategory="CONCLUSIONS">The highest SMRs in the diabetic cohort were for diabetes and liver cirrhosis. The mortality risk for cardiovascular diseases, although significantly higher than expected, was much lower in Italian type 2 diabetic patients than that reported for American patients. The evidence of an early effect on mortality suggests that prevention, early diagnosis, and treatment should be improved.</AbstractText></Abstract><AuthorList CompleteYN="Y"><Author ValidYN="Y"><LastName>de Marco</LastName><ForeName>R</ForeName><Initials>R</Initials><AffiliationInfo><Affiliation>Division of Medical Statistics, University of Verona, Medical School, Italy. demarco@biometria.univr.it</Affiliation></AffiliationInfo></Author><Author ValidYN="Y"><LastName>Locatelli</LastName><ForeName>F</ForeName><Initials>F</Initials></Author><Author ValidYN="Y"><LastName>Zoppini</LastName><ForeName>G</ForeName><Initials>G</Initials></Author><Author ValidYN="Y"><LastName>Verlato</LastName><ForeName>G</ForeName><Initials>G</Initials></Author><Author ValidYN="Y"><LastName>Bonora</LastName><ForeName>E</ForeName><Initials>E</Initials></Author><Author ValidYN="Y"><LastName>Muggeo</LastName><ForeName>M</ForeName><Initials>M</Initials></Author></AuthorList><Language>eng</Language><PublicationTypeList><PublicationType UI="D016428">Journal Article</PublicationType><PublicationType UI="D013485">Research Support, Non-U.S. Gov't</PublicationType></PublicationTypeList></Article><MedlineJournalInfo><Country>United States</Country><MedlineTA>Diabetes Care</MedlineTA><NlmUniqueID>7805975</NlmUniqueID><ISSNLinking>0149-5992</ISSNLinking></MedlineJournalInfo><CitationSubset>IM</CitationSubset><MeshHeadingList><MeshHeading><DescriptorName UI="D000367" MajorTopicYN="N">Age Factors</DescriptorName></MeshHeading><MeshHeading><DescriptorName UI="D000368" MajorTopicYN="N">Aged</DescriptorName></MeshHeading><MeshHeading><DescriptorName UI="D002318" MajorTopicYN="N">Cardiovascular Diseases</DescriptorName><QualifierName UI="Q000401" MajorTopicYN="N">mortality</QualifierName></MeshHeading><MeshHeading><DescriptorName UI="D002423" MajorTopicYN="Y">Cause of Death</DescriptorName></MeshHeading><MeshHeading><DescriptorName UI="D002561" MajorTopicYN="N">Cerebrovascular Disorders</DescriptorName><QualifierName UI="Q000401" MajorTopicYN="N">mortality</QualifierName></MeshHeading><MeshHeading><DescriptorName UI="D003644" MajorTopicYN="N">Death Certificates</DescriptorName></MeshHeading><MeshHeading><DescriptorName UI="D003924" MajorTopicYN="N">Diabetes Mellitus, Type 2</DescriptorName><QualifierName UI="Q000401" MajorTopicYN="Y">mortality</QualifierName></MeshHeading><MeshHeading><DescriptorName UI="D005260" MajorTopicYN="N">Female</DescriptorName></MeshHeading><MeshHeading><DescriptorName UI="D005767" MajorTopicYN="N">Gastrointestinal Diseases</DescriptorName><QualifierName UI="Q000401" MajorTopicYN="N">mortality</QualifierName></MeshHeading><MeshHeading><DescriptorName UI="D006801" MajorTopicYN="N">Humans</DescriptorName></MeshHeading><MeshHeading><DescriptorName UI="D007558" MajorTopicYN="N" Type="Geographic">Italy</DescriptorName></MeshHeading><MeshHeading><DescriptorName UI="D008103" MajorTopicYN="N">Liver Cirrhosis</DescriptorName><QualifierName UI="Q000401" MajorTopicYN="N">mortality</QualifierName></MeshHeading><MeshHeading><DescriptorName UI="D008297" MajorTopicYN="N">Male</DescriptorName></MeshHeading><MeshHeading><DescriptorName UI="D008875" MajorTopicYN="N">Middle Aged</DescriptorName></MeshHeading><MeshHeading><DescriptorName UI="D017202" MajorTopicYN="N">Myocardial Ischemia</DescriptorName><QualifierName UI="Q000401" MajorTopicYN="N">mortality</QualifierName></MeshHeading><MeshHeading><DescriptorName UI="D009369" MajorTopicYN="N">Neoplasms</DescriptorName><QualifierName UI="Q000401" MajorTopicYN="N">mortality</QualifierName></MeshHeading><MeshHeading><DescriptorName UI="D012737" MajorTopicYN="N">Sex Factors</DescriptorName></MeshHeading></MeshHeadingList></MedlineCitation><PubmedData><History><PubMedPubDate PubStatus="pubmed"><Year>1999</Year><Month>5</Month><Day>20</Day></PubMedPubDate><PubMedPubDate PubStatus="medline"><Year>1999</Year><Month>5</Month><Day>20</Day><Hour>0</Hour><Minute>1</Minute></PubMedPubDate><PubMedPubDate PubStatus="entrez"><Year>1999</Year><Month>5</Month><Day>20</Day><Hour>0</Hour><Minute>0</Minute></PubMedPubDate></History><PublicationStatus>ppublish</PublicationStatus><ArticleIdList><ArticleId IdType="pubmed">10332677</ArticleId><ArticleId IdType="doi">10.2337/diacare.22.5.756</ArticleId></ArticleIdList></PubmedData></PubmedArticle></PubmedArticleSet>