<?xml version="1.0" ?>
<!DOCTYPE PubmedArticleSet PUBLIC "-//NLM//DTD PubMedArticle, 1st January 2019//EN" "https://dtd.nlm.nih.gov/ncbi/pubmed/out/pubmed_190101.dtd">
<PubmedArticleSet><PubmedArticle><MedlineCitation Status="MEDLINE" Owner="NLM"><PMID Version="1">10330298</PMID><DateCompleted><Year>1999</Year><Month>06</Month><Day>29</Day></DateCompleted><DateRevised><Year>2011</Year><Month>11</Month><Day>17</Day></DateRevised><Article PubModel="Print"><Journal><ISSN IssnType="Print">0896-8411</ISSN><JournalIssue CitedMedium="Print"><Volume>12</Volume><Issue>4</Issue><PubDate><Year>1999</Year><Month>Jun</Month></PubDate></JournalIssue><Title>Journal of autoimmunity</Title><ISOAbbreviation>J Autoimmun</ISOAbbreviation></Journal><ArticleTitle>T cell responses to enterovirus antigens and to beta-cell autoantigens in unaffected children positive for IDDM-associated autoantibodies.</ArticleTitle><Pagination><MedlinePgn>269-78</MedlinePgn></Pagination><Abstract><AbstractText>Enterovirus infections have been implicated in the pathogenesis of IDDM in a number of studies. The aim of the present study was to evaluate whether the cellular immune response to enterovirus antigens is abnormal in children who test positive for IDDM-associated autoantibodies. Lymphocyte proliferation responses were analysed to enterovirus antigens and to a panel of beta-cell autoantigen preparations in 31 non-diabetic ICA and/or GAD65 antibody-positive children and in 19 ICA/GAD65-negative control children. The responses to highly purified enteroviruses did not differ between autoantibody (AA)-positive and -negative subjects. However, proliferation responses to coxsackievirus-infected cell lysate, which also included non-structural proteins of the virus, were higher in AA-positive than in AA-negative subjects (P&lt;0.05). This difference was most marked in children carrying the HLA-DQB1*02 allele (P=0.01). AA-positive subjects also had higher responses to one of the three GAD65 antigen preparations compared to AA-negative subjects (P&lt;0.05). Proliferation responses to the adenovirus hexon protein did not differ between the groups. These results show that the increased responses to virus infected cell lysates are associated with early phases of beta-cell autoimmunity.</AbstractText><CopyrightInformation>Copyright 1999 Academic Press.</CopyrightInformation></Abstract><AuthorList CompleteYN="Y"><Author ValidYN="Y"><LastName>Juhela</LastName><ForeName>S</ForeName><Initials>S</Initials><AffiliationInfo><Affiliation>Turku Immunology Centre and Department of Virology, University of Turku, Turku, Finland. sirpa.juhela@utu.fi</Affiliation></AffiliationInfo></Author><Author ValidYN="Y"><LastName>Hyöty</LastName><ForeName>H</ForeName><Initials>H</Initials></Author><Author ValidYN="Y"><LastName>Hinkkanen</LastName><ForeName>A</ForeName><Initials>A</Initials></Author><Author ValidYN="Y"><LastName>Elliott</LastName><ForeName>J F</ForeName><Initials>JF</Initials></Author><Author ValidYN="N"><LastName>Elliott</LastName><ForeName>J</ForeName><Initials>J</Initials></Author><Author ValidYN="Y"><LastName>Roivainen</LastName><ForeName>M</ForeName><Initials>M</Initials></Author><Author ValidYN="Y"><LastName>Kulmala</LastName><ForeName>P</ForeName><Initials>P</Initials></Author><Author ValidYN="Y"><LastName>Rahko</LastName><ForeName>J</ForeName><Initials>J</Initials></Author><Author ValidYN="Y"><LastName>Knip</LastName><ForeName>M</ForeName><Initials>M</Initials></Author><Author ValidYN="Y"><LastName>Ilonen</LastName><ForeName>J</ForeName><Initials>J</Initials></Author></AuthorList><Language>eng</Language><GrantList CompleteYN="Y"><Grant><GrantID>N01-HD-2-3144</GrantID><Acronym>HD</Acronym><Agency>NICHD NIH HHS</Agency><Country>United States</Country></Grant></GrantList><PublicationTypeList><PublicationType UI="D016428">Journal Article</PublicationType><PublicationType UI="D013485">Research Support, Non-U.S. Gov't</PublicationType><PublicationType UI="D013487">Research Support, U.S. Gov't, P.H.S.</PublicationType></PublicationTypeList></Article><MedlineJournalInfo><Country>England</Country><MedlineTA>J Autoimmun</MedlineTA><NlmUniqueID>8812164</NlmUniqueID><ISSNLinking>0896-8411</ISSNLinking></MedlineJournalInfo><ChemicalList><Chemical><RegistryNumber>0</RegistryNumber><NameOfSubstance UI="D000956">Antigens, Viral</NameOfSubstance></Chemical><Chemical><RegistryNumber>0</RegistryNumber><NameOfSubstance UI="D001323">Autoantibodies</NameOfSubstance></Chemical><Chemical><RegistryNumber>0</RegistryNumber><NameOfSubstance UI="D001324">Autoantigens</NameOfSubstance></Chemical><Chemical><RegistryNumber>0</RegistryNumber><NameOfSubstance UI="D006683">HLA-DQ Antigens</NameOfSubstance></Chemical><Chemical><RegistryNumber>0</RegistryNumber><NameOfSubstance UI="D059866">HLA-DQ beta-Chains</NameOfSubstance></Chemical><Chemical><RegistryNumber>0</RegistryNumber><NameOfSubstance UI="C069051">HLA-DQB1 antigen</NameOfSubstance></Chemical><Chemical><RegistryNumber>0</RegistryNumber><NameOfSubstance UI="C024211">islet cell antibody</NameOfSubstance></Chemical><Chemical><RegistryNumber>EC 4.1.1.15</RegistryNumber><NameOfSubstance UI="D005968">Glutamate Decarboxylase</NameOfSubstance></Chemical></ChemicalList><CitationSubset>IM</CitationSubset><CommentsCorrectionsList><CommentsCorrections RefType="ErratumIn"><RefSource>J Autoimmun. 2006 May;26(3):223</RefSource><Note>Elliott, J [corrected to Elliott, JF]</Note></CommentsCorrections></CommentsCorrectionsList><MeshHeadingList><MeshHeading><DescriptorName UI="D000293" MajorTopicYN="N">Adolescent</DescriptorName></MeshHeading><MeshHeading><DescriptorName UI="D000956" MajorTopicYN="N">Antigens, Viral</DescriptorName><QualifierName UI="Q000276" MajorTopicYN="Y">immunology</QualifierName></MeshHeading><MeshHeading><DescriptorName UI="D001323" MajorTopicYN="N">Autoantibodies</DescriptorName><QualifierName UI="Q000097" MajorTopicYN="Y">blood</QualifierName></MeshHeading><MeshHeading><DescriptorName UI="D001324" MajorTopicYN="N">Autoantigens</DescriptorName><QualifierName UI="Q000276" MajorTopicYN="Y">immunology</QualifierName></MeshHeading><MeshHeading><DescriptorName UI="D002648" MajorTopicYN="N">Child</DescriptorName></MeshHeading><MeshHeading><DescriptorName UI="D003922" MajorTopicYN="N">Diabetes Mellitus, Type 1</DescriptorName><QualifierName UI="Q000276" MajorTopicYN="Y">immunology</QualifierName></MeshHeading><MeshHeading><DescriptorName UI="D004770" MajorTopicYN="N">Enterovirus</DescriptorName><QualifierName UI="Q000276" MajorTopicYN="Y">immunology</QualifierName></MeshHeading><MeshHeading><DescriptorName UI="D005260" MajorTopicYN="N">Female</DescriptorName></MeshHeading><MeshHeading><DescriptorName UI="D005968" MajorTopicYN="N">Glutamate Decarboxylase</DescriptorName><QualifierName UI="Q000276" MajorTopicYN="Y">immunology</QualifierName></MeshHeading><MeshHeading><DescriptorName UI="D006683" MajorTopicYN="N">HLA-DQ Antigens</DescriptorName><QualifierName UI="Q000235" MajorTopicYN="N">genetics</QualifierName></MeshHeading><MeshHeading><DescriptorName UI="D059866" MajorTopicYN="N">HLA-DQ beta-Chains</DescriptorName></MeshHeading><MeshHeading><DescriptorName UI="D006801" MajorTopicYN="N">Humans</DescriptorName></MeshHeading><MeshHeading><DescriptorName UI="D007515" MajorTopicYN="N">Islets of Langerhans</DescriptorName><QualifierName UI="Q000276" MajorTopicYN="Y">immunology</QualifierName></MeshHeading><MeshHeading><DescriptorName UI="D008297" MajorTopicYN="N">Male</DescriptorName></MeshHeading><MeshHeading><DescriptorName UI="D013601" MajorTopicYN="N">T-Lymphocytes</DescriptorName><QualifierName UI="Q000276" MajorTopicYN="Y">immunology</QualifierName></MeshHeading></MeshHeadingList></MedlineCitation><PubmedData><History><PubMedPubDate PubStatus="pubmed"><Year>1999</Year><Month>5</Month><Day>20</Day></PubMedPubDate><PubMedPubDate PubStatus="medline"><Year>1999</Year><Month>5</Month><Day>20</Day><Hour>0</Hour><Minute>1</Minute></PubMedPubDate><PubMedPubDate PubStatus="entrez"><Year>1999</Year><Month>5</Month><Day>20</Day><Hour>0</Hour><Minute>0</Minute></PubMedPubDate></History><PublicationStatus>ppublish</PublicationStatus><ArticleIdList><ArticleId IdType="pubmed">10330298</ArticleId><ArticleId IdType="pii">S0896-8411(99)90276-7</ArticleId><ArticleId IdType="doi">10.1006/jaut.1999.0276</ArticleId></ArticleIdList></PubmedData></PubmedArticle></PubmedArticleSet>