<?xml version="1.0" ?>
<!DOCTYPE PubmedArticleSet PUBLIC "-//NLM//DTD PubMedArticle, 1st January 2019//EN" "https://dtd.nlm.nih.gov/ncbi/pubmed/out/pubmed_190101.dtd">
<PubmedArticleSet><PubmedArticle><MedlineCitation Status="MEDLINE" Owner="NLM"><PMID Version="1">10331157</PMID><DateCompleted><Year>1999</Year><Month>07</Month><Day>20</Day></DateCompleted><DateRevised><Year>2011</Year><Month>11</Month><Day>17</Day></DateRevised><Article PubModel="Print"><Journal><ISSN IssnType="Print">0960-7420</ISSN><JournalIssue CitedMedium="Print"><Volume>26</Volume><Issue>2-3</Issue><PubDate><MedlineDate>1999 Apr-Jun</MedlineDate></PubDate></JournalIssue><Title>European journal of immunogenetics : official journal of the British Society for Histocompatibility and Immunogenetics</Title><ISOAbbreviation>Eur J Immunogenet</ISOAbbreviation></Journal><ArticleTitle>Negative association between type 1 diabetes and HLA DQB1*0602-DQA1*0102 is attenuated with age at onset. Swedish Childhood Diabetes Study Group.</ArticleTitle><Pagination><MedlinePgn>117-27</MedlinePgn></Pagination><Abstract><AbstractText>HLA-associated relative risks of type 1 (insulin-dependent) diabetes mellitus were analysed in population-based Swedish patients and controls aged 0-34 years. The age dependence of HLA-associated relative risks was assessed by likelihood ratio tests of regression parameters in separate logistic regression models for each HLA category. The analyses demonstrated an attenuation with increasing age at onset in the relative risk for the positively associated DQB1*0201-A1*0502/B1*0302-A1*0301 (DQ2/8) genotype (P = 0.02) and the negatively associated DQB1*0602-A1*0102 (DQ6.2) haplotype (P = 0.004). At birth, DQ6.2-positive individuals had an estimated relative risk of 0.03, but this increased to 1.1 at age 35 years. Relative risks for individuals with DQ genotype 8/8 or 8/X or DQ genotype 2/2 or 2/X, where X is any DQ haplotype other than 2, 8 or 6.2, were not significantly age-dependent. An exploratory analysis of DQ haplotypes other than 2, 8 and 6.2 suggested that the risk of type 1 diabetes increases with age for DQB1*0604-A1*0102 (DQ6.4) and that the peak risk for the negatively associated DQB1*0301-A1*0501 haplotype is at age 18 years. There was also weak evidence that the risk for DQB1*0303-A1*0301 (DQ9), which has a positive association in the Japanese population, may decrease with age. We speculate that HLA-DQ alleles have a significant effect on the rate of beta cell destruction, which is accelerated in DQ2/8-positive individuals and inhibited, but not completely blocked, in DQ6.2-positive individuals.</AbstractText></Abstract><AuthorList CompleteYN="Y"><Author ValidYN="Y"><LastName>Graham</LastName><ForeName>J</ForeName><Initials>J</Initials><AffiliationInfo><Affiliation>Department of Biostatistics, University of Washington, Seattle 98195-7710, USA.</Affiliation></AffiliationInfo></Author><Author ValidYN="Y"><LastName>Kockum</LastName><ForeName>I</ForeName><Initials>I</Initials></Author><Author ValidYN="Y"><LastName>Sanjeevi</LastName><ForeName>C B</ForeName><Initials>CB</Initials></Author><Author ValidYN="Y"><LastName>Landin-Olsson</LastName><ForeName>M</ForeName><Initials>M</Initials></Author><Author ValidYN="Y"><LastName>Nyström</LastName><ForeName>L</ForeName><Initials>L</Initials></Author><Author ValidYN="Y"><LastName>Sundkvist</LastName><ForeName>G</ForeName><Initials>G</Initials></Author><Author ValidYN="Y"><LastName>Arnqvist</LastName><ForeName>H</ForeName><Initials>H</Initials></Author><Author ValidYN="Y"><LastName>Blohmé</LastName><ForeName>G</ForeName><Initials>G</Initials></Author><Author ValidYN="Y"><LastName>Lithner</LastName><ForeName>F</ForeName><Initials>F</Initials></Author><Author ValidYN="Y"><LastName>Littorin</LastName><ForeName>B</ForeName><Initials>B</Initials></Author><Author ValidYN="Y"><LastName>Scherstén</LastName><ForeName>B</ForeName><Initials>B</Initials></Author><Author ValidYN="Y"><LastName>Wibell</LastName><ForeName>L</ForeName><Initials>L</Initials></Author><Author ValidYN="Y"><LastName>Ostman</LastName><ForeName>J</ForeName><Initials>J</Initials></Author><Author ValidYN="Y"><LastName>Lernmark</LastName><ForeName>A</ForeName><Initials>A</Initials></Author><Author ValidYN="Y"><LastName>Breslow</LastName><ForeName>N</ForeName><Initials>N</Initials></Author><Author ValidYN="Y"><LastName>Dahlquist</LastName><ForeName>G</ForeName><Initials>G</Initials></Author></AuthorList><Language>eng</Language><GrantList CompleteYN="N"><Grant><GrantID>AI42380</GrantID><Acronym>AI</Acronym><Agency>NIAID NIH HHS</Agency><Country>United States</Country></Grant><Grant><GrantID>DK42654</GrantID><Acronym>DK</Acronym><Agency>NIDDK NIH HHS</Agency><Country>United States</Country></Grant><Grant><GrantID>DK53004</GrantID><Acronym>DK</Acronym><Agency>NIDDK NIH HHS</Agency><Country>United States</Country></Grant></GrantList><PublicationTypeList><PublicationType UI="D016428">Journal Article</PublicationType><PublicationType UI="D013485">Research Support, Non-U.S. Gov't</PublicationType><PublicationType UI="D013487">Research Support, U.S. Gov't, P.H.S.</PublicationType></PublicationTypeList></Article><MedlineJournalInfo><Country>England</Country><MedlineTA>Eur J Immunogenet</MedlineTA><NlmUniqueID>9106962</NlmUniqueID><ISSNLinking>0960-7420</ISSNLinking></MedlineJournalInfo><ChemicalList><Chemical><RegistryNumber>0</RegistryNumber><NameOfSubstance UI="D006683">HLA-DQ Antigens</NameOfSubstance></Chemical><Chemical><RegistryNumber>0</RegistryNumber><NameOfSubstance UI="D059848">HLA-DQ alpha-Chains</NameOfSubstance></Chemical><Chemical><RegistryNumber>0</RegistryNumber><NameOfSubstance UI="D059866">HLA-DQ beta-Chains</NameOfSubstance></Chemical><Chemical><RegistryNumber>0</RegistryNumber><NameOfSubstance UI="C069050">HLA-DQA1 antigen</NameOfSubstance></Chemical><Chemical><RegistryNumber>0</RegistryNumber><NameOfSubstance UI="C069051">HLA-DQB1 antigen</NameOfSubstance></Chemical></ChemicalList><CitationSubset>IM</CitationSubset><MeshHeadingList><MeshHeading><DescriptorName UI="D000293" MajorTopicYN="N">Adolescent</DescriptorName></MeshHeading><MeshHeading><DescriptorName UI="D000328" MajorTopicYN="N">Adult</DescriptorName></MeshHeading><MeshHeading><DescriptorName UI="D017677" MajorTopicYN="N">Age Distribution</DescriptorName></MeshHeading><MeshHeading><DescriptorName UI="D017668" MajorTopicYN="N">Age of Onset</DescriptorName></MeshHeading><MeshHeading><DescriptorName UI="D002648" MajorTopicYN="N">Child</DescriptorName></MeshHeading><MeshHeading><DescriptorName UI="D002675" MajorTopicYN="N">Child, Preschool</DescriptorName></MeshHeading><MeshHeading><DescriptorName UI="D003922" MajorTopicYN="N">Diabetes Mellitus, Type 1</DescriptorName><QualifierName UI="Q000235" MajorTopicYN="Y">genetics</QualifierName><QualifierName UI="Q000276" MajorTopicYN="N">immunology</QualifierName></MeshHeading><MeshHeading><DescriptorName UI="D005260" MajorTopicYN="N">Female</DescriptorName></MeshHeading><MeshHeading><DescriptorName UI="D005787" MajorTopicYN="N">Gene Frequency</DescriptorName></MeshHeading><MeshHeading><DescriptorName UI="D020022" MajorTopicYN="N">Genetic Predisposition to Disease</DescriptorName></MeshHeading><MeshHeading><DescriptorName UI="D006683" MajorTopicYN="N">HLA-DQ Antigens</DescriptorName><QualifierName UI="Q000145" MajorTopicYN="N">classification</QualifierName><QualifierName UI="Q000235" MajorTopicYN="Y">genetics</QualifierName></MeshHeading><MeshHeading><DescriptorName UI="D059848" MajorTopicYN="N">HLA-DQ alpha-Chains</DescriptorName></MeshHeading><MeshHeading><DescriptorName UI="D059866" MajorTopicYN="N">HLA-DQ beta-Chains</DescriptorName></MeshHeading><MeshHeading><DescriptorName UI="D006239" MajorTopicYN="N">Haplotypes</DescriptorName></MeshHeading><MeshHeading><DescriptorName UI="D006801" MajorTopicYN="N">Humans</DescriptorName></MeshHeading><MeshHeading><DescriptorName UI="D007223" MajorTopicYN="N">Infant</DescriptorName></MeshHeading><MeshHeading><DescriptorName UI="D007231" MajorTopicYN="N">Infant, Newborn</DescriptorName></MeshHeading><MeshHeading><DescriptorName UI="D008297" MajorTopicYN="N">Male</DescriptorName></MeshHeading><MeshHeading><DescriptorName UI="D016017" MajorTopicYN="N">Odds Ratio</DescriptorName></MeshHeading><MeshHeading><DescriptorName UI="D017678" MajorTopicYN="N">Sex Distribution</DescriptorName></MeshHeading></MeshHeadingList></MedlineCitation><PubmedData><History><PubMedPubDate PubStatus="pubmed"><Year>1999</Year><Month>5</Month><Day>20</Day></PubMedPubDate><PubMedPubDate PubStatus="medline"><Year>1999</Year><Month>5</Month><Day>20</Day><Hour>0</Hour><Minute>1</Minute></PubMedPubDate><PubMedPubDate PubStatus="entrez"><Year>1999</Year><Month>5</Month><Day>20</Day><Hour>0</Hour><Minute>0</Minute></PubMedPubDate></History><PublicationStatus>ppublish</PublicationStatus><ArticleIdList><ArticleId IdType="pubmed">10331157</ArticleId></ArticleIdList></PubmedData></PubmedArticle></PubmedArticleSet>