<?xml version="1.0" ?>
<!DOCTYPE PubmedArticleSet PUBLIC "-//NLM//DTD PubMedArticle, 1st January 2019//EN" "https://dtd.nlm.nih.gov/ncbi/pubmed/out/pubmed_190101.dtd">
<PubmedArticleSet><PubmedArticle><MedlineCitation Status="MEDLINE" Owner="NLM"><PMID Version="1">10334317</PMID><DateCompleted><Year>1999</Year><Month>06</Month><Day>10</Day></DateCompleted><DateRevised><Year>2019</Year><Month>05</Month><Day>15</Day></DateRevised><Article PubModel="Print"><Journal><ISSN IssnType="Print">0012-1797</ISSN><JournalIssue CitedMedium="Print"><Volume>48</Volume><Issue>2</Issue><PubDate><Year>1999</Year><Month>Feb</Month></PubDate></JournalIssue><Title>Diabetes</Title><ISOAbbreviation>Diabetes</ISOAbbreviation></Journal><ArticleTitle>Inhibitory effect of a growth hormone receptor antagonist (G120K-PEG) on renal enlargement, glomerular hypertrophy, and urinary albumin excretion in experimental diabetes in mice.</ArticleTitle><Pagination><MedlinePgn>377-82</MedlinePgn></Pagination><Abstract><AbstractText>Growth hormone (GH) and IGFs have a long and distinguished history in diabetes, with possible participation in the development of renal complications. To investigate the effect of a newly developed GH receptor (GHR) antagonist (G120K-PEG) on renal/glomerular hypertrophy and urinary albumin excretion (UAE), streptozotocin-induced diabetic and nondiabetic mice were injected with G120K-PEG every 2nd day for 28 days. Placebo-treated diabetic and nondiabetic animals were used as reference groups. Placebo-treated diabetic animals were characterized by growth retardation, hyperphagia, hyperglycemia, increased serum GH levels, reduced serum IGF-I, IGF-binding protein (IGFBP)-3, and liver IGF-I levels, increased kidney IGF-I, renal/glomerular hypertrophy, and increased UAE when compared with nondiabetic animals. No differences were seen between the two diabetic groups with respect to body weight, food intake, blood glucose, serum GH, IGF-I, and IGFBP-3 levels or hepatic IGF-I levels. Kidney IGF-I, kidney weight, and glomerular volume were normalized, while the rise in UAE was partially attenuated in the G120K-PEG-treated diabetic animals. No effect of G120K-PEG treatment on any of the parameters mentioned above was seen in nondiabetic animals. In conclusion, administration of a GHR antagonist in diabetic mice has renal effects without affecting metabolic control and circulating levels of GH, IGF-I, or IGFBP-3, thus indicating that the effect of G120K-PEG may be mediated through a direct inhibitory effect on renal IGF-I through the renal GHR. The present study suggests that specific GHR blockade may present a new concept in the treatment of diabetic kidney disease.</AbstractText></Abstract><AuthorList CompleteYN="Y"><Author ValidYN="Y"><LastName>Flyvbjerg</LastName><ForeName>A</ForeName><Initials>A</Initials><AffiliationInfo><Affiliation>Medical Department M/Medical Research Lab M, Institute of Experimental Clinical Research, Aarhus Kommunehospital, Denmark.</Affiliation></AffiliationInfo></Author><Author ValidYN="Y"><LastName>Bennett</LastName><ForeName>W F</ForeName><Initials>WF</Initials></Author><Author ValidYN="Y"><LastName>Rasch</LastName><ForeName>R</ForeName><Initials>R</Initials></Author><Author ValidYN="Y"><LastName>Kopchick</LastName><ForeName>J J</ForeName><Initials>JJ</Initials></Author><Author ValidYN="Y"><LastName>Scarlett</LastName><ForeName>J A</ForeName><Initials>JA</Initials></Author></AuthorList><Language>eng</Language><PublicationTypeList><PublicationType UI="D016428">Journal Article</PublicationType><PublicationType UI="D013485">Research Support, Non-U.S. Gov't</PublicationType></PublicationTypeList></Article><MedlineJournalInfo><Country>United States</Country><MedlineTA>Diabetes</MedlineTA><NlmUniqueID>0372763</NlmUniqueID><ISSNLinking>0012-1797</ISSNLinking></MedlineJournalInfo><ChemicalList><Chemical><RegistryNumber>0</RegistryNumber><NameOfSubstance UI="C119223">G120K-PEG</NameOfSubstance></Chemical><Chemical><RegistryNumber>0</RegistryNumber><NameOfSubstance UI="D018972">Insulin-Like Growth Factor Binding Protein 3</NameOfSubstance></Chemical><Chemical><RegistryNumber>0</RegistryNumber><NameOfSubstance UI="D011986">Receptors, Somatotropin</NameOfSubstance></Chemical><Chemical><RegistryNumber>3WJQ0SDW1A</RegistryNumber><NameOfSubstance UI="D011092">Polyethylene Glycols</NameOfSubstance></Chemical><Chemical><RegistryNumber>67763-96-6</RegistryNumber><NameOfSubstance UI="D007334">Insulin-Like Growth Factor I</NameOfSubstance></Chemical><Chemical><RegistryNumber>9002-72-6</RegistryNumber><NameOfSubstance UI="D013006">Growth Hormone</NameOfSubstance></Chemical></ChemicalList><CitationSubset>IM</CitationSubset><MeshHeadingList><MeshHeading><DescriptorName UI="D000419" MajorTopicYN="N">Albuminuria</DescriptorName><QualifierName UI="Q000209" MajorTopicYN="Y">etiology</QualifierName></MeshHeading><MeshHeading><DescriptorName UI="D000818" MajorTopicYN="N">Animals</DescriptorName></MeshHeading><MeshHeading><DescriptorName UI="D003921" MajorTopicYN="N">Diabetes Mellitus, Experimental</DescriptorName><QualifierName UI="Q000473" MajorTopicYN="Y">pathology</QualifierName><QualifierName UI="Q000652" MajorTopicYN="Y">urine</QualifierName></MeshHeading><MeshHeading><DescriptorName UI="D005260" MajorTopicYN="N">Female</DescriptorName></MeshHeading><MeshHeading><DescriptorName UI="D013006" MajorTopicYN="N">Growth Hormone</DescriptorName><QualifierName UI="Q000097" MajorTopicYN="N">blood</QualifierName></MeshHeading><MeshHeading><DescriptorName UI="D006984" MajorTopicYN="N">Hypertrophy</DescriptorName></MeshHeading><MeshHeading><DescriptorName UI="D018972" MajorTopicYN="N">Insulin-Like Growth Factor Binding Protein 3</DescriptorName><QualifierName UI="Q000097" MajorTopicYN="N">blood</QualifierName></MeshHeading><MeshHeading><DescriptorName UI="D007334" MajorTopicYN="N">Insulin-Like Growth Factor I</DescriptorName><QualifierName UI="Q000378" MajorTopicYN="N">metabolism</QualifierName></MeshHeading><MeshHeading><DescriptorName UI="D007668" MajorTopicYN="N">Kidney</DescriptorName><QualifierName UI="Q000187" MajorTopicYN="N">drug effects</QualifierName><QualifierName UI="Q000473" MajorTopicYN="Y">pathology</QualifierName></MeshHeading><MeshHeading><DescriptorName UI="D007678" MajorTopicYN="N">Kidney Glomerulus</DescriptorName><QualifierName UI="Q000187" MajorTopicYN="N">drug effects</QualifierName><QualifierName UI="Q000473" MajorTopicYN="N">pathology</QualifierName></MeshHeading><MeshHeading><DescriptorName UI="D008099" MajorTopicYN="N">Liver</DescriptorName><QualifierName UI="Q000378" MajorTopicYN="N">metabolism</QualifierName></MeshHeading><MeshHeading><DescriptorName UI="D051379" MajorTopicYN="N">Mice</DescriptorName></MeshHeading><MeshHeading><DescriptorName UI="D008807" MajorTopicYN="N">Mice, Inbred BALB C</DescriptorName></MeshHeading><MeshHeading><DescriptorName UI="D009929" MajorTopicYN="N">Organ Size</DescriptorName><QualifierName UI="Q000187" MajorTopicYN="N">drug effects</QualifierName></MeshHeading><MeshHeading><DescriptorName UI="D011092" MajorTopicYN="N">Polyethylene Glycols</DescriptorName><QualifierName UI="Q000494" MajorTopicYN="Y">pharmacology</QualifierName></MeshHeading><MeshHeading><DescriptorName UI="D011986" MajorTopicYN="N">Receptors, Somatotropin</DescriptorName><QualifierName UI="Q000037" MajorTopicYN="Y">antagonists &amp; inhibitors</QualifierName></MeshHeading></MeshHeadingList></MedlineCitation><PubmedData><History><PubMedPubDate PubStatus="pubmed"><Year>1999</Year><Month>5</Month><Day>20</Day></PubMedPubDate><PubMedPubDate PubStatus="medline"><Year>1999</Year><Month>5</Month><Day>20</Day><Hour>0</Hour><Minute>1</Minute></PubMedPubDate><PubMedPubDate PubStatus="entrez"><Year>1999</Year><Month>5</Month><Day>20</Day><Hour>0</Hour><Minute>0</Minute></PubMedPubDate></History><PublicationStatus>ppublish</PublicationStatus><ArticleIdList><ArticleId IdType="pubmed">10334317</ArticleId><ArticleId IdType="doi">10.2337/diabetes.48.2.377</ArticleId></ArticleIdList></PubmedData></PubmedArticle></PubmedArticleSet>