<?xml version="1.0" ?>
<!DOCTYPE PubmedArticleSet PUBLIC "-//NLM//DTD PubMedArticle, 1st January 2019//EN" "https://dtd.nlm.nih.gov/ncbi/pubmed/out/pubmed_190101.dtd">
<PubmedArticleSet><PubmedArticle><MedlineCitation Status="MEDLINE" Owner="NLM"><PMID Version="1">10330299</PMID><DateCompleted><Year>1999</Year><Month>06</Month><Day>29</Day></DateCompleted><DateRevised><Year>2022</Year><Month>02</Month><Day>24</Day></DateRevised><Article PubModel="Print"><Journal><ISSN IssnType="Print">0896-8411</ISSN><JournalIssue CitedMedium="Print"><Volume>12</Volume><Issue>4</Issue><PubDate><Year>1999</Year><Month>Jun</Month></PubDate></JournalIssue><Title>Journal of autoimmunity</Title><ISOAbbreviation>J Autoimmun</ISOAbbreviation></Journal><ArticleTitle>Only multiple autoantibodies to islet cells (ICA), insulin, GAD65, IA-2 and IA-2beta predict immune-mediated (Type 1) diabetes in relatives.</ArticleTitle><Pagination><MedlinePgn>279-87</MedlinePgn></Pagination><Abstract><AbstractText>We report here our prospective study of 15,224 non-diabetic, first-degree relatives of probands with immune-mediated (type 1) diabetes (IMD), of which 135 were found to eventually develop diabetes. We determined islet cell, insulin, GAD65, insulinoma-associated antigen-2 and 2beta autoantibodies (ICA, IAA, GAD65A, IA-2A and IA-2betaA), on the first available serum samples. The latter three autoantibodies were however assayed on subsets of the relatives with and without ICA, IAA and/or GAD65A, plus most of the relatives who developed diabetes. Of the relatives who progressed to diabetes, 94% had at least one of these autoantibodies on the first screening, while ICA proved to be the most sensitive single marker (sensitivity 74%). Risk of diabetes was however negligible when ICA was found in the absence of the others (5-year risk=5.3%), but increased dramatically whenever two or more autoantibodies were present (5-year risk=28.2% and 66.2%, respectively). The most predictive combination of markers was ICA plus IA-2A and/or IA-2beta A. Loss of first phase insulin release to IVGTT also occurred only in those ICA-positive relatives who had one or more of the other autoantibodies. The data suggests that significant beta-cell damage is seen only when the underlying autoimmunity has spread to multiple antigenic islet cell determinants. Combinations of the autoantibodies occurred most often in relatives with the highest risk HLA-DR/DQ phenotypes. These data document that only relatives positive for at least two or more of these five autoantibodies are at significant risk of diabetes themselves. Intervention trials for the prevention of type 1 diabetes could be designed based on testing for these autoantibodies alone, without the need for HLA typing and IVGTT testing.</AbstractText><CopyrightInformation>Copyright 1999 Academic Press.</CopyrightInformation></Abstract><AuthorList CompleteYN="Y"><Author ValidYN="Y"><LastName>Maclaren</LastName><ForeName>N</ForeName><Initials>N</Initials><AffiliationInfo><Affiliation>Departments of Pediatrics and Biometry and Genetics, Louisiana State University Medical School at the Research Institute for Children, New Orleans, LA, USA.</Affiliation></AffiliationInfo></Author><Author ValidYN="Y"><LastName>Lan</LastName><ForeName>M</ForeName><Initials>M</Initials></Author><Author ValidYN="Y"><LastName>Coutant</LastName><ForeName>R</ForeName><Initials>R</Initials></Author><Author ValidYN="Y"><LastName>Schatz</LastName><ForeName>D</ForeName><Initials>D</Initials></Author><Author ValidYN="Y"><LastName>Silverstein</LastName><ForeName>J</ForeName><Initials>J</Initials></Author><Author ValidYN="Y"><LastName>Muir</LastName><ForeName>A</ForeName><Initials>A</Initials></Author><Author ValidYN="Y"><LastName>Clare-Salzer</LastName><ForeName>M</ForeName><Initials>M</Initials></Author><Author ValidYN="Y"><LastName>She</LastName><ForeName>J X</ForeName><Initials>JX</Initials></Author><Author ValidYN="Y"><LastName>Malone</LastName><ForeName>J</ForeName><Initials>J</Initials></Author><Author ValidYN="Y"><LastName>Crockett</LastName><ForeName>S</ForeName><Initials>S</Initials></Author><Author ValidYN="Y"><LastName>Schwartz</LastName><ForeName>S</ForeName><Initials>S</Initials></Author><Author ValidYN="Y"><LastName>Quattrin</LastName><ForeName>T</ForeName><Initials>T</Initials></Author><Author ValidYN="Y"><LastName>DeSilva</LastName><ForeName>M</ForeName><Initials>M</Initials></Author><Author ValidYN="Y"><LastName>Vander Vegt</LastName><ForeName>P</ForeName><Initials>P</Initials></Author><Author ValidYN="Y"><LastName>Notkins</LastName><ForeName>A</ForeName><Initials>A</Initials></Author><Author ValidYN="Y"><LastName>Krischer</LastName><ForeName>J</ForeName><Initials>J</Initials></Author></AuthorList><Language>eng</Language><GrantList CompleteYN="Y"><Grant><GrantID>MO1 RR00082</GrantID><Acronym>RR</Acronym><Agency>NCRR NIH HHS</Agency><Country>United States</Country></Grant><Grant><GrantID>R01 HD 19469</GrantID><Acronym>HD</Acronym><Agency>NICHD NIH HHS</Agency><Country>United States</Country></Grant></GrantList><PublicationTypeList><PublicationType UI="D016428">Journal Article</PublicationType><PublicationType UI="D013485">Research Support, Non-U.S. Gov't</PublicationType><PublicationType UI="D013487">Research Support, U.S. Gov't, P.H.S.</PublicationType></PublicationTypeList></Article><MedlineJournalInfo><Country>England</Country><MedlineTA>J Autoimmun</MedlineTA><NlmUniqueID>8812164</NlmUniqueID><ISSNLinking>0896-8411</ISSNLinking></MedlineJournalInfo><ChemicalList><Chemical><RegistryNumber>0</RegistryNumber><NameOfSubstance UI="D001323">Autoantibodies</NameOfSubstance></Chemical><Chemical><RegistryNumber>0</RegistryNumber><NameOfSubstance UI="D006683">HLA-DQ Antigens</NameOfSubstance></Chemical><Chemical><RegistryNumber>0</RegistryNumber><NameOfSubstance UI="D059866">HLA-DQ beta-Chains</NameOfSubstance></Chemical><Chemical><RegistryNumber>0</RegistryNumber><NameOfSubstance UI="C069051">HLA-DQB1 antigen</NameOfSubstance></Chemical><Chemical><RegistryNumber>0</RegistryNumber><NameOfSubstance UI="D007328">Insulin</NameOfSubstance></Chemical><Chemical><RegistryNumber>0</RegistryNumber><NameOfSubstance UI="C024211">islet cell antibody</NameOfSubstance></Chemical><Chemical><RegistryNumber>EC 3.1.3.48</RegistryNumber><NameOfSubstance UI="D054562">Protein Tyrosine Phosphatase, Non-Receptor Type 1</NameOfSubstance></Chemical><Chemical><RegistryNumber>EC 3.1.3.48</RegistryNumber><NameOfSubstance UI="D017027">Protein Tyrosine Phosphatases</NameOfSubstance></Chemical><Chemical><RegistryNumber>EC 4.1.1.15</RegistryNumber><NameOfSubstance UI="D005968">Glutamate Decarboxylase</NameOfSubstance></Chemical></ChemicalList><CitationSubset>IM</CitationSubset><MeshHeadingList><MeshHeading><DescriptorName UI="D000293" MajorTopicYN="N">Adolescent</DescriptorName></MeshHeading><MeshHeading><DescriptorName UI="D000328" MajorTopicYN="N">Adult</DescriptorName></MeshHeading><MeshHeading><DescriptorName UI="D000368" MajorTopicYN="N">Aged</DescriptorName></MeshHeading><MeshHeading><DescriptorName UI="D000369" MajorTopicYN="N">Aged, 80 and over</DescriptorName></MeshHeading><MeshHeading><DescriptorName UI="D001323" MajorTopicYN="N">Autoantibodies</DescriptorName><QualifierName UI="Q000097" MajorTopicYN="Y">blood</QualifierName></MeshHeading><MeshHeading><DescriptorName UI="D002648" MajorTopicYN="N">Child</DescriptorName></MeshHeading><MeshHeading><DescriptorName UI="D002675" MajorTopicYN="N">Child, Preschool</DescriptorName></MeshHeading><MeshHeading><DescriptorName UI="D003922" MajorTopicYN="N">Diabetes Mellitus, Type 1</DescriptorName><QualifierName UI="Q000235" MajorTopicYN="Y">genetics</QualifierName><QualifierName UI="Q000276" MajorTopicYN="Y">immunology</QualifierName></MeshHeading><MeshHeading><DescriptorName UI="D005260" MajorTopicYN="N">Female</DescriptorName></MeshHeading><MeshHeading><DescriptorName UI="D005968" MajorTopicYN="N">Glutamate Decarboxylase</DescriptorName><QualifierName UI="Q000276" MajorTopicYN="Y">immunology</QualifierName></MeshHeading><MeshHeading><DescriptorName UI="D006683" MajorTopicYN="N">HLA-DQ Antigens</DescriptorName><QualifierName UI="Q000235" MajorTopicYN="N">genetics</QualifierName></MeshHeading><MeshHeading><DescriptorName UI="D059866" MajorTopicYN="N">HLA-DQ beta-Chains</DescriptorName></MeshHeading><MeshHeading><DescriptorName UI="D006801" MajorTopicYN="N">Humans</DescriptorName></MeshHeading><MeshHeading><DescriptorName UI="D007223" MajorTopicYN="N">Infant</DescriptorName></MeshHeading><MeshHeading><DescriptorName UI="D007231" MajorTopicYN="N">Infant, Newborn</DescriptorName></MeshHeading><MeshHeading><DescriptorName UI="D007328" MajorTopicYN="N">Insulin</DescriptorName><QualifierName UI="Q000276" MajorTopicYN="Y">immunology</QualifierName></MeshHeading><MeshHeading><DescriptorName UI="D008297" MajorTopicYN="N">Male</DescriptorName></MeshHeading><MeshHeading><DescriptorName UI="D008875" MajorTopicYN="N">Middle Aged</DescriptorName></MeshHeading><MeshHeading><DescriptorName UI="D054562" MajorTopicYN="N">Protein Tyrosine Phosphatase, Non-Receptor Type 1</DescriptorName></MeshHeading><MeshHeading><DescriptorName UI="D017027" MajorTopicYN="N">Protein Tyrosine Phosphatases</DescriptorName><QualifierName UI="Q000276" MajorTopicYN="Y">immunology</QualifierName></MeshHeading></MeshHeadingList></MedlineCitation><PubmedData><History><PubMedPubDate PubStatus="pubmed"><Year>1999</Year><Month>5</Month><Day>20</Day></PubMedPubDate><PubMedPubDate PubStatus="medline"><Year>1999</Year><Month>5</Month><Day>20</Day><Hour>0</Hour><Minute>1</Minute></PubMedPubDate><PubMedPubDate PubStatus="entrez"><Year>1999</Year><Month>5</Month><Day>20</Day><Hour>0</Hour><Minute>0</Minute></PubMedPubDate></History><PublicationStatus>ppublish</PublicationStatus><ArticleIdList><ArticleId IdType="pubmed">10330299</ArticleId><ArticleId IdType="pii">S0896-8411(99)90281-0</ArticleId><ArticleId IdType="doi">10.1006/jaut.1999.0281</ArticleId></ArticleIdList></PubmedData></PubmedArticle></PubmedArticleSet>