<?xml version="1.0" ?>
<!DOCTYPE PubmedArticleSet PUBLIC "-//NLM//DTD PubMedArticle, 1st January 2019//EN" "https://dtd.nlm.nih.gov/ncbi/pubmed/out/pubmed_190101.dtd">
<PubmedArticleSet><PubmedArticle><MedlineCitation Status="MEDLINE" Owner="NLM"><PMID Version="1">10331399</PMID><DateCompleted><Year>1999</Year><Month>05</Month><Day>27</Day></DateCompleted><DateRevised><Year>2019</Year><Month>05</Month><Day>15</Day></DateRevised><Article PubModel="Print"><Journal><ISSN IssnType="Print">0012-1797</ISSN><JournalIssue CitedMedium="Print"><Volume>48</Volume><Issue>5</Issue><PubDate><Year>1999</Year><Month>May</Month></PubDate></JournalIssue><Title>Diabetes</Title><ISOAbbreviation>Diabetes</ISOAbbreviation></Journal><ArticleTitle>NOD mice have a generalized defect in their response to transplantation tolerance induction.</ArticleTitle><Pagination><MedlinePgn>967-74</MedlinePgn></Pagination><Abstract><AbstractText>A protocol consisting of a single donor-specific transfusion (DST) plus a brief course of anti-CD154 monoclonal antibody (anti-CD40 ligand mAb) induces permanent islet allograft survival in chemically diabetic mice, but its efficacy in mice with autoimmune diabetes is unknown. Confirming a previous report, we first observed that treatment of young female NOD mice with anti-CD154 mAb reduced the frequency of diabetes through 1 year of age to 43%, compared with 73% in untreated controls. We also confirmed that spontaneously diabetic NOD mice transplanted with syngeneic (NOD-Prkdc(scid)/Prkdc(scid)) or allogeneic (BALB/c) islets rapidly reject their grafts. Graft survival was not prolonged, however, by pretreatment with either anti-CD154 mAb alone or anti-CD154 mAb plus DST. In addition, allograft rejection in NOD mice was not restricted to islet grafts. Anti-CD154 mAb plus DST treatment failed to prolong skin allograft survival in nondiabetic male NOD mice. The inability to induce transplantation tolerance in NOD (H2g7) mice was associated with non-major histocompatibility complex (MHC) genes. Treatment with DST and anti-CD154 mAb prolonged skin allograft survival in both C57BL/6 (H2b) and C57BL/6.NOD-H2g7 mice, but it was ineffective in NOD, NOD.SWR-H2q, and NOR (H2g7) mice. Mitogen-stimulated interleukin-1beta production by antigen-presenting cells was greater in strains susceptible to tolerance induction than in the strains resistant to tolerance induction. The results suggest the existence of a general defect in tolerance mechanisms in NOD mice. This genetic defect involves defective antigen-presenting cell maturation, leads to spontaneous autoimmune diabetes in the presence of the H2g7 MHC, and precludes the induction of transplantation tolerance irrespective of MHC haplotype. Promising islet transplantation methods based on overcoming the alloimmune response by interference with costimulation may require modification or amplification for use in the setting of autoimmune diabetes.</AbstractText></Abstract><AuthorList CompleteYN="Y"><Author ValidYN="Y"><LastName>Markees</LastName><ForeName>T G</ForeName><Initials>TG</Initials><AffiliationInfo><Affiliation>Diabetes Division, University of Massachusetts Medical School, Worcester 01605, USA.</Affiliation></AffiliationInfo></Author><Author ValidYN="Y"><LastName>Serreze</LastName><ForeName>D V</ForeName><Initials>DV</Initials></Author><Author ValidYN="Y"><LastName>Phillips</LastName><ForeName>N E</ForeName><Initials>NE</Initials></Author><Author ValidYN="Y"><LastName>Sorli</LastName><ForeName>C H</ForeName><Initials>CH</Initials></Author><Author ValidYN="Y"><LastName>Gordon</LastName><ForeName>E J</ForeName><Initials>EJ</Initials></Author><Author ValidYN="Y"><LastName>Shultz</LastName><ForeName>L D</ForeName><Initials>LD</Initials></Author><Author ValidYN="Y"><LastName>Noelle</LastName><ForeName>R J</ForeName><Initials>RJ</Initials></Author><Author ValidYN="Y"><LastName>Woda</LastName><ForeName>B A</ForeName><Initials>BA</Initials></Author><Author ValidYN="Y"><LastName>Greiner</LastName><ForeName>D L</ForeName><Initials>DL</Initials></Author><Author ValidYN="Y"><LastName>Mordes</LastName><ForeName>J P</ForeName><Initials>JP</Initials></Author><Author ValidYN="Y"><LastName>Rossini</LastName><ForeName>A A</ForeName><Initials>AA</Initials></Author></AuthorList><Language>eng</Language><GrantList CompleteYN="N"><Grant><GrantID>DK25306</GrantID><Acronym>DK</Acronym><Agency>NIDDK NIH HHS</Agency><Country>United States</Country></Grant><Grant><GrantID>DK41235</GrantID><Acronym>DK</Acronym><Agency>NIDDK NIH HHS</Agency><Country>United States</Country></Grant><Grant><GrantID>DKAI53006</GrantID><Acronym>DK</Acronym><Agency>NIDDK NIH HHS</Agency><Country>United States</Country></Grant></GrantList><PublicationTypeList><PublicationType UI="D016428">Journal Article</PublicationType><PublicationType UI="D013485">Research Support, Non-U.S. Gov't</PublicationType><PublicationType UI="D013487">Research Support, U.S. Gov't, P.H.S.</PublicationType></PublicationTypeList></Article><MedlineJournalInfo><Country>United States</Country><MedlineTA>Diabetes</MedlineTA><NlmUniqueID>0372763</NlmUniqueID><ISSNLinking>0012-1797</ISSNLinking></MedlineJournalInfo><ChemicalList><Chemical><RegistryNumber>0</RegistryNumber><NameOfSubstance UI="D000911">Antibodies, Monoclonal</NameOfSubstance></Chemical><Chemical><RegistryNumber>0</RegistryNumber><NameOfSubstance UI="D008562">Membrane Glycoproteins</NameOfSubstance></Chemical><Chemical><RegistryNumber>147205-72-9</RegistryNumber><NameOfSubstance UI="D023201">CD40 Ligand</NameOfSubstance></Chemical></ChemicalList><CitationSubset>IM</CitationSubset><MeshHeadingList><MeshHeading><DescriptorName UI="D000818" MajorTopicYN="N">Animals</DescriptorName></MeshHeading><MeshHeading><DescriptorName UI="D000911" MajorTopicYN="N">Antibodies, Monoclonal</DescriptorName><QualifierName UI="Q000627" MajorTopicYN="N">therapeutic use</QualifierName></MeshHeading><MeshHeading><DescriptorName UI="D001803" MajorTopicYN="N">Blood Transfusion</DescriptorName></MeshHeading><MeshHeading><DescriptorName UI="D023201" MajorTopicYN="N">CD40 Ligand</DescriptorName></MeshHeading><MeshHeading><DescriptorName UI="D003922" MajorTopicYN="N">Diabetes Mellitus, Type 1</DescriptorName><QualifierName UI="Q000276" MajorTopicYN="Y">immunology</QualifierName></MeshHeading><MeshHeading><DescriptorName UI="D005260" MajorTopicYN="N">Female</DescriptorName></MeshHeading><MeshHeading><DescriptorName UI="D006084" MajorTopicYN="N">Graft Rejection</DescriptorName><QualifierName UI="Q000517" MajorTopicYN="N">prevention &amp; control</QualifierName></MeshHeading><MeshHeading><DescriptorName UI="D007108" MajorTopicYN="Y">Immune Tolerance</DescriptorName></MeshHeading><MeshHeading><DescriptorName UI="D016381" MajorTopicYN="Y">Islets of Langerhans Transplantation</DescriptorName></MeshHeading><MeshHeading><DescriptorName UI="D008297" MajorTopicYN="N">Male</DescriptorName></MeshHeading><MeshHeading><DescriptorName UI="D008562" MajorTopicYN="N">Membrane Glycoproteins</DescriptorName><QualifierName UI="Q000276" MajorTopicYN="N">immunology</QualifierName></MeshHeading><MeshHeading><DescriptorName UI="D051379" MajorTopicYN="N">Mice</DescriptorName></MeshHeading><MeshHeading><DescriptorName UI="D008807" MajorTopicYN="N">Mice, Inbred BALB C</DescriptorName></MeshHeading><MeshHeading><DescriptorName UI="D008810" MajorTopicYN="N">Mice, Inbred C57BL</DescriptorName></MeshHeading><MeshHeading><DescriptorName UI="D016688" MajorTopicYN="N">Mice, Inbred NOD</DescriptorName></MeshHeading><MeshHeading><DescriptorName UI="D016513" MajorTopicYN="N">Mice, SCID</DescriptorName></MeshHeading><MeshHeading><DescriptorName UI="D016038" MajorTopicYN="Y">Skin Transplantation</DescriptorName></MeshHeading><MeshHeading><DescriptorName UI="D013934" MajorTopicYN="N">Thymectomy</DescriptorName></MeshHeading><MeshHeading><DescriptorName UI="D014019" MajorTopicYN="N">Tissue Donors</DescriptorName></MeshHeading><MeshHeading><DescriptorName UI="D019172" MajorTopicYN="N">Transplantation Conditioning</DescriptorName></MeshHeading></MeshHeadingList></MedlineCitation><PubmedData><History><PubMedPubDate PubStatus="pubmed"><Year>1999</Year><Month>5</Month><Day>20</Day></PubMedPubDate><PubMedPubDate PubStatus="medline"><Year>1999</Year><Month>5</Month><Day>20</Day><Hour>0</Hour><Minute>1</Minute></PubMedPubDate><PubMedPubDate PubStatus="entrez"><Year>1999</Year><Month>5</Month><Day>20</Day><Hour>0</Hour><Minute>0</Minute></PubMedPubDate></History><PublicationStatus>ppublish</PublicationStatus><ArticleIdList><ArticleId IdType="pubmed">10331399</ArticleId><ArticleId IdType="doi">10.2337/diabetes.48.5.967</ArticleId></ArticleIdList></PubmedData></PubmedArticle></PubmedArticleSet>