<?xml version="1.0" ?>
<!DOCTYPE PubmedArticleSet PUBLIC "-//NLM//DTD PubMedArticle, 1st January 2019//EN" "https://dtd.nlm.nih.gov/ncbi/pubmed/out/pubmed_190101.dtd">
<PubmedArticleSet><PubmedArticle><MedlineCitation Status="MEDLINE" Owner="NLM"><PMID Version="1">10342684</PMID><DateCompleted><Year>1999</Year><Month>07</Month><Day>21</Day></DateCompleted><DateRevised><Year>2019</Year><Month>05</Month><Day>13</Day></DateRevised><Article PubModel="Print"><Journal><ISSN IssnType="Print">0300-5771</ISSN><JournalIssue CitedMedium="Print"><Volume>28</Volume><Issue>2</Issue><PubDate><Year>1999</Year><Month>Apr</Month></PubDate></JournalIssue><Title>International journal of epidemiology</Title><ISOAbbreviation>Int J Epidemiol</ISOAbbreviation></Journal><ArticleTitle>A Markov chain model to assess the efficacy of screening for non-insulin dependent diabetes mellitus (NIDDM).</ArticleTitle><Pagination><MedlinePgn>233-40</MedlinePgn></Pagination><Abstract><AbstractText Label="BACKGROUND" NlmCategory="BACKGROUND">The high prevalence and severe consequences of non-insulin dependent diabetes mellitus (NIDDM) in Taiwan calls for urgent measures to detect this disease in the asymptomatic phase. However, the efficacy of early detection of NIDDM is highly dependent on its natural history from the disease-free state, through the asymptomatic to the symptomatic phase and death from NIDDM or other causes.</AbstractText><AbstractText Label="METHODS" NlmCategory="METHODS">In order to project the above progression, a five-state illness-and-death Markov chain model was proposed to estimate these transition parameters using data from two rounds of a blood sugar screening programme for NIDDM in Puli, in central Taiwan.</AbstractText><AbstractText Label="RESULTS" NlmCategory="RESULTS">Results showed that the annual incidence for asymptomatic NIDDM was 10.67 per 1000 (95% CI: 8.26-13.79) and the average duration between the asymptomatic and symptomatic phases (the sojourn time) was 8 years (95%CI: 5.74-11.29). The 10-year survival rate for asymptomatic NIDDM (79.35%) was better than that for symptomatic NIDDM (69.45%). Prediction of deaths from NIDDM was performed to assess how the efficacy of screening for NIDDM varied by different screening frequencies (annual, biennial, 4-yearly and the control group). Results indicated there is no substantial difference in mortality reduction from NIDDM among the annual, biennial and 4-yearly screening regimens. However, a 4-yearly screening regimen significantly reduced deaths from NIDDM by 40% (95% CI: 26-51%).</AbstractText><AbstractText Label="CONCLUSIONS" NlmCategory="CONCLUSIONS">A long sojourn time and the substantial reduction in mortality suggest that a 4-yearly screening regime for NIDDM would be most effective and feasible in Taiwan. The proposed five-state Markov chain model can be applied to other similar NIDDM screening projects.</AbstractText></Abstract><AuthorList CompleteYN="Y"><Author ValidYN="Y"><LastName>Kuo</LastName><ForeName>H S</ForeName><Initials>HS</Initials><AffiliationInfo><Affiliation>Graduate Institute of Public Health, College of Medicine, National Yang-Ming University, Taipei, Taiwan.</Affiliation></AffiliationInfo></Author><Author ValidYN="Y"><LastName>Chang</LastName><ForeName>H J</ForeName><Initials>HJ</Initials></Author><Author ValidYN="Y"><LastName>Chou</LastName><ForeName>P</ForeName><Initials>P</Initials></Author><Author ValidYN="Y"><LastName>Teng</LastName><ForeName>L</ForeName><Initials>L</Initials></Author><Author ValidYN="Y"><LastName>Chen</LastName><ForeName>T H</ForeName><Initials>TH</Initials></Author></AuthorList><Language>eng</Language><PublicationTypeList><PublicationType UI="D016428">Journal Article</PublicationType></PublicationTypeList></Article><MedlineJournalInfo><Country>England</Country><MedlineTA>Int J Epidemiol</MedlineTA><NlmUniqueID>7802871</NlmUniqueID><ISSNLinking>0300-5771</ISSNLinking></MedlineJournalInfo><CitationSubset>IM</CitationSubset><MeshHeadingList><MeshHeading><DescriptorName UI="D000293" MajorTopicYN="N">Adolescent</DescriptorName></MeshHeading><MeshHeading><DescriptorName UI="D000328" MajorTopicYN="N">Adult</DescriptorName></MeshHeading><MeshHeading><DescriptorName UI="D017677" MajorTopicYN="N">Age Distribution</DescriptorName></MeshHeading><MeshHeading><DescriptorName UI="D000368" MajorTopicYN="N">Aged</DescriptorName></MeshHeading><MeshHeading><DescriptorName UI="D002423" MajorTopicYN="Y">Cause of Death</DescriptorName></MeshHeading><MeshHeading><DescriptorName UI="D016001" MajorTopicYN="N">Confidence Intervals</DescriptorName></MeshHeading><MeshHeading><DescriptorName UI="D003924" MajorTopicYN="N">Diabetes Mellitus, Type 2</DescriptorName><QualifierName UI="Q000453" MajorTopicYN="Y">epidemiology</QualifierName></MeshHeading><MeshHeading><DescriptorName UI="D018450" MajorTopicYN="N">Disease Progression</DescriptorName></MeshHeading><MeshHeading><DescriptorName UI="D005260" MajorTopicYN="N">Female</DescriptorName></MeshHeading><MeshHeading><DescriptorName UI="D006306" MajorTopicYN="N">Health Surveys</DescriptorName></MeshHeading><MeshHeading><DescriptorName UI="D006801" MajorTopicYN="N">Humans</DescriptorName></MeshHeading><MeshHeading><DescriptorName UI="D015994" MajorTopicYN="N">Incidence</DescriptorName></MeshHeading><MeshHeading><DescriptorName UI="D008297" MajorTopicYN="N">Male</DescriptorName></MeshHeading><MeshHeading><DescriptorName UI="D008390" MajorTopicYN="Y">Markov Chains</DescriptorName></MeshHeading><MeshHeading><DescriptorName UI="D008403" MajorTopicYN="N">Mass Screening</DescriptorName><QualifierName UI="Q000379" MajorTopicYN="Y">methods</QualifierName></MeshHeading><MeshHeading><DescriptorName UI="D008875" MajorTopicYN="N">Middle Aged</DescriptorName></MeshHeading><MeshHeading><DescriptorName UI="D015233" MajorTopicYN="N">Models, Statistical</DescriptorName></MeshHeading><MeshHeading><DescriptorName UI="D012307" MajorTopicYN="N">Risk Factors</DescriptorName></MeshHeading><MeshHeading><DescriptorName UI="D012680" MajorTopicYN="N">Sensitivity and Specificity</DescriptorName></MeshHeading><MeshHeading><DescriptorName UI="D017678" MajorTopicYN="N">Sex Distribution</DescriptorName></MeshHeading><MeshHeading><DescriptorName UI="D015996" MajorTopicYN="N">Survival Rate</DescriptorName></MeshHeading><MeshHeading><DescriptorName UI="D013624" MajorTopicYN="N" Type="Geographic">Taiwan</DescriptorName><QualifierName UI="Q000453" MajorTopicYN="N">epidemiology</QualifierName></MeshHeading></MeshHeadingList></MedlineCitation><PubmedData><History><PubMedPubDate PubStatus="pubmed"><Year>1999</Year><Month>5</Month><Day>26</Day></PubMedPubDate><PubMedPubDate PubStatus="medline"><Year>1999</Year><Month>5</Month><Day>26</Day><Hour>0</Hour><Minute>1</Minute></PubMedPubDate><PubMedPubDate PubStatus="entrez"><Year>1999</Year><Month>5</Month><Day>26</Day><Hour>0</Hour><Minute>0</Minute></PubMedPubDate></History><PublicationStatus>ppublish</PublicationStatus><ArticleIdList><ArticleId IdType="pubmed">10342684</ArticleId><ArticleId IdType="doi">10.1093/ije/28.2.233</ArticleId></ArticleIdList></PubmedData></PubmedArticle></PubmedArticleSet>