<?xml version="1.0" ?>
<!DOCTYPE PubmedArticleSet PUBLIC "-//NLM//DTD PubMedArticle, 1st January 2019//EN" "https://dtd.nlm.nih.gov/ncbi/pubmed/out/pubmed_190101.dtd">
<PubmedArticleSet><PubmedArticle><MedlineCitation Status="MEDLINE" Owner="NLM"><PMID Version="1">10342816</PMID><DateCompleted><Year>1999</Year><Month>06</Month><Day>08</Day></DateCompleted><DateRevised><Year>2019</Year><Month>05</Month><Day>15</Day></DateRevised><Article PubModel="Print"><Journal><ISSN IssnType="Print">0012-1797</ISSN><JournalIssue CitedMedium="Print"><Volume>48</Volume><Issue>6</Issue><PubDate><Year>1999</Year><Month>Jun</Month></PubDate></JournalIssue><Title>Diabetes</Title><ISOAbbreviation>Diabetes</ISOAbbreviation></Journal><ArticleTitle>Low plasma leptin levels contribute to diabetic hyperphagia in rats.</ArticleTitle><Pagination><MedlinePgn>1275-80</MedlinePgn></Pagination><Abstract><AbstractText>The adipocyte hormone leptin reduces food intake in normal animals. During uncontrolled type 1 diabetes, plasma leptin levels fall, whereas food intake increases. To test the hypothesis that low leptin levels contribute to diabetic hyperphagia, we investigated the effect on food intake of replacement of leptin at basal plasma concentrations for 7 days in Long-Evans rats with uncontrolled diabetes induced by streptozotocin (STZ). One group of STZ diabetic rats received saline (STZ + Sal) (n = 11), while the other group (STZ + Lep) (n = 15) received a subcutaneous infusion of recombinant rat leptin (100 microg x kg(-1) x day(-1)) via osmotic minipumps. A nondiabetic control group (Con) (n = 11) received saline only. In the STZ + Sal group, plasma leptin levels decreased by 75% (P &lt; 0.05) from 2.4+/-0.5 on the day before STZ/citrate buffer vehicle (Veh) injection (day 0) to 0.6+/-0.2 ng/ml on day 7. In contrast, plasma leptin levels on days 3-7 were comparable to pretreatment values in both the STZ + Lep group (day 0: 2.6+/-0.4 vs. day 7: 2.5+/-0.3 ng/ml, NS) and the Con group (day 0: 3.8+/-0.4 vs. day 7: 2.9+/-1.0 ng/ml, NS). In the STZ + Sal group, daily food intake increased gradually to values 43% above basal by day 7 (day 0: 24+/-2 to day 7: 33+/-3 g, P &lt; 0.05), whereas food intake did not increase in either the STZ + Lep group (day 0: 24+/-1 vs. day 7: 21+/-2 g, NS), or the Con group (day 0: 23+/-1 vs. day 7: 23+/-2 g). Plasma glucose levels exceeded nondiabetic control values (7.7+/-0.2 mmol/l) in both diabetic groups, but were lower in the STZ + Lep group (17.2+/-1.8 mmol/l) than in the STZ + Sal group (24.3+/-1.1 mmol/l, P &lt; 0.05). To determine if sensitivity to leptin-induced anorexia was affected by STZ treatment, a second experiment was performed in which the effect of intracerebroventricular leptin injection (at doses of 0.35, 1.0, or 3.5 microg) on food intake was measured 10 days after STZ or Veh treatment. Leptin suppressed both 4- and 24-h food intake in the two groups to an equal extent at every dose (by 15, 22, and 35%, respectively). These findings support the hypothesis that the effect of uncontrolled diabetes to lower leptin levels contributes to diabetic hyperphagia and that this effect is not due to altered leptin sensitivity.</AbstractText></Abstract><AuthorList CompleteYN="Y"><Author ValidYN="Y"><LastName>Sindelar</LastName><ForeName>D K</ForeName><Initials>DK</Initials><AffiliationInfo><Affiliation>Department of Medicine, University of Washington and Puget Sound VA Health Care System, Seattle, USA.</Affiliation></AffiliationInfo></Author><Author ValidYN="Y"><LastName>Havel</LastName><ForeName>P J</ForeName><Initials>PJ</Initials></Author><Author ValidYN="Y"><LastName>Seeley</LastName><ForeName>R J</ForeName><Initials>RJ</Initials></Author><Author ValidYN="Y"><LastName>Wilkinson</LastName><ForeName>C W</ForeName><Initials>CW</Initials></Author><Author ValidYN="Y"><LastName>Woods</LastName><ForeName>S C</ForeName><Initials>SC</Initials></Author><Author ValidYN="Y"><LastName>Schwartz</LastName><ForeName>M W</ForeName><Initials>MW</Initials></Author></AuthorList><Language>eng</Language><GrantList CompleteYN="N"><Grant><GrantID>DK-50129</GrantID><Acronym>DK</Acronym><Agency>NIDDK NIH HHS</Agency><Country>United States</Country></Grant><Grant><GrantID>DK-52989-01</GrantID><Acronym>DK</Acronym><Agency>NIDDK NIH HHS</Agency><Country>United States</Country></Grant><Grant><GrantID>NS-32273</GrantID><Acronym>NS</Acronym><Agency>NINDS NIH HHS</Agency><Country>United States</Country></Grant></GrantList><PublicationTypeList><PublicationType UI="D016428">Journal Article</PublicationType><PublicationType UI="D013485">Research Support, Non-U.S. Gov't</PublicationType><PublicationType UI="D013487">Research Support, U.S. Gov't, P.H.S.</PublicationType></PublicationTypeList></Article><MedlineJournalInfo><Country>United States</Country><MedlineTA>Diabetes</MedlineTA><NlmUniqueID>0372763</NlmUniqueID><ISSNLinking>0012-1797</ISSNLinking></MedlineJournalInfo><ChemicalList><Chemical><RegistryNumber>0</RegistryNumber><NameOfSubstance UI="D001786">Blood Glucose</NameOfSubstance></Chemical><Chemical><RegistryNumber>0</RegistryNumber><NameOfSubstance UI="D007328">Insulin</NameOfSubstance></Chemical><Chemical><RegistryNumber>0</RegistryNumber><NameOfSubstance UI="D020738">Leptin</NameOfSubstance></Chemical><Chemical><RegistryNumber>0</RegistryNumber><NameOfSubstance UI="D011506">Proteins</NameOfSubstance></Chemical></ChemicalList><CitationSubset>IM</CitationSubset><MeshHeadingList><MeshHeading><DescriptorName UI="D000818" MajorTopicYN="N">Animals</DescriptorName></MeshHeading><MeshHeading><DescriptorName UI="D001786" MajorTopicYN="N">Blood Glucose</DescriptorName><QualifierName UI="Q000378" MajorTopicYN="N">metabolism</QualifierName></MeshHeading><MeshHeading><DescriptorName UI="D003920" MajorTopicYN="N">Diabetes Mellitus</DescriptorName><QualifierName UI="Q000378" MajorTopicYN="N">metabolism</QualifierName></MeshHeading><MeshHeading><DescriptorName UI="D003921" MajorTopicYN="N">Diabetes Mellitus, Experimental</DescriptorName><QualifierName UI="Q000097" MajorTopicYN="N">blood</QualifierName><QualifierName UI="Q000150" MajorTopicYN="Y">complications</QualifierName></MeshHeading><MeshHeading><DescriptorName UI="D006963" MajorTopicYN="N">Hyperphagia</DescriptorName><QualifierName UI="Q000097" MajorTopicYN="N">blood</QualifierName><QualifierName UI="Q000209" MajorTopicYN="Y">etiology</QualifierName></MeshHeading><MeshHeading><DescriptorName UI="D007328" MajorTopicYN="N">Insulin</DescriptorName><QualifierName UI="Q000097" MajorTopicYN="N">blood</QualifierName></MeshHeading><MeshHeading><DescriptorName UI="D020738" MajorTopicYN="N">Leptin</DescriptorName></MeshHeading><MeshHeading><DescriptorName UI="D008297" MajorTopicYN="N">Male</DescriptorName></MeshHeading><MeshHeading><DescriptorName UI="D009765" MajorTopicYN="N">Obesity</DescriptorName></MeshHeading><MeshHeading><DescriptorName UI="D011506" MajorTopicYN="N">Proteins</DescriptorName><QualifierName UI="Q000378" MajorTopicYN="Y">metabolism</QualifierName></MeshHeading><MeshHeading><DescriptorName UI="D051381" MajorTopicYN="N">Rats</DescriptorName></MeshHeading><MeshHeading><DescriptorName UI="D020318" MajorTopicYN="N">Rats, Long-Evans</DescriptorName></MeshHeading></MeshHeadingList></MedlineCitation><PubmedData><History><PubMedPubDate PubStatus="pubmed"><Year>1999</Year><Month>5</Month><Day>26</Day></PubMedPubDate><PubMedPubDate PubStatus="medline"><Year>1999</Year><Month>5</Month><Day>26</Day><Hour>0</Hour><Minute>1</Minute></PubMedPubDate><PubMedPubDate PubStatus="entrez"><Year>1999</Year><Month>5</Month><Day>26</Day><Hour>0</Hour><Minute>0</Minute></PubMedPubDate></History><PublicationStatus>ppublish</PublicationStatus><ArticleIdList><ArticleId IdType="pubmed">10342816</ArticleId><ArticleId IdType="doi">10.2337/diabetes.48.6.1275</ArticleId></ArticleIdList></PubmedData></PubmedArticle></PubmedArticleSet>