<?xml version="1.0" ?>
<!DOCTYPE PubmedArticleSet PUBLIC "-//NLM//DTD PubMedArticle, 1st January 2019//EN" "https://dtd.nlm.nih.gov/ncbi/pubmed/out/pubmed_190101.dtd">
<PubmedArticleSet><PubmedArticle><MedlineCitation Status="MEDLINE" Owner="NLM"><PMID Version="1">10342336</PMID><DateCompleted><Year>1999</Year><Month>07</Month><Day>22</Day></DateCompleted><DateRevised><Year>2019</Year><Month>08</Month><Day>31</Day></DateRevised><Article PubModel="Print"><Journal><ISSN IssnType="Print">0742-3071</ISSN><JournalIssue CitedMedium="Print"><Volume>16</Volume><Issue>5</Issue><PubDate><Year>1999</Year><Month>May</Month></PubDate></JournalIssue><Title>Diabetic medicine : a journal of the British Diabetic Association</Title><ISOAbbreviation>Diabet Med</ISOAbbreviation></Journal><ArticleTitle>Hypothalamic arousal, insulin resistance and Type 2 diabetes mellitus.</ArticleTitle><Pagination><MedlinePgn>373-83</MedlinePgn></Pagination><Abstract><AbstractText Label="AIMS" NlmCategory="OBJECTIVE">Type 2 diabetes mellitus (DM) develops when insulin resistance overcomes the capacity of compensatory insulin secretion. Insulin resistance may be induced via psychoneuroendocrine pathways, a possibility which has received little previous attention.</AbstractText><AbstractText Label="METHODS" NlmCategory="METHODS">We have used salivary cortisol measurements to monitor the activity of the hypothalamic-pituitary-adrenal (HPA) axis, the major controller of hormones involved in the regulation of peripheral insulin sensitivity under everyday conditions. The influence of external challenges, as well as the sensitivity of feedback regulation, were followed in randomly selected middle-aged population samples.</AbstractText><AbstractText Label="RESULTS" NlmCategory="RESULTS">In health there is a rhythmicity of cortisol secretion, with a high plasticity and efficient feedback control. In contrast, a group of subjects were identified with a flat, rigid day curve and poor feedback control, who showed consistent abnormalities in stress-related cortisol secretion, including inhibited secretions of sex steroids and growth hormone; insulin resistance; abdominal obesity; elevated leptin levels; hyperglycaemia; dyslipidaemia and hypertension with elevated heart rate. The endocrine abnormalities are probably responsible for the anthropometric and metabolic abnormalities. The circulatory perturbations seem to be induced by a parallel activation of the central sympathetic nervous system suggesting an 'hypothalamic arousal syndrome', gradually developing into an independent risk for disease. An associated cluster of environmental factors, including psychosocial and socio-economic stress, traits of depression and anxiety, alcohol consumption and smoking, all factors known to activate hypothalamic centres, has been identified. A polymorphism of the glucocorticoid receptor gene, with 13.7% homozygotes in the male Swedish population, parallels receptor dysfunction, and may be responsible for the associated insulin resistance, central obesity and hypertension.</AbstractText><AbstractText Label="CONCLUSIONS" NlmCategory="CONCLUSIONS">This is the first detailed examination of psychoneuroendocrinological processes in the natural environment on a population basis in relation to somatic health. The results suggest that an hypothalamic arousal syndrome, with parallel activation of the HPA axis and the central sympathetic nervous system, is responsible for development of endocrine abnormalities, insulin resistance, central obesity, dyslipidaemia and hypertension, leading to frank disease, including Type 2 DM. We suggest that this syndrome is probably based on environmental pressures in genetically susceptible individuals.</AbstractText></Abstract><AuthorList CompleteYN="Y"><Author ValidYN="Y"><LastName>Björntorp</LastName><ForeName>P</ForeName><Initials>P</Initials><AffiliationInfo><Affiliation>Department of Heart and Lung Diseases, University of Gothenburg, Sahlgren's Hospital, Sweden. per.bjorntorp@hjl.gu.se</Affiliation></AffiliationInfo></Author><Author ValidYN="Y"><LastName>Holm</LastName><ForeName>G</ForeName><Initials>G</Initials></Author><Author ValidYN="Y"><LastName>Rosmond</LastName><ForeName>R</ForeName><Initials>R</Initials></Author></AuthorList><Language>eng</Language><PublicationTypeList><PublicationType UI="D016428">Journal Article</PublicationType></PublicationTypeList></Article><MedlineJournalInfo><Country>England</Country><MedlineTA>Diabet Med</MedlineTA><NlmUniqueID>8500858</NlmUniqueID><ISSNLinking>0742-3071</ISSNLinking></MedlineJournalInfo><ChemicalList><Chemical><RegistryNumber>0</RegistryNumber><NameOfSubstance UI="D007328">Insulin</NameOfSubstance></Chemical><Chemical><RegistryNumber>WI4X0X7BPJ</RegistryNumber><NameOfSubstance UI="D006854">Hydrocortisone</NameOfSubstance></Chemical></ChemicalList><CitationSubset>IM</CitationSubset><CommentsCorrectionsList><CommentsCorrections RefType="CommentIn"><RefSource>Diabet Med. 1999 May;16(5):355-7</RefSource><PMID Version="1">10342334</PMID></CommentsCorrections></CommentsCorrectionsList><MeshHeadingList><MeshHeading><DescriptorName UI="D000328" MajorTopicYN="N">Adult</DescriptorName></MeshHeading><MeshHeading><DescriptorName UI="D001143" MajorTopicYN="N">Arousal</DescriptorName><QualifierName UI="Q000502" MajorTopicYN="Y">physiology</QualifierName></MeshHeading><MeshHeading><DescriptorName UI="D003924" MajorTopicYN="N">Diabetes Mellitus, Type 2</DescriptorName><QualifierName UI="Q000503" MajorTopicYN="Y">physiopathology</QualifierName></MeshHeading><MeshHeading><DescriptorName UI="D005246" MajorTopicYN="N">Feedback</DescriptorName></MeshHeading><MeshHeading><DescriptorName UI="D005260" MajorTopicYN="N">Female</DescriptorName></MeshHeading><MeshHeading><DescriptorName UI="D006801" MajorTopicYN="N">Humans</DescriptorName></MeshHeading><MeshHeading><DescriptorName UI="D006854" MajorTopicYN="N">Hydrocortisone</DescriptorName><QualifierName UI="Q000097" MajorTopicYN="Y">blood</QualifierName><QualifierName UI="Q000378" MajorTopicYN="N">metabolism</QualifierName></MeshHeading><MeshHeading><DescriptorName UI="D007030" MajorTopicYN="N">Hypothalamo-Hypophyseal System</DescriptorName><QualifierName UI="Q000502" MajorTopicYN="Y">physiology</QualifierName><QualifierName UI="Q000503" MajorTopicYN="N">physiopathology</QualifierName></MeshHeading><MeshHeading><DescriptorName UI="D007031" MajorTopicYN="N">Hypothalamus</DescriptorName><QualifierName UI="Q000502" MajorTopicYN="Y">physiology</QualifierName><QualifierName UI="Q000503" MajorTopicYN="N">physiopathology</QualifierName></MeshHeading><MeshHeading><DescriptorName UI="D007328" MajorTopicYN="N">Insulin</DescriptorName><QualifierName UI="Q000378" MajorTopicYN="N">metabolism</QualifierName></MeshHeading><MeshHeading><DescriptorName UI="D007333" MajorTopicYN="N">Insulin Resistance</DescriptorName><QualifierName UI="Q000502" MajorTopicYN="Y">physiology</QualifierName></MeshHeading><MeshHeading><DescriptorName UI="D000078790" MajorTopicYN="N">Insulin Secretion</DescriptorName></MeshHeading><MeshHeading><DescriptorName UI="D008297" MajorTopicYN="N">Male</DescriptorName></MeshHeading><MeshHeading><DescriptorName UI="D008875" MajorTopicYN="N">Middle Aged</DescriptorName></MeshHeading><MeshHeading><DescriptorName UI="D010913" MajorTopicYN="N">Pituitary-Adrenal System</DescriptorName><QualifierName UI="Q000502" MajorTopicYN="Y">physiology</QualifierName><QualifierName UI="Q000503" MajorTopicYN="N">physiopathology</QualifierName></MeshHeading><MeshHeading><DescriptorName UI="D012016" MajorTopicYN="N">Reference Values</DescriptorName></MeshHeading></MeshHeadingList></MedlineCitation><PubmedData><History><PubMedPubDate PubStatus="pubmed"><Year>1999</Year><Month>5</Month><Day>26</Day></PubMedPubDate><PubMedPubDate PubStatus="medline"><Year>1999</Year><Month>5</Month><Day>26</Day><Hour>0</Hour><Minute>1</Minute></PubMedPubDate><PubMedPubDate PubStatus="entrez"><Year>1999</Year><Month>5</Month><Day>26</Day><Hour>0</Hour><Minute>0</Minute></PubMedPubDate></History><PublicationStatus>ppublish</PublicationStatus><ArticleIdList><ArticleId IdType="pubmed">10342336</ArticleId><ArticleId IdType="doi">10.1046/j.1464-5491.1999.00067.x</ArticleId></ArticleIdList></PubmedData></PubmedArticle></PubmedArticleSet>