<?xml version="1.0" ?>
<!DOCTYPE PubmedArticleSet PUBLIC "-//NLM//DTD PubMedArticle, 1st January 2019//EN" "https://dtd.nlm.nih.gov/ncbi/pubmed/out/pubmed_190101.dtd">
<PubmedArticleSet><PubmedArticle><MedlineCitation Status="MEDLINE" Owner="NLM"><PMID Version="1">10342819</PMID><DateCompleted><Year>1999</Year><Month>06</Month><Day>08</Day></DateCompleted><DateRevised><Year>2022</Year><Month>03</Month><Day>09</Day></DateRevised><Article PubModel="Print"><Journal><ISSN IssnType="Print">0012-1797</ISSN><JournalIssue CitedMedium="Print"><Volume>48</Volume><Issue>6</Issue><PubDate><Year>1999</Year><Month>Jun</Month></PubDate></JournalIssue><Title>Diabetes</Title><ISOAbbreviation>Diabetes</ISOAbbreviation></Journal><ArticleTitle>Power spectral analysis of heart rate variability during hyperinsulinemia in nondiabetic offspring of type 2 diabetic patients: evidence for possible early autonomic dysfunction in insulin-resistant subjects.</ArticleTitle><Pagination><MedlinePgn>1295-9</MedlinePgn></Pagination><Abstract><AbstractText>Sympathetic activation has been considered as a link between insulin resistance, hyperinsulinemia, and hypertension. However, little is known about the association between insulin sensitivity and autonomic regulation or about the effect of acute hyperinsulinemia on cardiac sympathovagal balance. The aim of this study was to investigate heart rate variability (HRV) during the euglycemic-hyperinsulinemic clamp in nondiabetic offspring of patients with type 2 diabetes. We studied 35 nondiabetic offspring of patients with type 2 diabetes and 19 control subjects. Probands were chosen from a 10-year follow-up study of patients with well-characterized type 2 diabetes according to their fasting C-peptide level (selected from both ends of the distribution) and from control subjects to form three groups: 1) a group including subjects who were offspring of type 2 diabetic patients with low C-peptide levels (deficient insulin secretion group [IS group], n = 17), 2) a group including subjects who were offspring of type 2 diabetic patients with high C-peptide levels (insulin-resistant group [IR group], n = 18), and 3) a control group without a history of type 2 diabetes in first-degree relatives (n = 19). HRV was assessed at baseline and at the steady state during the euglycemic-hyperinsulinemic clamp. Rates of whole-body glucose uptake (M value) were lower in the IR group than in the IS group and the control group (41+/-3 vs. 54+/-2 vs. 60+/-4 micromol x kg(-1) x min(-1), P &lt; 0.01 and P &lt; 0.01, respectively). In all groups, heart rate increased significantly during hyperinsulinemia. In the IR group, insulin infusion increased total power of HRV [from 7.70+/-0.15 to 8.05+/-0.15 ln(ms2), P &lt; 0.01] and the low frequency-to-high frequency ratio (from 0.62+/-0.14 to 1.14+/-0.18, P &lt; 0.01) and decreased power of the high frequency spectral component (from 5.73+/-0.17 to 5.43+/-0.16 ln(ms2), P &lt; 0.05), whereas in other groups, changes in HRV were not significant. We conclude that the HRV response to acute hyperinsulinemia in the offspring of type 2 diabetic probands was likely to be modulated by the type 2 diabetic phenotype of the parent. In insulin-resistant subjects, autonomic dysfunction may be an earlier defect than hitherto acknowledged.</AbstractText></Abstract><AuthorList CompleteYN="Y"><Author ValidYN="Y"><LastName>Laitinen</LastName><ForeName>T</ForeName><Initials>T</Initials><AffiliationInfo><Affiliation>Department of Clinical Physiology and Nuclear Medicine, Kuopio University Hospital, Finland. tomi.laitinen@uku.fi</Affiliation></AffiliationInfo></Author><Author ValidYN="Y"><LastName>Vauhkonen</LastName><ForeName>I K</ForeName><Initials>IK</Initials></Author><Author ValidYN="Y"><LastName>Niskanen</LastName><ForeName>L K</ForeName><Initials>LK</Initials></Author><Author ValidYN="Y"><LastName>Hartikainen</LastName><ForeName>J E</ForeName><Initials>JE</Initials></Author><Author ValidYN="Y"><LastName>Länsimies</LastName><ForeName>E A</ForeName><Initials>EA</Initials></Author><Author ValidYN="Y"><LastName>Uusitupa</LastName><ForeName>M I</ForeName><Initials>MI</Initials></Author><Author ValidYN="Y"><LastName>Laakso</LastName><ForeName>M</ForeName><Initials>M</Initials></Author></AuthorList><Language>eng</Language><PublicationTypeList><PublicationType UI="D016428">Journal Article</PublicationType></PublicationTypeList></Article><MedlineJournalInfo><Country>United States</Country><MedlineTA>Diabetes</MedlineTA><NlmUniqueID>0372763</NlmUniqueID><ISSNLinking>0012-1797</ISSNLinking></MedlineJournalInfo><ChemicalList><Chemical><RegistryNumber>0</RegistryNumber><NameOfSubstance UI="D002096">C-Peptide</NameOfSubstance></Chemical></ChemicalList><CitationSubset>IM</CitationSubset><MeshHeadingList><MeshHeading><DescriptorName UI="D000328" MajorTopicYN="N">Adult</DescriptorName></MeshHeading><MeshHeading><DescriptorName UI="D001341" MajorTopicYN="N">Autonomic Nervous System</DescriptorName><QualifierName UI="Q000503" MajorTopicYN="Y">physiopathology</QualifierName></MeshHeading><MeshHeading><DescriptorName UI="D002096" MajorTopicYN="N">C-Peptide</DescriptorName><QualifierName UI="Q000097" MajorTopicYN="N">blood</QualifierName></MeshHeading><MeshHeading><DescriptorName UI="D003924" MajorTopicYN="N">Diabetes Mellitus, Type 2</DescriptorName><QualifierName UI="Q000150" MajorTopicYN="N">complications</QualifierName><QualifierName UI="Q000235" MajorTopicYN="Y">genetics</QualifierName></MeshHeading><MeshHeading><DescriptorName UI="D005260" MajorTopicYN="N">Female</DescriptorName></MeshHeading><MeshHeading><DescriptorName UI="D005951" MajorTopicYN="N">Glucose Tolerance Test</DescriptorName></MeshHeading><MeshHeading><DescriptorName UI="D006339" MajorTopicYN="Y">Heart Rate</DescriptorName></MeshHeading><MeshHeading><DescriptorName UI="D006801" MajorTopicYN="N">Humans</DescriptorName></MeshHeading><MeshHeading><DescriptorName UI="D006946" MajorTopicYN="N">Hyperinsulinism</DescriptorName><QualifierName UI="Q000209" MajorTopicYN="N">etiology</QualifierName><QualifierName UI="Q000503" MajorTopicYN="Y">physiopathology</QualifierName></MeshHeading><MeshHeading><DescriptorName UI="D007333" MajorTopicYN="Y">Insulin Resistance</DescriptorName></MeshHeading><MeshHeading><DescriptorName UI="D008297" MajorTopicYN="N">Male</DescriptorName></MeshHeading><MeshHeading><DescriptorName UI="D008875" MajorTopicYN="N">Middle Aged</DescriptorName></MeshHeading><MeshHeading><DescriptorName UI="D010641" MajorTopicYN="N">Phenotype</DescriptorName></MeshHeading><MeshHeading><DescriptorName UI="D012907" MajorTopicYN="N">Smoking</DescriptorName></MeshHeading></MeshHeadingList></MedlineCitation><PubmedData><History><PubMedPubDate PubStatus="pubmed"><Year>1999</Year><Month>5</Month><Day>26</Day></PubMedPubDate><PubMedPubDate PubStatus="medline"><Year>1999</Year><Month>5</Month><Day>26</Day><Hour>0</Hour><Minute>1</Minute></PubMedPubDate><PubMedPubDate PubStatus="entrez"><Year>1999</Year><Month>5</Month><Day>26</Day><Hour>0</Hour><Minute>0</Minute></PubMedPubDate></History><PublicationStatus>ppublish</PublicationStatus><ArticleIdList><ArticleId IdType="pubmed">10342819</ArticleId><ArticleId IdType="doi">10.2337/diabetes.48.6.1295</ArticleId></ArticleIdList></PubmedData></PubmedArticle></PubmedArticleSet>