<?xml version="1.0" ?>
<!DOCTYPE PubmedArticleSet PUBLIC "-//NLM//DTD PubMedArticle, 1st January 2019//EN" "https://dtd.nlm.nih.gov/ncbi/pubmed/out/pubmed_190101.dtd">
<PubmedArticleSet><PubmedArticle><MedlineCitation Status="MEDLINE" Owner="NLM"><PMID Version="1">10342337</PMID><DateCompleted><Year>1999</Year><Month>07</Month><Day>22</Day></DateCompleted><DateRevised><Year>2019</Year><Month>08</Month><Day>31</Day></DateRevised><Article PubModel="Print"><Journal><ISSN IssnType="Print">0742-3071</ISSN><JournalIssue CitedMedium="Print"><Volume>16</Volume><Issue>5</Issue><PubDate><Year>1999</Year><Month>May</Month></PubDate></JournalIssue><Title>Diabetic medicine : a journal of the British Diabetic Association</Title><ISOAbbreviation>Diabet Med</ISOAbbreviation></Journal><ArticleTitle>Long-term efficacy of humalog in subjects with Type 1 diabetes mellitus.</ArticleTitle><Pagination><MedlinePgn>384-7</MedlinePgn></Pagination><Abstract><AbstractText Label="AIMS" NlmCategory="OBJECTIVE">To evaluate the long-term effectiveness of Humalog insulin in lowering post meal glucose excursions.</AbstractText><AbstractText Label="METHODS" NlmCategory="METHODS">Twenty young subjects with Type 1 diabetes mellitus (DM) who had received insulin-lispro (Humalog) for a least 1 year (mean +/- SD 1.8+/-1.6 years) were studied on two occasions, 3-14 days apart. They consumed a similar breakfast consisting of 450-600 kCal having fasted overnight. The same amount of human soluble Humulin Regular or Humalog insulin was given 10 min before the meal in a randomized, double-blind fashion.</AbstractText><AbstractText Label="RESULTS" NlmCategory="RESULTS">Postprandial glucose excursions at 30, 60, and 120 min were significantly lower (P&lt;0.001, ANCOVA) when subjects received Humalog as compared to human soluble insulin. Serum-free insulin levels were significantly higher (P&lt;0.001, ANOVA) at 30 and 60 min when subjects received Humalog as compared with human soluble insulin. Humalog antibody levels after up to 5.4 years of receiving Humalog insulin were not elevated beyond the values at 1 year.</AbstractText><AbstractText Label="CONCLUSIONS" NlmCategory="CONCLUSIONS">We conclude that Humalog insulin is effective in lowering postprandial glucose excursions even after up to 5.4 years of treatment.</AbstractText></Abstract><AuthorList CompleteYN="Y"><Author ValidYN="Y"><LastName>Garg</LastName><ForeName>S K</ForeName><Initials>SK</Initials><AffiliationInfo><Affiliation>Barbara Davis Center for Childhood Diabetes, Department of Paediatrics, University of Colorado Health Sciences Center, Denver, USA. Satish.Garg@UCHSC.edu</Affiliation></AffiliationInfo></Author><Author ValidYN="Y"><LastName>Anderson</LastName><ForeName>J H</ForeName><Initials>JH</Initials></Author><Author ValidYN="Y"><LastName>Perry</LastName><ForeName>S V</ForeName><Initials>SV</Initials></Author><Author ValidYN="Y"><LastName>Mackenzie</LastName><ForeName>T</ForeName><Initials>T</Initials></Author><Author ValidYN="Y"><LastName>Keith</LastName><ForeName>P</ForeName><Initials>P</Initials></Author><Author ValidYN="Y"><LastName>Jennings</LastName><ForeName>M K</ForeName><Initials>MK</Initials></Author><Author ValidYN="Y"><LastName>Hansen</LastName><ForeName>M M</ForeName><Initials>MM</Initials></Author><Author ValidYN="Y"><LastName>Chase</LastName><ForeName>H P</ForeName><Initials>HP</Initials></Author></AuthorList><Language>eng</Language><GrantList CompleteYN="Y"><Grant><GrantID>M01 RR00069</GrantID><Acronym>RR</Acronym><Agency>NCRR NIH HHS</Agency><Country>United States</Country></Grant></GrantList><PublicationTypeList><PublicationType UI="D016430">Clinical Trial</PublicationType><PublicationType UI="D003160">Comparative Study</PublicationType><PublicationType UI="D016428">Journal Article</PublicationType><PublicationType UI="D016449">Randomized Controlled Trial</PublicationType><PublicationType UI="D013485">Research Support, Non-U.S. Gov't</PublicationType><PublicationType UI="D013487">Research Support, U.S. Gov't, P.H.S.</PublicationType></PublicationTypeList></Article><MedlineJournalInfo><Country>England</Country><MedlineTA>Diabet Med</MedlineTA><NlmUniqueID>8500858</NlmUniqueID><ISSNLinking>0742-3071</ISSNLinking></MedlineJournalInfo><ChemicalList><Chemical><RegistryNumber>0</RegistryNumber><NameOfSubstance UI="D001786">Blood Glucose</NameOfSubstance></Chemical><Chemical><RegistryNumber>0</RegistryNumber><NameOfSubstance UI="D007004">Hypoglycemic Agents</NameOfSubstance></Chemical><Chemical><RegistryNumber>0</RegistryNumber><NameOfSubstance UI="D007328">Insulin</NameOfSubstance></Chemical><Chemical><RegistryNumber>0</RegistryNumber><NameOfSubstance UI="D007330">Insulin Antibodies</NameOfSubstance></Chemical><Chemical><RegistryNumber>0</RegistryNumber><NameOfSubstance UI="D061268">Insulin Lispro</NameOfSubstance></Chemical></ChemicalList><CitationSubset>IM</CitationSubset><MeshHeadingList><MeshHeading><DescriptorName UI="D000328" MajorTopicYN="N">Adult</DescriptorName></MeshHeading><MeshHeading><DescriptorName UI="D001786" MajorTopicYN="N">Blood Glucose</DescriptorName><QualifierName UI="Q000378" MajorTopicYN="Y">metabolism</QualifierName></MeshHeading><MeshHeading><DescriptorName UI="D018592" MajorTopicYN="N">Cross-Over Studies</DescriptorName></MeshHeading><MeshHeading><DescriptorName UI="D003922" MajorTopicYN="N">Diabetes Mellitus, Type 1</DescriptorName><QualifierName UI="Q000097" MajorTopicYN="N">blood</QualifierName><QualifierName UI="Q000188" MajorTopicYN="Y">drug therapy</QualifierName><QualifierName UI="Q000276" MajorTopicYN="N">immunology</QualifierName></MeshHeading><MeshHeading><DescriptorName UI="D004311" MajorTopicYN="N">Double-Blind Method</DescriptorName></MeshHeading><MeshHeading><DescriptorName UI="D004435" MajorTopicYN="N">Eating</DescriptorName></MeshHeading><MeshHeading><DescriptorName UI="D005260" MajorTopicYN="N">Female</DescriptorName></MeshHeading><MeshHeading><DescriptorName UI="D006801" MajorTopicYN="N">Humans</DescriptorName></MeshHeading><MeshHeading><DescriptorName UI="D007004" MajorTopicYN="N">Hypoglycemic Agents</DescriptorName><QualifierName UI="Q000276" MajorTopicYN="N">immunology</QualifierName><QualifierName UI="Q000627" MajorTopicYN="Y">therapeutic use</QualifierName></MeshHeading><MeshHeading><DescriptorName UI="D007328" MajorTopicYN="N">Insulin</DescriptorName><QualifierName UI="Q000031" MajorTopicYN="Y">analogs &amp; derivatives</QualifierName><QualifierName UI="Q000276" MajorTopicYN="N">immunology</QualifierName><QualifierName UI="Q000627" MajorTopicYN="Y">therapeutic use</QualifierName></MeshHeading><MeshHeading><DescriptorName UI="D007330" MajorTopicYN="N">Insulin Antibodies</DescriptorName><QualifierName UI="Q000097" MajorTopicYN="N">blood</QualifierName></MeshHeading><MeshHeading><DescriptorName UI="D061268" MajorTopicYN="N">Insulin Lispro</DescriptorName></MeshHeading><MeshHeading><DescriptorName UI="D008297" MajorTopicYN="N">Male</DescriptorName></MeshHeading><MeshHeading><DescriptorName UI="D019518" MajorTopicYN="N">Postprandial Period</DescriptorName></MeshHeading><MeshHeading><DescriptorName UI="D013997" MajorTopicYN="N">Time Factors</DescriptorName></MeshHeading></MeshHeadingList></MedlineCitation><PubmedData><History><PubMedPubDate PubStatus="pubmed"><Year>1999</Year><Month>5</Month><Day>26</Day></PubMedPubDate><PubMedPubDate PubStatus="medline"><Year>1999</Year><Month>5</Month><Day>26</Day><Hour>0</Hour><Minute>1</Minute></PubMedPubDate><PubMedPubDate PubStatus="entrez"><Year>1999</Year><Month>5</Month><Day>26</Day><Hour>0</Hour><Minute>0</Minute></PubMedPubDate></History><PublicationStatus>ppublish</PublicationStatus><ArticleIdList><ArticleId IdType="pubmed">10342337</ArticleId><ArticleId IdType="doi">10.1046/j.1464-5491.1999.00066.x</ArticleId></ArticleIdList></PubmedData></PubmedArticle></PubmedArticleSet>