<?xml version="1.0" ?>
<!DOCTYPE PubmedArticleSet PUBLIC "-//NLM//DTD PubMedArticle, 1st January 2019//EN" "https://dtd.nlm.nih.gov/ncbi/pubmed/out/pubmed_190101.dtd">
<PubmedArticleSet><PubmedArticle><MedlineCitation Status="MEDLINE" Owner="NLM"><PMID Version="1">10342812</PMID><DateCompleted><Year>1999</Year><Month>06</Month><Day>08</Day></DateCompleted><DateRevised><Year>2019</Year><Month>05</Month><Day>15</Day></DateRevised><Article PubModel="Print"><Journal><ISSN IssnType="Print">0012-1797</ISSN><JournalIssue CitedMedium="Print"><Volume>48</Volume><Issue>6</Issue><PubDate><Year>1999</Year><Month>Jun</Month></PubDate></JournalIssue><Title>Diabetes</Title><ISOAbbreviation>Diabetes</ISOAbbreviation></Journal><ArticleTitle>Modifications of citric acid cycle activity and gluconeogenesis in streptozotocin-induced diabetes and effects of metformin.</ArticleTitle><Pagination><MedlinePgn>1251-7</MedlinePgn></Pagination><Abstract><AbstractText>To better define the modifications of liver gluconeogenesis and citric acid cycle, or Krebs' cycle, activity induced by insulin deficiency and the effects of metformin on these abnormalities, we infused livers isolated from postabsorptive or starved normal and streptozotocin-induced diabetic rats with pyruvate and lactate (labeled with [3-13C]lactate) with or without the simultaneous infusion of metformin. Lactate and pyruvate uptake and glucose production were calculated. The 13C-labeling pattern of liver glutamate was used to calculate, according to Magnusson's model, the relative fluxes through Krebs' cycle and gluconeogenesis. These relative fluxes were converted into absolute values using substrate balances. In normal rats, starvation increased gluconeogenesis, the flux through pyruvate carboxylase-phosphoenolpyruvate carboxykinase (PC-PEPCK), and the ratio of PC to pyruvate dehydrogenase (PDH) flux (P &lt; 0.05); metformin induced only a moderate decrease in the PC:PDH ratio. Livers from postabsorptive diabetic rats had increased lactate and pyruvate uptakes (P &lt; 0.05); their metabolic fluxes resembled those of starved control livers, with increased gluconeogenesis and flux through PC-PEPCK. Starvation induced no further modifications in the diabetic group. Metformin decreased glucose output from the liver of starved diabetic rats (P &lt; 0.05). The flux through PC-PEPCK and also pyruvate kinase were decreased (P &lt; 0.05) by metformin in both groups of diabetic rats. In conclusion, insulin deficiency increased in this model of diabetes gluconeogenesis through enhanced uptake of substrate and increased flux through PC-PEPCK; metformin decreased glucose production by reducing the flux through PC-PEPCK.</AbstractText></Abstract><AuthorList CompleteYN="Y"><Author ValidYN="Y"><LastName>Large</LastName><ForeName>V</ForeName><Initials>V</Initials><AffiliationInfo><Affiliation>Institut National de la Sante et de la Recherche Medical, U 499, Faculté Laënnec, Lyon, France.</Affiliation></AffiliationInfo></Author><Author ValidYN="Y"><LastName>Beylot</LastName><ForeName>M</ForeName><Initials>M</Initials></Author></AuthorList><Language>eng</Language><PublicationTypeList><PublicationType UI="D016428">Journal Article</PublicationType><PublicationType UI="D013485">Research Support, Non-U.S. Gov't</PublicationType></PublicationTypeList></Article><MedlineJournalInfo><Country>United States</Country><MedlineTA>Diabetes</MedlineTA><NlmUniqueID>0372763</NlmUniqueID><ISSNLinking>0012-1797</ISSNLinking></MedlineJournalInfo><ChemicalList><Chemical><RegistryNumber>0</RegistryNumber><NameOfSubstance UI="D007004">Hypoglycemic Agents</NameOfSubstance></Chemical><Chemical><RegistryNumber>33X04XA5AT</RegistryNumber><NameOfSubstance UI="D019344">Lactic Acid</NameOfSubstance></Chemical><Chemical><RegistryNumber>3KX376GY7L</RegistryNumber><NameOfSubstance UI="D018698">Glutamic Acid</NameOfSubstance></Chemical><Chemical><RegistryNumber>5W494URQ81</RegistryNumber><NameOfSubstance UI="D013311">Streptozocin</NameOfSubstance></Chemical><Chemical><RegistryNumber>8558G7RUTR</RegistryNumber><NameOfSubstance UI="D019289">Pyruvic Acid</NameOfSubstance></Chemical><Chemical><RegistryNumber>9100L32L2N</RegistryNumber><NameOfSubstance UI="D008687">Metformin</NameOfSubstance></Chemical><Chemical><RegistryNumber>IY9XDZ35W2</RegistryNumber><NameOfSubstance UI="D005947">Glucose</NameOfSubstance></Chemical></ChemicalList><CitationSubset>IM</CitationSubset><MeshHeadingList><MeshHeading><DescriptorName UI="D000818" MajorTopicYN="N">Animals</DescriptorName></MeshHeading><MeshHeading><DescriptorName UI="D002952" MajorTopicYN="Y">Citric Acid Cycle</DescriptorName></MeshHeading><MeshHeading><DescriptorName UI="D003921" MajorTopicYN="N">Diabetes Mellitus, Experimental</DescriptorName><QualifierName UI="Q000503" MajorTopicYN="Y">physiopathology</QualifierName></MeshHeading><MeshHeading><DescriptorName UI="D005943" MajorTopicYN="Y">Gluconeogenesis</DescriptorName></MeshHeading><MeshHeading><DescriptorName UI="D005947" MajorTopicYN="N">Glucose</DescriptorName><QualifierName UI="Q000378" MajorTopicYN="N">metabolism</QualifierName></MeshHeading><MeshHeading><DescriptorName UI="D018698" MajorTopicYN="N">Glutamic Acid</DescriptorName><QualifierName UI="Q000378" MajorTopicYN="N">metabolism</QualifierName></MeshHeading><MeshHeading><DescriptorName UI="D007004" MajorTopicYN="N">Hypoglycemic Agents</DescriptorName><QualifierName UI="Q000494" MajorTopicYN="Y">pharmacology</QualifierName></MeshHeading><MeshHeading><DescriptorName UI="D066298" MajorTopicYN="N">In Vitro Techniques</DescriptorName></MeshHeading><MeshHeading><DescriptorName UI="D019344" MajorTopicYN="N">Lactic Acid</DescriptorName><QualifierName UI="Q000378" MajorTopicYN="N">metabolism</QualifierName></MeshHeading><MeshHeading><DescriptorName UI="D008099" MajorTopicYN="N">Liver</DescriptorName><QualifierName UI="Q000187" MajorTopicYN="N">drug effects</QualifierName><QualifierName UI="Q000378" MajorTopicYN="N">metabolism</QualifierName></MeshHeading><MeshHeading><DescriptorName UI="D008297" MajorTopicYN="N">Male</DescriptorName></MeshHeading><MeshHeading><DescriptorName UI="D008687" MajorTopicYN="N">Metformin</DescriptorName><QualifierName UI="Q000494" MajorTopicYN="Y">pharmacology</QualifierName></MeshHeading><MeshHeading><DescriptorName UI="D019289" MajorTopicYN="N">Pyruvic Acid</DescriptorName><QualifierName UI="Q000378" MajorTopicYN="N">metabolism</QualifierName></MeshHeading><MeshHeading><DescriptorName UI="D051381" MajorTopicYN="N">Rats</DescriptorName></MeshHeading><MeshHeading><DescriptorName UI="D017207" MajorTopicYN="N">Rats, Sprague-Dawley</DescriptorName></MeshHeading><MeshHeading><DescriptorName UI="D013217" MajorTopicYN="N">Starvation</DescriptorName></MeshHeading><MeshHeading><DescriptorName UI="D013311" MajorTopicYN="N">Streptozocin</DescriptorName></MeshHeading></MeshHeadingList></MedlineCitation><PubmedData><History><PubMedPubDate PubStatus="pubmed"><Year>1999</Year><Month>5</Month><Day>26</Day></PubMedPubDate><PubMedPubDate PubStatus="medline"><Year>1999</Year><Month>5</Month><Day>26</Day><Hour>0</Hour><Minute>1</Minute></PubMedPubDate><PubMedPubDate PubStatus="entrez"><Year>1999</Year><Month>5</Month><Day>26</Day><Hour>0</Hour><Minute>0</Minute></PubMedPubDate></History><PublicationStatus>ppublish</PublicationStatus><ArticleIdList><ArticleId IdType="pubmed">10342812</ArticleId><ArticleId IdType="doi">10.2337/diabetes.48.6.1251</ArticleId></ArticleIdList></PubmedData></PubmedArticle></PubmedArticleSet>