<?xml version="1.0" ?>
<!DOCTYPE PubmedArticleSet PUBLIC "-//NLM//DTD PubMedArticle, 1st January 2019//EN" "https://dtd.nlm.nih.gov/ncbi/pubmed/out/pubmed_190101.dtd">
<PubmedArticleSet><PubmedArticle><MedlineCitation Status="MEDLINE" Owner="NLM"><PMID Version="1">10344174</PMID><DateCompleted><Year>1999</Year><Month>06</Month><Day>10</Day></DateCompleted><DateRevised><Year>2018</Year><Month>11</Month><Day>13</Day></DateRevised><Article PubModel="Print"><Journal><ISSN IssnType="Print">0093-0415</ISSN><JournalIssue CitedMedium="Print"><Volume>170</Volume><Issue>4</Issue><PubDate><Year>1999</Year><Month>Apr</Month></PubDate></JournalIssue><Title>The Western journal of medicine</Title><ISOAbbreviation>West J Med</ISOAbbreviation></Journal><ArticleTitle>Type 2 diabetes mellitus in Navajo adolescents.</ArticleTitle><Pagination><MedlinePgn>210-3</MedlinePgn></Pagination><Abstract><AbstractText>Diabetes mellitus afflicts over one-fifth of the Navajo population aged over 20 years, but the prevalence of diabetes in Navajo adolescents is unclear. We conducted voluntary testing for diabetes mellitus at two high schools on the Navajo reservation to clarify the prevalence as well as to assess the utility of a high-school based screening program. Body mass index measurements (BMI), oral glucose tolerance tests, and hemoglobin A1C measurements were obtained in consenting high school students. Of the 276 students that participated, 234 were Navajo. Only one Navajo student (0.4%) had diabetes mellitus, although eight (3%) had impaired glucose tolerance or impaired fasting glucose. Participant BMI did not differ significantly from nonparticipant BMI. No correlation existed between BMI or impaired glucose handling, and significant overlap existed between the hemoglobin A1C values of students with impaired glucose handling and students without impaired glucose handling. Increased participation in screening programs may reveal higher disease prevalence, but high school-based screening is not justified by this study, despite the high rates of diabetes mellitus in the Navajo population.</AbstractText></Abstract><AuthorList CompleteYN="Y"><Author ValidYN="Y"><LastName>Kim</LastName><ForeName>C</ForeName><Initials>C</Initials><AffiliationInfo><Affiliation>United States Public Health Service, Crownpoint Healthcare Facility, New Mexico. cathykim@worldnet.att.net</Affiliation></AffiliationInfo></Author><Author ValidYN="Y"><LastName>McHugh</LastName><ForeName>C</ForeName><Initials>C</Initials></Author><Author ValidYN="Y"><LastName>Kwok</LastName><ForeName>Y</ForeName><Initials>Y</Initials></Author><Author ValidYN="Y"><LastName>Smith</LastName><ForeName>A</ForeName><Initials>A</Initials></Author></AuthorList><Language>eng</Language><PublicationTypeList><PublicationType UI="D016428">Journal Article</PublicationType></PublicationTypeList></Article><MedlineJournalInfo><Country>United States</Country><MedlineTA>West J Med</MedlineTA><NlmUniqueID>0410504</NlmUniqueID><ISSNLinking>0093-0415</ISSNLinking></MedlineJournalInfo><CitationSubset>IM</CitationSubset><MeshHeadingList><MeshHeading><DescriptorName UI="D000293" MajorTopicYN="N">Adolescent</DescriptorName></MeshHeading><MeshHeading><DescriptorName UI="D000328" MajorTopicYN="N">Adult</DescriptorName></MeshHeading><MeshHeading><DescriptorName UI="D003924" MajorTopicYN="N">Diabetes Mellitus, Type 2</DescriptorName><QualifierName UI="Q000208" MajorTopicYN="Y">ethnology</QualifierName></MeshHeading><MeshHeading><DescriptorName UI="D005260" MajorTopicYN="N">Female</DescriptorName></MeshHeading><MeshHeading><DescriptorName UI="D005951" MajorTopicYN="N">Glucose Tolerance Test</DescriptorName></MeshHeading><MeshHeading><DescriptorName UI="D006801" MajorTopicYN="N">Humans</DescriptorName></MeshHeading><MeshHeading><DescriptorName UI="D007198" MajorTopicYN="Y">Indians, North American</DescriptorName></MeshHeading><MeshHeading><DescriptorName UI="D008297" MajorTopicYN="N">Male</DescriptorName></MeshHeading><MeshHeading><DescriptorName UI="D009516" MajorTopicYN="N" Type="Geographic">New Mexico</DescriptorName><QualifierName UI="Q000453" MajorTopicYN="N">epidemiology</QualifierName></MeshHeading><MeshHeading><DescriptorName UI="D015995" MajorTopicYN="N">Prevalence</DescriptorName></MeshHeading></MeshHeadingList></MedlineCitation><PubmedData><History><PubMedPubDate PubStatus="pubmed"><Year>1999</Year><Month>5</Month><Day>27</Day></PubMedPubDate><PubMedPubDate PubStatus="medline"><Year>1999</Year><Month>5</Month><Day>27</Day><Hour>0</Hour><Minute>1</Minute></PubMedPubDate><PubMedPubDate PubStatus="entrez"><Year>1999</Year><Month>5</Month><Day>27</Day><Hour>0</Hour><Minute>0</Minute></PubMedPubDate></History><PublicationStatus>ppublish</PublicationStatus><ArticleIdList><ArticleId IdType="pubmed">10344174</ArticleId><ArticleId IdType="pmc">PMC1305550</ArticleId></ArticleIdList><ReferenceList><Reference><Citation>Diabetes. 1978 Apr;27(4):377-83</Citation><ArticleIdList><ArticleId IdType="pubmed">640241</ArticleId></ArticleIdList></Reference><Reference><Citation>Diabetes. 1980 Jan;29(1):41-9</Citation><ArticleIdList><ArticleId IdType="pubmed">7380107</ArticleId></ArticleIdList></Reference><Reference><Citation>Diabetologia. 1982 Feb;22(2):73-8</Citation><ArticleIdList><ArticleId IdType="pubmed">7060852</ArticleId></ArticleIdList></Reference><Reference><Citation>Ann Intern Med. 1997 Nov 1;127(9):788-95</Citation><ArticleIdList><ArticleId IdType="pubmed">9382399</ArticleId></ArticleIdList></Reference><Reference><Citation>Diabetes. 1988 Jan;37(1):60-4</Citation><ArticleIdList><ArticleId IdType="pubmed">3335278</ArticleId></ArticleIdList></Reference><Reference><Citation>Diabet Med. 1984 Nov;1(4):279-83</Citation><ArticleIdList><ArticleId IdType="pubmed">6242817</ArticleId></ArticleIdList></Reference><Reference><Citation>Diabetes Care. 1990 Aug;13(8):898-900</Citation><ArticleIdList><ArticleId IdType="pubmed">2209329</ArticleId></ArticleIdList></Reference><Reference><Citation>Diabetes Care. 1994 May;17(5):436-9</Citation><ArticleIdList><ArticleId IdType="pubmed">7741837</ArticleId></ArticleIdList></Reference><Reference><Citation>J Nutr. 1997 Oct;127(10 Suppl):2106S-2113S</Citation><ArticleIdList><ArticleId IdType="pubmed">9339177</ArticleId></ArticleIdList></Reference><Reference><Citation>J Nutr. 1997 Oct;127(10 Suppl):2120S-2127S</Citation><ArticleIdList><ArticleId IdType="pubmed">9339179</ArticleId></ArticleIdList></Reference><Reference><Citation>N Engl J Med. 1988 Dec 8;319(23):1500-6</Citation><ArticleIdList><ArticleId IdType="pubmed">3054559</ArticleId></ArticleIdList></Reference></ReferenceList></PubmedData></PubmedArticle></PubmedArticleSet>