<?xml version="1.0" ?>
<!DOCTYPE PubmedArticleSet PUBLIC "-//NLM//DTD PubMedArticle, 1st January 2019//EN" "https://dtd.nlm.nih.gov/ncbi/pubmed/out/pubmed_190101.dtd">
<PubmedArticleSet><PubmedArticle><MedlineCitation Status="MEDLINE" Owner="NLM"><PMID Version="1">10352120</PMID><DateCompleted><Year>1999</Year><Month>06</Month><Day>08</Day></DateCompleted><DateRevised><Year>2020</Year><Month>09</Month><Day>30</Day></DateRevised><Article PubModel="Print"><Journal><ISSN IssnType="Print">0037-9727</ISSN><JournalIssue CitedMedium="Print"><Volume>221</Volume><Issue>2</Issue><PubDate><Year>1999</Year><Month>Jun</Month></PubDate></JournalIssue><Title>Proceedings of the Society for Experimental Biology and Medicine. Society for Experimental Biology and Medicine (New York, N.Y.)</Title><ISOAbbreviation>Proc Soc Exp Biol Med</ISOAbbreviation></Journal><ArticleTitle>Induction of EGFR tyrosine kinase in the gastric mucosa of diabetic rats.</ArticleTitle><Pagination><MedlinePgn>105-10</MedlinePgn></Pagination><Abstract><AbstractText>Diabetes mellitus is associated with spontaneous gastric mucosal injury and enhanced susceptibility of the mucosa to damaging agents. Little information is available about the biochemical changes that occur in the gastric mucosa of diabetes mellitus. Evidence is accumulating that tyrosine kinases, particularly the EGF-receptor (EGFR), are involved in regulating a variety of structural and functional properties of the gastric mucosa. The primary objectives of this investigation were to determine whether diabetes induces morphological changes in the gastric mucosa, and if so, whether these changes are associated with alterations in EGFR tyrosine kinase. Diabetes-induced changes in gastric mucosal morphology were also examined. Diabetes was induced in 3- to 4-month-old male Fischer-344 rats by streptozotocin (STZ; 45 mg/kg; i.v.). Four weeks after induction of diabetes mellitus, the gastric mucosa of overnight-fasted rats was found to be slightly atrophic. A reduction in gastric mucosal thickness with deposition of fibrous tissue above the muscularis layer was observed in the stomach of overnight-fasted diabetic rats. These changes were associated with a marked stimulation in tyrosine kinase activity and protein expression of EGFR. The relative concentrations of several precursor forms of TGF-alpha in both membrane and cytosolic fractions from the gastric mucosa of overnight-fasted diabetic rats were also found to be significantly above the corresponding controls. This suggests that endogenous TGF-alpha may play a critical role in regulating mucosal EGFR tyrosine kinase through a juxtacrine/paracrine mechanism.</AbstractText></Abstract><AuthorList CompleteYN="Y"><Author ValidYN="Y"><LastName>Khan</LastName><ForeName>A J</ForeName><Initials>AJ</Initials><AffiliationInfo><Affiliation>Department of Internal Medicine, Detroit, Michigan 48201, USA.</Affiliation></AffiliationInfo></Author><Author ValidYN="Y"><LastName>Fligiel</LastName><ForeName>S E</ForeName><Initials>SE</Initials></Author><Author ValidYN="Y"><LastName>Liu</LastName><ForeName>L</ForeName><Initials>L</Initials></Author><Author ValidYN="Y"><LastName>Jaszewski</LastName><ForeName>R</ForeName><Initials>R</Initials></Author><Author ValidYN="Y"><LastName>Chandok</LastName><ForeName>A</ForeName><Initials>A</Initials></Author><Author ValidYN="Y"><LastName>Majumdar</LastName><ForeName>A P</ForeName><Initials>AP</Initials></Author></AuthorList><Language>eng</Language><GrantList CompleteYN="Y"><Grant><GrantID>AG 14343</GrantID><Acronym>AG</Acronym><Agency>NIA NIH HHS</Agency><Country>United States</Country></Grant></GrantList><PublicationTypeList><PublicationType UI="D016428">Journal Article</PublicationType><PublicationType UI="D013486">Research Support, U.S. Gov't, Non-P.H.S.</PublicationType><PublicationType UI="D013487">Research Support, U.S. Gov't, P.H.S.</PublicationType></PublicationTypeList></Article><MedlineJournalInfo><Country>United States</Country><MedlineTA>Proc Soc Exp Biol Med</MedlineTA><NlmUniqueID>7505892</NlmUniqueID><ISSNLinking>0037-9727</ISSNLinking></MedlineJournalInfo><ChemicalList><Chemical><RegistryNumber>0</RegistryNumber><NameOfSubstance UI="D016211">Transforming Growth Factor alpha</NameOfSubstance></Chemical><Chemical><RegistryNumber>EC 2.7.10.1</RegistryNumber><NameOfSubstance UI="D066246">ErbB Receptors</NameOfSubstance></Chemical><Chemical><RegistryNumber>EC 2.7.10.1</RegistryNumber><NameOfSubstance UI="D011505">Protein-Tyrosine Kinases</NameOfSubstance></Chemical></ChemicalList><CitationSubset>IM</CitationSubset><MeshHeadingList><MeshHeading><DescriptorName UI="D000818" MajorTopicYN="N">Animals</DescriptorName></MeshHeading><MeshHeading><DescriptorName UI="D015153" MajorTopicYN="N">Blotting, Western</DescriptorName></MeshHeading><MeshHeading><DescriptorName UI="D003921" MajorTopicYN="N">Diabetes Mellitus, Experimental</DescriptorName><QualifierName UI="Q000201" MajorTopicYN="Y">enzymology</QualifierName><QualifierName UI="Q000473" MajorTopicYN="N">pathology</QualifierName></MeshHeading><MeshHeading><DescriptorName UI="D066246" MajorTopicYN="N">ErbB Receptors</DescriptorName><QualifierName UI="Q000096" MajorTopicYN="Y">biosynthesis</QualifierName></MeshHeading><MeshHeading><DescriptorName UI="D005753" MajorTopicYN="N">Gastric Mucosa</DescriptorName><QualifierName UI="Q000201" MajorTopicYN="Y">enzymology</QualifierName><QualifierName UI="Q000473" MajorTopicYN="N">pathology</QualifierName></MeshHeading><MeshHeading><DescriptorName UI="D007150" MajorTopicYN="N">Immunohistochemistry</DescriptorName></MeshHeading><MeshHeading><DescriptorName UI="D008297" MajorTopicYN="N">Male</DescriptorName></MeshHeading><MeshHeading><DescriptorName UI="D011505" MajorTopicYN="N">Protein-Tyrosine Kinases</DescriptorName><QualifierName UI="Q000378" MajorTopicYN="Y">metabolism</QualifierName></MeshHeading><MeshHeading><DescriptorName UI="D051381" MajorTopicYN="N">Rats</DescriptorName></MeshHeading><MeshHeading><DescriptorName UI="D011916" MajorTopicYN="N">Rats, Inbred F344</DescriptorName></MeshHeading><MeshHeading><DescriptorName UI="D016211" MajorTopicYN="N">Transforming Growth Factor alpha</DescriptorName><QualifierName UI="Q000378" MajorTopicYN="N">metabolism</QualifierName></MeshHeading></MeshHeadingList></MedlineCitation><PubmedData><History><PubMedPubDate PubStatus="pubmed"><Year>1999</Year><Month>6</Month><Day>3</Day></PubMedPubDate><PubMedPubDate PubStatus="medline"><Year>1999</Year><Month>6</Month><Day>3</Day><Hour>0</Hour><Minute>1</Minute></PubMedPubDate><PubMedPubDate PubStatus="entrez"><Year>1999</Year><Month>6</Month><Day>3</Day><Hour>0</Hour><Minute>0</Minute></PubMedPubDate></History><PublicationStatus>ppublish</PublicationStatus><ArticleIdList><ArticleId IdType="pubmed">10352120</ArticleId><ArticleId IdType="doi">10.1046/j.1525-1373.1999.d01-62.x</ArticleId></ArticleIdList></PubmedData></PubmedArticle></PubmedArticleSet>