<?xml version="1.0" ?>
<!DOCTYPE PubmedArticleSet PUBLIC "-//NLM//DTD PubMedArticle, 1st January 2019//EN" "https://dtd.nlm.nih.gov/ncbi/pubmed/out/pubmed_190101.dtd">
<PubmedArticleSet><PubmedArticle><MedlineCitation Status="MEDLINE" Owner="NLM"><PMID Version="1">10354364</PMID><DateCompleted><Year>1999</Year><Month>07</Month><Day>06</Day></DateCompleted><DateRevised><Year>2022</Year><Month>04</Month><Day>10</Day></DateRevised><Article PubModel="Print"><Journal><ISSN IssnType="Print">1081-650X</ISSN><JournalIssue CitedMedium="Print"><Volume>111</Volume><Issue>3</Issue><PubDate><MedlineDate>1999 May-Jun</MedlineDate></PubDate></JournalIssue><Title>Proceedings of the Association of American Physicians</Title><ISOAbbreviation>Proc Assoc Am Physicians</ISOAbbreviation></Journal><ArticleTitle>Free fatty acids, insulin resistance, and type 2 diabetes mellitus.</ArticleTitle><Pagination><MedlinePgn>241-8</MedlinePgn></Pagination><Abstract><AbstractText>Evidence is presented that shows that free fatty acids (FFA) are one important link between obesity, insulin resistance, and type 2 diabetes. Plasma FFA levels are elevated in most obese subjects, and physiological elevations of plasma FFA inhibit insulin-stimulated glucose uptake into muscle. This peripheral insulin resistance is caused by an FFA-induced defect, which develops 3-4 hr after raising plasma FFA, in insulin-stimulated glucose transport or phosphorylation, or both. This resistance is also caused by a second defect, which develops after 4-6 hr, consisting of inhibition of glycogen synthase activity. Whether elevated plasma FFA levels inhibit insulin action on endogenous glucose production (EGP), that is, cause central insulin resistance, is more difficult to demonstrate. On the one hand, FFA increase gluconeogenesis, which enhances EGP; on the other hand, FFA increase insulin secretion, which decreases EGP. Basal plasma FFA support approximately one third of basal insulin secretion in diabetic and nondiabetic subjects and, hence, are responsible for some of the hyperinsulinemia in obese, normoglycemic patients. In addition, elevated plasma FFA levels potentiate glucose-stimulated insulin secretion acutely and during prolonged exposure (48 hr). It is hypothesized that obese subjects who are genetically predisposed to develop type 2 diabetes will become partially "lipid blind," that is, unable to compensate for their FFA-induced insulin resistance with FFA-induced insulin oversecretion. The resulting insulin resistance/secretion deficit will then have to be compensated for with glucose-induced insulin secretion, which, because of their partial "glucose blindness," will result in hyperglycemia and eventually in type 2 diabetes.</AbstractText></Abstract><AuthorList CompleteYN="Y"><Author ValidYN="Y"><LastName>Boden</LastName><ForeName>G</ForeName><Initials>G</Initials><AffiliationInfo><Affiliation>Division of Endocrinology/Diabetes/Metabolism and the General Clinical Research Center, Temple University Hospital, Philadelphia, PA 19140, USA.</Affiliation></AffiliationInfo></Author></AuthorList><Language>eng</Language><GrantList CompleteYN="Y"><Grant><GrantID>2 M01-RR-349</GrantID><Acronym>RR</Acronym><Agency>NCRR NIH HHS</Agency><Country>United States</Country></Grant><Grant><GrantID>R01-AA-10221</GrantID><Acronym>AA</Acronym><Agency>NIAAA NIH HHS</Agency><Country>United States</Country></Grant><Grant><GrantID>R01-AR-07988</GrantID><Acronym>AR</Acronym><Agency>NIAMS NIH HHS</Agency><Country>United States</Country></Grant></GrantList><PublicationTypeList><PublicationType UI="D016428">Journal Article</PublicationType><PublicationType UI="D013487">Research Support, U.S. Gov't, P.H.S.</PublicationType><PublicationType UI="D016454">Review</PublicationType></PublicationTypeList></Article><MedlineJournalInfo><Country>United States</Country><MedlineTA>Proc Assoc Am Physicians</MedlineTA><NlmUniqueID>9514310</NlmUniqueID><ISSNLinking>1081-650X</ISSNLinking></MedlineJournalInfo><ChemicalList><Chemical><RegistryNumber>0</RegistryNumber><NameOfSubstance UI="D005230">Fatty Acids, Nonesterified</NameOfSubstance></Chemical><Chemical><RegistryNumber>0</RegistryNumber><NameOfSubstance UI="D007328">Insulin</NameOfSubstance></Chemical><Chemical><RegistryNumber>IY9XDZ35W2</RegistryNumber><NameOfSubstance UI="D005947">Glucose</NameOfSubstance></Chemical></ChemicalList><CitationSubset>IM</CitationSubset><MeshHeadingList><MeshHeading><DescriptorName UI="D003924" MajorTopicYN="N">Diabetes Mellitus, Type 2</DescriptorName><QualifierName UI="Q000503" MajorTopicYN="Y">physiopathology</QualifierName></MeshHeading><MeshHeading><DescriptorName UI="D005230" MajorTopicYN="N">Fatty Acids, Nonesterified</DescriptorName><QualifierName UI="Q000097" MajorTopicYN="Y">blood</QualifierName></MeshHeading><MeshHeading><DescriptorName UI="D005947" MajorTopicYN="N">Glucose</DescriptorName><QualifierName UI="Q000378" MajorTopicYN="N">metabolism</QualifierName></MeshHeading><MeshHeading><DescriptorName UI="D006801" MajorTopicYN="N">Humans</DescriptorName></MeshHeading><MeshHeading><DescriptorName UI="D007328" MajorTopicYN="N">Insulin</DescriptorName><QualifierName UI="Q000378" MajorTopicYN="N">metabolism</QualifierName></MeshHeading><MeshHeading><DescriptorName UI="D007333" MajorTopicYN="N">Insulin Resistance</DescriptorName><QualifierName UI="Q000502" MajorTopicYN="Y">physiology</QualifierName></MeshHeading><MeshHeading><DescriptorName UI="D000078790" MajorTopicYN="N">Insulin Secretion</DescriptorName></MeshHeading><MeshHeading><DescriptorName UI="D008099" MajorTopicYN="N">Liver</DescriptorName><QualifierName UI="Q000378" MajorTopicYN="N">metabolism</QualifierName></MeshHeading><MeshHeading><DescriptorName UI="D018482" MajorTopicYN="N">Muscle, Skeletal</DescriptorName><QualifierName UI="Q000378" MajorTopicYN="N">metabolism</QualifierName></MeshHeading></MeshHeadingList><NumberOfReferences>71</NumberOfReferences></MedlineCitation><PubmedData><History><PubMedPubDate PubStatus="pubmed"><Year>1999</Year><Month>6</Month><Day>3</Day></PubMedPubDate><PubMedPubDate PubStatus="medline"><Year>1999</Year><Month>6</Month><Day>3</Day><Hour>0</Hour><Minute>1</Minute></PubMedPubDate><PubMedPubDate PubStatus="entrez"><Year>1999</Year><Month>6</Month><Day>3</Day><Hour>0</Hour><Minute>0</Minute></PubMedPubDate></History><PublicationStatus>ppublish</PublicationStatus><ArticleIdList><ArticleId IdType="pubmed">10354364</ArticleId><ArticleId IdType="pii">paa99220</ArticleId><ArticleId IdType="doi">10.1046/j.1525-1381.1999.99220.x</ArticleId></ArticleIdList></PubmedData></PubmedArticle></PubmedArticleSet>