<?xml version="1.0" ?>
<!DOCTYPE PubmedArticleSet PUBLIC "-//NLM//DTD PubMedArticle, 1st January 2019//EN" "https://dtd.nlm.nih.gov/ncbi/pubmed/out/pubmed_190101.dtd">
<PubmedArticleSet><PubmedArticle><MedlineCitation Status="MEDLINE" Owner="NLM"><PMID Version="1">10353591</PMID><DateCompleted><Year>1999</Year><Month>06</Month><Day>10</Day></DateCompleted><DateRevised><Year>2019</Year><Month>07</Month><Day>01</Day></DateRevised><Article PubModel="Print"><Journal><ISSN IssnType="Print">0024-3205</ISSN><JournalIssue CitedMedium="Print"><Volume>64</Volume><Issue>21</Issue><PubDate><Year>1999</Year></PubDate></JournalIssue><Title>Life sciences</Title><ISOAbbreviation>Life Sci</ISOAbbreviation></Journal><ArticleTitle>Subcellular distribution of protein kinase C isoforms in gastric antrum smooth muscle of STZ-induced diabetic rats.</ArticleTitle><Pagination><MedlinePgn>1933-40</MedlinePgn></Pagination><Abstract><AbstractText>Contractile responses to carbachol (CCh), protein kinase C (PKC) activity and distribution of PKC isoforms in subcellular fractions isolated from gastric antrum smooth muscle of control and streptozotocin (STZ)-induced diabetic rats were examined. CCh induced concentration-dependent contraction in antrum smooth muscle from controls and diabetics, and this contraction was significantly greater in diabetics than in controls. In diabetics, the PKC activity in the nucleus fraction was significantly decreased by about 63% in the resting condition and that in the cytosol fraction was significantly increased by about 135% after the treatment with 10 microM CCh for 10 min compared to controls. Immunoblot analysis showed that 8 PKC isoforms (-alpha, -beta, -gamma, -delta, -epsilon, -zeta, -iota, -lambda) were expressed in rat antrum smooth muscle. The PKC-beta isoform was significantly decreased by about 47% in the nucleus fraction in the resting condition in diabetics compared to controls. The nucleus, cytosol and membrane fractions of this isoform were decreased in controls after the treatment with 10 microM CCh for 10 min whereas these fractions were unchanged in diabetics. The PKC-epsilon significantly increased by about 219% in the cytosol fraction of diabetics in the resting condition, but the distribution of this isoform was unchanged in controls and diabetics after the treatment with 10 microM CCh for 10 min. Results suggest that the diversity of PKC isoform-specific distribution and translocation may be related to abnormal contractility and intracellular signal transduction through the PKC pathway in diabetics.</AbstractText></Abstract><AuthorList CompleteYN="Y"><Author ValidYN="Y"><LastName>Maruyama</LastName><ForeName>Y</ForeName><Initials>Y</Initials><AffiliationInfo><Affiliation>Department of Pharmacology, School of Pharmaceutical Sciences, Showa University, Tokyo, Japan.</Affiliation></AffiliationInfo></Author><Author ValidYN="Y"><LastName>Sakai</LastName><ForeName>Y</ForeName><Initials>Y</Initials></Author><Author ValidYN="Y"><LastName>Nobe</LastName><ForeName>K</ForeName><Initials>K</Initials></Author><Author ValidYN="Y"><LastName>Momose</LastName><ForeName>K</ForeName><Initials>K</Initials></Author></AuthorList><Language>eng</Language><PublicationTypeList><PublicationType UI="D016428">Journal Article</PublicationType></PublicationTypeList></Article><MedlineJournalInfo><Country>Netherlands</Country><MedlineTA>Life Sci</MedlineTA><NlmUniqueID>0375521</NlmUniqueID><ISSNLinking>0024-3205</ISSNLinking></MedlineJournalInfo><ChemicalList><Chemical><RegistryNumber>0</RegistryNumber><NameOfSubstance UI="D007527">Isoenzymes</NameOfSubstance></Chemical><Chemical><RegistryNumber>5W494URQ81</RegistryNumber><NameOfSubstance UI="D013311">Streptozocin</NameOfSubstance></Chemical><Chemical><RegistryNumber>8Y164V895Y</RegistryNumber><NameOfSubstance UI="D002217">Carbachol</NameOfSubstance></Chemical><Chemical><RegistryNumber>EC 2.7.11.13</RegistryNumber><NameOfSubstance UI="D011493">Protein Kinase C</NameOfSubstance></Chemical></ChemicalList><CitationSubset>IM</CitationSubset><MeshHeadingList><MeshHeading><DescriptorName UI="D000818" MajorTopicYN="N">Animals</DescriptorName></MeshHeading><MeshHeading><DescriptorName UI="D002217" MajorTopicYN="N">Carbachol</DescriptorName><QualifierName UI="Q000494" MajorTopicYN="N">pharmacology</QualifierName></MeshHeading><MeshHeading><DescriptorName UI="D003921" MajorTopicYN="N">Diabetes Mellitus, Experimental</DescriptorName><QualifierName UI="Q000201" MajorTopicYN="Y">enzymology</QualifierName></MeshHeading><MeshHeading><DescriptorName UI="D007527" MajorTopicYN="N">Isoenzymes</DescriptorName><QualifierName UI="Q000378" MajorTopicYN="Y">metabolism</QualifierName></MeshHeading><MeshHeading><DescriptorName UI="D008297" MajorTopicYN="N">Male</DescriptorName></MeshHeading><MeshHeading><DescriptorName UI="D009130" MajorTopicYN="N">Muscle, Smooth</DescriptorName><QualifierName UI="Q000201" MajorTopicYN="Y">enzymology</QualifierName><QualifierName UI="Q000648" MajorTopicYN="N">ultrastructure</QualifierName></MeshHeading><MeshHeading><DescriptorName UI="D011493" MajorTopicYN="N">Protein Kinase C</DescriptorName><QualifierName UI="Q000378" MajorTopicYN="Y">metabolism</QualifierName></MeshHeading><MeshHeading><DescriptorName UI="D011706" MajorTopicYN="N">Pyloric Antrum</DescriptorName><QualifierName UI="Q000201" MajorTopicYN="Y">enzymology</QualifierName><QualifierName UI="Q000648" MajorTopicYN="N">ultrastructure</QualifierName></MeshHeading><MeshHeading><DescriptorName UI="D051381" MajorTopicYN="N">Rats</DescriptorName></MeshHeading><MeshHeading><DescriptorName UI="D017208" MajorTopicYN="N">Rats, Wistar</DescriptorName></MeshHeading><MeshHeading><DescriptorName UI="D013311" MajorTopicYN="N">Streptozocin</DescriptorName></MeshHeading></MeshHeadingList></MedlineCitation><PubmedData><History><PubMedPubDate PubStatus="pubmed"><Year>1999</Year><Month>6</Month><Day>3</Day></PubMedPubDate><PubMedPubDate PubStatus="medline"><Year>1999</Year><Month>6</Month><Day>3</Day><Hour>0</Hour><Minute>1</Minute></PubMedPubDate><PubMedPubDate PubStatus="entrez"><Year>1999</Year><Month>6</Month><Day>3</Day><Hour>0</Hour><Minute>0</Minute></PubMedPubDate></History><PublicationStatus>ppublish</PublicationStatus><ArticleIdList><ArticleId IdType="pubmed">10353591</ArticleId><ArticleId IdType="pii">S0024320599001381</ArticleId><ArticleId IdType="doi">10.1016/s0024-3205(99)00138-1</ArticleId></ArticleIdList></PubmedData></PubmedArticle></PubmedArticleSet>