<?xml version="1.0" ?>
<!DOCTYPE PubmedArticleSet PUBLIC "-//NLM//DTD PubMedArticle, 1st January 2019//EN" "https://dtd.nlm.nih.gov/ncbi/pubmed/out/pubmed_190101.dtd">
<PubmedArticleSet><PubmedArticle><MedlineCitation Status="MEDLINE" Owner="NLM"><PMID Version="1">10359576</PMID><DateCompleted><Year>1999</Year><Month>07</Month><Day>08</Day></DateCompleted><DateRevised><Year>2019</Year><Month>05</Month><Day>08</Day></DateRevised><Article PubModel="Print"><Journal><ISSN IssnType="Print">0022-1007</ISSN><JournalIssue CitedMedium="Print"><Volume>189</Volume><Issue>11</Issue><PubDate><Year>1999</Year><Month>Jun</Month><Day>07</Day></PubDate></JournalIssue><Title>The Journal of experimental medicine</Title><ISOAbbreviation>J Exp Med</ISOAbbreviation></Journal><ArticleTitle>pH-dependent peptide binding properties of the type I diabetes-associated I-Ag7 molecule: rapid release of CLIP at an endosomal pH.</ArticleTitle><Pagination><MedlinePgn>1723-34</MedlinePgn></Pagination><Abstract><AbstractText>MHC class II molecules and invariant chain assemble at a neutral pH in the endoplasmic reticulum and are transported to a low pH compartment where the invariant chain is trimmed to the class II-associated invariant chain peptide (CLIP). For many major histocompatibility complex class II molecules, DM is required for rapid removal of CLIP, which allows binding of antigenic peptides. Since I-Ag7 confers susceptibility to type I diabetes in NOD mice, the biochemical requirements for peptide loading were examined using soluble I-Ag7 expressed in insect cells. I-Ag7 formed long-lived complexes with naturally processed peptides from transferrin and albumin, whereas several peptides that represent T cell epitopes of islet autoantigens were poor binders. I-Ag7-peptide complexes were not sodium dodecyl sulfate (SDS) resistant, indicating that SDS sensitivity may be an intrinsic property of I-Ag7. Complexes of I-Ag7 and CLIP formed at a neutral pH, but rapidly dissociated at pH 5. This rapid dissociation was due to a poor fit of M98 of CLIP in the P9 pocket of I-Ag7, since substitution of M98 by a negatively charged residue greatly enhanced the stability of the complex. These biochemical properties of I-Ag7 result in the rapid generation of empty molecules at an endosomal pH and have a global effect on peptide binding by I-Ag7.</AbstractText></Abstract><AuthorList CompleteYN="Y"><Author ValidYN="Y"><LastName>Hausmann</LastName><ForeName>D H</ForeName><Initials>DH</Initials><AffiliationInfo><Affiliation>Department of Cancer Immunology and AIDS, Dana-Farber Cancer Institute, Boston, Massachusetts 02115, USA.</Affiliation></AffiliationInfo></Author><Author ValidYN="Y"><LastName>Yu</LastName><ForeName>B</ForeName><Initials>B</Initials></Author><Author ValidYN="Y"><LastName>Hausmann</LastName><ForeName>S</ForeName><Initials>S</Initials></Author><Author ValidYN="Y"><LastName>Wucherpfennig</LastName><ForeName>K W</ForeName><Initials>KW</Initials></Author></AuthorList><Language>eng</Language><GrantList CompleteYN="Y"><Grant><GrantID>AI39619</GrantID><Acronym>AI</Acronym><Agency>NIAID NIH HHS</Agency><Country>United States</Country></Grant></GrantList><PublicationTypeList><PublicationType UI="D016428">Journal Article</PublicationType><PublicationType UI="D013485">Research Support, Non-U.S. Gov't</PublicationType><PublicationType UI="D013487">Research Support, U.S. Gov't, P.H.S.</PublicationType></PublicationTypeList></Article><MedlineJournalInfo><Country>United States</Country><MedlineTA>J Exp Med</MedlineTA><NlmUniqueID>2985109R</NlmUniqueID><ISSNLinking>0022-1007</ISSNLinking></MedlineJournalInfo><ChemicalList><Chemical><RegistryNumber>0</RegistryNumber><NameOfSubstance UI="D000944">Antigens, Differentiation, B-Lymphocyte</NameOfSubstance></Chemical><Chemical><RegistryNumber>0</RegistryNumber><NameOfSubstance UI="D017931">DNA Primers</NameOfSubstance></Chemical><Chemical><RegistryNumber>0</RegistryNumber><NameOfSubstance UI="D000949">Histocompatibility Antigens Class II</NameOfSubstance></Chemical><Chemical><RegistryNumber>0</RegistryNumber><NameOfSubstance UI="D046911">Macromolecular Substances</NameOfSubstance></Chemical><Chemical><RegistryNumber>0</RegistryNumber><NameOfSubstance UI="D010455">Peptides</NameOfSubstance></Chemical><Chemical><RegistryNumber>0</RegistryNumber><NameOfSubstance UI="D011994">Recombinant Proteins</NameOfSubstance></Chemical><Chemical><RegistryNumber>0</RegistryNumber><NameOfSubstance UI="C045084">invariant chain</NameOfSubstance></Chemical></ChemicalList><CitationSubset>IM</CitationSubset><MeshHeadingList><MeshHeading><DescriptorName UI="D000595" MajorTopicYN="N">Amino Acid Sequence</DescriptorName></MeshHeading><MeshHeading><DescriptorName UI="D000818" MajorTopicYN="N">Animals</DescriptorName></MeshHeading><MeshHeading><DescriptorName UI="D000944" MajorTopicYN="N">Antigens, Differentiation, B-Lymphocyte</DescriptorName><QualifierName UI="Q000378" MajorTopicYN="Y">metabolism</QualifierName></MeshHeading><MeshHeading><DescriptorName UI="D001483" MajorTopicYN="N">Base Sequence</DescriptorName></MeshHeading><MeshHeading><DescriptorName UI="D002460" MajorTopicYN="N">Cell Line</DescriptorName></MeshHeading><MeshHeading><DescriptorName UI="D017931" MajorTopicYN="N">DNA Primers</DescriptorName><QualifierName UI="Q000235" MajorTopicYN="N">genetics</QualifierName></MeshHeading><MeshHeading><DescriptorName UI="D003922" MajorTopicYN="N">Diabetes Mellitus, Type 1</DescriptorName><QualifierName UI="Q000235" MajorTopicYN="N">genetics</QualifierName><QualifierName UI="Q000276" MajorTopicYN="Y">immunology</QualifierName><QualifierName UI="Q000378" MajorTopicYN="N">metabolism</QualifierName></MeshHeading><MeshHeading><DescriptorName UI="D004331" MajorTopicYN="N">Drosophila melanogaster</DescriptorName></MeshHeading><MeshHeading><DescriptorName UI="D011992" MajorTopicYN="N">Endosomes</DescriptorName><QualifierName UI="Q000276" MajorTopicYN="N">immunology</QualifierName><QualifierName UI="Q000378" MajorTopicYN="N">metabolism</QualifierName></MeshHeading><MeshHeading><DescriptorName UI="D000949" MajorTopicYN="N">Histocompatibility Antigens Class II</DescriptorName><QualifierName UI="Q000235" MajorTopicYN="N">genetics</QualifierName><QualifierName UI="Q000378" MajorTopicYN="Y">metabolism</QualifierName></MeshHeading><MeshHeading><DescriptorName UI="D006863" MajorTopicYN="N">Hydrogen-Ion Concentration</DescriptorName></MeshHeading><MeshHeading><DescriptorName UI="D046911" MajorTopicYN="N">Macromolecular Substances</DescriptorName></MeshHeading><MeshHeading><DescriptorName UI="D051379" MajorTopicYN="N">Mice</DescriptorName></MeshHeading><MeshHeading><DescriptorName UI="D008969" MajorTopicYN="N">Molecular Sequence Data</DescriptorName></MeshHeading><MeshHeading><DescriptorName UI="D010455" MajorTopicYN="N">Peptides</DescriptorName><QualifierName UI="Q000737" MajorTopicYN="N">chemistry</QualifierName><QualifierName UI="Q000378" MajorTopicYN="N">metabolism</QualifierName></MeshHeading><MeshHeading><DescriptorName UI="D011485" MajorTopicYN="N">Protein Binding</DescriptorName></MeshHeading><MeshHeading><DescriptorName UI="D011994" MajorTopicYN="N">Recombinant Proteins</DescriptorName><QualifierName UI="Q000235" MajorTopicYN="N">genetics</QualifierName><QualifierName UI="Q000378" MajorTopicYN="N">metabolism</QualifierName></MeshHeading><MeshHeading><DescriptorName UI="D014162" MajorTopicYN="N">Transfection</DescriptorName></MeshHeading></MeshHeadingList></MedlineCitation><PubmedData><History><PubMedPubDate PubStatus="pubmed"><Year>1999</Year><Month>6</Month><Day>8</Day></PubMedPubDate><PubMedPubDate PubStatus="medline"><Year>1999</Year><Month>6</Month><Day>8</Day><Hour>0</Hour><Minute>1</Minute></PubMedPubDate><PubMedPubDate PubStatus="entrez"><Year>1999</Year><Month>6</Month><Day>8</Day><Hour>0</Hour><Minute>0</Minute></PubMedPubDate></History><PublicationStatus>ppublish</PublicationStatus><ArticleIdList><ArticleId IdType="pubmed">10359576</ArticleId><ArticleId IdType="pmc">PMC2193072</ArticleId><ArticleId IdType="doi">10.1084/jem.189.11.1723</ArticleId></ArticleIdList><ReferenceList><Reference><Citation>J Exp Med. 1997 Oct 6;186(7):973-5</Citation><ArticleIdList><ArticleId IdType="pubmed">9379141</ArticleId></ArticleIdList></Reference><Reference><Citation>Immunity. 1997 Mar;6(3):293-302</Citation><ArticleIdList><ArticleId IdType="pubmed">9075930</ArticleId></ArticleIdList></Reference><Reference><Citation>Immunity. 1998 Mar;8(3):319-29</Citation><ArticleIdList><ArticleId IdType="pubmed">9529149</ArticleId></ArticleIdList></Reference><Reference><Citation>J Immunol. 1998 Sep 15;161(6):2961-7</Citation><ArticleIdList><ArticleId IdType="pubmed">9743359</ArticleId></ArticleIdList></Reference><Reference><Citation>Curr Top Microbiol Immunol. 1978;81:115-20</Citation><ArticleIdList><ArticleId IdType="pubmed">567555</ArticleId></ArticleIdList></Reference><Reference><Citation>Proc Natl Acad Sci U S A. 1987 Apr;84(8):2435-9</Citation><ArticleIdList><ArticleId IdType="pubmed">2882518</ArticleId></ArticleIdList></Reference><Reference><Citation>Nucleic Acids Res. 1988 Feb 11;16(3):1043-61</Citation><ArticleIdList><ArticleId IdType="pubmed">3125519</ArticleId></ArticleIdList></Reference><Reference><Citation>Science. 1988 May 20;240(4855):1003-9</Citation><ArticleIdList><ArticleId IdType="pubmed">3368786</ArticleId></ArticleIdList></Reference><Reference><Citation>J Immunol. 1988 Jul 1;141(1):45-8</Citation><ArticleIdList><ArticleId IdType="pubmed">2837512</ArticleId></ArticleIdList></Reference><Reference><Citation>Nature. 1990 Jun 21;345(6277):727-9</Citation><ArticleIdList><ArticleId IdType="pubmed">2163026</ArticleId></ArticleIdList></Reference><Reference><Citation>Nature. 1991 Jun 13;351(6327):542-7</Citation><ArticleIdList><ArticleId IdType="pubmed">1675432</ArticleId></ArticleIdList></Reference><Reference><Citation>Annu Rev Immunol. 1991;9:493-525</Citation><ArticleIdList><ArticleId IdType="pubmed">1910687</ArticleId></ArticleIdList></Reference><Reference><Citation>Cell. 1992 Feb 7;68(3):465-77</Citation><ArticleIdList><ArticleId IdType="pubmed">1371238</ArticleId></ArticleIdList></Reference><Reference><Citation>Science. 1992 Jun 26;256(5065):1817-20</Citation><ArticleIdList><ArticleId IdType="pubmed">1319610</ArticleId></ArticleIdList></Reference><Reference><Citation>Nature. 1992 Dec 3;360(6403):474-7</Citation><ArticleIdList><ArticleId IdType="pubmed">1448172</ArticleId></ArticleIdList></Reference><Reference><Citation>J Exp Med. 1993 Jul 1;178(1):27-47</Citation><ArticleIdList><ArticleId IdType="pubmed">8315383</ArticleId></ArticleIdList></Reference><Reference><Citation>Nature. 1993 Jul 1;364(6432):33-9</Citation><ArticleIdList><ArticleId IdType="pubmed">8316295</ArticleId></ArticleIdList></Reference><Reference><Citation>Nature. 1993 Nov 4;366(6450):69-72</Citation><ArticleIdList><ArticleId IdType="pubmed">7694152</ArticleId></ArticleIdList></Reference><Reference><Citation>Int Immunol. 1993 Sep;5(9):1151-8</Citation><ArticleIdList><ArticleId IdType="pubmed">7694643</ArticleId></ArticleIdList></Reference><Reference><Citation>J Immunol. 1994 Mar 1;152(5):2279-88</Citation><ArticleIdList><ArticleId IdType="pubmed">8133041</ArticleId></ArticleIdList></Reference><Reference><Citation>Nature. 1994 Mar 17;368(6468):215-21</Citation><ArticleIdList><ArticleId IdType="pubmed">8145819</ArticleId></ArticleIdList></Reference><Reference><Citation>Nature. 1994 Sep 8;371(6493):130-6</Citation><ArticleIdList><ArticleId IdType="pubmed">8072542</ArticleId></ArticleIdList></Reference><Reference><Citation>J Exp Med. 1995 Feb 1;181(2):527-36</Citation><ArticleIdList><ArticleId IdType="pubmed">7836909</ArticleId></ArticleIdList></Reference><Reference><Citation>Immunity. 1994 Dec;1(9):763-74</Citation><ArticleIdList><ArticleId IdType="pubmed">7895165</ArticleId></ArticleIdList></Reference><Reference><Citation>Curr Opin Immunol. 1994 Dec;6(6):900-6</Citation><ArticleIdList><ArticleId IdType="pubmed">7710714</ArticleId></ArticleIdList></Reference><Reference><Citation>J Immunol. 1995 May 15;154(10):5567-75</Citation><ArticleIdList><ArticleId IdType="pubmed">7730655</ArticleId></ArticleIdList></Reference><Reference><Citation>Eur J Immunol. 1995 Apr;25(4):1056-62</Citation><ArticleIdList><ArticleId IdType="pubmed">7537670</ArticleId></ArticleIdList></Reference><Reference><Citation>Nature. 1995 Jun 29;375(6534):802-6</Citation><ArticleIdList><ArticleId IdType="pubmed">7596415</ArticleId></ArticleIdList></Reference><Reference><Citation>Annu Rev Immunol. 1995;13:179-200</Citation><ArticleIdList><ArticleId IdType="pubmed">7612220</ArticleId></ArticleIdList></Reference><Reference><Citation>Eur J Immunol. 1995 Oct;25(10):2851-7</Citation><ArticleIdList><ArticleId IdType="pubmed">7589082</ArticleId></ArticleIdList></Reference><Reference><Citation>Nature. 1995 Nov 30;378(6556):457-62</Citation><ArticleIdList><ArticleId IdType="pubmed">7477400</ArticleId></ArticleIdList></Reference><Reference><Citation>J Immunol. 1996 Jan 15;156(2):450-8</Citation><ArticleIdList><ArticleId IdType="pubmed">8543793</ArticleId></ArticleIdList></Reference><Reference><Citation>J Exp Med. 1996 Mar 1;183(3):1253-8</Citation><ArticleIdList><ArticleId IdType="pubmed">8642268</ArticleId></ArticleIdList></Reference><Reference><Citation>J Exp Med. 1996 May 1;183(5):2087-95</Citation><ArticleIdList><ArticleId IdType="pubmed">8642319</ArticleId></ArticleIdList></Reference><Reference><Citation>Immunol Today. 1996 Jul;17(7):323-9</Citation><ArticleIdList><ArticleId IdType="pubmed">8763818</ArticleId></ArticleIdList></Reference><Reference><Citation>J Biol Chem. 1996 Aug 16;271(33):20156-62</Citation><ArticleIdList><ArticleId IdType="pubmed">8702739</ArticleId></ArticleIdList></Reference><Reference><Citation>Curr Opin Immunol. 1996 Feb;8(1):51-8</Citation><ArticleIdList><ArticleId IdType="pubmed">8729446</ArticleId></ArticleIdList></Reference><Reference><Citation>Science. 1996 Oct 25;274(5287):618-20</Citation><ArticleIdList><ArticleId IdType="pubmed">8849454</ArticleId></ArticleIdList></Reference><Reference><Citation>J Exp Med. 1996 Dec 1;184(6):2153-65</Citation><ArticleIdList><ArticleId IdType="pubmed">8976171</ArticleId></ArticleIdList></Reference><Reference><Citation>Int Immunol. 1997 Feb;9(2):317-25</Citation><ArticleIdList><ArticleId IdType="pubmed">9040013</ArticleId></ArticleIdList></Reference><Reference><Citation>Int Immunol. 1997 Jan;9(1):43-51</Citation><ArticleIdList><ArticleId IdType="pubmed">9043946</ArticleId></ArticleIdList></Reference><Reference><Citation>J Exp Med. 1997 Mar 17;185(6):1013-21</Citation><ArticleIdList><ArticleId IdType="pubmed">9091575</ArticleId></ArticleIdList></Reference><Reference><Citation>Immunity. 1998 Mar;8(3):305-17</Citation><ArticleIdList><ArticleId IdType="pubmed">9529148</ArticleId></ArticleIdList></Reference></ReferenceList></PubmedData></PubmedArticle></PubmedArticleSet>