<?xml version="1.0" ?>
<!DOCTYPE PubmedArticleSet PUBLIC "-//NLM//DTD PubMedArticle, 1st January 2019//EN" "https://dtd.nlm.nih.gov/ncbi/pubmed/out/pubmed_190101.dtd">
<PubmedArticleSet><PubmedArticle><MedlineCitation Status="MEDLINE" Owner="NLM"><PMID Version="1">10369425</PMID><DateCompleted><Year>1999</Year><Month>08</Month><Day>10</Day></DateCompleted><DateRevised><Year>2019</Year><Month>09</Month><Day>10</Day></DateRevised><Article PubModel="Print"><Journal><ISSN IssnType="Print">0168-8227</ISSN><JournalIssue CitedMedium="Print"><Volume>43</Volume><Issue>3</Issue><PubDate><Year>1999</Year><Month>Mar</Month></PubDate></JournalIssue><Title>Diabetes research and clinical practice</Title><ISOAbbreviation>Diabetes Res Clin Pract</ISOAbbreviation></Journal><ArticleTitle>Familial aggregation of diabetic kidney disease in Type 2 diabetes in south India.</ArticleTitle><Pagination><MedlinePgn>167-71</MedlinePgn></Pagination><Abstract><AbstractText>The study was done to assess whether there was a familial aggregation of diabetic kidney disease (DKD) in Type 2 diabetic subjects. The profile of associated complications was also studied. Two groups of diabetic siblings of Type 2 diabetic patients, matched for age, body mass index (BMI) and duration of diabetes mellitus were studied. The siblings also had Type 2 diabetes. Group A comprised of siblings of probands with diabetic nephropathy and retinopathy (n = 30, M:F = 20:10) and Group B were siblings of probands without diabetic nephropathy or microalbuminuria (MAU) (n = 30, M:F = 14:16). Anthropometry, measurement of blood pressure and tests for proteinuria, MAU and retinopathy and ECG and biothesiometry were carried out for all study subjects. Persistent proteinuria was present in 15 (50%) siblings in group A and none in group B. MAU was detected in 26.7% (n = 7) in Group A and 3.3% (n = 1) in Group B (P = 0.057). Thus a total of 22 out of 30 cases in Group A had albuminuria. In Group A, seven (23.3%) had proteinuria and hypertension. Hypertension was present in nine (30.0%) in group A, and in five (16.7%) in group B (NS). Occurrence of retinopathy was found to be significantly higher in group A than in group B (33.3 vs 6.7%, chi2 = 5.1, P = 0.023). Abnormal ECG changes were present in 10% and 6.7% in Group A and Group B, respectively. In Group A, one patient had peripheral vascular disease (PVD) while in Group B none had PVD. A comparison of sib pairs, matched for age, duration of diabetes and the level of metabolic control showed that there was strong familial clustering of diabetic kidney disease in south Indians with Type 2 diabetes. This was independent of the familial clustering of diabetes. Prevalence of other vascular complications were also higher in Group A.</AbstractText></Abstract><AuthorList CompleteYN="Y"><Author ValidYN="Y"><LastName>Vijay</LastName><ForeName>V</ForeName><Initials>V</Initials><AffiliationInfo><Affiliation>Diabetes Research Centre, Royapuram, Madras, India. dr_vijay@vsnl.com</Affiliation></AffiliationInfo></Author><Author ValidYN="Y"><LastName>Snehalatha</LastName><ForeName>C</ForeName><Initials>C</Initials></Author><Author ValidYN="Y"><LastName>Shina</LastName><ForeName>K</ForeName><Initials>K</Initials></Author><Author ValidYN="Y"><LastName>Lalitha</LastName><ForeName>S</ForeName><Initials>S</Initials></Author><Author ValidYN="Y"><LastName>Ramachandran</LastName><ForeName>A</ForeName><Initials>A</Initials></Author></AuthorList><Language>eng</Language><PublicationTypeList><PublicationType UI="D016428">Journal Article</PublicationType></PublicationTypeList></Article><MedlineJournalInfo><Country>Ireland</Country><MedlineTA>Diabetes Res Clin Pract</MedlineTA><NlmUniqueID>8508335</NlmUniqueID><ISSNLinking>0168-8227</ISSNLinking></MedlineJournalInfo><ChemicalList><Chemical><RegistryNumber>0</RegistryNumber><NameOfSubstance UI="D006442">Glycated Hemoglobin A</NameOfSubstance></Chemical><Chemical><RegistryNumber>AYI8EX34EU</RegistryNumber><NameOfSubstance UI="D003404">Creatinine</NameOfSubstance></Chemical></ChemicalList><CitationSubset>IM</CitationSubset><MeshHeadingList><MeshHeading><DescriptorName UI="D000419" MajorTopicYN="N">Albuminuria</DescriptorName></MeshHeading><MeshHeading><DescriptorName UI="D001794" MajorTopicYN="N">Blood Pressure</DescriptorName></MeshHeading><MeshHeading><DescriptorName UI="D015992" MajorTopicYN="N">Body Mass Index</DescriptorName></MeshHeading><MeshHeading><DescriptorName UI="D003404" MajorTopicYN="N">Creatinine</DescriptorName><QualifierName UI="Q000097" MajorTopicYN="N">blood</QualifierName></MeshHeading><MeshHeading><DescriptorName UI="D003924" MajorTopicYN="N">Diabetes Mellitus, Type 2</DescriptorName><QualifierName UI="Q000150" MajorTopicYN="Y">complications</QualifierName><QualifierName UI="Q000235" MajorTopicYN="N">genetics</QualifierName></MeshHeading><MeshHeading><DescriptorName UI="D003928" MajorTopicYN="N">Diabetic Nephropathies</DescriptorName><QualifierName UI="Q000453" MajorTopicYN="N">epidemiology</QualifierName><QualifierName UI="Q000235" MajorTopicYN="Y">genetics</QualifierName></MeshHeading><MeshHeading><DescriptorName UI="D003930" MajorTopicYN="N">Diabetic Retinopathy</DescriptorName><QualifierName UI="Q000150" MajorTopicYN="N">complications</QualifierName></MeshHeading><MeshHeading><DescriptorName UI="D004569" MajorTopicYN="N">Electroencephalography</DescriptorName></MeshHeading><MeshHeading><DescriptorName UI="D005190" MajorTopicYN="Y">Family</DescriptorName></MeshHeading><MeshHeading><DescriptorName UI="D005260" MajorTopicYN="N">Female</DescriptorName></MeshHeading><MeshHeading><DescriptorName UI="D006442" MajorTopicYN="N">Glycated Hemoglobin A</DescriptorName><QualifierName UI="Q000032" MajorTopicYN="N">analysis</QualifierName></MeshHeading><MeshHeading><DescriptorName UI="D006801" MajorTopicYN="N">Humans</DescriptorName></MeshHeading><MeshHeading><DescriptorName UI="D007194" MajorTopicYN="N">India</DescriptorName></MeshHeading><MeshHeading><DescriptorName UI="D008297" MajorTopicYN="N">Male</DescriptorName></MeshHeading><MeshHeading><DescriptorName UI="D008875" MajorTopicYN="N">Middle Aged</DescriptorName></MeshHeading><MeshHeading><DescriptorName UI="D016491" MajorTopicYN="N">Peripheral Vascular Diseases</DescriptorName><QualifierName UI="Q000150" MajorTopicYN="N">complications</QualifierName></MeshHeading><MeshHeading><DescriptorName UI="D015995" MajorTopicYN="N">Prevalence</DescriptorName></MeshHeading><MeshHeading><DescriptorName UI="D011507" MajorTopicYN="N">Proteinuria</DescriptorName></MeshHeading><MeshHeading><DescriptorName UI="D012801" MajorTopicYN="N">Sibling Relations</DescriptorName></MeshHeading></MeshHeadingList></MedlineCitation><PubmedData><History><PubMedPubDate PubStatus="pubmed"><Year>1999</Year><Month>6</Month><Day>16</Day></PubMedPubDate><PubMedPubDate PubStatus="medline"><Year>1999</Year><Month>6</Month><Day>16</Day><Hour>0</Hour><Minute>1</Minute></PubMedPubDate><PubMedPubDate PubStatus="entrez"><Year>1999</Year><Month>6</Month><Day>16</Day><Hour>0</Hour><Minute>0</Minute></PubMedPubDate></History><PublicationStatus>ppublish</PublicationStatus><ArticleIdList><ArticleId IdType="pubmed">10369425</ArticleId><ArticleId IdType="pii">S0168822799000078</ArticleId><ArticleId IdType="doi">10.1016/s0168-8227(99)00007-8</ArticleId></ArticleIdList></PubmedData></PubmedArticle></PubmedArticleSet>