<?xml version="1.0" ?>
<!DOCTYPE PubmedArticleSet PUBLIC "-//NLM//DTD PubMedArticle, 1st January 2019//EN" "https://dtd.nlm.nih.gov/ncbi/pubmed/out/pubmed_190101.dtd">
<PubmedArticleSet><PubmedArticle><MedlineCitation Status="MEDLINE" Owner="NLM"><PMID Version="1">10360969</PMID><DateCompleted><Year>1999</Year><Month>08</Month><Day>12</Day></DateCompleted><DateRevised><Year>2019</Year><Month>05</Month><Day>13</Day></DateRevised><Article PubModel="Print"><Journal><ISSN IssnType="Print">0953-8178</ISSN><JournalIssue CitedMedium="Print"><Volume>11</Volume><Issue>6</Issue><PubDate><Year>1999</Year><Month>Jun</Month></PubDate></JournalIssue><Title>International immunology</Title><ISOAbbreviation>Int Immunol</ISOAbbreviation></Journal><ArticleTitle>A shared TCR CDR3 sequence in NOD mouse autoimmune diabetes.</ArticleTitle><Pagination><MedlinePgn>951-6</MedlinePgn></Pagination><Abstract><AbstractText>T cells involved in autoimmune diseases have been characterized by the genetic elements used to construct their autoimmune TCR. In the present study, we sequenced the alpha and beta chains of the TCR expressed by a CD4(+) T cell clone, C9, functional in NOD mouse diabetes. Clone C9 can adoptively transfer diabetes or, when attenuated, C9 can be used to vaccinate NOD mice against diabetes. Clone C9 recognizes a peptide epitope (p277) of the 60 kDa heat shock protein (hsp60) molecule. We now report that the C9 TCR beta chain features a CDR3 peptide sequence that is prevalent among NOD mice. This CDR3 element is detectable by 2 weeks of age in the thymus, and later in the spleen and in the autoimmune insulitis. Thus, a TCR CDR3beta sequence appears to be a common idiotope associated with mouse diabetes.</AbstractText></Abstract><AuthorList CompleteYN="Y"><Author ValidYN="Y"><LastName>Tikochinski</LastName><ForeName>Y</ForeName><Initials>Y</Initials><AffiliationInfo><Affiliation>The Department of Genetics, The Hebrew University of Jerusalem, Jerusalem 91904, Israel.</Affiliation></AffiliationInfo></Author><Author ValidYN="Y"><LastName>Elias</LastName><ForeName>D</ForeName><Initials>D</Initials></Author><Author ValidYN="Y"><LastName>Steeg</LastName><ForeName>C</ForeName><Initials>C</Initials></Author><Author ValidYN="Y"><LastName>Marcus</LastName><ForeName>H</ForeName><Initials>H</Initials></Author><Author ValidYN="Y"><LastName>Kantorowitz</LastName><ForeName>M</ForeName><Initials>M</Initials></Author><Author ValidYN="Y"><LastName>Reshef</LastName><ForeName>T</ForeName><Initials>T</Initials></Author><Author ValidYN="Y"><LastName>Ablamunits</LastName><ForeName>V</ForeName><Initials>V</Initials></Author><Author ValidYN="Y"><LastName>Cohen</LastName><ForeName>I R</ForeName><Initials>IR</Initials></Author><Author ValidYN="Y"><LastName>Friedmann</LastName><ForeName>A</ForeName><Initials>A</Initials></Author></AuthorList><Language>eng</Language><PublicationTypeList><PublicationType UI="D016428">Journal Article</PublicationType><PublicationType UI="D013485">Research Support, Non-U.S. Gov't</PublicationType></PublicationTypeList></Article><MedlineJournalInfo><Country>England</Country><MedlineTA>Int Immunol</MedlineTA><NlmUniqueID>8916182</NlmUniqueID><ISSNLinking>0953-8178</ISSNLinking></MedlineJournalInfo><ChemicalList><Chemical><RegistryNumber>0</RegistryNumber><NameOfSubstance UI="D016693">Receptors, Antigen, T-Cell, alpha-beta</NameOfSubstance></Chemical></ChemicalList><CitationSubset>IM</CitationSubset><MeshHeadingList><MeshHeading><DescriptorName UI="D000595" MajorTopicYN="N">Amino Acid Sequence</DescriptorName></MeshHeading><MeshHeading><DescriptorName UI="D000818" MajorTopicYN="N">Animals</DescriptorName></MeshHeading><MeshHeading><DescriptorName UI="D001327" MajorTopicYN="N">Autoimmune Diseases</DescriptorName><QualifierName UI="Q000235" MajorTopicYN="N">genetics</QualifierName><QualifierName UI="Q000276" MajorTopicYN="N">immunology</QualifierName><QualifierName UI="Q000378" MajorTopicYN="N">metabolism</QualifierName></MeshHeading><MeshHeading><DescriptorName UI="D002460" MajorTopicYN="N">Cell Line</DescriptorName></MeshHeading><MeshHeading><DescriptorName UI="D003922" MajorTopicYN="N">Diabetes Mellitus, Type 1</DescriptorName><QualifierName UI="Q000235" MajorTopicYN="Y">genetics</QualifierName><QualifierName UI="Q000276" MajorTopicYN="N">immunology</QualifierName><QualifierName UI="Q000378" MajorTopicYN="N">metabolism</QualifierName></MeshHeading><MeshHeading><DescriptorName UI="D005260" MajorTopicYN="N">Female</DescriptorName></MeshHeading><MeshHeading><DescriptorName UI="D015332" MajorTopicYN="N">Gene Rearrangement, alpha-Chain T-Cell Antigen Receptor</DescriptorName></MeshHeading><MeshHeading><DescriptorName UI="D015333" MajorTopicYN="N">Gene Rearrangement, beta-Chain T-Cell Antigen Receptor</DescriptorName></MeshHeading><MeshHeading><DescriptorName UI="D006801" MajorTopicYN="N">Humans</DescriptorName></MeshHeading><MeshHeading><DescriptorName UI="D008297" MajorTopicYN="N">Male</DescriptorName></MeshHeading><MeshHeading><DescriptorName UI="D051379" MajorTopicYN="N">Mice</DescriptorName></MeshHeading><MeshHeading><DescriptorName UI="D016688" MajorTopicYN="N">Mice, Inbred NOD</DescriptorName></MeshHeading><MeshHeading><DescriptorName UI="D008969" MajorTopicYN="N">Molecular Sequence Data</DescriptorName></MeshHeading><MeshHeading><DescriptorName UI="D009928" MajorTopicYN="N">Organ Specificity</DescriptorName><QualifierName UI="Q000235" MajorTopicYN="N">genetics</QualifierName><QualifierName UI="Q000276" MajorTopicYN="N">immunology</QualifierName></MeshHeading><MeshHeading><DescriptorName UI="D016693" MajorTopicYN="N">Receptors, Antigen, T-Cell, alpha-beta</DescriptorName><QualifierName UI="Q000096" MajorTopicYN="N">biosynthesis</QualifierName><QualifierName UI="Q000235" MajorTopicYN="Y">genetics</QualifierName></MeshHeading><MeshHeading><DescriptorName UI="D013154" MajorTopicYN="N">Spleen</DescriptorName><QualifierName UI="Q000737" MajorTopicYN="N">chemistry</QualifierName><QualifierName UI="Q000276" MajorTopicYN="N">immunology</QualifierName><QualifierName UI="Q000378" MajorTopicYN="N">metabolism</QualifierName></MeshHeading></MeshHeadingList></MedlineCitation><PubmedData><History><PubMedPubDate PubStatus="pubmed"><Year>1999</Year><Month>6</Month><Day>9</Day></PubMedPubDate><PubMedPubDate PubStatus="medline"><Year>1999</Year><Month>6</Month><Day>9</Day><Hour>0</Hour><Minute>1</Minute></PubMedPubDate><PubMedPubDate PubStatus="entrez"><Year>1999</Year><Month>6</Month><Day>9</Day><Hour>0</Hour><Minute>0</Minute></PubMedPubDate></History><PublicationStatus>ppublish</PublicationStatus><ArticleIdList><ArticleId IdType="pubmed">10360969</ArticleId><ArticleId IdType="doi">10.1093/intimm/11.6.951</ArticleId></ArticleIdList></PubmedData></PubmedArticle></PubmedArticleSet>