<?xml version="1.0" ?>
<!DOCTYPE PubmedArticleSet PUBLIC "-//NLM//DTD PubMedArticle, 1st January 2019//EN" "https://dtd.nlm.nih.gov/ncbi/pubmed/out/pubmed_190101.dtd">
<PubmedArticleSet><PubmedArticle><MedlineCitation Status="MEDLINE" Owner="NLM"><PMID Version="1">10368565</PMID><DateCompleted><Year>1999</Year><Month>09</Month><Day>30</Day></DateCompleted><DateRevised><Year>2009</Year><Month>11</Month><Day>19</Day></DateRevised><Article PubModel="Print"><Journal><ISSN IssnType="Print">0026-4946</ISSN><JournalIssue CitedMedium="Print"><Volume>51</Volume><Issue>3</Issue><PubDate><Year>1999</Year><Month>Mar</Month></PubDate></JournalIssue><Title>Minerva pediatrica</Title><ISOAbbreviation>Minerva Pediatr</ISOAbbreviation></Journal><ArticleTitle>[Nutritional status, obesity and metabolic control in children with type 1 diabetes mellitus].</ArticleTitle><Pagination><MedlinePgn>39-46</MedlinePgn></Pagination><Abstract><AbstractText Label="BACKGROUND AND AIMS" NlmCategory="OBJECTIVE">The aim of this study was to evaluate the nutritional status of children with type 1 diabetes and to search for possible influences of changes in body composition on aspects of diabetes.</AbstractText><AbstractText Label="METHODS" NlmCategory="METHODS">A group of 96 diabetic subjects (41 males and 55 females) were studied, aged between 3 and 19 years old. The following parameters were examined: weight, stature, 5 skin folds, 7 circumferences, bioelectric impedance, arterial pressure, cholesterolemia, triglyceridemia, insulin dose, HbA1c and duration of disease.</AbstractText><AbstractText Label="RESULTS" NlmCategory="RESULTS">Obesity and overweight were present in 34.5% of the sample, but obesity was only observed in females (25.5%). There was also a high percentage of underweight subjects (11.5% of the entire sample). The mean values of weight BMI, 5 skin folds, 4 circumferences, FM (calculated using fold measurement and BIA) and AFA were higher in females, whereas mean values of waist/hip ratio and waist/thigh ratio and FFM (in % of body weight) were higher in males. A close correlation was also found between the 4 weight classes (underweight, normal weight, overweight, obese) and the majority of marker parameters for adiposity (5 folds, 4 circumferences, BIA, FM calculated using BIA, fold measurement and AFA). Of the other parameters examined (mean duration of disease, HbA1c assay, daily insulin dose, total cholesterolemia, triglycerididemia, arterial pressure), only the daily insulin dose showed higher values in females in 3 weight classes (underweight, normal weight and obese). Following a comparison with the control population (2469 subjects), higher mean values were found in the latter compared to diabetic subjects, but only in relation to 3 skin folds (tricipital, subscapular and suprailiac) and one circumference (forearm).</AbstractText><AbstractText Label="CONCLUSIONS" NlmCategory="CONCLUSIONS">The study shows a high frequency of overweight and obesity in children with type 1 diabetes, comparable to that in the healthy population. The finding of a higher frequency of obesity in diabetic females might be explained by their advanced puberal status, given that almost all the obese diabetic females were aged between 10 and 19 years old. The study confirms the validity of a number of anthropometric measurements (BMI, folds, circumference) and BIA in the evaluation of nutritional status in terms of body composition.</AbstractText></Abstract><AuthorList CompleteYN="Y"><Author ValidYN="Y"><LastName>Ferrante</LastName><ForeName>E</ForeName><Initials>E</Initials><AffiliationInfo><Affiliation>Istituto di Clinica Pediatrica, Università degli Studi La Sapienza, Roma.</Affiliation></AffiliationInfo></Author><Author ValidYN="Y"><LastName>Pitzalis</LastName><ForeName>G</ForeName><Initials>G</Initials></Author><Author ValidYN="Y"><LastName>Vania</LastName><ForeName>A</ForeName><Initials>A</Initials></Author><Author ValidYN="Y"><LastName>De Angelis</LastName><ForeName>P</ForeName><Initials>P</Initials></Author><Author ValidYN="Y"><LastName>Guidi</LastName><ForeName>R</ForeName><Initials>R</Initials></Author><Author ValidYN="Y"><LastName>Fontana</LastName><ForeName>L</ForeName><Initials>L</Initials></Author><Author ValidYN="Y"><LastName>Ferrante</LastName><ForeName>L</ForeName><Initials>L</Initials></Author><Author ValidYN="Y"><LastName>Cervoni</LastName><ForeName>M</ForeName><Initials>M</Initials></Author><Author ValidYN="Y"><LastName>Multari</LastName><ForeName>G</ForeName><Initials>G</Initials></Author></AuthorList><Language>ita</Language><PublicationTypeList><PublicationType UI="D004740">English Abstract</PublicationType><PublicationType UI="D016428">Journal Article</PublicationType></PublicationTypeList><VernacularTitle>Stato nutrizionale, obesità ed equilibrio metabolico in soggetti in età evolutiva affetti da diabete mellito di tipo 1.</VernacularTitle></Article><MedlineJournalInfo><Country>Italy</Country><MedlineTA>Minerva Pediatr</MedlineTA><NlmUniqueID>0400740</NlmUniqueID><ISSNLinking>0026-4946</ISSNLinking></MedlineJournalInfo><CitationSubset>IM</CitationSubset><MeshHeadingList><MeshHeading><DescriptorName UI="D000293" MajorTopicYN="N">Adolescent</DescriptorName></MeshHeading><MeshHeading><DescriptorName UI="D000328" MajorTopicYN="N">Adult</DescriptorName></MeshHeading><MeshHeading><DescriptorName UI="D000886" MajorTopicYN="N">Anthropometry</DescriptorName></MeshHeading><MeshHeading><DescriptorName UI="D001835" MajorTopicYN="N">Body Weight</DescriptorName></MeshHeading><MeshHeading><DescriptorName UI="D002648" MajorTopicYN="N">Child</DescriptorName></MeshHeading><MeshHeading><DescriptorName UI="D002664" MajorTopicYN="Y">Child Nutritional Physiological Phenomena</DescriptorName></MeshHeading><MeshHeading><DescriptorName UI="D002675" MajorTopicYN="N">Child, Preschool</DescriptorName></MeshHeading><MeshHeading><DescriptorName UI="D003922" MajorTopicYN="N">Diabetes Mellitus, Type 1</DescriptorName><QualifierName UI="Q000378" MajorTopicYN="Y">metabolism</QualifierName></MeshHeading><MeshHeading><DescriptorName UI="D005260" MajorTopicYN="N">Female</DescriptorName></MeshHeading><MeshHeading><DescriptorName UI="D006801" MajorTopicYN="N">Humans</DescriptorName></MeshHeading><MeshHeading><DescriptorName UI="D008297" MajorTopicYN="N">Male</DescriptorName></MeshHeading><MeshHeading><DescriptorName UI="D009752" MajorTopicYN="Y">Nutritional Status</DescriptorName></MeshHeading><MeshHeading><DescriptorName UI="D009765" MajorTopicYN="N">Obesity</DescriptorName><QualifierName UI="Q000378" MajorTopicYN="Y">metabolism</QualifierName></MeshHeading><MeshHeading><DescriptorName UI="D012189" MajorTopicYN="N">Retrospective Studies</DescriptorName></MeshHeading></MeshHeadingList></MedlineCitation><PubmedData><History><PubMedPubDate PubStatus="pubmed"><Year>1999</Year><Month>6</Month><Day>16</Day></PubMedPubDate><PubMedPubDate PubStatus="medline"><Year>1999</Year><Month>6</Month><Day>16</Day><Hour>0</Hour><Minute>1</Minute></PubMedPubDate><PubMedPubDate PubStatus="entrez"><Year>1999</Year><Month>6</Month><Day>16</Day><Hour>0</Hour><Minute>0</Minute></PubMedPubDate></History><PublicationStatus>ppublish</PublicationStatus><ArticleIdList><ArticleId IdType="pubmed">10368565</ArticleId></ArticleIdList></PubmedData></PubmedArticle></PubmedArticleSet>