<?xml version="1.0" ?>
<!DOCTYPE PubmedArticleSet PUBLIC "-//NLM//DTD PubMedArticle, 1st January 2019//EN" "https://dtd.nlm.nih.gov/ncbi/pubmed/out/pubmed_190101.dtd">
<PubmedArticleSet><PubmedArticle><MedlineCitation Status="MEDLINE" Owner="NLM"><PMID Version="1">10361863</PMID><DateCompleted><Year>1999</Year><Month>08</Month><Day>03</Day></DateCompleted><DateRevised><Year>2021</Year><Month>05</Month><Day>18</Day></DateRevised><Article PubModel="Print"><Journal><ISSN IssnType="Print">1046-6673</ISSN><JournalIssue CitedMedium="Print"><Volume>10</Volume><Issue>6</Issue><PubDate><Year>1999</Year><Month>Jun</Month></PubDate></JournalIssue><Title>Journal of the American Society of Nephrology : JASN</Title><ISOAbbreviation>J Am Soc Nephrol</ISOAbbreviation></Journal><ArticleTitle>Expansion of cortical interstitium is limited by converting enzyme inhibition in type 2 diabetic patients with glomerulosclerosis. The Diabiopsies Group.</ArticleTitle><Pagination><MedlinePgn>1253-63</MedlinePgn></Pagination><Abstract><AbstractText>Renal interstitial expansion is now considered a useful marker of progression of several nephropathies. This study describes a multicenter, prospective, double-blind, placebo-controlled, randomized trial of the effects of Perindopril (4 mg/d) on kidney structure and function over 2 yr in 26 type 2 diabetic patients with proteinuria ranging from 70 to 4210 mg/d and relatively preserved GFR (creatinine clearance &gt;60 ml/min). All patients underwent baseline renal biopsy, but four (15%) were not randomized because of the presence of nondiabetic nephropathy. The remaining 22 were randomized ( 11 to Perindopril [PE], 11 to placebo [PO]), and 19 (9 PE, 10 PO) underwent follow-up biopsy at 2 yr. BP was controlled equally in both groups throughout. Proteinuria increased in PO patients (+1562 mg/d) but declined in PE patients (-156 mg/d) (P &lt; 0.05). Morphometric analysis was performed by light microscopy using a Biocom computer. Over the 2 yr, mean cortical interstitial fractional volume identical at baseline increased significantly in PO patients (31.7 +/- 5.3 versus 40.2 +/- 11.1%; P = 0.001) but was unchanged in PE patients (33.8 +/- 4.9 versus 34.7 +/- 6.6%; P = 0.50). It is concluded that: (1) nondiabetic nephropathy is present in approximately 15% of albuminuric type 2 diabetic patients; and (2) Perindopril prevents interstitial expansion in hypertensive patients with biopsy-proven diabetic glomerulopathy. These results support a role of angiotensin II in the progression of interstitial changes in type 2 diabetic patients with nephropathy.</AbstractText></Abstract><AuthorList CompleteYN="Y"><Author ValidYN="Y"><LastName>Cordonnier</LastName><ForeName>D J</ForeName><Initials>DJ</Initials><AffiliationInfo><Affiliation>Service de Néphrologie et d'Endocrinologie de Centre Hospitalier Universitaire de Grenoble, France. Daniel.Cordonnier@ujf-grenoble.fr</Affiliation></AffiliationInfo></Author><Author ValidYN="Y"><LastName>Pinel</LastName><ForeName>N</ForeName><Initials>N</Initials></Author><Author ValidYN="Y"><LastName>Barro</LastName><ForeName>C</ForeName><Initials>C</Initials></Author><Author ValidYN="Y"><LastName>Maynard</LastName><ForeName>M</ForeName><Initials>M</Initials></Author><Author ValidYN="Y"><LastName>Zaoui</LastName><ForeName>P</ForeName><Initials>P</Initials></Author><Author ValidYN="Y"><LastName>Halimi</LastName><ForeName>S</ForeName><Initials>S</Initials></Author><Author ValidYN="Y"><LastName>Hurault de Ligny</LastName><ForeName>B</ForeName><Initials>B</Initials></Author><Author ValidYN="Y"><LastName>Reznic</LastName><ForeName>Y</ForeName><Initials>Y</Initials></Author><Author ValidYN="Y"><LastName>Simon</LastName><ForeName>D</ForeName><Initials>D</Initials></Author><Author ValidYN="Y"><LastName>Bilous</LastName><ForeName>R W</ForeName><Initials>RW</Initials></Author></AuthorList><Language>eng</Language><PublicationTypeList><PublicationType UI="D016430">Clinical Trial</PublicationType><PublicationType UI="D016428">Journal Article</PublicationType><PublicationType UI="D016448">Multicenter Study</PublicationType><PublicationType UI="D016449">Randomized Controlled Trial</PublicationType><PublicationType UI="D013485">Research Support, Non-U.S. Gov't</PublicationType></PublicationTypeList></Article><MedlineJournalInfo><Country>United States</Country><MedlineTA>J Am Soc Nephrol</MedlineTA><NlmUniqueID>9013836</NlmUniqueID><ISSNLinking>1046-6673</ISSNLinking></MedlineJournalInfo><ChemicalList><Chemical><RegistryNumber>0</RegistryNumber><NameOfSubstance UI="D000806">Angiotensin-Converting Enzyme Inhibitors</NameOfSubstance></Chemical><Chemical><RegistryNumber>0</RegistryNumber><NameOfSubstance UI="D007211">Indoles</NameOfSubstance></Chemical><Chemical><RegistryNumber>Y5GMK36KGY</RegistryNumber><NameOfSubstance UI="D020913">Perindopril</NameOfSubstance></Chemical></ChemicalList><CitationSubset>IM</CitationSubset><MeshHeadingList><MeshHeading><DescriptorName UI="D000328" MajorTopicYN="N">Adult</DescriptorName></MeshHeading><MeshHeading><DescriptorName UI="D000368" MajorTopicYN="N">Aged</DescriptorName></MeshHeading><MeshHeading><DescriptorName UI="D000704" MajorTopicYN="N">Analysis of Variance</DescriptorName></MeshHeading><MeshHeading><DescriptorName UI="D000806" MajorTopicYN="N">Angiotensin-Converting Enzyme Inhibitors</DescriptorName><QualifierName UI="Q000008" MajorTopicYN="Y">administration &amp; dosage</QualifierName></MeshHeading><MeshHeading><DescriptorName UI="D001707" MajorTopicYN="N">Biopsy, Needle</DescriptorName></MeshHeading><MeshHeading><DescriptorName UI="D016001" MajorTopicYN="N">Confidence Intervals</DescriptorName></MeshHeading><MeshHeading><DescriptorName UI="D003924" MajorTopicYN="N">Diabetes Mellitus, Type 2</DescriptorName><QualifierName UI="Q000150" MajorTopicYN="Y">complications</QualifierName></MeshHeading><MeshHeading><DescriptorName UI="D003928" MajorTopicYN="N">Diabetic Nephropathies</DescriptorName><QualifierName UI="Q000188" MajorTopicYN="Y">drug therapy</QualifierName><QualifierName UI="Q000209" MajorTopicYN="N">etiology</QualifierName><QualifierName UI="Q000473" MajorTopicYN="Y">pathology</QualifierName></MeshHeading><MeshHeading><DescriptorName UI="D004311" MajorTopicYN="N">Double-Blind Method</DescriptorName></MeshHeading><MeshHeading><DescriptorName UI="D005260" MajorTopicYN="N">Female</DescriptorName></MeshHeading><MeshHeading><DescriptorName UI="D006801" MajorTopicYN="N">Humans</DescriptorName></MeshHeading><MeshHeading><DescriptorName UI="D007150" MajorTopicYN="N">Immunohistochemistry</DescriptorName></MeshHeading><MeshHeading><DescriptorName UI="D007211" MajorTopicYN="N">Indoles</DescriptorName><QualifierName UI="Q000008" MajorTopicYN="Y">administration &amp; dosage</QualifierName></MeshHeading><MeshHeading><DescriptorName UI="D007672" MajorTopicYN="N">Kidney Cortex</DescriptorName><QualifierName UI="Q000187" MajorTopicYN="N">drug effects</QualifierName><QualifierName UI="Q000473" MajorTopicYN="Y">pathology</QualifierName></MeshHeading><MeshHeading><DescriptorName UI="D007677" MajorTopicYN="N">Kidney Function Tests</DescriptorName></MeshHeading><MeshHeading><DescriptorName UI="D008297" MajorTopicYN="N">Male</DescriptorName></MeshHeading><MeshHeading><DescriptorName UI="D008875" MajorTopicYN="N">Middle Aged</DescriptorName></MeshHeading><MeshHeading><DescriptorName UI="D020913" MajorTopicYN="N">Perindopril</DescriptorName></MeshHeading><MeshHeading><DescriptorName UI="D011379" MajorTopicYN="N">Prognosis</DescriptorName></MeshHeading><MeshHeading><DescriptorName UI="D011446" MajorTopicYN="N">Prospective Studies</DescriptorName></MeshHeading><MeshHeading><DescriptorName UI="D016896" MajorTopicYN="N">Treatment Outcome</DescriptorName></MeshHeading></MeshHeadingList></MedlineCitation><PubmedData><History><PubMedPubDate PubStatus="pubmed"><Year>1999</Year><Month>6</Month><Day>11</Day></PubMedPubDate><PubMedPubDate PubStatus="medline"><Year>1999</Year><Month>6</Month><Day>11</Day><Hour>0</Hour><Minute>1</Minute></PubMedPubDate><PubMedPubDate PubStatus="entrez"><Year>1999</Year><Month>6</Month><Day>11</Day><Hour>0</Hour><Minute>0</Minute></PubMedPubDate></History><PublicationStatus>ppublish</PublicationStatus><ArticleIdList><ArticleId IdType="pubmed">10361863</ArticleId><ArticleId IdType="doi">10.1681/ASN.V1061253</ArticleId></ArticleIdList></PubmedData></PubmedArticle></PubmedArticleSet>