<?xml version="1.0" ?>
<!DOCTYPE PubmedArticleSet PUBLIC "-//NLM//DTD PubMedArticle, 1st January 2019//EN" "https://dtd.nlm.nih.gov/ncbi/pubmed/out/pubmed_190101.dtd">
<PubmedArticleSet><PubmedArticle><MedlineCitation Status="MEDLINE" Owner="NLM"><PMID Version="1">10369424</PMID><DateCompleted><Year>1999</Year><Month>08</Month><Day>10</Day></DateCompleted><DateRevised><Year>2022</Year><Month>04</Month><Day>08</Day></DateRevised><Article PubModel="Print"><Journal><ISSN IssnType="Print">0168-8227</ISSN><JournalIssue CitedMedium="Print"><Volume>43</Volume><Issue>3</Issue><PubDate><Year>1999</Year><Month>Mar</Month></PubDate></JournalIssue><Title>Diabetes research and clinical practice</Title><ISOAbbreviation>Diabetes Res Clin Pract</ISOAbbreviation></Journal><ArticleTitle>Repaglinide versus glyburide: a one-year comparison trial.</ArticleTitle><Pagination><MedlinePgn>155-66</MedlinePgn></Pagination><Abstract><AbstractText>This prospective, 1-year, multicenter, double-blind, randomized, parallel-group study was designed to show that repaglinide was at least equivalent to glyburide in patients with type 2 diabetes. Five hundred and seventy-six patients with type 2 diabetes of at least 6 months' duration were randomized to receive monotherapy with repaglinide (n = 383) or glyburide (n = 193). During weeks 1-8, doses were gradually increased to achieve a target fasting plasma glucose (FPG) range of 80-140 mg/dl. The final adjusted dose was maintained for 12 months. Repaglinide patients received a starting dose of 0.5 mg three times/day preprandially, adjusted as necessary to 1, 2 or 4 mg before breakfast, lunch and dinner. Glyburide patients received a starting dose of 2.5 mg before breakfast and placebo before lunch and dinner. Glyburide was increased as necessary to 5 or 10 mg before breakfast (placebo before lunch and dinner) or to 15 mg (10 mg before breakfast, placebo before lunch, and 5 mg before dinner). After study drug was stopped, patients were transferred to an appropriate therapy, as recommended by the investigator. Efficacy was assessed by changes from baseline in glycemic control parameters and in C-peptide, insulin, and lipid profiles. Repaglinide provided glycemic control that was at least as effective and potentially safer than that provided by glyburide. The glucose-lowering effect of repaglinide was most pronounced in pharmacotherapy-naive patients, who showed rapid and marked decreases in mean glycosylated hemoglobin levels from baseline (9.4%) to month 3 (7.6%) and month 12 (7.9%). Mean FPG levels also decreased overall in this group, from 222 mg/dl at baseline, to 175 mg/dl at month 3, to 188 mg/dl at month 12. At endpoint, morning C-peptide levels had increased significantly in glyburide-treated patients compared with those treated with repaglinide, but morning fasting insulin levels did not differ significantly between the two groups. Repaglinide efficacy was sustained over 1 year and was not influenced by age or sex. Overall safety and changes in lipid profile and body weight were similar with both agents, with no significant change after extended pharmacotherapy. Weight gain data for the subset of pharmacotherapy-naïve patients suggest that patients given repaglinide may gain less weight than those given glyburide. Repaglinide, at doses of 0.5-4.0 mg administered three times preprandially, was well tolerated and provided safe and consistently effectiveglycemic control during this 1-year study. Patients using repaglinide received the same therapeutic benefits as those using glyburide, and may have received additional benefits.</AbstractText></Abstract><AuthorList CompleteYN="Y"><Author ValidYN="Y"><LastName>Marbury</LastName><ForeName>T</ForeName><Initials>T</Initials><AffiliationInfo><Affiliation>Private Practice, Orlando Clinical Research Center, FL, USA.</Affiliation></AffiliationInfo></Author><Author ValidYN="Y"><LastName>Huang</LastName><ForeName>W C</ForeName><Initials>WC</Initials></Author><Author ValidYN="Y"><LastName>Strange</LastName><ForeName>P</ForeName><Initials>P</Initials></Author><Author ValidYN="Y"><LastName>Lebovitz</LastName><ForeName>H</ForeName><Initials>H</Initials></Author></AuthorList><Language>eng</Language><PublicationTypeList><PublicationType UI="D016430">Clinical Trial</PublicationType><PublicationType UI="D017428">Clinical Trial, Phase III</PublicationType><PublicationType UI="D003160">Comparative Study</PublicationType><PublicationType UI="D016428">Journal Article</PublicationType><PublicationType UI="D016448">Multicenter Study</PublicationType><PublicationType UI="D016449">Randomized Controlled Trial</PublicationType></PublicationTypeList></Article><MedlineJournalInfo><Country>Ireland</Country><MedlineTA>Diabetes Res Clin Pract</MedlineTA><NlmUniqueID>8508335</NlmUniqueID><ISSNLinking>0168-8227</ISSNLinking></MedlineJournalInfo><ChemicalList><Chemical><RegistryNumber>0</RegistryNumber><NameOfSubstance UI="D001786">Blood Glucose</NameOfSubstance></Chemical><Chemical><RegistryNumber>0</RegistryNumber><NameOfSubstance UI="D002096">C-Peptide</NameOfSubstance></Chemical><Chemical><RegistryNumber>0</RegistryNumber><NameOfSubstance UI="D002219">Carbamates</NameOfSubstance></Chemical><Chemical><RegistryNumber>0</RegistryNumber><NameOfSubstance UI="D008076">Cholesterol, HDL</NameOfSubstance></Chemical><Chemical><RegistryNumber>0</RegistryNumber><NameOfSubstance UI="D008078">Cholesterol, LDL</NameOfSubstance></Chemical><Chemical><RegistryNumber>0</RegistryNumber><NameOfSubstance UI="D006442">Glycated Hemoglobin A</NameOfSubstance></Chemical><Chemical><RegistryNumber>0</RegistryNumber><NameOfSubstance UI="D007004">Hypoglycemic Agents</NameOfSubstance></Chemical><Chemical><RegistryNumber>0</RegistryNumber><NameOfSubstance UI="D007328">Insulin</NameOfSubstance></Chemical><Chemical><RegistryNumber>0</RegistryNumber><NameOfSubstance UI="D010880">Piperidines</NameOfSubstance></Chemical><Chemical><RegistryNumber>0</RegistryNumber><NameOfSubstance UI="D014280">Triglycerides</NameOfSubstance></Chemical><Chemical><RegistryNumber>668Z8C33LU</RegistryNumber><NameOfSubstance UI="C072379">repaglinide</NameOfSubstance></Chemical><Chemical><RegistryNumber>9001-32-5</RegistryNumber><NameOfSubstance UI="D005340">Fibrinogen</NameOfSubstance></Chemical><Chemical><RegistryNumber>97C5T2UQ7J</RegistryNumber><NameOfSubstance UI="D002784">Cholesterol</NameOfSubstance></Chemical><Chemical><RegistryNumber>SX6K58TVWC</RegistryNumber><NameOfSubstance UI="D005905">Glyburide</NameOfSubstance></Chemical></ChemicalList><CitationSubset>IM</CitationSubset><MeshHeadingList><MeshHeading><DescriptorName UI="D000328" MajorTopicYN="N">Adult</DescriptorName></MeshHeading><MeshHeading><DescriptorName UI="D000368" MajorTopicYN="N">Aged</DescriptorName></MeshHeading><MeshHeading><DescriptorName UI="D001786" MajorTopicYN="N">Blood Glucose</DescriptorName><QualifierName UI="Q000032" MajorTopicYN="N">analysis</QualifierName></MeshHeading><MeshHeading><DescriptorName UI="D002096" MajorTopicYN="N">C-Peptide</DescriptorName><QualifierName UI="Q000097" MajorTopicYN="N">blood</QualifierName></MeshHeading><MeshHeading><DescriptorName UI="D002219" MajorTopicYN="N">Carbamates</DescriptorName><QualifierName UI="Q000009" MajorTopicYN="N">adverse effects</QualifierName><QualifierName UI="Q000627" MajorTopicYN="Y">therapeutic use</QualifierName></MeshHeading><MeshHeading><DescriptorName UI="D002784" MajorTopicYN="N">Cholesterol</DescriptorName><QualifierName UI="Q000097" MajorTopicYN="N">blood</QualifierName></MeshHeading><MeshHeading><DescriptorName UI="D008076" MajorTopicYN="N">Cholesterol, HDL</DescriptorName><QualifierName UI="Q000097" MajorTopicYN="N">blood</QualifierName></MeshHeading><MeshHeading><DescriptorName UI="D008078" MajorTopicYN="N">Cholesterol, LDL</DescriptorName><QualifierName UI="Q000097" MajorTopicYN="N">blood</QualifierName></MeshHeading><MeshHeading><DescriptorName UI="D003924" MajorTopicYN="N">Diabetes Mellitus, Type 2</DescriptorName><QualifierName UI="Q000188" MajorTopicYN="Y">drug therapy</QualifierName></MeshHeading><MeshHeading><DescriptorName UI="D004311" MajorTopicYN="N">Double-Blind Method</DescriptorName></MeshHeading><MeshHeading><DescriptorName UI="D005260" MajorTopicYN="N">Female</DescriptorName></MeshHeading><MeshHeading><DescriptorName UI="D005340" MajorTopicYN="N">Fibrinogen</DescriptorName><QualifierName UI="Q000032" MajorTopicYN="N">analysis</QualifierName></MeshHeading><MeshHeading><DescriptorName UI="D005905" MajorTopicYN="N">Glyburide</DescriptorName><QualifierName UI="Q000009" MajorTopicYN="N">adverse effects</QualifierName><QualifierName UI="Q000627" MajorTopicYN="Y">therapeutic use</QualifierName></MeshHeading><MeshHeading><DescriptorName UI="D006442" MajorTopicYN="N">Glycated Hemoglobin A</DescriptorName><QualifierName UI="Q000032" MajorTopicYN="N">analysis</QualifierName></MeshHeading><MeshHeading><DescriptorName UI="D006801" MajorTopicYN="N">Humans</DescriptorName></MeshHeading><MeshHeading><DescriptorName UI="D007004" MajorTopicYN="N">Hypoglycemic Agents</DescriptorName><QualifierName UI="Q000009" MajorTopicYN="N">adverse effects</QualifierName><QualifierName UI="Q000627" MajorTopicYN="Y">therapeutic use</QualifierName></MeshHeading><MeshHeading><DescriptorName UI="D007328" MajorTopicYN="N">Insulin</DescriptorName><QualifierName UI="Q000097" MajorTopicYN="N">blood</QualifierName></MeshHeading><MeshHeading><DescriptorName UI="D008297" MajorTopicYN="N">Male</DescriptorName></MeshHeading><MeshHeading><DescriptorName UI="D008875" MajorTopicYN="N">Middle Aged</DescriptorName></MeshHeading><MeshHeading><DescriptorName UI="D010880" MajorTopicYN="N">Piperidines</DescriptorName><QualifierName UI="Q000009" MajorTopicYN="N">adverse effects</QualifierName><QualifierName UI="Q000627" MajorTopicYN="Y">therapeutic use</QualifierName></MeshHeading><MeshHeading><DescriptorName UI="D011446" MajorTopicYN="N">Prospective Studies</DescriptorName></MeshHeading><MeshHeading><DescriptorName UI="D014280" MajorTopicYN="N">Triglycerides</DescriptorName><QualifierName UI="Q000097" MajorTopicYN="N">blood</QualifierName></MeshHeading><MeshHeading><DescriptorName UI="D014481" MajorTopicYN="N">United States</DescriptorName></MeshHeading><MeshHeading><DescriptorName UI="D014486" MajorTopicYN="N">United States Food and Drug Administration</DescriptorName></MeshHeading></MeshHeadingList></MedlineCitation><PubmedData><History><PubMedPubDate PubStatus="pubmed"><Year>1999</Year><Month>6</Month><Day>16</Day></PubMedPubDate><PubMedPubDate PubStatus="medline"><Year>1999</Year><Month>6</Month><Day>16</Day><Hour>0</Hour><Minute>1</Minute></PubMedPubDate><PubMedPubDate PubStatus="entrez"><Year>1999</Year><Month>6</Month><Day>16</Day><Hour>0</Hour><Minute>0</Minute></PubMedPubDate></History><PublicationStatus>ppublish</PublicationStatus><ArticleIdList><ArticleId IdType="pubmed">10369424</ArticleId><ArticleId IdType="pii">S0168822799000029</ArticleId><ArticleId IdType="doi">10.1016/s0168-8227(99)00002-9</ArticleId></ArticleIdList></PubmedData></PubmedArticle></PubmedArticleSet>