<?xml version="1.0" ?>
<!DOCTYPE PubmedArticleSet PUBLIC "-//NLM//DTD PubMedArticle, 1st January 2019//EN" "https://dtd.nlm.nih.gov/ncbi/pubmed/out/pubmed_190101.dtd">
<PubmedArticleSet><PubmedArticle><MedlineCitation Status="MEDLINE" Owner="NLM"><PMID Version="1">10372024</PMID><DateCompleted><Year>1999</Year><Month>07</Month><Day>01</Day></DateCompleted><DateRevised><Year>2017</Year><Month>12</Month><Day>07</Day></DateRevised><Article PubModel="Print"><Journal><ISSN IssnType="Print">0039-6060</ISSN><JournalIssue CitedMedium="Print"><Volume>125</Volume><Issue>6</Issue><PubDate><Year>1999</Year><Month>Jun</Month></PubDate></JournalIssue><Title>Surgery</Title><ISOAbbreviation>Surgery</ISOAbbreviation></Journal><ArticleTitle>Heat-shock protein 72/73 and impaired wound healing in diabetic and hypercortisolemic states.</ArticleTitle><Pagination><MedlinePgn>594-601</MedlinePgn></Pagination><Abstract><AbstractText Label="BACKGROUND" NlmCategory="BACKGROUND">Impaired wound healing is a well-documented phenomenon in experimental and clinical diabetes. Emerging evidence favors the involvement of glucocorticoids (GCs) in the pathogenesis of this diabetic complication. Recent data indicated that a heat-shock protein (HSP) with a molecular weight of about 70 kd is expressed in wound healing and it is under the control of the hypothalamic-pituitary-adrenal axis. In view of these findings, the current study was designed to examine the influence of diabetes and the hypercortisolemic state on the expression of HSP 72/73 during wound healing.</AbstractText><AbstractText Label="METHODS" NlmCategory="METHODS">Induction of diabetes was achieved by the intravenous injection of streptozotocin at a dose of 55 mg/kg. Subcutaneously implanted polyvinyl alcohol (PVA) sponges were used as a wound healing model. Control and diabetic animals received, respectively, subcutaneous 30-day timed-release pellets of GC (200 mg) and RU 486 (25 mg). Corresponding animals received placebo pellets. Expression of HSP 72/73 within the PVA sponges was assayed with use of Western blotting and immunohistochemical techniques.</AbstractText><AbstractText Label="RESULTS" NlmCategory="RESULTS">GCs caused a Cushing-like syndrome with weight loss and adrenal atrophy. A pronounced accumulation of constitutive HSP 72/73 was observed in the cytoplasm of various cell types including fibroblasts, macrophages, and endothelium of nondiabetic controls. The PVA sponge contents of HSP 72/73 were decreased as a function of diabetes. A similar phenomenon was seen in control animals receiving high doses of GCs. Partial normalization of the associated hyperglycemic and hypercortisolemic states of diabetes with insulin (hyperglycemia) and the GC receptor block RU 486 (hypercortisolemia) ameliorated the diabetes-related decrease in PVA sponge contents of HSP 72/73.</AbstractText><AbstractText Label="CONCLUSIONS" NlmCategory="CONCLUSIONS">The current study provides evidence that both diabetes and the hypercortisolemic state are associated with a reduction in PVA sponge content of HSP 72/73. An amelioration of these changes was achieved by the institution of RU 486 therapy. Although our data may point to the possibility that the diabetes-related decrease in HSP 72/73 is mediated at least in part by GCs, a confirmation regarding this premise awaits further investigation.</AbstractText></Abstract><AuthorList CompleteYN="Y"><Author ValidYN="Y"><LastName>Bitar</LastName><ForeName>M S</ForeName><Initials>MS</Initials><AffiliationInfo><Affiliation>Department of Pharmacology, Faculty of Medicine, Safat, Kuwait.</Affiliation></AffiliationInfo></Author><Author ValidYN="Y"><LastName>Farook</LastName><ForeName>T</ForeName><Initials>T</Initials></Author><Author ValidYN="Y"><LastName>John</LastName><ForeName>B</ForeName><Initials>B</Initials></Author><Author ValidYN="Y"><LastName>Francis</LastName><ForeName>I M</ForeName><Initials>IM</Initials></Author></AuthorList><Language>eng</Language><PublicationTypeList><PublicationType UI="D016428">Journal Article</PublicationType><PublicationType UI="D013485">Research Support, Non-U.S. Gov't</PublicationType></PublicationTypeList></Article><MedlineJournalInfo><Country>United States</Country><MedlineTA>Surgery</MedlineTA><NlmUniqueID>0417347</NlmUniqueID><ISSNLinking>0039-6060</ISSNLinking></MedlineJournalInfo><ChemicalList><Chemical><RegistryNumber>0</RegistryNumber><NameOfSubstance UI="D001786">Blood Glucose</NameOfSubstance></Chemical><Chemical><RegistryNumber>0</RegistryNumber><NameOfSubstance UI="D018840">HSP70 Heat-Shock Proteins</NameOfSubstance></Chemical><Chemical><RegistryNumber>320T6RNW1F</RegistryNumber><NameOfSubstance UI="D015735">Mifepristone</NameOfSubstance></Chemical><Chemical><RegistryNumber>WI4X0X7BPJ</RegistryNumber><NameOfSubstance UI="D006854">Hydrocortisone</NameOfSubstance></Chemical></ChemicalList><CitationSubset>IM</CitationSubset><MeshHeadingList><MeshHeading><DescriptorName UI="D000818" MajorTopicYN="N">Animals</DescriptorName></MeshHeading><MeshHeading><DescriptorName UI="D001786" MajorTopicYN="N">Blood Glucose</DescriptorName><QualifierName UI="Q000032" MajorTopicYN="N">analysis</QualifierName></MeshHeading><MeshHeading><DescriptorName UI="D015153" MajorTopicYN="N">Blotting, Western</DescriptorName></MeshHeading><MeshHeading><DescriptorName UI="D003921" MajorTopicYN="N">Diabetes Mellitus, Experimental</DescriptorName><QualifierName UI="Q000378" MajorTopicYN="N">metabolism</QualifierName><QualifierName UI="Q000503" MajorTopicYN="Y">physiopathology</QualifierName></MeshHeading><MeshHeading><DescriptorName UI="D018840" MajorTopicYN="N">HSP70 Heat-Shock Proteins</DescriptorName><QualifierName UI="Q000378" MajorTopicYN="Y">metabolism</QualifierName></MeshHeading><MeshHeading><DescriptorName UI="D006854" MajorTopicYN="N">Hydrocortisone</DescriptorName><QualifierName UI="Q000008" MajorTopicYN="N">administration &amp; dosage</QualifierName><QualifierName UI="Q000097" MajorTopicYN="Y">blood</QualifierName><QualifierName UI="Q000502" MajorTopicYN="N">physiology</QualifierName></MeshHeading><MeshHeading><DescriptorName UI="D007150" MajorTopicYN="N">Immunohistochemistry</DescriptorName></MeshHeading><MeshHeading><DescriptorName UI="D008297" MajorTopicYN="N">Male</DescriptorName></MeshHeading><MeshHeading><DescriptorName UI="D015735" MajorTopicYN="N">Mifepristone</DescriptorName><QualifierName UI="Q000008" MajorTopicYN="N">administration &amp; dosage</QualifierName></MeshHeading><MeshHeading><DescriptorName UI="D051381" MajorTopicYN="N">Rats</DescriptorName></MeshHeading><MeshHeading><DescriptorName UI="D017207" MajorTopicYN="N">Rats, Sprague-Dawley</DescriptorName></MeshHeading><MeshHeading><DescriptorName UI="D014945" MajorTopicYN="N">Wound Healing</DescriptorName><QualifierName UI="Q000502" MajorTopicYN="Y">physiology</QualifierName></MeshHeading></MeshHeadingList></MedlineCitation><PubmedData><History><PubMedPubDate PubStatus="pubmed"><Year>1999</Year><Month>6</Month><Day>18</Day></PubMedPubDate><PubMedPubDate PubStatus="medline"><Year>1999</Year><Month>6</Month><Day>18</Day><Hour>0</Hour><Minute>1</Minute></PubMedPubDate><PubMedPubDate PubStatus="entrez"><Year>1999</Year><Month>6</Month><Day>18</Day><Hour>0</Hour><Minute>0</Minute></PubMedPubDate></History><PublicationStatus>ppublish</PublicationStatus><ArticleIdList><ArticleId IdType="pubmed">10372024</ArticleId><ArticleId IdType="pii">S0039-6060(99)70222-9</ArticleId></ArticleIdList></PubmedData></PubmedArticle></PubmedArticleSet>