<?xml version="1.0" ?>
<!DOCTYPE PubmedArticleSet PUBLIC "-//NLM//DTD PubMedArticle, 1st January 2019//EN" "https://dtd.nlm.nih.gov/ncbi/pubmed/out/pubmed_190101.dtd">
<PubmedArticleSet><PubmedArticle><MedlineCitation Status="MEDLINE" Owner="NLM"><PMID Version="1">10371569</PMID><DateCompleted><Year>1999</Year><Month>07</Month><Day>08</Day></DateCompleted><DateRevised><Year>2015</Year><Month>06</Month><Day>16</Day></DateRevised><Article PubModel="Print"><Journal><ISSN IssnType="Print">0140-6736</ISSN><JournalIssue CitedMedium="Print"><Volume>353</Volume><Issue>9168</Issue><PubDate><Year>1999</Year><Month>Jun</Month><Day>05</Day></PubDate></JournalIssue><Title>Lancet (London, England)</Title><ISOAbbreviation>Lancet</ISOAbbreviation></Journal><ArticleTitle>Effect of simultaneous pancreas-kidney transplantation on mortality of patients with type-1 diabetes mellitus and end-stage renal failure.</ArticleTitle><Pagination><MedlinePgn>1915-9</MedlinePgn></Pagination><Abstract><AbstractText Label="BACKGROUND" NlmCategory="BACKGROUND">Long-term prognosis of patients with type-1 diabetes mellitus and end-stage renal failure appears to be better after kidney transplantation compared with dialysis. Controversy exists about the additional benefit of a simultaneously transplanted pancreatic graft. We studied the effect on mortality of simultaneous pancreas-kidney transplantation compared with kidney transplantation alone from regional differences in transplantation protocols.</AbstractText><AbstractText Label="METHODS" NlmCategory="METHODS">All 415 patients with type-1 diabetes (aged 18-52 years) who started renal-replacement therapy in the Netherlands between 1985 and 1996 were included in the analysis. Patients were allocated to a centre based on their place of residence at onset of renal failure. In the Leiden area, the primary intention to treat was with a simultaneous pancreas-kidney transplantation, whereas in the non-Leiden area, kidney transplantation alone was the predominant type of treatment. All patients were followed up to July, 1997. Analyses, mortality, and graft failure were by Cox proportional-hazard model adjusted for age and sex.</AbstractText><AbstractText Label="FINDINGS" NlmCategory="RESULTS">Simultaneous pancreas-kidney transplantation was done in 41 (73%) of 56 transplanted patients in the Leiden area compared with 59 (37%) of 158 transplanted patients in the non-Leiden area (p&lt;0.001). The hazard ratio for mortality after the start of renal-replacement therapy was 0.53 (95% CI, 0.36-0.77, p&lt;0.001) in the Leiden area compared with the non-Leiden area. When just the transplanted patients were analysed the mortality ratio was 0.4 (95% CI 0.20-0.77, p=0.008) and was independent of duration of dialysis and early transplant-related deaths. Equal survival was found for patients on dialysis only.</AbstractText><AbstractText Label="INTERPRETATION" NlmCategory="CONCLUSIONS">These data support the hypothesis that simultaneous pancreas-kidney transplantation prolongs survival in patients with diabetes and end-stage renal failure.</AbstractText></Abstract><AuthorList CompleteYN="Y"><Author ValidYN="Y"><LastName>Smets</LastName><ForeName>Y F</ForeName><Initials>YF</Initials><AffiliationInfo><Affiliation>Department of Metabolic Diseases and Endocrinology, Leiden University Medical Centre, The Netherlands. smets@xs4all.nl</Affiliation></AffiliationInfo></Author><Author ValidYN="Y"><LastName>Westendorp</LastName><ForeName>R G</ForeName><Initials>RG</Initials></Author><Author ValidYN="Y"><LastName>van der Pijl</LastName><ForeName>J W</ForeName><Initials>JW</Initials></Author><Author ValidYN="Y"><LastName>de Charro</LastName><ForeName>F T</ForeName><Initials>FT</Initials></Author><Author ValidYN="Y"><LastName>Ringers</LastName><ForeName>J</ForeName><Initials>J</Initials></Author><Author ValidYN="Y"><LastName>de Fijter</LastName><ForeName>J W</ForeName><Initials>JW</Initials></Author><Author ValidYN="Y"><LastName>Lemkes</LastName><ForeName>H H</ForeName><Initials>HH</Initials></Author></AuthorList><Language>eng</Language><PublicationTypeList><PublicationType UI="D003160">Comparative Study</PublicationType><PublicationType UI="D016428">Journal Article</PublicationType><PublicationType UI="D016448">Multicenter Study</PublicationType></PublicationTypeList></Article><MedlineJournalInfo><Country>England</Country><MedlineTA>Lancet</MedlineTA><NlmUniqueID>2985213R</NlmUniqueID><ISSNLinking>0140-6736</ISSNLinking></MedlineJournalInfo><CitationSubset>IM</CitationSubset><MeshHeadingList><MeshHeading><DescriptorName UI="D000328" MajorTopicYN="N">Adult</DescriptorName></MeshHeading><MeshHeading><DescriptorName UI="D003922" MajorTopicYN="N">Diabetes Mellitus, Type 1</DescriptorName><QualifierName UI="Q000150" MajorTopicYN="N">complications</QualifierName><QualifierName UI="Q000401" MajorTopicYN="Y">mortality</QualifierName><QualifierName UI="Q000601" MajorTopicYN="Y">surgery</QualifierName></MeshHeading><MeshHeading><DescriptorName UI="D003928" MajorTopicYN="N">Diabetic Nephropathies</DescriptorName><QualifierName UI="Q000401" MajorTopicYN="Y">mortality</QualifierName><QualifierName UI="Q000601" MajorTopicYN="Y">surgery</QualifierName></MeshHeading><MeshHeading><DescriptorName UI="D005260" MajorTopicYN="N">Female</DescriptorName></MeshHeading><MeshHeading><DescriptorName UI="D006801" MajorTopicYN="N">Humans</DescriptorName></MeshHeading><MeshHeading><DescriptorName UI="D015994" MajorTopicYN="N">Incidence</DescriptorName></MeshHeading><MeshHeading><DescriptorName UI="D007676" MajorTopicYN="N">Kidney Failure, Chronic</DescriptorName><QualifierName UI="Q000209" MajorTopicYN="N">etiology</QualifierName><QualifierName UI="Q000401" MajorTopicYN="Y">mortality</QualifierName><QualifierName UI="Q000601" MajorTopicYN="Y">surgery</QualifierName></MeshHeading><MeshHeading><DescriptorName UI="D016030" MajorTopicYN="Y">Kidney Transplantation</DescriptorName></MeshHeading><MeshHeading><DescriptorName UI="D008297" MajorTopicYN="N">Male</DescriptorName></MeshHeading><MeshHeading><DescriptorName UI="D009426" MajorTopicYN="N" Type="Geographic">Netherlands</DescriptorName><QualifierName UI="Q000453" MajorTopicYN="N">epidemiology</QualifierName></MeshHeading><MeshHeading><DescriptorName UI="D016035" MajorTopicYN="Y">Pancreas Transplantation</DescriptorName></MeshHeading><MeshHeading><DescriptorName UI="D016016" MajorTopicYN="N">Proportional Hazards Models</DescriptorName></MeshHeading><MeshHeading><DescriptorName UI="D012042" MajorTopicYN="N">Registries</DescriptorName><QualifierName UI="Q000706" MajorTopicYN="N">statistics &amp; numerical data</QualifierName></MeshHeading><MeshHeading><DescriptorName UI="D017582" MajorTopicYN="N">Renal Replacement Therapy</DescriptorName><QualifierName UI="Q000706" MajorTopicYN="N">statistics &amp; numerical data</QualifierName></MeshHeading><MeshHeading><DescriptorName UI="D016896" MajorTopicYN="N">Treatment Outcome</DescriptorName></MeshHeading></MeshHeadingList></MedlineCitation><PubmedData><History><PubMedPubDate PubStatus="pubmed"><Year>1999</Year><Month>6</Month><Day>17</Day></PubMedPubDate><PubMedPubDate PubStatus="medline"><Year>1999</Year><Month>6</Month><Day>17</Day><Hour>0</Hour><Minute>1</Minute></PubMedPubDate><PubMedPubDate PubStatus="entrez"><Year>1999</Year><Month>6</Month><Day>17</Day><Hour>0</Hour><Minute>0</Minute></PubMedPubDate></History><PublicationStatus>ppublish</PublicationStatus><ArticleIdList><ArticleId IdType="pubmed">10371569</ArticleId><ArticleId IdType="pii">S0140-6736(98)07513-8</ArticleId><ArticleId IdType="doi">10.1016/S0140-6736(98)07513-8</ArticleId></ArticleIdList></PubmedData></PubmedArticle></PubmedArticleSet>