<?xml version="1.0" ?>
<!DOCTYPE PubmedArticleSet PUBLIC "-//NLM//DTD PubMedArticle, 1st January 2019//EN" "https://dtd.nlm.nih.gov/ncbi/pubmed/out/pubmed_190101.dtd">
<PubmedArticleSet><PubmedArticle><MedlineCitation Status="MEDLINE" Owner="NLM"><PMID Version="1">10372973</PMID><DateCompleted><Year>1999</Year><Month>07</Month><Day>28</Day></DateCompleted><DateRevised><Year>2008</Year><Month>11</Month><Day>21</Day></DateRevised><Article PubModel="Print"><Journal><ISSN IssnType="Print">0001-6772</ISSN><JournalIssue CitedMedium="Print"><Volume>166</Volume><Issue>1</Issue><PubDate><Year>1999</Year><Month>May</Month></PubDate></JournalIssue><Title>Acta physiologica Scandinavica</Title><ISOAbbreviation>Acta Physiol Scand</ISOAbbreviation></Journal><ArticleTitle>Electrophysiological changes in rat ventricular and atrial myocardium at different stages of experimental diabetes.</ArticleTitle><Pagination><MedlinePgn>7-13</MedlinePgn></Pagination><Abstract><AbstractText>Action potential configuration in ventricular and atrial myocardium, as well as rate-dependent changes in ventricular action potential duration (APD) were studied and compared in healthy and diabetic rats. Diabetes was induced by a single injection of streptozotocin (STZ, 65 mg kg(-1) i.v.). Conventional microelectrode techniques were applied to record action potentials after the establishment of diabetes (2, 6, 10 and 18 weeks after STZ-treatment). Untreated age-matched animals were used as controls. Both depolarization and repolarization were significantly retarded following STZ-treatment. However, the time course of development of diabetic changes in atrial and ventricular myocardium was different. APD was significantly lengthened from week 2 of diabetes in ventricular, but only from week 6 in atrial preparations. In atrial myocardium, lengthening of APD was more pronounced at early rather than late phases of repolarization. The maximum rate of depolarization (Vmax) was significantly reduced from the 6th week of diabetes in both preparations. No differences were observed in action potential amplitude (except at week 18) and in the resting membrane potential in diabetic rats. Diabetic ventricular preparations showed a positive APD-frequency relationship at any level of repolarization, in contrast to control muscles, where APD25 and APD50 values lengthened. But APD75 and APD90 values were not changed significantly with increase in the pacing frequency. The results indicate that development of diabetic alterations are not fully identical in atrial and ventricular myocardium of the rat, probably owing to differences in density and kinetics of ionic currents responsible for atrial and ventricular action potentials.</AbstractText></Abstract><AuthorList CompleteYN="Y"><Author ValidYN="Y"><LastName>Pacher</LastName><ForeName>P</ForeName><Initials>P</Initials><AffiliationInfo><Affiliation>Department of Pharmacology, Semmelweis University of Medicine, Budapest, Hungary.</Affiliation></AffiliationInfo></Author><Author ValidYN="Y"><LastName>Ungvári</LastName><ForeName>Z</ForeName><Initials>Z</Initials></Author><Author ValidYN="Y"><LastName>Nánási</LastName><ForeName>P P</ForeName><Initials>PP</Initials></Author><Author ValidYN="Y"><LastName>Kecskeméti</LastName><ForeName>V</ForeName><Initials>V</Initials></Author></AuthorList><Language>eng</Language><PublicationTypeList><PublicationType UI="D016428">Journal Article</PublicationType><PublicationType UI="D013485">Research Support, Non-U.S. Gov't</PublicationType></PublicationTypeList></Article><MedlineJournalInfo><Country>England</Country><MedlineTA>Acta Physiol Scand</MedlineTA><NlmUniqueID>0370362</NlmUniqueID><ISSNLinking>0001-6772</ISSNLinking></MedlineJournalInfo><ChemicalList><Chemical><RegistryNumber>0</RegistryNumber><NameOfSubstance UI="D001786">Blood Glucose</NameOfSubstance></Chemical><Chemical><RegistryNumber>0</RegistryNumber><NameOfSubstance UI="D007473">Ion Channels</NameOfSubstance></Chemical></ChemicalList><CitationSubset>IM</CitationSubset><MeshHeadingList><MeshHeading><DescriptorName UI="D000200" MajorTopicYN="N">Action Potentials</DescriptorName><QualifierName UI="Q000502" MajorTopicYN="N">physiology</QualifierName></MeshHeading><MeshHeading><DescriptorName UI="D000818" MajorTopicYN="N">Animals</DescriptorName></MeshHeading><MeshHeading><DescriptorName UI="D016275" MajorTopicYN="N">Atrial Function</DescriptorName></MeshHeading><MeshHeading><DescriptorName UI="D001786" MajorTopicYN="N">Blood Glucose</DescriptorName></MeshHeading><MeshHeading><DescriptorName UI="D001835" MajorTopicYN="N">Body Weight</DescriptorName></MeshHeading><MeshHeading><DescriptorName UI="D003921" MajorTopicYN="N">Diabetes Mellitus, Experimental</DescriptorName><QualifierName UI="Q000503" MajorTopicYN="Y">physiopathology</QualifierName></MeshHeading><MeshHeading><DescriptorName UI="D004558" MajorTopicYN="N">Electric Stimulation</DescriptorName></MeshHeading><MeshHeading><DescriptorName UI="D004594" MajorTopicYN="N">Electrophysiology</DescriptorName></MeshHeading><MeshHeading><DescriptorName UI="D006321" MajorTopicYN="N">Heart</DescriptorName><QualifierName UI="Q000502" MajorTopicYN="Y">physiology</QualifierName></MeshHeading><MeshHeading><DescriptorName UI="D007473" MajorTopicYN="N">Ion Channels</DescriptorName><QualifierName UI="Q000502" MajorTopicYN="N">physiology</QualifierName></MeshHeading><MeshHeading><DescriptorName UI="D008297" MajorTopicYN="N">Male</DescriptorName></MeshHeading><MeshHeading><DescriptorName UI="D009206" MajorTopicYN="N">Myocardium</DescriptorName><QualifierName UI="Q000737" MajorTopicYN="N">chemistry</QualifierName></MeshHeading><MeshHeading><DescriptorName UI="D010210" MajorTopicYN="N">Papillary Muscles</DescriptorName><QualifierName UI="Q000502" MajorTopicYN="N">physiology</QualifierName></MeshHeading><MeshHeading><DescriptorName UI="D051381" MajorTopicYN="N">Rats</DescriptorName></MeshHeading><MeshHeading><DescriptorName UI="D017208" MajorTopicYN="N">Rats, Wistar</DescriptorName></MeshHeading><MeshHeading><DescriptorName UI="D016276" MajorTopicYN="N">Ventricular Function</DescriptorName></MeshHeading></MeshHeadingList></MedlineCitation><PubmedData><History><PubMedPubDate PubStatus="pubmed"><Year>1999</Year><Month>6</Month><Day>18</Day></PubMedPubDate><PubMedPubDate PubStatus="medline"><Year>1999</Year><Month>6</Month><Day>18</Day><Hour>0</Hour><Minute>1</Minute></PubMedPubDate><PubMedPubDate PubStatus="entrez"><Year>1999</Year><Month>6</Month><Day>18</Day><Hour>0</Hour><Minute>0</Minute></PubMedPubDate></History><PublicationStatus>ppublish</PublicationStatus><ArticleIdList><ArticleId IdType="pubmed">10372973</ArticleId><ArticleId IdType="doi">10.1046/j.1365-201x.1999.00538.x</ArticleId></ArticleIdList></PubmedData></PubmedArticle></PubmedArticleSet>