<?xml version="1.0" ?>
<!DOCTYPE PubmedArticleSet PUBLIC "-//NLM//DTD PubMedArticle, 1st January 2019//EN" "https://dtd.nlm.nih.gov/ncbi/pubmed/out/pubmed_190101.dtd">
<PubmedArticleSet><PubmedArticle><MedlineCitation Status="MEDLINE" Owner="NLM"><PMID Version="1">10372238</PMID><DateCompleted><Year>1999</Year><Month>08</Month><Day>02</Day></DateCompleted><DateRevised><Year>2019</Year><Month>05</Month><Day>15</Day></DateRevised><Article PubModel="Print"><Journal><ISSN IssnType="Print">0149-5992</ISSN><JournalIssue CitedMedium="Print"><Volume>22</Volume><Issue>6</Issue><PubDate><Year>1999</Year><Month>Jun</Month></PubDate></JournalIssue><Title>Diabetes care</Title><ISOAbbreviation>Diabetes Care</ISOAbbreviation></Journal><ArticleTitle>Pharmacologic induction of weight loss to treat type 2 diabetes.</ArticleTitle><Pagination><MedlinePgn>896-903</MedlinePgn></Pagination><Abstract><AbstractText Label="OBJECTIVE" NlmCategory="OBJECTIVE">Most individuals with type 2 diabetes are overweight, and weight loss for them is an important therapeutic objective. However, usual weight-loss strategies have generally not produced sustained weight loss. Pharmacologic agents to assist weight loss might be useful, but no long-term data on their effectiveness and safety in patients with type 2 diabetes are available. We therefore initiated a 2-year placebo-controlled trial of the weight-loss medications fenfluramine and phentermine in type 2 diabetic subjects.</AbstractText><AbstractText Label="RESEARCH DESIGN AND METHODS" NlmCategory="METHODS">A total of 44 overweight (&gt; 120% ideal body weight) subjects with type 2 diabetes were enrolled in a randomized, placebo-controlled, double-blind trial of fenfluramine and phentermine. All subjects received intensive nutrition counseling, an exercise prescription, and instruction in behavior modification. Subjects were randomly assigned to 20 mg fenfluramine three times a day and 37.5 mg phentermine daily (n = 23) or dual placebos (n = 21). Diabetes medications were adjusted as necessary to achieve glycemic goals. Changes in weight, glycemia, lipemia, and blood pressure were assessed every 2 months, as were adverse events. In September 1997, when fenfluramine was withdrawn from the U.S. market, fenfluramine was stopped in all subjects. Thus the length of drug treatment varied, but 16 subjects (8 in each group) reached 12 months of treatment. Only data obtained before the withdrawal of fenfluramine are included in this report.</AbstractText><AbstractText Label="RESULTS" NlmCategory="RESULTS">A study termination, diabetes medications had been reduced in 1 subject in the placebo group (5%) and 11 subjects in the drug treatment group (52%) (P = 0.005). Drug treatment resulted in significant reductions in body weight, BMI, and HbA1c at all time points through 6 months. Changes in weight at 6 months were -2.7 +/- 1.4 kg (mean +/- SEM) with placebo treatment and -9.6 +/- 1.5 kg with drug treatment (P = 0.003). Even though more subjects in the drug treatment group required reductions in diabetes medications, at 6 months, changes in HbA1c were -0.3 +/- 0.2% with placebo treatment and -1.6 +/- 0.3% with drug treatment (P = 0.002). Fasting plasma glucose and triglycerides were significantly reduced at some time points with drug treatment. No serious adverse events attributable to study medications were observed.</AbstractText><AbstractText Label="CONCLUSIONS" NlmCategory="CONCLUSIONS">Premature study termination decreased the power of our study at later time points. However, our data suggest that weight loss medications are an effective treatment for type 2 diabetes during active weight loss. Whether the benefit persists after weight loss has stopped remains to be determined.</AbstractText></Abstract><AuthorList CompleteYN="Y"><Author ValidYN="Y"><LastName>Redmon</LastName><ForeName>J B</ForeName><Initials>JB</Initials><AffiliationInfo><Affiliation>Department of Medicine, General Clinical Research Center, School of Public Health, University of Minnesota, Minneapolis, USA. redmo001@maroon.tc.umn.edu</Affiliation></AffiliationInfo></Author><Author ValidYN="Y"><LastName>Raatz</LastName><ForeName>S K</ForeName><Initials>SK</Initials></Author><Author ValidYN="Y"><LastName>Kwong</LastName><ForeName>C A</ForeName><Initials>CA</Initials></Author><Author ValidYN="Y"><LastName>Swanson</LastName><ForeName>J E</ForeName><Initials>JE</Initials></Author><Author ValidYN="Y"><LastName>Thomas</LastName><ForeName>W</ForeName><Initials>W</Initials></Author><Author ValidYN="Y"><LastName>Bantle</LastName><ForeName>J P</ForeName><Initials>JP</Initials></Author></AuthorList><Language>eng</Language><GrantList CompleteYN="Y"><Grant><GrantID>MO1-RR-00400</GrantID><Acronym>RR</Acronym><Agency>NCRR NIH HHS</Agency><Country>United States</Country></Grant></GrantList><PublicationTypeList><PublicationType UI="D016430">Clinical Trial</PublicationType><PublicationType UI="D016428">Journal Article</PublicationType><PublicationType UI="D016449">Randomized Controlled Trial</PublicationType><PublicationType UI="D013485">Research Support, Non-U.S. Gov't</PublicationType><PublicationType UI="D013487">Research Support, U.S. Gov't, P.H.S.</PublicationType></PublicationTypeList></Article><MedlineJournalInfo><Country>United States</Country><MedlineTA>Diabetes Care</MedlineTA><NlmUniqueID>7805975</NlmUniqueID><ISSNLinking>0149-5992</ISSNLinking></MedlineJournalInfo><ChemicalList><Chemical><RegistryNumber>0</RegistryNumber><NameOfSubstance UI="D001067">Appetite Depressants</NameOfSubstance></Chemical><Chemical><RegistryNumber>0</RegistryNumber><NameOfSubstance UI="D001786">Blood Glucose</NameOfSubstance></Chemical><Chemical><RegistryNumber>0</RegistryNumber><NameOfSubstance UI="D006442">Glycated Hemoglobin A</NameOfSubstance></Chemical><Chemical><RegistryNumber>0</RegistryNumber><NameOfSubstance UI="D008055">Lipids</NameOfSubstance></Chemical><Chemical><RegistryNumber>0</RegistryNumber><NameOfSubstance UI="D010919">Placebos</NameOfSubstance></Chemical><Chemical><RegistryNumber>2DS058H2CF</RegistryNumber><NameOfSubstance UI="D005277">Fenfluramine</NameOfSubstance></Chemical><Chemical><RegistryNumber>C045TQL4WP</RegistryNumber><NameOfSubstance UI="D010645">Phentermine</NameOfSubstance></Chemical></ChemicalList><CitationSubset>IM</CitationSubset><MeshHeadingList><MeshHeading><DescriptorName UI="D001067" MajorTopicYN="N">Appetite Depressants</DescriptorName><QualifierName UI="Q000627" MajorTopicYN="Y">therapeutic use</QualifierName></MeshHeading><MeshHeading><DescriptorName UI="D001521" MajorTopicYN="N">Behavior Therapy</DescriptorName></MeshHeading><MeshHeading><DescriptorName UI="D001786" MajorTopicYN="N">Blood Glucose</DescriptorName><QualifierName UI="Q000378" MajorTopicYN="N">metabolism</QualifierName></MeshHeading><MeshHeading><DescriptorName UI="D001794" MajorTopicYN="N">Blood Pressure</DescriptorName></MeshHeading><MeshHeading><DescriptorName UI="D003920" MajorTopicYN="N">Diabetes Mellitus</DescriptorName><QualifierName UI="Q000188" MajorTopicYN="Y">drug therapy</QualifierName><QualifierName UI="Q000503" MajorTopicYN="N">physiopathology</QualifierName></MeshHeading><MeshHeading><DescriptorName UI="D003924" MajorTopicYN="N">Diabetes Mellitus, Type 2</DescriptorName><QualifierName UI="Q000188" MajorTopicYN="Y">drug therapy</QualifierName><QualifierName UI="Q000503" MajorTopicYN="N">physiopathology</QualifierName></MeshHeading><MeshHeading><DescriptorName UI="D004311" MajorTopicYN="N">Double-Blind Method</DescriptorName></MeshHeading><MeshHeading><DescriptorName UI="D004359" MajorTopicYN="N">Drug Therapy, Combination</DescriptorName></MeshHeading><MeshHeading><DescriptorName UI="D015444" MajorTopicYN="N">Exercise</DescriptorName></MeshHeading><MeshHeading><DescriptorName UI="D005260" MajorTopicYN="N">Female</DescriptorName></MeshHeading><MeshHeading><DescriptorName UI="D005277" MajorTopicYN="N">Fenfluramine</DescriptorName><QualifierName UI="Q000627" MajorTopicYN="Y">therapeutic use</QualifierName></MeshHeading><MeshHeading><DescriptorName UI="D006442" MajorTopicYN="N">Glycated Hemoglobin A</DescriptorName><QualifierName UI="Q000032" MajorTopicYN="N">analysis</QualifierName></MeshHeading><MeshHeading><DescriptorName UI="D006801" MajorTopicYN="N">Humans</DescriptorName></MeshHeading><MeshHeading><DescriptorName UI="D008055" MajorTopicYN="N">Lipids</DescriptorName><QualifierName UI="Q000097" MajorTopicYN="N">blood</QualifierName></MeshHeading><MeshHeading><DescriptorName UI="D008297" MajorTopicYN="N">Male</DescriptorName></MeshHeading><MeshHeading><DescriptorName UI="D008875" MajorTopicYN="N">Middle Aged</DescriptorName></MeshHeading><MeshHeading><DescriptorName UI="D009765" MajorTopicYN="Y">Obesity</DescriptorName></MeshHeading><MeshHeading><DescriptorName UI="D010645" MajorTopicYN="N">Phentermine</DescriptorName><QualifierName UI="Q000627" MajorTopicYN="Y">therapeutic use</QualifierName></MeshHeading><MeshHeading><DescriptorName UI="D010919" MajorTopicYN="N">Placebos</DescriptorName></MeshHeading><MeshHeading><DescriptorName UI="D013997" MajorTopicYN="N">Time Factors</DescriptorName></MeshHeading><MeshHeading><DescriptorName UI="D015431" MajorTopicYN="Y">Weight Loss</DescriptorName></MeshHeading></MeshHeadingList></MedlineCitation><PubmedData><History><PubMedPubDate PubStatus="pubmed"><Year>1999</Year><Month>6</Month><Day>18</Day></PubMedPubDate><PubMedPubDate PubStatus="medline"><Year>1999</Year><Month>6</Month><Day>18</Day><Hour>0</Hour><Minute>1</Minute></PubMedPubDate><PubMedPubDate PubStatus="entrez"><Year>1999</Year><Month>6</Month><Day>18</Day><Hour>0</Hour><Minute>0</Minute></PubMedPubDate></History><PublicationStatus>ppublish</PublicationStatus><ArticleIdList><ArticleId IdType="pubmed">10372238</ArticleId><ArticleId IdType="doi">10.2337/diacare.22.6.896</ArticleId></ArticleIdList></PubmedData></PubmedArticle></PubmedArticleSet>