<?xml version="1.0" ?>
<!DOCTYPE PubmedArticleSet PUBLIC "-//NLM//DTD PubMedArticle, 1st January 2019//EN" "https://dtd.nlm.nih.gov/ncbi/pubmed/out/pubmed_190101.dtd">
<PubmedArticleSet><PubmedArticle><MedlineCitation Status="MEDLINE" Owner="NLM"><PMID Version="1">10374895</PMID><DateCompleted><Year>1999</Year><Month>06</Month><Day>25</Day></DateCompleted><DateRevised><Year>2019</Year><Month>07</Month><Day>01</Day></DateRevised><Article PubModel="Print"><Journal><ISSN IssnType="Print">0024-3205</ISSN><JournalIssue CitedMedium="Print"><Volume>64</Volume><Issue>25</Issue><PubDate><Year>1999</Year></PubDate></JournalIssue><Title>Life sciences</Title><ISOAbbreviation>Life Sci</ISOAbbreviation></Journal><ArticleTitle>Effect of vitamin E and allylamine on the proliferation of cultured aortic smooth muscle cells from streptozotocin-induced diabetic rats.</ArticleTitle><Pagination><MedlinePgn>2317-25</MedlinePgn></Pagination><Abstract><AbstractText>To investigate the effect of vitamin E on the proliferation activity of vascular smooth muscle cells (SMCs) in diabetes mellitus, [3H]-thymidine incorporation was measured in cultured SMCs isolated from normal and streptozotocin-induced diabetic rats treated with or without vitamin E and/or allylamine. Untreated diabetic rats demonstrated significantly elevated concentrations of serum total cholesterol, triglycerides and malondialdehyde (MDA). Allylamine caused a further increase in serum MDA. Treatment with vitamin E decreased the serum concentrations of triglycerides and MDA in both allylamine-treated and -untreated diabetic rats. [3H]-Thymidine incorporation in cultured SMCs from diabetic rats was significantly increased compared with that from normal rats. SMCs from allylamine-treated diabetic rats showed an enhanced increase in thymidine incorporation compared with that from untreated diabetic rats. The increase in thymidine incorporation in SMCs from untreated and allylamine-treated diabetic rats was significantly reduced by the treatment with vitamin E. These observations suggest that vitamin E has a preventive effect on the proliferation of vascular SMCs in diabetes, and that this effect may be mediated through an enhancement of free radical scavenging.</AbstractText></Abstract><AuthorList CompleteYN="Y"><Author ValidYN="Y"><LastName>Sasaki</LastName><ForeName>H</ForeName><Initials>H</Initials><AffiliationInfo><Affiliation>The Third Department of Internal Medicine, Nagoya University School of Medicine, Japan.</Affiliation></AffiliationInfo></Author><Author ValidYN="Y"><LastName>Nakamura</LastName><ForeName>J</ForeName><Initials>J</Initials></Author><Author ValidYN="Y"><LastName>Koh</LastName><ForeName>N</ForeName><Initials>N</Initials></Author><Author ValidYN="Y"><LastName>Hamada</LastName><ForeName>Y</ForeName><Initials>Y</Initials></Author><Author ValidYN="Y"><LastName>Hara</LastName><ForeName>T</ForeName><Initials>T</Initials></Author><Author ValidYN="Y"><LastName>Chaya</LastName><ForeName>S</ForeName><Initials>S</Initials></Author><Author ValidYN="Y"><LastName>Nakashima</LastName><ForeName>E</ForeName><Initials>E</Initials></Author><Author ValidYN="Y"><LastName>Naruse</LastName><ForeName>K</ForeName><Initials>K</Initials></Author><Author ValidYN="Y"><LastName>Kato</LastName><ForeName>K</ForeName><Initials>K</Initials></Author><Author ValidYN="Y"><LastName>Kasuya</LastName><ForeName>Y</ForeName><Initials>Y</Initials></Author><Author ValidYN="Y"><LastName>Sakakibara</LastName><ForeName>F</ForeName><Initials>F</Initials></Author><Author ValidYN="Y"><LastName>Hotta</LastName><ForeName>N</ForeName><Initials>N</Initials></Author></AuthorList><Language>eng</Language><PublicationTypeList><PublicationType UI="D016428">Journal Article</PublicationType><PublicationType UI="D013485">Research Support, Non-U.S. Gov't</PublicationType></PublicationTypeList></Article><MedlineJournalInfo><Country>Netherlands</Country><MedlineTA>Life Sci</MedlineTA><NlmUniqueID>0375521</NlmUniqueID><ISSNLinking>0024-3205</ISSNLinking></MedlineJournalInfo><ChemicalList><Chemical><RegistryNumber>0</RegistryNumber><NameOfSubstance UI="D000975">Antioxidants</NameOfSubstance></Chemical><Chemical><RegistryNumber>0</RegistryNumber><NameOfSubstance UI="D016166">Free Radical Scavengers</NameOfSubstance></Chemical><Chemical><RegistryNumber>1406-18-4</RegistryNumber><NameOfSubstance UI="D014810">Vitamin E</NameOfSubstance></Chemical><Chemical><RegistryNumber>48G762T011</RegistryNumber><NameOfSubstance UI="D000499">Allylamine</NameOfSubstance></Chemical><Chemical><RegistryNumber>4Y8F71G49Q</RegistryNumber><NameOfSubstance UI="D008315">Malondialdehyde</NameOfSubstance></Chemical><Chemical><RegistryNumber>9007-49-2</RegistryNumber><NameOfSubstance UI="D004247">DNA</NameOfSubstance></Chemical><Chemical><RegistryNumber>VC2W18DGKR</RegistryNumber><NameOfSubstance UI="D013936">Thymidine</NameOfSubstance></Chemical></ChemicalList><CitationSubset>IM</CitationSubset><MeshHeadingList><MeshHeading><DescriptorName UI="D000499" MajorTopicYN="N">Allylamine</DescriptorName><QualifierName UI="Q000008" MajorTopicYN="N">administration &amp; dosage</QualifierName><QualifierName UI="Q000494" MajorTopicYN="Y">pharmacology</QualifierName></MeshHeading><MeshHeading><DescriptorName UI="D000818" MajorTopicYN="N">Animals</DescriptorName></MeshHeading><MeshHeading><DescriptorName UI="D000975" MajorTopicYN="N">Antioxidants</DescriptorName><QualifierName UI="Q000008" MajorTopicYN="N">administration &amp; dosage</QualifierName><QualifierName UI="Q000494" MajorTopicYN="N">pharmacology</QualifierName></MeshHeading><MeshHeading><DescriptorName UI="D002455" MajorTopicYN="N">Cell Division</DescriptorName><QualifierName UI="Q000187" MajorTopicYN="N">drug effects</QualifierName></MeshHeading><MeshHeading><DescriptorName UI="D002478" MajorTopicYN="N">Cells, Cultured</DescriptorName></MeshHeading><MeshHeading><DescriptorName UI="D004247" MajorTopicYN="N">DNA</DescriptorName><QualifierName UI="Q000096" MajorTopicYN="N">biosynthesis</QualifierName></MeshHeading><MeshHeading><DescriptorName UI="D003921" MajorTopicYN="N">Diabetes Mellitus, Experimental</DescriptorName><QualifierName UI="Q000097" MajorTopicYN="N">blood</QualifierName><QualifierName UI="Q000188" MajorTopicYN="Y">drug therapy</QualifierName><QualifierName UI="Q000473" MajorTopicYN="Y">pathology</QualifierName></MeshHeading><MeshHeading><DescriptorName UI="D003925" MajorTopicYN="N">Diabetic Angiopathies</DescriptorName><QualifierName UI="Q000209" MajorTopicYN="N">etiology</QualifierName><QualifierName UI="Q000378" MajorTopicYN="N">metabolism</QualifierName><QualifierName UI="Q000473" MajorTopicYN="N">pathology</QualifierName></MeshHeading><MeshHeading><DescriptorName UI="D016166" MajorTopicYN="N">Free Radical Scavengers</DescriptorName><QualifierName UI="Q000008" MajorTopicYN="N">administration &amp; dosage</QualifierName><QualifierName UI="Q000494" MajorTopicYN="N">pharmacology</QualifierName></MeshHeading><MeshHeading><DescriptorName UI="D008297" MajorTopicYN="N">Male</DescriptorName></MeshHeading><MeshHeading><DescriptorName UI="D008315" MajorTopicYN="N">Malondialdehyde</DescriptorName><QualifierName UI="Q000097" MajorTopicYN="N">blood</QualifierName></MeshHeading><MeshHeading><DescriptorName UI="D009131" MajorTopicYN="N">Muscle, Smooth, Vascular</DescriptorName><QualifierName UI="Q000187" MajorTopicYN="Y">drug effects</QualifierName><QualifierName UI="Q000378" MajorTopicYN="N">metabolism</QualifierName><QualifierName UI="Q000473" MajorTopicYN="Y">pathology</QualifierName></MeshHeading><MeshHeading><DescriptorName UI="D051381" MajorTopicYN="N">Rats</DescriptorName></MeshHeading><MeshHeading><DescriptorName UI="D017208" MajorTopicYN="N">Rats, Wistar</DescriptorName></MeshHeading><MeshHeading><DescriptorName UI="D013936" MajorTopicYN="N">Thymidine</DescriptorName><QualifierName UI="Q000378" MajorTopicYN="N">metabolism</QualifierName></MeshHeading><MeshHeading><DescriptorName UI="D014810" MajorTopicYN="N">Vitamin E</DescriptorName><QualifierName UI="Q000008" MajorTopicYN="N">administration &amp; dosage</QualifierName><QualifierName UI="Q000097" MajorTopicYN="N">blood</QualifierName><QualifierName UI="Q000494" MajorTopicYN="Y">pharmacology</QualifierName></MeshHeading></MeshHeadingList></MedlineCitation><PubmedData><History><PubMedPubDate PubStatus="pubmed"><Year>1999</Year><Month>6</Month><Day>22</Day></PubMedPubDate><PubMedPubDate PubStatus="medline"><Year>1999</Year><Month>6</Month><Day>22</Day><Hour>0</Hour><Minute>1</Minute></PubMedPubDate><PubMedPubDate PubStatus="entrez"><Year>1999</Year><Month>6</Month><Day>22</Day><Hour>0</Hour><Minute>0</Minute></PubMedPubDate></History><PublicationStatus>ppublish</PublicationStatus><ArticleIdList><ArticleId IdType="pubmed">10374895</ArticleId><ArticleId IdType="pii">S002432059900185X</ArticleId><ArticleId IdType="doi">10.1016/s0024-3205(99)00185-x</ArticleId></ArticleIdList></PubmedData></PubmedArticle></PubmedArticleSet>