<?xml version="1.0" ?>
<!DOCTYPE PubmedArticleSet PUBLIC "-//NLM//DTD PubMedArticle, 1st January 2019//EN" "https://dtd.nlm.nih.gov/ncbi/pubmed/out/pubmed_190101.dtd">
<PubmedArticleSet><PubmedArticle><MedlineCitation Status="MEDLINE" Owner="NLM"><PMID Version="1">10373320</PMID><DateCompleted><Year>1999</Year><Month>07</Month><Day>23</Day></DateCompleted><DateRevised><Year>2010</Year><Month>11</Month><Day>18</Day></DateRevised><Article PubModel="Print"><Journal><ISSN IssnType="Print">0888-7543</ISSN><JournalIssue CitedMedium="Print"><Volume>58</Volume><Issue>3</Issue><PubDate><Year>1999</Year><Month>Jun</Month><Day>15</Day></PubDate></JournalIssue><Title>Genomics</Title><ISOAbbreviation>Genomics</ISOAbbreviation></Journal><ArticleTitle>Genetic dissection of "OLETF," a rat model for non-insulin-dependent diabetes mellitus: quantitative trait locus analysis of (OLETF x BN) x OLETF.</ArticleTitle><Pagination><MedlinePgn>233-9</MedlinePgn></Pagination><Abstract><AbstractText>To identify genetic determinants relevant to non-insulin-dependent diabetes mellitus (NIDDM), we performed a genome-wide analysis for quantitative trait loci (QTLs) using 359 backcross progeny of the Otsuka Long-Evans Tokushima Fatty (OLETF) rat. The OLETF strain is a well-studied animal model of obese NIDDM, with features of hyperinsulinemia, hyperglycemia, insulin resistance, and abundant abdominal fat. Our extensive genomic scanning with 218 markers revealed nine significant QTLs, including a strong determinant of obesity on chromosome 1 (Dmo1: LOD = 13.99, for body weight). Two highly significant QTLs for glucose homeostasis were found, one on chromosome 1 (Dmo4 LOD = 7.16, for postprandial glucose level) and the other on chromosome X (Dmo11/Odb1: LOD = 7.81, for postprandial glucose level). These data are comparable to results of our previous studies of the OLETF rat.</AbstractText><CopyrightInformation>Copyright 1999 Academic Press.</CopyrightInformation></Abstract><AuthorList CompleteYN="Y"><Author ValidYN="Y"><LastName>Watanabe</LastName><ForeName>T K</ForeName><Initials>TK</Initials><AffiliationInfo><Affiliation>Otsuka GEN Research Institute, Otsuka Pharmaceutical Co., Ltd., 463-10 Kagasuno, Kawauchi-cho, Tokushima, 771-0192, Japan.</Affiliation></AffiliationInfo></Author><Author ValidYN="Y"><LastName>Okuno</LastName><ForeName>S</ForeName><Initials>S</Initials></Author><Author ValidYN="Y"><LastName>Oga</LastName><ForeName>K</ForeName><Initials>K</Initials></Author><Author ValidYN="Y"><LastName>Mizoguchi-Miyakita</LastName><ForeName>A</ForeName><Initials>A</Initials></Author><Author ValidYN="Y"><LastName>Tsuji</LastName><ForeName>A</ForeName><Initials>A</Initials></Author><Author ValidYN="Y"><LastName>Yamasaki</LastName><ForeName>Y</ForeName><Initials>Y</Initials></Author><Author ValidYN="Y"><LastName>Hishigaki</LastName><ForeName>H</ForeName><Initials>H</Initials></Author><Author ValidYN="Y"><LastName>Kanemoto</LastName><ForeName>N</ForeName><Initials>N</Initials></Author><Author ValidYN="Y"><LastName>Takagi</LastName><ForeName>T</ForeName><Initials>T</Initials></Author><Author ValidYN="Y"><LastName>Takahashi</LastName><ForeName>E</ForeName><Initials>E</Initials></Author><Author ValidYN="Y"><LastName>Irie</LastName><ForeName>Y</ForeName><Initials>Y</Initials></Author><Author ValidYN="Y"><LastName>Nakamura</LastName><ForeName>Y</ForeName><Initials>Y</Initials></Author><Author ValidYN="Y"><LastName>Tanigami</LastName><ForeName>A</ForeName><Initials>A</Initials></Author></AuthorList><Language>eng</Language><PublicationTypeList><PublicationType UI="D003160">Comparative Study</PublicationType><PublicationType UI="D016428">Journal Article</PublicationType></PublicationTypeList></Article><MedlineJournalInfo><Country>United States</Country><MedlineTA>Genomics</MedlineTA><NlmUniqueID>8800135</NlmUniqueID><ISSNLinking>0888-7543</ISSNLinking></MedlineJournalInfo><ChemicalList><Chemical><RegistryNumber>0</RegistryNumber><NameOfSubstance UI="D001786">Blood Glucose</NameOfSubstance></Chemical></ChemicalList><CitationSubset>IM</CitationSubset><MeshHeadingList><MeshHeading><DescriptorName UI="D000273" MajorTopicYN="N">Adipose Tissue</DescriptorName></MeshHeading><MeshHeading><DescriptorName UI="D000818" MajorTopicYN="N">Animals</DescriptorName></MeshHeading><MeshHeading><DescriptorName UI="D001786" MajorTopicYN="N">Blood Glucose</DescriptorName><QualifierName UI="Q000378" MajorTopicYN="N">metabolism</QualifierName></MeshHeading><MeshHeading><DescriptorName UI="D001835" MajorTopicYN="N">Body Weight</DescriptorName></MeshHeading><MeshHeading><DescriptorName UI="D002874" MajorTopicYN="N">Chromosome Mapping</DescriptorName></MeshHeading><MeshHeading><DescriptorName UI="D003433" MajorTopicYN="N">Crosses, Genetic</DescriptorName></MeshHeading><MeshHeading><DescriptorName UI="D003924" MajorTopicYN="N">Diabetes Mellitus, Type 2</DescriptorName><QualifierName UI="Q000235" MajorTopicYN="Y">genetics</QualifierName></MeshHeading><MeshHeading><DescriptorName UI="D004195" MajorTopicYN="N">Disease Models, Animal</DescriptorName></MeshHeading><MeshHeading><DescriptorName UI="D005260" MajorTopicYN="N">Female</DescriptorName></MeshHeading><MeshHeading><DescriptorName UI="D008040" MajorTopicYN="N">Genetic Linkage</DescriptorName></MeshHeading><MeshHeading><DescriptorName UI="D005838" MajorTopicYN="N">Genotype</DescriptorName></MeshHeading><MeshHeading><DescriptorName UI="D008126" MajorTopicYN="N">Lod Score</DescriptorName></MeshHeading><MeshHeading><DescriptorName UI="D008297" MajorTopicYN="N">Male</DescriptorName></MeshHeading><MeshHeading><DescriptorName UI="D009765" MajorTopicYN="N">Obesity</DescriptorName><QualifierName UI="Q000235" MajorTopicYN="N">genetics</QualifierName></MeshHeading><MeshHeading><DescriptorName UI="D010641" MajorTopicYN="N">Phenotype</DescriptorName></MeshHeading><MeshHeading><DescriptorName UI="D019655" MajorTopicYN="Y">Quantitative Trait, Heritable</DescriptorName></MeshHeading><MeshHeading><DescriptorName UI="D051381" MajorTopicYN="N">Rats</DescriptorName></MeshHeading><MeshHeading><DescriptorName UI="D011914" MajorTopicYN="N">Rats, Inbred BN</DescriptorName></MeshHeading><MeshHeading><DescriptorName UI="D020334" MajorTopicYN="N">Rats, Inbred OLETF</DescriptorName></MeshHeading><MeshHeading><DescriptorName UI="D014960" MajorTopicYN="N">X Chromosome</DescriptorName><QualifierName UI="Q000235" MajorTopicYN="N">genetics</QualifierName></MeshHeading></MeshHeadingList></MedlineCitation><PubmedData><History><PubMedPubDate PubStatus="pubmed"><Year>1999</Year><Month>6</Month><Day>22</Day></PubMedPubDate><PubMedPubDate PubStatus="medline"><Year>1999</Year><Month>6</Month><Day>22</Day><Hour>0</Hour><Minute>1</Minute></PubMedPubDate><PubMedPubDate PubStatus="entrez"><Year>1999</Year><Month>6</Month><Day>22</Day><Hour>0</Hour><Minute>0</Minute></PubMedPubDate></History><PublicationStatus>ppublish</PublicationStatus><ArticleIdList><ArticleId IdType="pubmed">10373320</ArticleId><ArticleId IdType="doi">10.1006/geno.1999.5789</ArticleId><ArticleId IdType="pii">S0888754399957890</ArticleId></ArticleIdList></PubmedData></PubmedArticle></PubmedArticleSet>