<?xml version="1.0" ?>
<!DOCTYPE PubmedArticleSet PUBLIC "-//NLM//DTD PubMedArticle, 1st January 2019//EN" "https://dtd.nlm.nih.gov/ncbi/pubmed/out/pubmed_190101.dtd">
<PubmedArticleSet><PubmedArticle><MedlineCitation Status="MEDLINE" Owner="NLM"><PMID Version="1">10376440</PMID><DateCompleted><Year>1999</Year><Month>08</Month><Day>03</Day></DateCompleted><DateRevised><Year>2007</Year><Month>11</Month><Day>15</Day></DateRevised><Article PubModel="Print"><Journal><ISSN IssnType="Print">0947-7349</ISSN><JournalIssue CitedMedium="Print"><Volume>107</Volume><Issue>3</Issue><PubDate><Year>1999</Year></PubDate></JournalIssue><Title>Experimental and clinical endocrinology &amp; diabetes : official journal, German Society of Endocrinology [and] German Diabetes Association</Title><ISOAbbreviation>Exp Clin Endocrinol Diabetes</ISOAbbreviation></Journal><ArticleTitle>T cell reactivity to DR*0401- and DQ*0302-binding peptides of the putative autoantigen IA-2 in type 1 diabetes.</ArticleTitle><Pagination><MedlinePgn>166-71</MedlinePgn></Pagination><Abstract><AbstractText>Type 1 diabetes is thought to be an autoimmune disease mediated by T lymphocytes recognizing critical islet cell antigens. Recently, the tyrosine phosphatase like protein IA-2 was suggested as a putative autoantigen in type 1 diabetes since autoantibodies are detected in sera of diabetic patients and prediabetic subjects. Similarly, T cell responses of peripheral blood lymphocytes of type 1 diabetic patients to this protein have been described. Only very few data is available about immunodominant epitopes of IA-2 recognized by T cells. We have studied T cell responses in type 1 diabetic patients and age and partly HLA matched controls to IA-2 peptides designed to bind HLA risk alleles of IDDM as DR*0401 and DQ*0302. Both diabetic patients and controls responded to IA-2ic and some of the peptides. Three peptides of the C-terminal region of IA-2 were recognised by T cells of a fraction of diabetic patients but at least two of these peptides triggered also T cell responses in DR*0401/DQ*0302-matched controls. Most peptides bound to different HLA alleles ("promiscous binders"). The identification of autoantigenic epitopes may offer clues to related sequences e.g. of viral origin what relates to models of diabetes pathogenesis ("molecular mimicry"). Secondly, the design of antigen- or even epitope-specific immune intervention strategies aiming at tolerization of disease specific T cells in type 1 diabetes may profit from the knowledge of immunodominant T cell epitopes of a putative autoantigen.</AbstractText></Abstract><AuthorList CompleteYN="Y"><Author ValidYN="Y"><LastName>Lohmann</LastName><ForeName>T</ForeName><Initials>T</Initials><AffiliationInfo><Affiliation>Dept. of Internal Medicine III, University of Leipzig, Germany.</Affiliation></AffiliationInfo></Author><Author ValidYN="Y"><LastName>Halder</LastName><ForeName>T</ForeName><Initials>T</Initials></Author><Author ValidYN="Y"><LastName>Engler</LastName><ForeName>J</ForeName><Initials>J</Initials></Author><Author ValidYN="Y"><LastName>Morgenthaler</LastName><ForeName>N G</ForeName><Initials>NG</Initials></Author><Author ValidYN="Y"><LastName>Khoo-Morgenthaler</LastName><ForeName>U Y</ForeName><Initials>UY</Initials></Author><Author ValidYN="Y"><LastName>Schröder</LastName><ForeName>S</ForeName><Initials>S</Initials></Author><Author ValidYN="Y"><LastName>Seissler</LastName><ForeName>J</ForeName><Initials>J</Initials></Author><Author ValidYN="Y"><LastName>Scherbaum</LastName><ForeName>W A</ForeName><Initials>WA</Initials></Author><Author ValidYN="Y"><LastName>Kalbacher</LastName><ForeName>H</ForeName><Initials>H</Initials></Author></AuthorList><Language>eng</Language><PublicationTypeList><PublicationType UI="D016428">Journal Article</PublicationType><PublicationType UI="D013485">Research Support, Non-U.S. Gov't</PublicationType></PublicationTypeList></Article><MedlineJournalInfo><Country>Germany</Country><MedlineTA>Exp Clin Endocrinol Diabetes</MedlineTA><NlmUniqueID>9505926</NlmUniqueID><ISSNLinking>0947-7349</ISSNLinking></MedlineJournalInfo><ChemicalList><Chemical><RegistryNumber>0</RegistryNumber><NameOfSubstance UI="D001324">Autoantigens</NameOfSubstance></Chemical><Chemical><RegistryNumber>0</RegistryNumber><NameOfSubstance UI="D006684">HLA-DR Antigens</NameOfSubstance></Chemical><Chemical><RegistryNumber>0</RegistryNumber><NameOfSubstance UI="D008565">Membrane Proteins</NameOfSubstance></Chemical><Chemical><RegistryNumber>0</RegistryNumber><NameOfSubstance UI="D010446">Peptide Fragments</NameOfSubstance></Chemical><Chemical><RegistryNumber>EC 3.1.3.48</RegistryNumber><NameOfSubstance UI="C516862">PTPRN protein, human</NameOfSubstance></Chemical><Chemical><RegistryNumber>EC 3.1.3.48</RegistryNumber><NameOfSubstance UI="D054562">Protein Tyrosine Phosphatase, Non-Receptor Type 1</NameOfSubstance></Chemical><Chemical><RegistryNumber>EC 3.1.3.48</RegistryNumber><NameOfSubstance UI="D017027">Protein Tyrosine Phosphatases</NameOfSubstance></Chemical><Chemical><RegistryNumber>EC 3.1.3.48</RegistryNumber><NameOfSubstance UI="D054635">Receptor-Like Protein Tyrosine Phosphatases, Class 8</NameOfSubstance></Chemical></ChemicalList><CitationSubset>IM</CitationSubset><MeshHeadingList><MeshHeading><DescriptorName UI="D000293" MajorTopicYN="N">Adolescent</DescriptorName></MeshHeading><MeshHeading><DescriptorName UI="D000368" MajorTopicYN="N">Aged</DescriptorName></MeshHeading><MeshHeading><DescriptorName UI="D000595" MajorTopicYN="N">Amino Acid Sequence</DescriptorName></MeshHeading><MeshHeading><DescriptorName UI="D001324" MajorTopicYN="N">Autoantigens</DescriptorName><QualifierName UI="Q000276" MajorTopicYN="Y">immunology</QualifierName></MeshHeading><MeshHeading><DescriptorName UI="D003922" MajorTopicYN="N">Diabetes Mellitus, Type 1</DescriptorName><QualifierName UI="Q000276" MajorTopicYN="Y">immunology</QualifierName></MeshHeading><MeshHeading><DescriptorName UI="D006684" MajorTopicYN="N">HLA-DR Antigens</DescriptorName><QualifierName UI="Q000276" MajorTopicYN="Y">immunology</QualifierName></MeshHeading><MeshHeading><DescriptorName UI="D006801" MajorTopicYN="N">Humans</DescriptorName></MeshHeading><MeshHeading><DescriptorName UI="D008213" MajorTopicYN="N">Lymphocyte Activation</DescriptorName></MeshHeading><MeshHeading><DescriptorName UI="D008565" MajorTopicYN="N">Membrane Proteins</DescriptorName><QualifierName UI="Q000276" MajorTopicYN="Y">immunology</QualifierName></MeshHeading><MeshHeading><DescriptorName UI="D008875" MajorTopicYN="N">Middle Aged</DescriptorName></MeshHeading><MeshHeading><DescriptorName UI="D008969" MajorTopicYN="N">Molecular Sequence Data</DescriptorName></MeshHeading><MeshHeading><DescriptorName UI="D010446" MajorTopicYN="N">Peptide Fragments</DescriptorName><QualifierName UI="Q000276" MajorTopicYN="Y">immunology</QualifierName></MeshHeading><MeshHeading><DescriptorName UI="D054562" MajorTopicYN="N">Protein Tyrosine Phosphatase, Non-Receptor Type 1</DescriptorName></MeshHeading><MeshHeading><DescriptorName UI="D017027" MajorTopicYN="N">Protein Tyrosine Phosphatases</DescriptorName><QualifierName UI="Q000276" MajorTopicYN="Y">immunology</QualifierName></MeshHeading><MeshHeading><DescriptorName UI="D054635" MajorTopicYN="N">Receptor-Like Protein Tyrosine Phosphatases, Class 8</DescriptorName></MeshHeading><MeshHeading><DescriptorName UI="D013601" MajorTopicYN="N">T-Lymphocytes</DescriptorName><QualifierName UI="Q000276" MajorTopicYN="Y">immunology</QualifierName></MeshHeading></MeshHeadingList></MedlineCitation><PubmedData><History><PubMedPubDate PubStatus="pubmed"><Year>1999</Year><Month>6</Month><Day>22</Day></PubMedPubDate><PubMedPubDate PubStatus="medline"><Year>1999</Year><Month>6</Month><Day>22</Day><Hour>0</Hour><Minute>1</Minute></PubMedPubDate><PubMedPubDate PubStatus="entrez"><Year>1999</Year><Month>6</Month><Day>22</Day><Hour>0</Hour><Minute>0</Minute></PubMedPubDate></History><PublicationStatus>ppublish</PublicationStatus><ArticleIdList><ArticleId IdType="pubmed">10376440</ArticleId><ArticleId IdType="doi">10.1055/s-0029-1212092</ArticleId></ArticleIdList></PubmedData></PubmedArticle></PubmedArticleSet>