<?xml version="1.0" ?>
<!DOCTYPE PubmedArticleSet PUBLIC "-//NLM//DTD PubMedArticle, 1st January 2019//EN" "https://dtd.nlm.nih.gov/ncbi/pubmed/out/pubmed_190101.dtd">
<PubmedArticleSet><PubmedArticle><MedlineCitation Status="MEDLINE" Owner="NLM"><PMID Version="1">10379630</PMID><DateCompleted><Year>1999</Year><Month>07</Month><Day>27</Day></DateCompleted><DateRevised><Year>2019</Year><Month>08</Month><Day>13</Day></DateRevised><Article PubModel="Print"><Journal><ISSN IssnType="Print">0031-6970</ISSN><JournalIssue CitedMedium="Print"><Volume>55</Volume><Issue>3</Issue><PubDate><Year>1999</Year><Month>May</Month></PubDate></JournalIssue><Title>European journal of clinical pharmacology</Title><ISOAbbreviation>Eur J Clin Pharmacol</ISOAbbreviation></Journal><ArticleTitle>A comparison of repaglinide and glibenclamide in the treatment of type 2 diabetic patients previously treated with sulphonylureas.</ArticleTitle><Pagination><MedlinePgn>165-71</MedlinePgn></Pagination><Abstract><AbstractText Label="OBJECTIVE" NlmCategory="OBJECTIVE">To compare the efficacy and safety of repaglinide, a novel oral prandial glucose regulator, with that of glibenclamide, an oral hypoglycaemic agent, in the treatment of patients with type 2 diabetes.</AbstractText><AbstractText Label="METHODS" NlmCategory="METHODS">This was a 14-week, double-blind, parallel-group trail in which a total of 195 type 2 diabetic patients treated with oral hypoglycaemic agents were randomized to receive either repaglinide, administered preprandially three times daily, or glibenclamide, given preprandially once or twice daily, as per manufacturer's recommendations.</AbstractText><AbstractText Label="RESULTS" NlmCategory="RESULTS">By the end of the study, the 2-h postprandial blood glucose values were lower in the repaglinide group than in the glibenclamide group, with the difference approaching statistical significance (repaglinide, 8.1 (0.6) mol x l(-1) vs glibenclamide, 9.1 (0.6)mmol x l(-1); P = 0.07). There was no statistically significant difference in the mean blood glucose level at the end of the study between the two groups (repaglinide, 7.1 (0.5) mmol x l(-1) vs glibenclamide, 7.4 (0.5) mmol x l(-1); P = 0.42), and baseline HbA1c values had decreased to the same degree in both the repaglinide [7.8% (0.1%) to 7.5% 0.1%)] and the glibenclamide groups [8.0 (0.1%) to 7.6 (0.1%)]. There are no significant differences between the repaglinide and glibenclamide treatment groups in the levels of fasting blood glucose, fructosamine, fasting C-peptide, insulin and proinsulin. Neither treatment group showed any clinically significant changes in blood lipid profiles. Repaglinide and glibenclamide were both well tolerated. No significant differences were observed between the two treatment groups with respect to adverse events, including hypoglycaemic episodes and weight change. No accumulation of repaglinide was apparent during the maintenance period.</AbstractText><AbstractText Label="CONCLUSION" NlmCategory="CONCLUSIONS">Repaglinide is as well tolerated as glibenclamide and is equally effective in the management of type 2 diabetes. Repaglinide may, however, offer an improvement in postprandial blood glucose control compared with glibenclamide, thereby helping to reduce the relative long-term risk of diabetic complications.</AbstractText></Abstract><AuthorList CompleteYN="Y"><Author ValidYN="Y"><LastName>Landgraf</LastName><ForeName>R</ForeName><Initials>R</Initials><AffiliationInfo><Affiliation>Medizinische Klinik, Klinikum Innenstadt, University of Munich, Germany.</Affiliation></AffiliationInfo></Author><Author ValidYN="Y"><LastName>Bilo</LastName><ForeName>H J</ForeName><Initials>HJ</Initials></Author><Author ValidYN="Y"><LastName>Müller</LastName><ForeName>P G</ForeName><Initials>PG</Initials></Author></AuthorList><Language>eng</Language><PublicationTypeList><PublicationType UI="D016430">Clinical Trial</PublicationType><PublicationType UI="D003160">Comparative Study</PublicationType><PublicationType UI="D016428">Journal Article</PublicationType><PublicationType UI="D016448">Multicenter Study</PublicationType><PublicationType UI="D016449">Randomized Controlled Trial</PublicationType><PublicationType UI="D013485">Research Support, Non-U.S. Gov't</PublicationType></PublicationTypeList></Article><MedlineJournalInfo><Country>Germany</Country><MedlineTA>Eur J Clin Pharmacol</MedlineTA><NlmUniqueID>1256165</NlmUniqueID><ISSNLinking>0031-6970</ISSNLinking></MedlineJournalInfo><ChemicalList><Chemical><RegistryNumber>0</RegistryNumber><NameOfSubstance UI="D001786">Blood Glucose</NameOfSubstance></Chemical><Chemical><RegistryNumber>0</RegistryNumber><NameOfSubstance UI="D002219">Carbamates</NameOfSubstance></Chemical><Chemical><RegistryNumber>0</RegistryNumber><NameOfSubstance UI="D007004">Hypoglycemic Agents</NameOfSubstance></Chemical><Chemical><RegistryNumber>0</RegistryNumber><NameOfSubstance UI="D010880">Piperidines</NameOfSubstance></Chemical><Chemical><RegistryNumber>0</RegistryNumber><NameOfSubstance UI="D013453">Sulfonylurea Compounds</NameOfSubstance></Chemical><Chemical><RegistryNumber>668Z8C33LU</RegistryNumber><NameOfSubstance UI="C072379">repaglinide</NameOfSubstance></Chemical><Chemical><RegistryNumber>SX6K58TVWC</RegistryNumber><NameOfSubstance UI="D005905">Glyburide</NameOfSubstance></Chemical></ChemicalList><CitationSubset>IM</CitationSubset><MeshHeadingList><MeshHeading><DescriptorName UI="D001786" MajorTopicYN="N">Blood Glucose</DescriptorName><QualifierName UI="Q000378" MajorTopicYN="N">metabolism</QualifierName></MeshHeading><MeshHeading><DescriptorName UI="D002219" MajorTopicYN="N">Carbamates</DescriptorName><QualifierName UI="Q000627" MajorTopicYN="Y">therapeutic use</QualifierName></MeshHeading><MeshHeading><DescriptorName UI="D003924" MajorTopicYN="N">Diabetes Mellitus, Type 2</DescriptorName><QualifierName UI="Q000097" MajorTopicYN="N">blood</QualifierName><QualifierName UI="Q000188" MajorTopicYN="Y">drug therapy</QualifierName></MeshHeading><MeshHeading><DescriptorName UI="D004311" MajorTopicYN="N">Double-Blind Method</DescriptorName></MeshHeading><MeshHeading><DescriptorName UI="D005260" MajorTopicYN="N">Female</DescriptorName></MeshHeading><MeshHeading><DescriptorName UI="D005905" MajorTopicYN="N">Glyburide</DescriptorName><QualifierName UI="Q000627" MajorTopicYN="Y">therapeutic use</QualifierName></MeshHeading><MeshHeading><DescriptorName UI="D006801" MajorTopicYN="N">Humans</DescriptorName></MeshHeading><MeshHeading><DescriptorName UI="D007004" MajorTopicYN="N">Hypoglycemic Agents</DescriptorName><QualifierName UI="Q000627" MajorTopicYN="Y">therapeutic use</QualifierName></MeshHeading><MeshHeading><DescriptorName UI="D008297" MajorTopicYN="N">Male</DescriptorName></MeshHeading><MeshHeading><DescriptorName UI="D008875" MajorTopicYN="N">Middle Aged</DescriptorName></MeshHeading><MeshHeading><DescriptorName UI="D010880" MajorTopicYN="N">Piperidines</DescriptorName><QualifierName UI="Q000627" MajorTopicYN="Y">therapeutic use</QualifierName></MeshHeading><MeshHeading><DescriptorName UI="D013453" MajorTopicYN="N">Sulfonylurea Compounds</DescriptorName><QualifierName UI="Q000627" MajorTopicYN="N">therapeutic use</QualifierName></MeshHeading></MeshHeadingList></MedlineCitation><PubmedData><History><PubMedPubDate PubStatus="pubmed"><Year>1999</Year><Month>6</Month><Day>24</Day></PubMedPubDate><PubMedPubDate PubStatus="medline"><Year>1999</Year><Month>6</Month><Day>24</Day><Hour>0</Hour><Minute>1</Minute></PubMedPubDate><PubMedPubDate PubStatus="entrez"><Year>1999</Year><Month>6</Month><Day>24</Day><Hour>0</Hour><Minute>0</Minute></PubMedPubDate></History><PublicationStatus>ppublish</PublicationStatus><ArticleIdList><ArticleId IdType="pubmed">10379630</ArticleId><ArticleId IdType="doi">10.1007/s002280050613</ArticleId></ArticleIdList></PubmedData></PubmedArticle></PubmedArticleSet>