<?xml version="1.0" ?>
<!DOCTYPE PubmedArticleSet PUBLIC "-//NLM//DTD PubMedArticle, 1st January 2019//EN" "https://dtd.nlm.nih.gov/ncbi/pubmed/out/pubmed_190101.dtd">
<PubmedArticleSet><PubmedArticle><MedlineCitation Status="MEDLINE" Owner="NLM"><PMID Version="1">10372241</PMID><DateCompleted><Year>1999</Year><Month>08</Month><Day>02</Day></DateCompleted><DateRevised><Year>2019</Year><Month>05</Month><Day>15</Day></DateRevised><Article PubModel="Print"><Journal><ISSN IssnType="Print">0149-5992</ISSN><JournalIssue CitedMedium="Print"><Volume>22</Volume><Issue>6</Issue><PubDate><Year>1999</Year><Month>Jun</Month></PubDate></JournalIssue><Title>Diabetes care</Title><ISOAbbreviation>Diabetes Care</ISOAbbreviation></Journal><ArticleTitle>Konjac-mannan (glucomannan) improves glycemia and other associated risk factors for coronary heart disease in type 2 diabetes. A randomized controlled metabolic trial.</ArticleTitle><Pagination><MedlinePgn>913-9</MedlinePgn></Pagination><Abstract><AbstractText Label="OBJECTIVE" NlmCategory="OBJECTIVE">To examine whether Konjac-mannan (KJM) fiber improves metabolic control as measured by glycemia, lipidemia, and blood pressure in high-risk type 2 diabetic patients.</AbstractText><AbstractText Label="RESEARCH DESIGN AND METHODS" NlmCategory="METHODS">A total of 11 hyperlipidemic and hypertensive type 2 diabetic patients treated conventionally by a low-fat diet and drug therapy participated. After an 8-week baseline, all were randomly assigned to take either KJM fiber-enriched test biscuits (0.7 g/412 kJ [100 kcal] of glucomannan) or matched placebo wheat bran fiber biscuits during two 3-week treatment phases separated by a 2-week washout period. The diet in either case was metabolically controlled and conformed to National Cholesterol Education Program Step 2 guidelines, while medications were maintained constant. Efficacy measures included serum fructosamine, lipid profiles, apolipoproteins, blood pressure, body weight, and nutritional analysis.</AbstractText><AbstractText Label="RESULTS" NlmCategory="RESULTS">Compared with placebo, KJM significantly reduced the metabolic control primary end points: serum fructosamine (5.7%, P = 0.007, adjusted alpha = 0.0167), total:HDL cholesterol ratio (10%, P = 0.03, adjusted alpha = 0.05), and systolic blood pressure (sBP) (6.9%, P = 0.02, adjusted alpha = 0.025). Secondary end points, including body weight, total, LDL, and HDL cholesterol, triglycerides, apolipoproteins A-1, B, and their ratio, glucose, insulin, and diastolic blood pressure, were not significant after adjustment by the Bonferroni-Hochberg procedure.</AbstractText><AbstractText Label="CONCLUSIONS" NlmCategory="CONCLUSIONS">KJM fiber added to conventional treatment may ameliorate glycemic control, blood lipid profile, and sBP in high-risk diabetic individuals, possibly improving the effectiveness of conventional treatment in type 2 diabetes.</AbstractText></Abstract><AuthorList CompleteYN="Y"><Author ValidYN="Y"><LastName>Vuksan</LastName><ForeName>V</ForeName><Initials>V</Initials><AffiliationInfo><Affiliation>Department of Nutritional Sciences, St. Michael's Hospital, Faculty of Medicine, University of Toronto, Ontario, Canada. v.vuksan@utoronto.ca</Affiliation></AffiliationInfo></Author><Author ValidYN="Y"><LastName>Jenkins</LastName><ForeName>D J</ForeName><Initials>DJ</Initials></Author><Author ValidYN="Y"><LastName>Spadafora</LastName><ForeName>P</ForeName><Initials>P</Initials></Author><Author ValidYN="Y"><LastName>Sievenpiper</LastName><ForeName>J L</ForeName><Initials>JL</Initials></Author><Author ValidYN="Y"><LastName>Owen</LastName><ForeName>R</ForeName><Initials>R</Initials></Author><Author ValidYN="Y"><LastName>Vidgen</LastName><ForeName>E</ForeName><Initials>E</Initials></Author><Author ValidYN="Y"><LastName>Brighenti</LastName><ForeName>F</ForeName><Initials>F</Initials></Author><Author ValidYN="Y"><LastName>Josse</LastName><ForeName>R</ForeName><Initials>R</Initials></Author><Author ValidYN="Y"><LastName>Leiter</LastName><ForeName>L A</ForeName><Initials>LA</Initials></Author><Author ValidYN="Y"><LastName>Bruce-Thompson</LastName><ForeName>C</ForeName><Initials>C</Initials></Author></AuthorList><Language>eng</Language><PublicationTypeList><PublicationType UI="D016430">Clinical Trial</PublicationType><PublicationType UI="D016428">Journal Article</PublicationType><PublicationType UI="D016449">Randomized Controlled Trial</PublicationType><PublicationType UI="D013485">Research Support, Non-U.S. Gov't</PublicationType></PublicationTypeList></Article><MedlineJournalInfo><Country>United States</Country><MedlineTA>Diabetes Care</MedlineTA><NlmUniqueID>7805975</NlmUniqueID><ISSNLinking>0149-5992</ISSNLinking></MedlineJournalInfo><ChemicalList><Chemical><RegistryNumber>0</RegistryNumber><NameOfSubstance UI="D001053">Apolipoproteins</NameOfSubstance></Chemical><Chemical><RegistryNumber>0</RegistryNumber><NameOfSubstance UI="D001786">Blood Glucose</NameOfSubstance></Chemical><Chemical><RegistryNumber>0</RegistryNumber><NameOfSubstance UI="D004043">Dietary Fiber</NameOfSubstance></Chemical><Chemical><RegistryNumber>0</RegistryNumber><NameOfSubstance UI="D007328">Insulin</NameOfSubstance></Chemical><Chemical><RegistryNumber>0</RegistryNumber><NameOfSubstance UI="D008351">Mannans</NameOfSubstance></Chemical><Chemical><RegistryNumber>0</RegistryNumber><NameOfSubstance UI="D014280">Triglycerides</NameOfSubstance></Chemical><Chemical><RegistryNumber>36W3E5TAMG</RegistryNumber><NameOfSubstance UI="C022901">(1-6)-alpha-glucomannan</NameOfSubstance></Chemical><Chemical><RegistryNumber>4429-04-3</RegistryNumber><NameOfSubstance UI="D019270">Fructosamine</NameOfSubstance></Chemical><Chemical><RegistryNumber>97C5T2UQ7J</RegistryNumber><NameOfSubstance UI="D002784">Cholesterol</NameOfSubstance></Chemical></ChemicalList><CitationSubset>IM</CitationSubset><MeshHeadingList><MeshHeading><DescriptorName UI="D001053" MajorTopicYN="N">Apolipoproteins</DescriptorName><QualifierName UI="Q000097" MajorTopicYN="N">blood</QualifierName></MeshHeading><MeshHeading><DescriptorName UI="D001786" MajorTopicYN="N">Blood Glucose</DescriptorName><QualifierName UI="Q000378" MajorTopicYN="Y">metabolism</QualifierName></MeshHeading><MeshHeading><DescriptorName UI="D001794" MajorTopicYN="N">Blood Pressure</DescriptorName></MeshHeading><MeshHeading><DescriptorName UI="D001835" MajorTopicYN="N">Body Weight</DescriptorName></MeshHeading><MeshHeading><DescriptorName UI="D002784" MajorTopicYN="N">Cholesterol</DescriptorName><QualifierName UI="Q000097" MajorTopicYN="Y">blood</QualifierName></MeshHeading><MeshHeading><DescriptorName UI="D003327" MajorTopicYN="N">Coronary Disease</DescriptorName><QualifierName UI="Q000453" MajorTopicYN="N">epidemiology</QualifierName><QualifierName UI="Q000517" MajorTopicYN="Y">prevention &amp; control</QualifierName></MeshHeading><MeshHeading><DescriptorName UI="D003920" MajorTopicYN="N">Diabetes Mellitus</DescriptorName><QualifierName UI="Q000097" MajorTopicYN="N">blood</QualifierName><QualifierName UI="Q000503" MajorTopicYN="N">physiopathology</QualifierName><QualifierName UI="Q000628" MajorTopicYN="N">therapy</QualifierName></MeshHeading><MeshHeading><DescriptorName UI="D003924" MajorTopicYN="N">Diabetes Mellitus, Type 2</DescriptorName><QualifierName UI="Q000097" MajorTopicYN="N">blood</QualifierName><QualifierName UI="Q000503" MajorTopicYN="N">physiopathology</QualifierName><QualifierName UI="Q000628" MajorTopicYN="Y">therapy</QualifierName></MeshHeading><MeshHeading><DescriptorName UI="D003927" MajorTopicYN="Y">Diet, Diabetic</DescriptorName></MeshHeading><MeshHeading><DescriptorName UI="D004043" MajorTopicYN="N">Dietary Fiber</DescriptorName><QualifierName UI="Q000627" MajorTopicYN="Y">therapeutic use</QualifierName></MeshHeading><MeshHeading><DescriptorName UI="D005260" MajorTopicYN="N">Female</DescriptorName></MeshHeading><MeshHeading><DescriptorName UI="D019270" MajorTopicYN="N">Fructosamine</DescriptorName><QualifierName UI="Q000097" MajorTopicYN="Y">blood</QualifierName></MeshHeading><MeshHeading><DescriptorName UI="D006801" MajorTopicYN="N">Humans</DescriptorName></MeshHeading><MeshHeading><DescriptorName UI="D007328" MajorTopicYN="N">Insulin</DescriptorName><QualifierName UI="Q000097" MajorTopicYN="N">blood</QualifierName></MeshHeading><MeshHeading><DescriptorName UI="D008297" MajorTopicYN="N">Male</DescriptorName></MeshHeading><MeshHeading><DescriptorName UI="D008351" MajorTopicYN="N">Mannans</DescriptorName><QualifierName UI="Q000627" MajorTopicYN="Y">therapeutic use</QualifierName></MeshHeading><MeshHeading><DescriptorName UI="D008875" MajorTopicYN="N">Middle Aged</DescriptorName></MeshHeading><MeshHeading><DescriptorName UI="D009765" MajorTopicYN="N">Obesity</DescriptorName></MeshHeading><MeshHeading><DescriptorName UI="D012307" MajorTopicYN="N">Risk Factors</DescriptorName></MeshHeading><MeshHeading><DescriptorName UI="D014280" MajorTopicYN="N">Triglycerides</DescriptorName><QualifierName UI="Q000097" MajorTopicYN="N">blood</QualifierName></MeshHeading></MeshHeadingList></MedlineCitation><PubmedData><History><PubMedPubDate PubStatus="pubmed"><Year>1999</Year><Month>6</Month><Day>18</Day></PubMedPubDate><PubMedPubDate PubStatus="medline"><Year>1999</Year><Month>6</Month><Day>18</Day><Hour>0</Hour><Minute>1</Minute></PubMedPubDate><PubMedPubDate PubStatus="entrez"><Year>1999</Year><Month>6</Month><Day>18</Day><Hour>0</Hour><Minute>0</Minute></PubMedPubDate></History><PublicationStatus>ppublish</PublicationStatus><ArticleIdList><ArticleId IdType="pubmed">10372241</ArticleId><ArticleId IdType="doi">10.2337/diacare.22.6.913</ArticleId></ArticleIdList></PubmedData></PubmedArticle></PubmedArticleSet>