<?xml version="1.0" ?>
<!DOCTYPE PubmedArticleSet PUBLIC "-//NLM//DTD PubMedArticle, 1st January 2019//EN" "https://dtd.nlm.nih.gov/ncbi/pubmed/out/pubmed_190101.dtd">
<PubmedArticleSet><PubmedArticle><MedlineCitation Status="MEDLINE" Owner="NLM"><PMID Version="1">10382589</PMID><DateCompleted><Year>1999</Year><Month>08</Month><Day>03</Day></DateCompleted><DateRevised><Year>2011</Year><Month>11</Month><Day>17</Day></DateRevised><Article PubModel="Print"><Journal><ISSN IssnType="Print">0012-186X</ISSN><JournalIssue CitedMedium="Print"><Volume>42</Volume><Issue>6</Issue><PubDate><Year>1999</Year><Month>Jun</Month></PubDate></JournalIssue><Title>Diabetologia</Title><ISOAbbreviation>Diabetologia</ISOAbbreviation></Journal><ArticleTitle>NMDA receptor subunits are modified transcriptionally and post-translationally in the brain of streptozotocin-diabetic rats.</ArticleTitle><Pagination><MedlinePgn>693-701</MedlinePgn></Pagination><Abstract><AbstractText Label="AIMS/HYPOTHESIS" NlmCategory="OBJECTIVE">Moderate disturbances of learning and memory were recognized as a complication of diabetes mellitus in patients. The streptozotocin-diabetic rat, an animal model of insulin-dependent diabetes, shows impairments in spatial memory and in long-term potentiation expression. We have studied the effect of experimental diabetes on expression of post-synaptic glutamate N-Methyl-D-Aspartate ionotropic receptors and of other key proteins regulating synaptic transmission at the post-synaptic compartment.</AbstractText><AbstractText Label="METHODS" NlmCategory="METHODS">In situ hybridization and Western blot analysis were used to assess expression and protein concentration of N-Methyl-D-Aspartate receptors and alpha-calcium-calmodulin-dependent kinase II. Receptor subunits alphaCaMKII-dependent phosphorylation was studied in post-synaptic densities obtained from the hippocampus and cortex of control, streptozotocin-diabetic and insulin-treated rats.</AbstractText><AbstractText Label="RESULTS" NlmCategory="RESULTS">The transcript levels of NR1 and NR2A subunits of N-Methyl-D-Aspartate were unchanged in rats with a diabetic duration of 3 months when compared with age-matched control rats. Accordingly, NR1 and NR2A as well as GluR1, GluR2/3, PSD-95 and alphaCaMKII protein concentrations in post-synaptic densities were the same in both control and diabetic rats, whereas the immunoreactivity for NR2B was reduced by about 40%. In addition, the activity of alphaCaMKII on exogenous substrates, such as syntide-2, and the phosphorylation of NR2A/B subunits of N-Methyl-D-Aspartate receptor was reduced in hippocampal post-synaptic densities of streptozotocin-diabetic rats as compared with control rats. Furthermore, we show that insulin intervention for 3 months after diabetic duration partially restored both alphaCaMKII activity and NR2B levels.</AbstractText><AbstractText Label="CONCLUSION/INTERPRETATION" NlmCategory="CONCLUSIONS">N-Methyl-D-Aspartate receptor expression and phosphorylation is possibly involved in behavioural and electrophysiological abnormalities observed in streptozotocin-diabetic rats.</AbstractText></Abstract><AuthorList CompleteYN="Y"><Author ValidYN="Y"><LastName>Di Luca</LastName><ForeName>M</ForeName><Initials>M</Initials><AffiliationInfo><Affiliation>Institute of Pharmacological Sciences, University of Milan, Italy.</Affiliation></AffiliationInfo></Author><Author ValidYN="Y"><LastName>Ruts</LastName><ForeName>L</ForeName><Initials>L</Initials></Author><Author ValidYN="Y"><LastName>Gardoni</LastName><ForeName>F</ForeName><Initials>F</Initials></Author><Author ValidYN="Y"><LastName>Cattabeni</LastName><ForeName>F</ForeName><Initials>F</Initials></Author><Author ValidYN="Y"><LastName>Biessels</LastName><ForeName>G J</ForeName><Initials>GJ</Initials></Author><Author ValidYN="Y"><LastName>Gispen</LastName><ForeName>W H</ForeName><Initials>WH</Initials></Author></AuthorList><Language>eng</Language><PublicationTypeList><PublicationType UI="D016428">Journal Article</PublicationType></PublicationTypeList></Article><MedlineJournalInfo><Country>Germany</Country><MedlineTA>Diabetologia</MedlineTA><NlmUniqueID>0006777</NlmUniqueID><ISSNLinking>0012-186X</ISSNLinking></MedlineJournalInfo><ChemicalList><Chemical><RegistryNumber>0</RegistryNumber><NameOfSubstance UI="D007328">Insulin</NameOfSubstance></Chemical><Chemical><RegistryNumber>0</RegistryNumber><NameOfSubstance UI="D016194">Receptors, N-Methyl-D-Aspartate</NameOfSubstance></Chemical><Chemical><RegistryNumber>EC 2.7.11.17</RegistryNumber><NameOfSubstance UI="D054732">Calcium-Calmodulin-Dependent Protein Kinase Type 2</NameOfSubstance></Chemical><Chemical><RegistryNumber>EC 2.7.11.17</RegistryNumber><NameOfSubstance UI="D017871">Calcium-Calmodulin-Dependent Protein Kinases</NameOfSubstance></Chemical></ChemicalList><CitationSubset>IM</CitationSubset><MeshHeadingList><MeshHeading><DescriptorName UI="D000818" MajorTopicYN="N">Animals</DescriptorName></MeshHeading><MeshHeading><DescriptorName UI="D001921" MajorTopicYN="N">Brain</DescriptorName><QualifierName UI="Q000378" MajorTopicYN="Y">metabolism</QualifierName></MeshHeading><MeshHeading><DescriptorName UI="D054732" MajorTopicYN="N">Calcium-Calmodulin-Dependent Protein Kinase Type 2</DescriptorName></MeshHeading><MeshHeading><DescriptorName UI="D017871" MajorTopicYN="N">Calcium-Calmodulin-Dependent Protein Kinases</DescriptorName><QualifierName UI="Q000378" MajorTopicYN="N">metabolism</QualifierName></MeshHeading><MeshHeading><DescriptorName UI="D003921" MajorTopicYN="N">Diabetes Mellitus, Experimental</DescriptorName><QualifierName UI="Q000188" MajorTopicYN="N">drug therapy</QualifierName><QualifierName UI="Q000378" MajorTopicYN="Y">metabolism</QualifierName></MeshHeading><MeshHeading><DescriptorName UI="D004591" MajorTopicYN="N">Electrophoresis, Polyacrylamide Gel</DescriptorName></MeshHeading><MeshHeading><DescriptorName UI="D005786" MajorTopicYN="N">Gene Expression Regulation</DescriptorName></MeshHeading><MeshHeading><DescriptorName UI="D017403" MajorTopicYN="N">In Situ Hybridization</DescriptorName></MeshHeading><MeshHeading><DescriptorName UI="D007328" MajorTopicYN="N">Insulin</DescriptorName><QualifierName UI="Q000627" MajorTopicYN="N">therapeutic use</QualifierName></MeshHeading><MeshHeading><DescriptorName UI="D008297" MajorTopicYN="N">Male</DescriptorName></MeshHeading><MeshHeading><DescriptorName UI="D010766" MajorTopicYN="N">Phosphorylation</DescriptorName></MeshHeading><MeshHeading><DescriptorName UI="D011487" MajorTopicYN="N">Protein Conformation</DescriptorName></MeshHeading><MeshHeading><DescriptorName UI="D011499" MajorTopicYN="Y">Protein Processing, Post-Translational</DescriptorName></MeshHeading><MeshHeading><DescriptorName UI="D051381" MajorTopicYN="N">Rats</DescriptorName></MeshHeading><MeshHeading><DescriptorName UI="D017208" MajorTopicYN="N">Rats, Wistar</DescriptorName></MeshHeading><MeshHeading><DescriptorName UI="D016194" MajorTopicYN="N">Receptors, N-Methyl-D-Aspartate</DescriptorName><QualifierName UI="Q000096" MajorTopicYN="Y">biosynthesis</QualifierName><QualifierName UI="Q000378" MajorTopicYN="N">metabolism</QualifierName></MeshHeading></MeshHeadingList></MedlineCitation><PubmedData><History><PubMedPubDate PubStatus="pubmed"><Year>1999</Year><Month>6</Month><Day>26</Day></PubMedPubDate><PubMedPubDate PubStatus="medline"><Year>1999</Year><Month>6</Month><Day>26</Day><Hour>0</Hour><Minute>1</Minute></PubMedPubDate><PubMedPubDate PubStatus="entrez"><Year>1999</Year><Month>6</Month><Day>26</Day><Hour>0</Hour><Minute>0</Minute></PubMedPubDate></History><PublicationStatus>ppublish</PublicationStatus><ArticleIdList><ArticleId IdType="pubmed">10382589</ArticleId><ArticleId IdType="doi">10.1007/s001250051217</ArticleId></ArticleIdList></PubmedData></PubmedArticle></PubmedArticleSet>