<?xml version="1.0" ?>
<!DOCTYPE PubmedArticleSet PUBLIC "-//NLM//DTD PubMedArticle, 1st January 2019//EN" "https://dtd.nlm.nih.gov/ncbi/pubmed/out/pubmed_190101.dtd">
<PubmedArticleSet><PubmedArticle><MedlineCitation Status="MEDLINE" Owner="NLM"><PMID Version="1">10382597</PMID><DateCompleted><Year>1999</Year><Month>08</Month><Day>03</Day></DateCompleted><DateRevised><Year>2022</Year><Month>04</Month><Day>08</Day></DateRevised><Article PubModel="Print"><Journal><ISSN IssnType="Print">0012-186X</ISSN><JournalIssue CitedMedium="Print"><Volume>42</Volume><Issue>6</Issue><PubDate><Year>1999</Year><Month>Jun</Month></PubDate></JournalIssue><Title>Diabetologia</Title><ISOAbbreviation>Diabetologia</ISOAbbreviation></Journal><ArticleTitle>The PPARgamma2 amino acid polymorphism Pro 12 Ala is prevalent in offspring of Type II diabetic patients and is associated to increased insulin sensitivity in a subgroup of obese subjects.</ArticleTitle><Pagination><MedlinePgn>758-62</MedlinePgn></Pagination><Abstract><AbstractText Label="AIMS/HYPOTHESIS" NlmCategory="OBJECTIVE">Recently a mutation in the coding sequence of the adipocyte specific isoform peroxisome proliferator-activated receptor gamma2 (PPARgamma2) was described, leading to the substitution of Proline to Alanine at codon 12. Mutations in PPARgamma2 could have a role in people who are at increased risk for the development of obesity and Type II (non-insulin-dependent) diabetes mellitus.</AbstractText><AbstractText Label="METHODS" NlmCategory="METHODS">Non-diabetic first-degree relatives (n = 108) of subjects with Type II diabetes were characterized by oral glucose tolerance tests and euglycaemic hyperinsulinaemic glucose clamp to determine insulin sensitivity.</AbstractText><AbstractText Label="RESULTS" NlmCategory="RESULTS">We found 75 (69%) probands without the PPARgamma ProAla12 substitution, 28 heterozygotes (26%) and 5 (4%) homozygotes. When the whole group was analysed for an association between the mutation and insulin sensitivity, no statistical significance could be shown. Only in the group with severe obesity more than 30 kg/m2, an association (p = 0.016) of the polymorphism with an increase in insulin sensitivity was found.</AbstractText><AbstractText Label="CONCLUSION/INTERPRETATION" NlmCategory="CONCLUSIONS">These observations suggest that the mutation in the PPARgamma2 molecule may have a role in subgroups prone to the development of obesity and Type II diabetes.</AbstractText></Abstract><AuthorList CompleteYN="Y"><Author ValidYN="Y"><LastName>Koch</LastName><ForeName>M</ForeName><Initials>M</Initials><AffiliationInfo><Affiliation>Medical Clinic University of Tübingen, Department IV, Internal Medicine, Endocrinology, Metabolism and Pathobiochemistry, Germany.</Affiliation></AffiliationInfo></Author><Author ValidYN="Y"><LastName>Rett</LastName><ForeName>K</ForeName><Initials>K</Initials></Author><Author ValidYN="Y"><LastName>Maerker</LastName><ForeName>E</ForeName><Initials>E</Initials></Author><Author ValidYN="Y"><LastName>Volk</LastName><ForeName>A</ForeName><Initials>A</Initials></Author><Author ValidYN="Y"><LastName>Haist</LastName><ForeName>K</ForeName><Initials>K</Initials></Author><Author ValidYN="Y"><LastName>Deninger</LastName><ForeName>M</ForeName><Initials>M</Initials></Author><Author ValidYN="Y"><LastName>Renn</LastName><ForeName>W</ForeName><Initials>W</Initials></Author><Author ValidYN="Y"><LastName>Häring</LastName><ForeName>H U</ForeName><Initials>HU</Initials></Author></AuthorList><Language>eng</Language><PublicationTypeList><PublicationType UI="D016428">Journal Article</PublicationType><PublicationType UI="D013485">Research Support, Non-U.S. Gov't</PublicationType></PublicationTypeList></Article><MedlineJournalInfo><Country>Germany</Country><MedlineTA>Diabetologia</MedlineTA><NlmUniqueID>0006777</NlmUniqueID><ISSNLinking>0012-186X</ISSNLinking></MedlineJournalInfo><ChemicalList><Chemical><RegistryNumber>0</RegistryNumber><NameOfSubstance UI="D003062">Codon</NameOfSubstance></Chemical><Chemical><RegistryNumber>0</RegistryNumber><NameOfSubstance UI="D018160">Receptors, Cytoplasmic and Nuclear</NameOfSubstance></Chemical><Chemical><RegistryNumber>0</RegistryNumber><NameOfSubstance UI="D014157">Transcription Factors</NameOfSubstance></Chemical><Chemical><RegistryNumber>9DLQ4CIU6V</RegistryNumber><NameOfSubstance UI="D011392">Proline</NameOfSubstance></Chemical><Chemical><RegistryNumber>OF5P57N2ZX</RegistryNumber><NameOfSubstance UI="D000409">Alanine</NameOfSubstance></Chemical></ChemicalList><CitationSubset>IM</CitationSubset><MeshHeadingList><MeshHeading><DescriptorName UI="D000328" MajorTopicYN="N">Adult</DescriptorName></MeshHeading><MeshHeading><DescriptorName UI="D000409" MajorTopicYN="N">Alanine</DescriptorName><QualifierName UI="Q000235" MajorTopicYN="Y">genetics</QualifierName></MeshHeading><MeshHeading><DescriptorName UI="D019943" MajorTopicYN="N">Amino Acid Substitution</DescriptorName></MeshHeading><MeshHeading><DescriptorName UI="D003062" MajorTopicYN="N">Codon</DescriptorName></MeshHeading><MeshHeading><DescriptorName UI="D003920" MajorTopicYN="N">Diabetes Mellitus</DescriptorName><QualifierName UI="Q000235" MajorTopicYN="Y">genetics</QualifierName></MeshHeading><MeshHeading><DescriptorName UI="D003924" MajorTopicYN="N">Diabetes Mellitus, Type 2</DescriptorName><QualifierName UI="Q000235" MajorTopicYN="Y">genetics</QualifierName></MeshHeading><MeshHeading><DescriptorName UI="D005260" MajorTopicYN="N">Female</DescriptorName></MeshHeading><MeshHeading><DescriptorName UI="D006801" MajorTopicYN="N">Humans</DescriptorName></MeshHeading><MeshHeading><DescriptorName UI="D007333" MajorTopicYN="Y">Insulin Resistance</DescriptorName></MeshHeading><MeshHeading><DescriptorName UI="D008297" MajorTopicYN="N">Male</DescriptorName></MeshHeading><MeshHeading><DescriptorName UI="D009154" MajorTopicYN="N">Mutation</DescriptorName></MeshHeading><MeshHeading><DescriptorName UI="D009765" MajorTopicYN="Y">Obesity</DescriptorName></MeshHeading><MeshHeading><DescriptorName UI="D011110" MajorTopicYN="Y">Polymorphism, Genetic</DescriptorName></MeshHeading><MeshHeading><DescriptorName UI="D011392" MajorTopicYN="N">Proline</DescriptorName><QualifierName UI="Q000235" MajorTopicYN="Y">genetics</QualifierName></MeshHeading><MeshHeading><DescriptorName UI="D019655" MajorTopicYN="N">Quantitative Trait, Heritable</DescriptorName></MeshHeading><MeshHeading><DescriptorName UI="D018160" MajorTopicYN="N">Receptors, Cytoplasmic and Nuclear</DescriptorName><QualifierName UI="Q000235" MajorTopicYN="Y">genetics</QualifierName></MeshHeading><MeshHeading><DescriptorName UI="D014157" MajorTopicYN="N">Transcription Factors</DescriptorName><QualifierName UI="Q000235" MajorTopicYN="Y">genetics</QualifierName></MeshHeading></MeshHeadingList></MedlineCitation><PubmedData><History><PubMedPubDate PubStatus="pubmed"><Year>1999</Year><Month>6</Month><Day>26</Day></PubMedPubDate><PubMedPubDate PubStatus="medline"><Year>1999</Year><Month>6</Month><Day>26</Day><Hour>0</Hour><Minute>1</Minute></PubMedPubDate><PubMedPubDate PubStatus="entrez"><Year>1999</Year><Month>6</Month><Day>26</Day><Hour>0</Hour><Minute>0</Minute></PubMedPubDate></History><PublicationStatus>ppublish</PublicationStatus><ArticleIdList><ArticleId IdType="pubmed">10382597</ArticleId><ArticleId IdType="doi">10.1007/s001250051225</ArticleId></ArticleIdList></PubmedData></PubmedArticle></PubmedArticleSet>