<?xml version="1.0" ?>
<!DOCTYPE PubmedArticleSet PUBLIC "-//NLM//DTD PubMedArticle, 1st January 2019//EN" "https://dtd.nlm.nih.gov/ncbi/pubmed/out/pubmed_190101.dtd">
<PubmedArticleSet><PubmedArticle><MedlineCitation Status="MEDLINE" Owner="NLM"><PMID Version="1">10388979</PMID><DateCompleted><Year>1999</Year><Month>08</Month><Day>24</Day></DateCompleted><DateRevised><Year>2019</Year><Month>05</Month><Day>15</Day></DateRevised><Article PubModel="Print"><Journal><ISSN IssnType="Print">0149-5992</ISSN><JournalIssue CitedMedium="Print"><Volume>22</Volume><Issue>7</Issue><PubDate><Year>1999</Year><Month>Jul</Month></PubDate></JournalIssue><Title>Diabetes care</Title><ISOAbbreviation>Diabetes Care</ISOAbbreviation></Journal><ArticleTitle>Continuous subcutaneous infusion of glucagon-like peptide 1 lowers plasma glucose and reduces appetite in type 2 diabetic patients.</ArticleTitle><Pagination><MedlinePgn>1137-43</MedlinePgn></Pagination><Abstract><AbstractText Label="OBJECTIVE" NlmCategory="OBJECTIVE">The gut hormone glucagon-like peptide 1 (GLP-1) has insulinotropic and anorectic effects during intravenous infusion and has been proposed as a new treatment for type 2 diabetes and obesity. The effect of a single subcutaneous injection is brief because of rapid degradation. We therefore sought to evaluate the effect of infusion of GLP-1 for 48 h in patients with type 2 diabetes.</AbstractText><AbstractText Label="RESEARCH DESIGN AND METHODS" NlmCategory="METHODS">We infused GLP-1 (2.4 pmol.kg-1.min-1) or saline subcutaneously for 48 h in randomized order in six patients with type 2 diabetes to evaluate the effect on appetite during fixed energy intake and on plasma glucose, insulin, glucagon, postprandial lipidemia, blood pressure, heart rate, and basal metabolic rate.</AbstractText><AbstractText Label="RESULTS" NlmCategory="RESULTS">The infusion resulted in elevations of the plasma concentrations of intact GLP-1 similar to those observed after intravenous infusion of 1.2 pmol.kg-1.min-1, previously shown to lower blood glucose effectively in type 2 diabetic patients. Fasting plasma glucose (day 2) decreased from 14.1 +/- 0.9 (saline) to 12.2 +/- 0.7 mmol/l (GLP-1), P = 0.009, and 24-h mean plasma glucose decreased from 15.4 +/- 1.0 to 13.0 +/- 1.0 mmol/l, P = 0.0009. Fasting and total area under the curve for insulin and C-peptide levels were significantly higher during the GLP-1 administration, whereas glucagon levels were unchanged. Neither triglycerides nor free fatty acids were affected. GLP-1 administration decreased hunger and prospective food intake and increased satiety, whereas fullness was unaffected. No side effects during GLP-1 infusion were recorded except for a brief cutaneous reaction. Basal metabolic rate and heart rate did not change significantly during GLP-1 administration. Both systolic and diastolic blood pressure tended to be lower during the GLP-1 infusion.</AbstractText><AbstractText Label="CONCLUSIONS" NlmCategory="CONCLUSIONS">We conclude that 48-h continuous subcutaneous infusion of GLP-1 in type 2 diabetic patients 1) lowers fasting as well as meal-related plasma glucose, 2) reduces appetite, 3) has no gastrointestinal side effects, and 4) has no negative effect on blood pressure.</AbstractText></Abstract><AuthorList CompleteYN="Y"><Author ValidYN="Y"><LastName>Toft-Nielsen</LastName><ForeName>M B</ForeName><Initials>MB</Initials><AffiliationInfo><Affiliation>Department of Endocrinology, Hvidovre Hospital, Denmark.</Affiliation></AffiliationInfo></Author><Author ValidYN="Y"><LastName>Madsbad</LastName><ForeName>S</ForeName><Initials>S</Initials></Author><Author ValidYN="Y"><LastName>Holst</LastName><ForeName>J J</ForeName><Initials>JJ</Initials></Author></AuthorList><Language>eng</Language><PublicationTypeList><PublicationType UI="D016430">Clinical Trial</PublicationType><PublicationType UI="D016428">Journal Article</PublicationType><PublicationType UI="D016449">Randomized Controlled Trial</PublicationType><PublicationType UI="D013485">Research Support, Non-U.S. Gov't</PublicationType></PublicationTypeList></Article><MedlineJournalInfo><Country>United States</Country><MedlineTA>Diabetes Care</MedlineTA><NlmUniqueID>7805975</NlmUniqueID><ISSNLinking>0149-5992</ISSNLinking></MedlineJournalInfo><ChemicalList><Chemical><RegistryNumber>0</RegistryNumber><NameOfSubstance UI="D001067">Appetite Depressants</NameOfSubstance></Chemical><Chemical><RegistryNumber>0</RegistryNumber><NameOfSubstance UI="D001786">Blood Glucose</NameOfSubstance></Chemical><Chemical><RegistryNumber>0</RegistryNumber><NameOfSubstance UI="D002096">C-Peptide</NameOfSubstance></Chemical><Chemical><RegistryNumber>0</RegistryNumber><NameOfSubstance UI="D007004">Hypoglycemic Agents</NameOfSubstance></Chemical><Chemical><RegistryNumber>0</RegistryNumber><NameOfSubstance UI="D007328">Insulin</NameOfSubstance></Chemical><Chemical><RegistryNumber>0</RegistryNumber><NameOfSubstance UI="D008055">Lipids</NameOfSubstance></Chemical><Chemical><RegistryNumber>0</RegistryNumber><NameOfSubstance UI="D010446">Peptide Fragments</NameOfSubstance></Chemical><Chemical><RegistryNumber>0</RegistryNumber><NameOfSubstance UI="D010455">Peptides</NameOfSubstance></Chemical><Chemical><RegistryNumber>0</RegistryNumber><NameOfSubstance UI="D011498">Protein Precursors</NameOfSubstance></Chemical><Chemical><RegistryNumber>119637-73-9</RegistryNumber><NameOfSubstance UI="C055453">glucagon-like peptide 1 (7-36)amide</NameOfSubstance></Chemical><Chemical><RegistryNumber>62340-29-8</RegistryNumber><NameOfSubstance UI="D004763">Glucagon-Like Peptides</NameOfSubstance></Chemical><Chemical><RegistryNumber>89750-14-1</RegistryNumber><NameOfSubstance UI="D052216">Glucagon-Like Peptide 1</NameOfSubstance></Chemical><Chemical><RegistryNumber>9007-92-5</RegistryNumber><NameOfSubstance UI="D005934">Glucagon</NameOfSubstance></Chemical><Chemical><RegistryNumber>PI470C66NT</RegistryNumber><NameOfSubstance UI="C051322">glucagon-like peptide 1 (7-37)</NameOfSubstance></Chemical></ChemicalList><CitationSubset>IM</CitationSubset><MeshHeadingList><MeshHeading><DescriptorName UI="D000328" MajorTopicYN="N">Adult</DescriptorName></MeshHeading><MeshHeading><DescriptorName UI="D000368" MajorTopicYN="N">Aged</DescriptorName></MeshHeading><MeshHeading><DescriptorName UI="D001066" MajorTopicYN="N">Appetite</DescriptorName><QualifierName UI="Q000187" MajorTopicYN="Y">drug effects</QualifierName></MeshHeading><MeshHeading><DescriptorName UI="D001067" MajorTopicYN="N">Appetite Depressants</DescriptorName><QualifierName UI="Q000008" MajorTopicYN="N">administration &amp; dosage</QualifierName><QualifierName UI="Q000627" MajorTopicYN="Y">therapeutic use</QualifierName></MeshHeading><MeshHeading><DescriptorName UI="D001786" MajorTopicYN="N">Blood Glucose</DescriptorName><QualifierName UI="Q000378" MajorTopicYN="Y">metabolism</QualifierName></MeshHeading><MeshHeading><DescriptorName UI="D001794" MajorTopicYN="N">Blood Pressure</DescriptorName><QualifierName UI="Q000187" MajorTopicYN="N">drug effects</QualifierName></MeshHeading><MeshHeading><DescriptorName UI="D002096" MajorTopicYN="N">C-Peptide</DescriptorName><QualifierName UI="Q000097" MajorTopicYN="N">blood</QualifierName></MeshHeading><MeshHeading><DescriptorName UI="D003924" MajorTopicYN="N">Diabetes Mellitus, Type 2</DescriptorName><QualifierName UI="Q000097" MajorTopicYN="N">blood</QualifierName><QualifierName UI="Q000188" MajorTopicYN="Y">drug therapy</QualifierName><QualifierName UI="Q000503" MajorTopicYN="N">physiopathology</QualifierName></MeshHeading><MeshHeading><DescriptorName UI="D016503" MajorTopicYN="N">Drug Delivery Systems</DescriptorName></MeshHeading><MeshHeading><DescriptorName UI="D002149" MajorTopicYN="N">Energy Intake</DescriptorName><QualifierName UI="Q000187" MajorTopicYN="N">drug effects</QualifierName></MeshHeading><MeshHeading><DescriptorName UI="D005934" MajorTopicYN="N">Glucagon</DescriptorName><QualifierName UI="Q000008" MajorTopicYN="N">administration &amp; dosage</QualifierName><QualifierName UI="Q000097" MajorTopicYN="N">blood</QualifierName><QualifierName UI="Q000627" MajorTopicYN="Y">therapeutic use</QualifierName></MeshHeading><MeshHeading><DescriptorName UI="D052216" MajorTopicYN="N">Glucagon-Like Peptide 1</DescriptorName></MeshHeading><MeshHeading><DescriptorName UI="D004763" MajorTopicYN="N">Glucagon-Like Peptides</DescriptorName></MeshHeading><MeshHeading><DescriptorName UI="D006801" MajorTopicYN="N">Humans</DescriptorName></MeshHeading><MeshHeading><DescriptorName UI="D007004" MajorTopicYN="N">Hypoglycemic Agents</DescriptorName><QualifierName UI="Q000008" MajorTopicYN="N">administration &amp; dosage</QualifierName><QualifierName UI="Q000627" MajorTopicYN="Y">therapeutic use</QualifierName></MeshHeading><MeshHeading><DescriptorName UI="D007260" MajorTopicYN="N">Infusion Pumps</DescriptorName></MeshHeading><MeshHeading><DescriptorName UI="D007328" MajorTopicYN="N">Insulin</DescriptorName><QualifierName UI="Q000097" MajorTopicYN="N">blood</QualifierName></MeshHeading><MeshHeading><DescriptorName UI="D008055" MajorTopicYN="N">Lipids</DescriptorName><QualifierName UI="Q000097" MajorTopicYN="N">blood</QualifierName></MeshHeading><MeshHeading><DescriptorName UI="D008875" MajorTopicYN="N">Middle Aged</DescriptorName></MeshHeading><MeshHeading><DescriptorName UI="D010446" MajorTopicYN="N">Peptide Fragments</DescriptorName><QualifierName UI="Q000008" MajorTopicYN="N">administration &amp; dosage</QualifierName><QualifierName UI="Q000627" MajorTopicYN="Y">therapeutic use</QualifierName></MeshHeading><MeshHeading><DescriptorName UI="D010455" MajorTopicYN="N">Peptides</DescriptorName><QualifierName UI="Q000008" MajorTopicYN="N">administration &amp; dosage</QualifierName><QualifierName UI="Q000627" MajorTopicYN="Y">therapeutic use</QualifierName></MeshHeading><MeshHeading><DescriptorName UI="D010865" MajorTopicYN="N">Pilot Projects</DescriptorName></MeshHeading><MeshHeading><DescriptorName UI="D019518" MajorTopicYN="N">Postprandial Period</DescriptorName></MeshHeading><MeshHeading><DescriptorName UI="D011498" MajorTopicYN="N">Protein Precursors</DescriptorName><QualifierName UI="Q000008" MajorTopicYN="N">administration &amp; dosage</QualifierName><QualifierName UI="Q000627" MajorTopicYN="Y">therapeutic use</QualifierName></MeshHeading></MeshHeadingList></MedlineCitation><PubmedData><History><PubMedPubDate PubStatus="pubmed"><Year>1999</Year><Month>7</Month><Day>2</Day></PubMedPubDate><PubMedPubDate PubStatus="medline"><Year>1999</Year><Month>7</Month><Day>2</Day><Hour>0</Hour><Minute>1</Minute></PubMedPubDate><PubMedPubDate PubStatus="entrez"><Year>1999</Year><Month>7</Month><Day>2</Day><Hour>0</Hour><Minute>0</Minute></PubMedPubDate></History><PublicationStatus>ppublish</PublicationStatus><ArticleIdList><ArticleId IdType="pubmed">10388979</ArticleId><ArticleId IdType="doi">10.2337/diacare.22.7.1137</ArticleId></ArticleIdList></PubmedData></PubmedArticle></PubmedArticleSet>