<?xml version="1.0" ?>
<!DOCTYPE PubmedArticleSet PUBLIC "-//NLM//DTD PubMedArticle, 1st January 2019//EN" "https://dtd.nlm.nih.gov/ncbi/pubmed/out/pubmed_190101.dtd">
<PubmedArticleSet><PubmedArticle><MedlineCitation Status="MEDLINE" Owner="NLM"><PMID Version="1">10389843</PMID><DateCompleted><Year>1999</Year><Month>07</Month><Day>22</Day></DateCompleted><DateRevised><Year>2019</Year><Month>05</Month><Day>15</Day></DateRevised><Article PubModel="Print"><Journal><ISSN IssnType="Print">0012-1797</ISSN><JournalIssue CitedMedium="Print"><Volume>48</Volume><Issue>7</Issue><PubDate><Year>1999</Year><Month>Jul</Month></PubDate></JournalIssue><Title>Diabetes</Title><ISOAbbreviation>Diabetes</ISOAbbreviation></Journal><ArticleTitle>Cow's milk formula feeding induces primary immunization to insulin in infants at genetic risk for type 1 diabetes.</ArticleTitle><Pagination><MedlinePgn>1389-94</MedlinePgn></Pagination><Abstract><AbstractText>Insulin autoantibodies (IAAs) often appear as the first sign of islet cell autoimmunity in prediabetic children. Because cow's milk contains bovine insulin, we followed the development of insulin-binding antibodies in children fed with cow's milk formula. Bovine insulin- and human insulin-binding antibodies by enzyme immunoassay and IAA by radioimmunoassay were analyzed in 200 infants carrying HLA-DQB1*0302 but no protective alleles who participated in a Finnish population-based birth-cohort study. Based on the prospectively registered information, the first 100 infants enrolled in the study who were exposed to cow's milk formula before age 12 weeks and the first 100 infants enrolled in the study who were exclusively breast-fed for longer than their first 12 weeks of life were selected for the present study. Also, 11 children from the birth cohort who developed at least two diabetes-associated autoantibodies, 98 children with newly diagnosed type 1 diabetes, and 92 healthy children were studied. We found that the amount of IgG-antibodies binding to bovine insulin was higher at age 3 months in infants who were exposed to cow's milk formula than in infants who were exclusively breast-fed at that age (median 0.521 vs. 0.190; P &lt; 0.0001). The antibodies binding to bovine insulin cross-reacted with human insulin. None of these infants tested positive for IAA. The levels of bovine insulin-binding antibodies declined in both groups at ages 12 and 18 months, whereas in the 11 children with at least two diabetes-associated autoantibodies the levels increased during the follow-up period (P &lt; 0.0001). IgG antibodies correlated with IgG2 antibodies binding to bovine insulin (r = 0.43, P = 0.004) and IAA (r = 0.27, P = 0.02) in diabetic children, but not in healthy children. Cow's milk feeding is an environmental trigger of immunity to insulin in infancy that may explain the epidemiological link between the risk of type 1 diabetes and early exposure to cow's milk formulas. This immune response to insulin may later be diverted into autoaggressive immunity against beta-cells in some individuals, as indicated by our findings in children with diabetes-associated autoantibodies.</AbstractText></Abstract><AuthorList CompleteYN="Y"><Author ValidYN="Y"><LastName>Vaarala</LastName><ForeName>O</ForeName><Initials>O</Initials><AffiliationInfo><Affiliation>Department of Biochemistry, National Public Health Institute, Helsinki, Finland. outi.vaarala@ktl.fi</Affiliation></AffiliationInfo></Author><Author ValidYN="Y"><LastName>Knip</LastName><ForeName>M</ForeName><Initials>M</Initials></Author><Author ValidYN="Y"><LastName>Paronen</LastName><ForeName>J</ForeName><Initials>J</Initials></Author><Author ValidYN="Y"><LastName>Hämäläinen</LastName><ForeName>A M</ForeName><Initials>AM</Initials></Author><Author ValidYN="Y"><LastName>Muona</LastName><ForeName>P</ForeName><Initials>P</Initials></Author><Author ValidYN="Y"><LastName>Väätäinen</LastName><ForeName>M</ForeName><Initials>M</Initials></Author><Author ValidYN="Y"><LastName>Ilonen</LastName><ForeName>J</ForeName><Initials>J</Initials></Author><Author ValidYN="Y"><LastName>Simell</LastName><ForeName>O</ForeName><Initials>O</Initials></Author><Author ValidYN="Y"><LastName>Akerblom</LastName><ForeName>H K</ForeName><Initials>HK</Initials></Author></AuthorList><Language>eng</Language><PublicationTypeList><PublicationType UI="D016430">Clinical Trial</PublicationType><PublicationType UI="D018848">Controlled Clinical Trial</PublicationType><PublicationType UI="D016428">Journal Article</PublicationType><PublicationType UI="D013485">Research Support, Non-U.S. Gov't</PublicationType></PublicationTypeList></Article><MedlineJournalInfo><Country>United States</Country><MedlineTA>Diabetes</MedlineTA><NlmUniqueID>0372763</NlmUniqueID><ISSNLinking>0012-1797</ISSNLinking></MedlineJournalInfo><ChemicalList><Chemical><RegistryNumber>0</RegistryNumber><NameOfSubstance UI="D001323">Autoantibodies</NameOfSubstance></Chemical><Chemical><RegistryNumber>0</RegistryNumber><NameOfSubstance UI="D007074">Immunoglobulin G</NameOfSubstance></Chemical><Chemical><RegistryNumber>0</RegistryNumber><NameOfSubstance UI="D007328">Insulin</NameOfSubstance></Chemical></ChemicalList><CitationSubset>IM</CitationSubset><MeshHeadingList><MeshHeading><DescriptorName UI="D000937" MajorTopicYN="N">Antigen-Antibody Reactions</DescriptorName></MeshHeading><MeshHeading><DescriptorName UI="D001323" MajorTopicYN="N">Autoantibodies</DescriptorName><QualifierName UI="Q000276" MajorTopicYN="N">immunology</QualifierName></MeshHeading><MeshHeading><DescriptorName UI="D003922" MajorTopicYN="N">Diabetes Mellitus, Type 1</DescriptorName><QualifierName UI="Q000235" MajorTopicYN="N">genetics</QualifierName><QualifierName UI="Q000276" MajorTopicYN="N">immunology</QualifierName><QualifierName UI="Q000503" MajorTopicYN="Y">physiopathology</QualifierName></MeshHeading><MeshHeading><DescriptorName UI="D005387" MajorTopicYN="N" Type="Geographic">Finland</DescriptorName></MeshHeading><MeshHeading><DescriptorName UI="D020022" MajorTopicYN="N">Genetic Predisposition to Disease</DescriptorName></MeshHeading><MeshHeading><DescriptorName UI="D006801" MajorTopicYN="N">Humans</DescriptorName></MeshHeading><MeshHeading><DescriptorName UI="D007114" MajorTopicYN="Y">Immunization</DescriptorName></MeshHeading><MeshHeading><DescriptorName UI="D007074" MajorTopicYN="N">Immunoglobulin G</DescriptorName><QualifierName UI="Q000097" MajorTopicYN="N">blood</QualifierName></MeshHeading><MeshHeading><DescriptorName UI="D007223" MajorTopicYN="N">Infant</DescriptorName></MeshHeading><MeshHeading><DescriptorName UI="D007225" MajorTopicYN="N">Infant Food</DescriptorName><QualifierName UI="Q000009" MajorTopicYN="Y">adverse effects</QualifierName></MeshHeading><MeshHeading><DescriptorName UI="D007231" MajorTopicYN="N">Infant, Newborn</DescriptorName></MeshHeading><MeshHeading><DescriptorName UI="D007328" MajorTopicYN="N">Insulin</DescriptorName><QualifierName UI="Q000276" MajorTopicYN="Y">immunology</QualifierName></MeshHeading><MeshHeading><DescriptorName UI="D011446" MajorTopicYN="N">Prospective Studies</DescriptorName></MeshHeading><MeshHeading><DescriptorName UI="D012307" MajorTopicYN="N">Risk Factors</DescriptorName></MeshHeading></MeshHeadingList></MedlineCitation><PubmedData><History><PubMedPubDate PubStatus="pubmed"><Year>1999</Year><Month>7</Month><Day>2</Day></PubMedPubDate><PubMedPubDate PubStatus="medline"><Year>1999</Year><Month>7</Month><Day>2</Day><Hour>0</Hour><Minute>1</Minute></PubMedPubDate><PubMedPubDate PubStatus="entrez"><Year>1999</Year><Month>7</Month><Day>2</Day><Hour>0</Hour><Minute>0</Minute></PubMedPubDate></History><PublicationStatus>ppublish</PublicationStatus><ArticleIdList><ArticleId IdType="pubmed">10389843</ArticleId><ArticleId IdType="doi">10.2337/diabetes.48.7.1389</ArticleId></ArticleIdList></PubmedData></PubmedArticle></PubmedArticleSet>