<?xml version="1.0" ?>
<!DOCTYPE PubmedArticleSet PUBLIC "-//NLM//DTD PubMedArticle, 1st January 2019//EN" "https://dtd.nlm.nih.gov/ncbi/pubmed/out/pubmed_190101.dtd">
<PubmedArticleSet><PubmedArticle><MedlineCitation Status="MEDLINE" Owner="NLM"><PMID Version="1">10388983</PMID><DateCompleted><Year>1999</Year><Month>08</Month><Day>24</Day></DateCompleted><DateRevised><Year>2019</Year><Month>05</Month><Day>15</Day></DateRevised><Article PubModel="Print"><Journal><ISSN IssnType="Print">0149-5992</ISSN><JournalIssue CitedMedium="Print"><Volume>22</Volume><Issue>7</Issue><PubDate><Year>1999</Year><Month>Jul</Month></PubDate></JournalIssue><Title>Diabetes care</Title><ISOAbbreviation>Diabetes Care</ISOAbbreviation></Journal><ArticleTitle>Increased small dense LDL and intermediate-density lipoprotein with albuminuria in type 1 diabetes.</ArticleTitle><Pagination><MedlinePgn>1165-70</MedlinePgn></Pagination><Abstract><AbstractText Label="OBJECTIVE" NlmCategory="OBJECTIVE">This population study examines the relationship between LDL density and persistent albuminuria in subjects with type 1 diabetes at the end of the Diabetes Control and Complications Trial (DCCT).</AbstractText><AbstractText Label="RESEARCH DESIGN AND METHODS" NlmCategory="METHODS">Subjects were classified as persistently normoalbuminuric (albumin excretion rate [AER] &lt; 30 mg/d, n = 1,056), microalbuminuric (AER &gt; or = 30-299 mg/day, n = 80), and macroalbuminuric (AER = 300 mg/day, n = 24) based on the last two AER measures.</AbstractText><AbstractText Label="RESULTS" NlmCategory="RESULTS">Triglyceride (P &lt; 0.01) and LDL cholesterol (P &lt; 0.01) levels were higher in macroalbuminuric subjects compared with normoalbuminuric subjects. Cholesterol distribution by density-gradient ultracentrifugation showed an increase in intermediate-density lipoprotein (IDL) and a shift in peak LDL from buoyant toward more dense particles with progressive albuminuria. In the entire group, there was a significant negative correlation between the peak buoyancy of LDL particles and albuminuria (r = -0.238, P &lt; 0.001, n = 1,160). This correlation persisted in the normoalbuminuric DCCT group (r = -0.138, P &lt; 0.001, n = 1,056).</AbstractText><AbstractText Label="CONCLUSIONS" NlmCategory="CONCLUSIONS">As albuminuria increases in subjects with type 1 diabetes, dyslipidemia occurs with an increase in IDL and dense LDL that may lead to increased cardiovascular disease.</AbstractText></Abstract><AuthorList CompleteYN="Y"><Author ValidYN="Y"><LastName>Sibley</LastName><ForeName>S D</ForeName><Initials>SD</Initials><AffiliationInfo><Affiliation>Division of Metabolism, Endocrinology, and Nutrition, University of Washington, Seattle 98195, USA. ssibley@u.washington.edu</Affiliation></AffiliationInfo></Author><Author ValidYN="Y"><LastName>Hokanson</LastName><ForeName>J E</ForeName><Initials>JE</Initials></Author><Author ValidYN="Y"><LastName>Steffes</LastName><ForeName>M W</ForeName><Initials>MW</Initials></Author><Author ValidYN="Y"><LastName>Purnell</LastName><ForeName>J Q</ForeName><Initials>JQ</Initials></Author><Author ValidYN="Y"><LastName>Marcovina</LastName><ForeName>S M</ForeName><Initials>SM</Initials></Author><Author ValidYN="Y"><LastName>Cleary</LastName><ForeName>P A</ForeName><Initials>PA</Initials></Author><Author ValidYN="Y"><LastName>Brunzell</LastName><ForeName>J D</ForeName><Initials>JD</Initials></Author></AuthorList><Language>eng</Language><GrantList CompleteYN="Y"><Grant><GrantID>N01 DK062204-007</GrantID><Acronym>DK</Acronym><Agency>NIDDK NIH HHS</Agency><Country>United States</Country></Grant><Grant><GrantID>P01 DK002456</GrantID><Acronym>DK</Acronym><Agency>NIDDK NIH HHS</Agency><Country>United States</Country></Grant><Grant><GrantID>DK-02456</GrantID><Acronym>DK</Acronym><Agency>NIDDK NIH HHS</Agency><Country>United States</Country></Grant></GrantList><PublicationTypeList><PublicationType UI="D016430">Clinical Trial</PublicationType><PublicationType UI="D003160">Comparative Study</PublicationType><PublicationType UI="D016428">Journal Article</PublicationType><PublicationType UI="D016448">Multicenter Study</PublicationType><PublicationType UI="D016449">Randomized Controlled Trial</PublicationType><PublicationType UI="D013485">Research Support, Non-U.S. Gov't</PublicationType><PublicationType UI="D013487">Research Support, U.S. Gov't, P.H.S.</PublicationType></PublicationTypeList></Article><MedlineJournalInfo><Country>United States</Country><MedlineTA>Diabetes Care</MedlineTA><NlmUniqueID>7805975</NlmUniqueID><ISSNLinking>0149-5992</ISSNLinking></MedlineJournalInfo><ChemicalList><Chemical><RegistryNumber>0</RegistryNumber><NameOfSubstance UI="D008078">Cholesterol, LDL</NameOfSubstance></Chemical><Chemical><RegistryNumber>0</RegistryNumber><NameOfSubstance UI="D008074">Lipoproteins</NameOfSubstance></Chemical><Chemical><RegistryNumber>0</RegistryNumber><NameOfSubstance UI="D053419">Lipoproteins, IDL</NameOfSubstance></Chemical><Chemical><RegistryNumber>0</RegistryNumber><NameOfSubstance UI="D008077">Lipoproteins, LDL</NameOfSubstance></Chemical><Chemical><RegistryNumber>0</RegistryNumber><NameOfSubstance UI="D014280">Triglycerides</NameOfSubstance></Chemical></ChemicalList><CitationSubset>IM</CitationSubset><CommentsCorrectionsList><CommentsCorrections RefType="ErratumIn"><RefSource>Diabetes Care 1999 Sep;22(9):1601</RefSource></CommentsCorrections></CommentsCorrectionsList><MeshHeadingList><MeshHeading><DescriptorName UI="D000293" MajorTopicYN="N">Adolescent</DescriptorName></MeshHeading><MeshHeading><DescriptorName UI="D000328" MajorTopicYN="N">Adult</DescriptorName></MeshHeading><MeshHeading><DescriptorName UI="D000419" MajorTopicYN="N">Albuminuria</DescriptorName><QualifierName UI="Q000097" MajorTopicYN="Y">blood</QualifierName></MeshHeading><MeshHeading><DescriptorName UI="D015992" MajorTopicYN="N">Body Mass Index</DescriptorName></MeshHeading><MeshHeading><DescriptorName UI="D008078" MajorTopicYN="N">Cholesterol, LDL</DescriptorName><QualifierName UI="Q000097" MajorTopicYN="N">blood</QualifierName></MeshHeading><MeshHeading><DescriptorName UI="D003922" MajorTopicYN="N">Diabetes Mellitus, Type 1</DescriptorName><QualifierName UI="Q000097" MajorTopicYN="Y">blood</QualifierName><QualifierName UI="Q000503" MajorTopicYN="N">physiopathology</QualifierName><QualifierName UI="Q000652" MajorTopicYN="N">urine</QualifierName></MeshHeading><MeshHeading><DescriptorName UI="D005260" MajorTopicYN="N">Female</DescriptorName></MeshHeading><MeshHeading><DescriptorName UI="D006801" MajorTopicYN="N">Humans</DescriptorName></MeshHeading><MeshHeading><DescriptorName UI="D008074" MajorTopicYN="N">Lipoproteins</DescriptorName><QualifierName UI="Q000097" MajorTopicYN="Y">blood</QualifierName></MeshHeading><MeshHeading><DescriptorName UI="D053419" MajorTopicYN="N">Lipoproteins, IDL</DescriptorName></MeshHeading><MeshHeading><DescriptorName UI="D008077" MajorTopicYN="N">Lipoproteins, LDL</DescriptorName><QualifierName UI="Q000097" MajorTopicYN="Y">blood</QualifierName></MeshHeading><MeshHeading><DescriptorName UI="D008297" MajorTopicYN="N">Male</DescriptorName></MeshHeading><MeshHeading><DescriptorName UI="D012016" MajorTopicYN="N">Reference Values</DescriptorName></MeshHeading><MeshHeading><DescriptorName UI="D012044" MajorTopicYN="N">Regression Analysis</DescriptorName></MeshHeading><MeshHeading><DescriptorName UI="D014280" MajorTopicYN="N">Triglycerides</DescriptorName><QualifierName UI="Q000097" MajorTopicYN="N">blood</QualifierName></MeshHeading></MeshHeadingList></MedlineCitation><PubmedData><History><PubMedPubDate PubStatus="pubmed"><Year>1999</Year><Month>7</Month><Day>2</Day><Hour>10</Hour><Minute>0</Minute></PubMedPubDate><PubMedPubDate PubStatus="medline"><Year>2000</Year><Month>3</Month><Day>18</Day><Hour>9</Hour><Minute>0</Minute></PubMedPubDate><PubMedPubDate PubStatus="entrez"><Year>1999</Year><Month>7</Month><Day>2</Day><Hour>10</Hour><Minute>0</Minute></PubMedPubDate></History><PublicationStatus>ppublish</PublicationStatus><ArticleIdList><ArticleId IdType="pubmed">10388983</ArticleId><ArticleId IdType="pmc">PMC2635089</ArticleId><ArticleId IdType="mid">NIHMS79079</ArticleId><ArticleId IdType="doi">10.2337/diacare.22.7.1165</ArticleId></ArticleIdList><ReferenceList><Reference><Citation>Atherosclerosis. 1992 Mar;93(1-2):71-81</Citation><ArticleIdList><ArticleId IdType="pubmed">1596306</ArticleId></ArticleIdList></Reference><Reference><Citation>Kidney Int. 1993 Mar;43(3):668-74</Citation><ArticleIdList><ArticleId IdType="pubmed">8455366</ArticleId></ArticleIdList></Reference><Reference><Citation>Clin Chem. 1993 May;39(5):773-81</Citation><ArticleIdList><ArticleId IdType="pubmed">8485867</ArticleId></ArticleIdList></Reference><Reference><Citation>N Engl J Med. 1993 Sep 30;329(14):977-86</Citation><ArticleIdList><ArticleId IdType="pubmed">8366922</ArticleId></ArticleIdList></Reference><Reference><Citation>Nephron. 1993;64(4):565-9</Citation><ArticleIdList><ArticleId IdType="pubmed">8366982</ArticleId></ArticleIdList></Reference><Reference><Citation>Clin Chem. 1994 Apr;40(4):586-92</Citation><ArticleIdList><ArticleId IdType="pubmed">8149615</ArticleId></ArticleIdList></Reference><Reference><Citation>Diabetologia. 1994 Jul;37(7):681-8</Citation><ArticleIdList><ArticleId IdType="pubmed">7958539</ArticleId></ArticleIdList></Reference><Reference><Citation>Clin Chem. 1995 Feb;41(2):246-55</Citation><ArticleIdList><ArticleId IdType="pubmed">7533064</ArticleId></ArticleIdList></Reference><Reference><Citation>Am J Cardiol. 1995 May 1;75(14):894-903</Citation><ArticleIdList><ArticleId IdType="pubmed">7732997</ArticleId></ArticleIdList></Reference><Reference><Citation>Kidney Int. 1992 Apr;41(4):836-9</Citation><ArticleIdList><ArticleId IdType="pubmed">1513106</ArticleId></ArticleIdList></Reference><Reference><Citation>Arterioscler Thromb. 1993 Feb;13(2):147-53</Citation><ArticleIdList><ArticleId IdType="pubmed">8427851</ArticleId></ArticleIdList></Reference><Reference><Citation>Atherosclerosis. 1991 Jul;89(1):49-57</Citation><ArticleIdList><ArticleId IdType="pubmed">1772471</ArticleId></ArticleIdList></Reference><Reference><Citation>N Engl J Med. 1990 Aug 30;323(9):579-84</Citation><ArticleIdList><ArticleId IdType="pubmed">2381443</ArticleId></ArticleIdList></Reference><Reference><Citation>Circulation. 1990 Aug;82(2):495-506</Citation><ArticleIdList><ArticleId IdType="pubmed">2372896</ArticleId></ArticleIdList></Reference><Reference><Citation>Diabetologia. 1989 Sep;32(9):685-9</Citation><ArticleIdList><ArticleId IdType="pubmed">2507381</ArticleId></ArticleIdList></Reference><Reference><Citation>Arteriosclerosis. 1989 May-Jun;9(3):319-25</Citation><ArticleIdList><ArticleId IdType="pubmed">2719594</ArticleId></ArticleIdList></Reference><Reference><Citation>Diabet Med. 1989 Jan-Feb;6(1):25-30</Citation><ArticleIdList><ArticleId IdType="pubmed">2522370</ArticleId></ArticleIdList></Reference><Reference><Citation>Am J Hum Genet. 1988 Dec;43(6):838-46</Citation><ArticleIdList><ArticleId IdType="pubmed">3195585</ArticleId></ArticleIdList></Reference><Reference><Citation>Br Med J (Clin Res Ed). 1987 Jun 27;294(6588):1651-4</Citation><ArticleIdList><ArticleId IdType="pubmed">3113569</ArticleId></ArticleIdList></Reference><Reference><Citation>Lancet. 1987 Jul 11;2(8550):62-6</Citation><ArticleIdList><ArticleId IdType="pubmed">2885572</ArticleId></ArticleIdList></Reference><Reference><Citation>Nephrol Dial Transplant. 1998 May;13(5):1183-8</Citation><ArticleIdList><ArticleId IdType="pubmed">9623551</ArticleId></ArticleIdList></Reference><Reference><Citation>BMJ. 1996 Sep 28;313(7060):779-84</Citation><ArticleIdList><ArticleId IdType="pubmed">8842069</ArticleId></ArticleIdList></Reference><Reference><Citation>J Cardiovasc Risk. 1996 Apr;3(2):213-9</Citation><ArticleIdList><ArticleId IdType="pubmed">8836866</ArticleId></ArticleIdList></Reference><Reference><Citation>Arterioscler Thromb Vasc Biol. 1996 Aug;16(8):1040-6</Citation><ArticleIdList><ArticleId IdType="pubmed">8696944</ArticleId></ArticleIdList></Reference><Reference><Citation>Diabetes. 1996 Jul;45(7):974-9</Citation><ArticleIdList><ArticleId IdType="pubmed">8666151</ArticleId></ArticleIdList></Reference><Reference><Citation>Diabetes. 1995 Oct;44(10):1218-26</Citation><ArticleIdList><ArticleId IdType="pubmed">7556961</ArticleId></ArticleIdList></Reference><Reference><Citation>Kidney Int. 1995 Jun;47(6):1703-20</Citation><ArticleIdList><ArticleId IdType="pubmed">7643540</ArticleId></ArticleIdList></Reference><Reference><Citation>Diabet Med. 1995 Feb;12(2):149-55</Citation><ArticleIdList><ArticleId IdType="pubmed">7743762</ArticleId></ArticleIdList></Reference><Reference><Citation>Am J Med. 1977 May;62(5):707-14</Citation><ArticleIdList><ArticleId IdType="pubmed">193398</ArticleId></ArticleIdList></Reference><Reference><Citation>Stat Bull Metrop Life Found. 1983 Jan-Jun;64(1):3-9</Citation><ArticleIdList><ArticleId IdType="pubmed">6623350</ArticleId></ArticleIdList></Reference><Reference><Citation>Arteriosclerosis. 1984 Mar-Apr;4(2):79-83</Citation><ArticleIdList><ArticleId IdType="pubmed">6422918</ArticleId></ArticleIdList></Reference><Reference><Citation>Diabetes Care. 1984 Mar-Apr;7(2):151-4</Citation><ArticleIdList><ArticleId IdType="pubmed">6734382</ArticleId></ArticleIdList></Reference><Reference><Citation>Diabetologia. 1985 Aug;28(8):590-6</Citation><ArticleIdList><ArticleId IdType="pubmed">4054448</ArticleId></ArticleIdList></Reference><Reference><Citation>Diabetes. 1986 May;35(5):530-45</Citation><ArticleIdList><ArticleId IdType="pubmed">2869996</ArticleId></ArticleIdList></Reference><Reference><Citation>Am J Cardiol. 1987 Apr 1;59(8):750-5</Citation><ArticleIdList><ArticleId IdType="pubmed">3825934</ArticleId></ArticleIdList></Reference></ReferenceList></PubmedData></PubmedArticle></PubmedArticleSet>