<?xml version="1.0" ?>
<!DOCTYPE PubmedArticleSet PUBLIC "-//NLM//DTD PubMedArticle, 1st January 2019//EN" "https://dtd.nlm.nih.gov/ncbi/pubmed/out/pubmed_190101.dtd">
<PubmedArticleSet><PubmedArticle><MedlineCitation Status="MEDLINE" Owner="NLM"><PMID Version="1">10385610</PMID><DateCompleted><Year>1999</Year><Month>07</Month><Day>20</Day></DateCompleted><DateRevised><Year>2022</Year><Month>03</Month><Day>21</Day></DateRevised><Article PubModel="Print"><Journal><ISSN IssnType="Print">0892-6638</ISSN><JournalIssue CitedMedium="Print"><Volume>13</Volume><Issue>10</Issue><PubDate><Year>1999</Year><Month>Jul</Month></PubDate></JournalIssue><Title>FASEB journal : official publication of the Federation of American Societies for Experimental Biology</Title><ISOAbbreviation>FASEB J</ISOAbbreviation></Journal><ArticleTitle>Neogenesis vs. apoptosis As main components of pancreatic beta cell ass changes in glucose-infused normal and mildly diabetic adult rats.</ArticleTitle><Pagination><MedlinePgn>1195-205</MedlinePgn></Pagination><Abstract><AbstractText>We have investigated in adult rats made mildly diabetic by a low dose of streptozotocin (35 mg/kg; STZ rats) and in nondiabetic rats (ND rats) the mechanisms leading to adaptive changes in the beta cell mass, during glucose infusion and several days after stopping infusion. As early as 24 h of glucose infusion, the beta cell mass was maximally increased in ND and STZ rats. In both groups, this increase was due mainly to a rapid activation of neogenesis of new endocrine cells rather than to an increase in beta cell proliferation. Seven days after stopping glucose infusion, the beta cell mass returned to basal values in both groups as a result of stimulation of beta cell apoptosis and a decrease in beta cell replication rate. In glucose-infused ND rats, changes in the beta cell mass were correlated to insulin secretion, whereas in STZ rats, insulin secretion in response to glucose was still impaired whatever the beta cell mass. In conclusion, the data stress the impressive plasticity of the endocrine pancreas of adult rats. They also show that changes in beta cell mass in ND and STZ rats resulted from a disruption in the balance between neogenesis and apoptosis.</AbstractText></Abstract><AuthorList CompleteYN="Y"><Author ValidYN="Y"><LastName>Bernard</LastName><ForeName>C</ForeName><Initials>C</Initials><AffiliationInfo><Affiliation>Laboratoire de Physiopathologie de la Nutrition, CNRS ESA 7059, Université Paris 7, Paris-France. cbernard@paris7.jussieu.fr</Affiliation></AffiliationInfo></Author><Author ValidYN="Y"><LastName>Berthault</LastName><ForeName>M F</ForeName><Initials>MF</Initials></Author><Author ValidYN="Y"><LastName>Saulnier</LastName><ForeName>C</ForeName><Initials>C</Initials></Author><Author ValidYN="Y"><LastName>Ktorza</LastName><ForeName>A</ForeName><Initials>A</Initials></Author></AuthorList><Language>eng</Language><PublicationTypeList><PublicationType UI="D016428">Journal Article</PublicationType></PublicationTypeList></Article><MedlineJournalInfo><Country>United States</Country><MedlineTA>FASEB J</MedlineTA><NlmUniqueID>8804484</NlmUniqueID><ISSNLinking>0892-6638</ISSNLinking></MedlineJournalInfo><ChemicalList><Chemical><RegistryNumber>0</RegistryNumber><NameOfSubstance UI="D007328">Insulin</NameOfSubstance></Chemical><Chemical><RegistryNumber>5W494URQ81</RegistryNumber><NameOfSubstance UI="D013311">Streptozocin</NameOfSubstance></Chemical><Chemical><RegistryNumber>IY9XDZ35W2</RegistryNumber><NameOfSubstance UI="D005947">Glucose</NameOfSubstance></Chemical></ChemicalList><CitationSubset>IM</CitationSubset><MeshHeadingList><MeshHeading><DescriptorName UI="D000818" MajorTopicYN="N">Animals</DescriptorName></MeshHeading><MeshHeading><DescriptorName UI="D017209" MajorTopicYN="Y">Apoptosis</DescriptorName></MeshHeading><MeshHeading><DescriptorName UI="D002455" MajorTopicYN="Y">Cell Division</DescriptorName></MeshHeading><MeshHeading><DescriptorName UI="D003921" MajorTopicYN="N">Diabetes Mellitus, Experimental</DescriptorName><QualifierName UI="Q000378" MajorTopicYN="N">metabolism</QualifierName><QualifierName UI="Q000473" MajorTopicYN="Y">pathology</QualifierName></MeshHeading><MeshHeading><DescriptorName UI="D005947" MajorTopicYN="N">Glucose</DescriptorName><QualifierName UI="Q000008" MajorTopicYN="Y">administration &amp; dosage</QualifierName></MeshHeading><MeshHeading><DescriptorName UI="D007150" MajorTopicYN="N">Immunohistochemistry</DescriptorName></MeshHeading><MeshHeading><DescriptorName UI="D007328" MajorTopicYN="N">Insulin</DescriptorName><QualifierName UI="Q000378" MajorTopicYN="N">metabolism</QualifierName></MeshHeading><MeshHeading><DescriptorName UI="D000078790" MajorTopicYN="N">Insulin Secretion</DescriptorName></MeshHeading><MeshHeading><DescriptorName UI="D007515" MajorTopicYN="N">Islets of Langerhans</DescriptorName><QualifierName UI="Q000378" MajorTopicYN="N">metabolism</QualifierName><QualifierName UI="Q000473" MajorTopicYN="Y">pathology</QualifierName></MeshHeading><MeshHeading><DescriptorName UI="D008297" MajorTopicYN="N">Male</DescriptorName></MeshHeading><MeshHeading><DescriptorName UI="D009929" MajorTopicYN="N">Organ Size</DescriptorName></MeshHeading><MeshHeading><DescriptorName UI="D051381" MajorTopicYN="N">Rats</DescriptorName></MeshHeading><MeshHeading><DescriptorName UI="D017208" MajorTopicYN="N">Rats, Wistar</DescriptorName></MeshHeading><MeshHeading><DescriptorName UI="D013311" MajorTopicYN="N">Streptozocin</DescriptorName></MeshHeading></MeshHeadingList></MedlineCitation><PubmedData><History><PubMedPubDate PubStatus="pubmed"><Year>1999</Year><Month>7</Month><Day>1</Day></PubMedPubDate><PubMedPubDate PubStatus="medline"><Year>1999</Year><Month>7</Month><Day>1</Day><Hour>0</Hour><Minute>1</Minute></PubMedPubDate><PubMedPubDate PubStatus="entrez"><Year>1999</Year><Month>7</Month><Day>1</Day><Hour>0</Hour><Minute>0</Minute></PubMedPubDate></History><PublicationStatus>ppublish</PublicationStatus><ArticleIdList><ArticleId IdType="pubmed">10385610</ArticleId><ArticleId IdType="doi">10.1096/fasebj.13.10.1195</ArticleId></ArticleIdList></PubmedData></PubmedArticle></PubmedArticleSet>