<?xml version="1.0" ?>
<!DOCTYPE PubmedArticleSet PUBLIC "-//NLM//DTD PubMedArticle, 1st January 2019//EN" "https://dtd.nlm.nih.gov/ncbi/pubmed/out/pubmed_190101.dtd">
<PubmedArticleSet><PubmedArticle><MedlineCitation Status="MEDLINE" Owner="NLM"><PMID Version="1">10392343</PMID><DateCompleted><Year>1999</Year><Month>09</Month><Day>20</Day></DateCompleted><DateRevised><Year>2019</Year><Month>09</Month><Day>05</Day></DateRevised><Article PubModel="Print"><Journal><ISSN IssnType="Print">0334-018X</ISSN><JournalIssue CitedMedium="Print"><Volume>12</Volume><Issue>1</Issue><PubDate><MedlineDate>1999 Jan-Feb</MedlineDate></PubDate></JournalIssue><Title>Journal of pediatric endocrinology &amp; metabolism : JPEM</Title><ISOAbbreviation>J Pediatr Endocrinol Metab</ISOAbbreviation></Journal><ArticleTitle>Pancreas transplantation.</ArticleTitle><Pagination><MedlinePgn>3-15</MedlinePgn></Pagination><Abstract><AbstractText>Although intensified insulin therapy regimens enable normalization of blood glucose levels and related metabolic parameters, these regimens are associated with an increased incidence of hypoglycemic episodes. Pancreas transplantation has achieved the goal of providing insulin independence with stable and continuous normoglycemia. But because of the associated morbidity and mortality and the need for life-long immunosuppression after transplant, it is difficult to justify pancreas transplantation in diabetic patients at a pre-uremic stage. Pancreas transplantation is therefore performed in conjugation with renal transplantation. The majority of renal transplant centers, however, have been reluctant to perform simultaneous kidney-pancreas transplantation in insulin-dependent uremic patients because of the additional risks associated with pancreas transplantation. More recently, refinements in surgical technique, introduction of new immunosuppressive agents, and better selection of transplant candidates have contributed to improved survival. Today, combined pancreas-kidney transplantation is an accepted treatment for carefully selected patients with insulin dependent diabetes and end-stage renal disease and in a small group of patients with uncontrolled severe metabolic problems. The effect of a euglycemic state after pancreas transplantation on the progression of micro- and macroangiopathy remains to be proved, although recently there is evidence to suggest that some end-organ lesions may be halted or even ameliorated. Further improvement in anti-rejection strategies may achieve better long-term graft survival and provide the incentive to perform pancreas transplantation at an earlier stage, before severe secondary complications of diabetes develop.</AbstractText></Abstract><AuthorList CompleteYN="Y"><Author ValidYN="Y"><LastName>Shapira</LastName><ForeName>Z</ForeName><Initials>Z</Initials><AffiliationInfo><Affiliation>Department of Organ Transplantation, Rabin Medical Center, Petah Tikva, Israel.</Affiliation></AffiliationInfo></Author><Author ValidYN="Y"><LastName>Yussim</LastName><ForeName>A</ForeName><Initials>A</Initials></Author><Author ValidYN="Y"><LastName>Mor</LastName><ForeName>E</ForeName><Initials>E</Initials></Author></AuthorList><Language>eng</Language><PublicationTypeList><PublicationType UI="D016428">Journal Article</PublicationType><PublicationType UI="D016454">Review</PublicationType></PublicationTypeList></Article><MedlineJournalInfo><Country>Germany</Country><MedlineTA>J Pediatr Endocrinol Metab</MedlineTA><NlmUniqueID>9508900</NlmUniqueID><ISSNLinking>0334-018X</ISSNLinking></MedlineJournalInfo><ChemicalList><Chemical><RegistryNumber>0</RegistryNumber><NameOfSubstance UI="D007166">Immunosuppressive Agents</NameOfSubstance></Chemical></ChemicalList><CitationSubset>IM</CitationSubset><MeshHeadingList><MeshHeading><DescriptorName UI="D000328" MajorTopicYN="N">Adult</DescriptorName></MeshHeading><MeshHeading><DescriptorName UI="D003922" MajorTopicYN="N">Diabetes Mellitus, Type 1</DescriptorName><QualifierName UI="Q000150" MajorTopicYN="N">complications</QualifierName><QualifierName UI="Q000378" MajorTopicYN="N">metabolism</QualifierName><QualifierName UI="Q000628" MajorTopicYN="Y">therapy</QualifierName></MeshHeading><MeshHeading><DescriptorName UI="D006085" MajorTopicYN="N">Graft Survival</DescriptorName><QualifierName UI="Q000187" MajorTopicYN="N">drug effects</QualifierName></MeshHeading><MeshHeading><DescriptorName UI="D006801" MajorTopicYN="N">Humans</DescriptorName></MeshHeading><MeshHeading><DescriptorName UI="D006946" MajorTopicYN="N">Hyperinsulinism</DescriptorName><QualifierName UI="Q000209" MajorTopicYN="N">etiology</QualifierName></MeshHeading><MeshHeading><DescriptorName UI="D007166" MajorTopicYN="N">Immunosuppressive Agents</DescriptorName><QualifierName UI="Q000627" MajorTopicYN="N">therapeutic use</QualifierName></MeshHeading><MeshHeading><DescriptorName UI="D007676" MajorTopicYN="N">Kidney Failure, Chronic</DescriptorName><QualifierName UI="Q000150" MajorTopicYN="N">complications</QualifierName><QualifierName UI="Q000628" MajorTopicYN="N">therapy</QualifierName></MeshHeading><MeshHeading><DescriptorName UI="D016030" MajorTopicYN="N">Kidney Transplantation</DescriptorName></MeshHeading><MeshHeading><DescriptorName UI="D008875" MajorTopicYN="N">Middle Aged</DescriptorName></MeshHeading><MeshHeading><DescriptorName UI="D016035" MajorTopicYN="Y">Pancreas Transplantation</DescriptorName><QualifierName UI="Q000009" MajorTopicYN="N">adverse effects</QualifierName><QualifierName UI="Q000276" MajorTopicYN="N">immunology</QualifierName><QualifierName UI="Q000401" MajorTopicYN="N">mortality</QualifierName></MeshHeading><MeshHeading><DescriptorName UI="D018579" MajorTopicYN="N">Patient Selection</DescriptorName></MeshHeading><MeshHeading><DescriptorName UI="D011788" MajorTopicYN="N">Quality of Life</DescriptorName></MeshHeading><MeshHeading><DescriptorName UI="D015996" MajorTopicYN="N">Survival Rate</DescriptorName></MeshHeading></MeshHeadingList><NumberOfReferences>101</NumberOfReferences></MedlineCitation><PubmedData><History><PubMedPubDate PubStatus="pubmed"><Year>1999</Year><Month>7</Month><Day>7</Day></PubMedPubDate><PubMedPubDate PubStatus="medline"><Year>1999</Year><Month>7</Month><Day>7</Day><Hour>0</Hour><Minute>1</Minute></PubMedPubDate><PubMedPubDate PubStatus="entrez"><Year>1999</Year><Month>7</Month><Day>7</Day><Hour>0</Hour><Minute>0</Minute></PubMedPubDate></History><PublicationStatus>ppublish</PublicationStatus><ArticleIdList><ArticleId IdType="pubmed">10392343</ArticleId><ArticleId IdType="doi">10.1515/jpem.1999.12.1.3</ArticleId></ArticleIdList></PubmedData></PubmedArticle></PubmedArticleSet>