<?xml version="1.0" ?>
<!DOCTYPE PubmedArticleSet PUBLIC "-//NLM//DTD PubMedArticle, 1st January 2019//EN" "https://dtd.nlm.nih.gov/ncbi/pubmed/out/pubmed_190101.dtd">
<PubmedArticleSet><PubmedArticle><MedlineCitation Status="MEDLINE" Owner="NLM"><PMID Version="1">10391396</PMID><DateCompleted><Year>1999</Year><Month>08</Month><Day>19</Day></DateCompleted><DateRevised><Year>2019</Year><Month>08</Month><Day>31</Day></DateRevised><Article PubModel="Print"><Journal><ISSN IssnType="Print">0742-3071</ISSN><JournalIssue CitedMedium="Print"><Volume>16</Volume><Issue>6</Issue><PubDate><Year>1999</Year><Month>Jun</Month></PubDate></JournalIssue><Title>Diabetic medicine : a journal of the British Diabetic Association</Title><ISOAbbreviation>Diabet Med</ISOAbbreviation></Journal><ArticleTitle>Comparison of effects of captopril used either alone or in combination with a thiazide diuretic on insulin action in hypertensive Type 2 diabetic patients: a double-blind crossover study.</ArticleTitle><Pagination><MedlinePgn>482-7</MedlinePgn></Pagination><Abstract><AbstractText Label="AIMS" NlmCategory="OBJECTIVE">It has been suggested that the adverse metabolic effects of antihypertensive therapy offset some of the benefits of blood pressure reduction. It has also been suggested that angiotensin converting enzyme (ACE) inhibitors reduce insulin resistance and that, if used together with thiazide diuretics, the adverse effects of thiazides on insulin sensitivity may be eliminated. We examined the effects on insulin sensitivity of captopril either alone or in combination with bendrofluazide in 11 hypertensive Type 2 diabetic patients.</AbstractText><AbstractText Label="METHODS" NlmCategory="METHODS">Insulin action was assessed using an isoglycaemic hyperinsulinaemic clamp in a double-blind, randomized, crossover study after a 6-week placebo run-in and following two 12-week treatment periods with captopril (C) (100 mg) alone or in combination with bendrofluazide (CB) (2.5 mg).</AbstractText><AbstractText Label="RESULTS" NlmCategory="RESULTS">Blood pressure was lower following CB compared to C (128/82 vs. 144/ 88 mmHg; P&lt;0.005) and both were lower than baseline (162/101 mmHg; P &lt; 0.001). CB resulted in a significant increase in fasting plasma glucose compared to C (9.7+/-0.8 vs. 8.5+/-0.6 mmol/; P &lt; 0.05). Exogenous glucose infusion rates required to maintain isoglycaemia during hyperinsulinaemia were lower after CB compared to C (22.3+/-2.4 vs. 27.4+/-4.2 mol x kg(-1) x min(-1); P &lt; 0.05). Suppression of endogenous glucose production was reduced after CB compared to baseline (4.0+/-0.6 vs. 2.4+/-0.5 mol x kg(-1) x min(-1); P&lt; 0.05).</AbstractText><AbstractText Label="CONCLUSIONS" NlmCategory="CONCLUSIONS">Combination of bendrofluazide with captopril lowered blood pressure but resulted in deleterious effects on insulin action compared to captopril alone.</AbstractText></Abstract><AuthorList CompleteYN="Y"><Author ValidYN="Y"><LastName>Hunter</LastName><ForeName>S J</ForeName><Initials>SJ</Initials><AffiliationInfo><Affiliation>Sir George E. Clark Metabolic Unit, Royal Victoria Hospital, Belfast, Northern Ireland, UK.</Affiliation></AffiliationInfo></Author><Author ValidYN="Y"><LastName>Wiggam</LastName><ForeName>M I</ForeName><Initials>MI</Initials></Author><Author ValidYN="Y"><LastName>Ennis</LastName><ForeName>C N</ForeName><Initials>CN</Initials></Author><Author ValidYN="Y"><LastName>Whitehead</LastName><ForeName>H M</ForeName><Initials>HM</Initials></Author><Author ValidYN="Y"><LastName>Sheridan</LastName><ForeName>B</ForeName><Initials>B</Initials></Author><Author ValidYN="Y"><LastName>Atkinson</LastName><ForeName>A B</ForeName><Initials>AB</Initials></Author><Author ValidYN="Y"><LastName>Bell</LastName><ForeName>P M</ForeName><Initials>PM</Initials></Author></AuthorList><Language>eng</Language><PublicationTypeList><PublicationType UI="D016430">Clinical Trial</PublicationType><PublicationType UI="D003160">Comparative Study</PublicationType><PublicationType UI="D016428">Journal Article</PublicationType><PublicationType UI="D016449">Randomized Controlled Trial</PublicationType><PublicationType UI="D013485">Research Support, Non-U.S. Gov't</PublicationType></PublicationTypeList></Article><MedlineJournalInfo><Country>England</Country><MedlineTA>Diabet Med</MedlineTA><NlmUniqueID>8500858</NlmUniqueID><ISSNLinking>0742-3071</ISSNLinking></MedlineJournalInfo><ChemicalList><Chemical><RegistryNumber>0</RegistryNumber><NameOfSubstance UI="D000959">Antihypertensive Agents</NameOfSubstance></Chemical><Chemical><RegistryNumber>0</RegistryNumber><NameOfSubstance UI="D001581">Benzothiadiazines</NameOfSubstance></Chemical><Chemical><RegistryNumber>0</RegistryNumber><NameOfSubstance UI="D004232">Diuretics</NameOfSubstance></Chemical><Chemical><RegistryNumber>0</RegistryNumber><NameOfSubstance UI="D007328">Insulin</NameOfSubstance></Chemical><Chemical><RegistryNumber>0</RegistryNumber><NameOfSubstance UI="D010919">Placebos</NameOfSubstance></Chemical><Chemical><RegistryNumber>0</RegistryNumber><NameOfSubstance UI="D049993">Sodium Chloride Symporter Inhibitors</NameOfSubstance></Chemical><Chemical><RegistryNumber>9G64RSX1XD</RegistryNumber><NameOfSubstance UI="D002216">Captopril</NameOfSubstance></Chemical></ChemicalList><CitationSubset>IM</CitationSubset><CommentsCorrectionsList><CommentsCorrections RefType="CommentIn"><RefSource>Diabet Med. 1999 Jun;16(6):445</RefSource><PMID Version="1">10391389</PMID></CommentsCorrections></CommentsCorrectionsList><MeshHeadingList><MeshHeading><DescriptorName UI="D000959" MajorTopicYN="N">Antihypertensive Agents</DescriptorName><QualifierName UI="Q000008" MajorTopicYN="N">administration &amp; dosage</QualifierName><QualifierName UI="Q000627" MajorTopicYN="Y">therapeutic use</QualifierName></MeshHeading><MeshHeading><DescriptorName UI="D001581" MajorTopicYN="Y">Benzothiadiazines</DescriptorName></MeshHeading><MeshHeading><DescriptorName UI="D001794" MajorTopicYN="N">Blood Pressure</DescriptorName></MeshHeading><MeshHeading><DescriptorName UI="D002216" MajorTopicYN="N">Captopril</DescriptorName><QualifierName UI="Q000008" MajorTopicYN="N">administration &amp; dosage</QualifierName><QualifierName UI="Q000627" MajorTopicYN="Y">therapeutic use</QualifierName></MeshHeading><MeshHeading><DescriptorName UI="D018592" MajorTopicYN="N">Cross-Over Studies</DescriptorName></MeshHeading><MeshHeading><DescriptorName UI="D003924" MajorTopicYN="N">Diabetes Mellitus, Type 2</DescriptorName><QualifierName UI="Q000150" MajorTopicYN="Y">complications</QualifierName></MeshHeading><MeshHeading><DescriptorName UI="D004232" MajorTopicYN="N">Diuretics</DescriptorName></MeshHeading><MeshHeading><DescriptorName UI="D004311" MajorTopicYN="N">Double-Blind Method</DescriptorName></MeshHeading><MeshHeading><DescriptorName UI="D005260" MajorTopicYN="N">Female</DescriptorName></MeshHeading><MeshHeading><DescriptorName UI="D015309" MajorTopicYN="N">Glucose Clamp Technique</DescriptorName></MeshHeading><MeshHeading><DescriptorName UI="D006801" MajorTopicYN="N">Humans</DescriptorName></MeshHeading><MeshHeading><DescriptorName UI="D006973" MajorTopicYN="N">Hypertension</DescriptorName><QualifierName UI="Q000188" MajorTopicYN="Y">drug therapy</QualifierName><QualifierName UI="Q000209" MajorTopicYN="N">etiology</QualifierName></MeshHeading><MeshHeading><DescriptorName UI="D007328" MajorTopicYN="N">Insulin</DescriptorName><QualifierName UI="Q000494" MajorTopicYN="Y">pharmacology</QualifierName></MeshHeading><MeshHeading><DescriptorName UI="D008297" MajorTopicYN="N">Male</DescriptorName></MeshHeading><MeshHeading><DescriptorName UI="D008875" MajorTopicYN="N">Middle Aged</DescriptorName></MeshHeading><MeshHeading><DescriptorName UI="D010919" MajorTopicYN="N">Placebos</DescriptorName></MeshHeading><MeshHeading><DescriptorName UI="D049993" MajorTopicYN="N">Sodium Chloride Symporter Inhibitors</DescriptorName><QualifierName UI="Q000008" MajorTopicYN="N">administration &amp; dosage</QualifierName><QualifierName UI="Q000627" MajorTopicYN="Y">therapeutic use</QualifierName></MeshHeading></MeshHeadingList></MedlineCitation><PubmedData><History><PubMedPubDate PubStatus="pubmed"><Year>1999</Year><Month>7</Month><Day>3</Day></PubMedPubDate><PubMedPubDate PubStatus="medline"><Year>1999</Year><Month>7</Month><Day>3</Day><Hour>0</Hour><Minute>1</Minute></PubMedPubDate><PubMedPubDate PubStatus="entrez"><Year>1999</Year><Month>7</Month><Day>3</Day><Hour>0</Hour><Minute>0</Minute></PubMedPubDate></History><PublicationStatus>ppublish</PublicationStatus><ArticleIdList><ArticleId IdType="pubmed">10391396</ArticleId><ArticleId IdType="doi">10.1046/j.1464-5491.1999.00010.x</ArticleId></ArticleIdList></PubmedData></PubmedArticle></PubmedArticleSet>