<?xml version="1.0" ?>
<!DOCTYPE PubmedArticleSet PUBLIC "-//NLM//DTD PubMedArticle, 1st January 2019//EN" "https://dtd.nlm.nih.gov/ncbi/pubmed/out/pubmed_190101.dtd">
<PubmedArticleSet><PubmedArticle><MedlineCitation Status="MEDLINE" Owner="NLM"><PMID Version="1">10391392</PMID><DateCompleted><Year>1999</Year><Month>08</Month><Day>19</Day></DateCompleted><DateRevised><Year>2019</Year><Month>08</Month><Day>31</Day></DateRevised><Article PubModel="Print"><Journal><ISSN IssnType="Print">0742-3071</ISSN><JournalIssue CitedMedium="Print"><Volume>16</Volume><Issue>6</Issue><PubDate><Year>1999</Year><Month>Jun</Month></PubDate></JournalIssue><Title>Diabetic medicine : a journal of the British Diabetic Association</Title><ISOAbbreviation>Diabet Med</ISOAbbreviation></Journal><ArticleTitle>The British Diabetic Association Cohort Study, I: all-cause mortality in patients with insulin-treated diabetes mellitus.</ArticleTitle><Pagination><MedlinePgn>459-65</MedlinePgn></Pagination><Abstract><AbstractText Label="AIMS" NlmCategory="OBJECTIVE">To assess mortality in patients with diabetes incident under the age of 30 years.</AbstractText><AbstractText Label="METHODS" NlmCategory="METHODS">A cohort of 23 752 diabetic patients diagnosed under the age of 30 years from throughout the United Kingdom was identified during 1972-93 and followed up to February 1997. Following notification of deaths during this period, age- and sex-specific mortality rates, attributable risks and standardized mortality rates were calculated.</AbstractText><AbstractText Label="RESULTS" NlmCategory="RESULTS">The 23 752 patients contributed a total of 317 522 person-years of follow-up, an average of 13.4 years per subject. During follow-up 949 deaths occurred in patients between the ages of 1 and 84 years, 566 in males and 383 in females. All-cause mortality rates in the patients with diabetes exceeded those in the general population at all ages and within the cohort were higher for males than females at all ages except between 5 and 15 years. The relative risk of death (standardized mortality ratio, SMR), was higher for females than males at all ages, being 4.0 (95% CI 3.6-4.4) for females and 2.7 (2.5-2.9) for males overall, but reaching a peak of 5.7 (4.7-7.0) in females aged 20-29, and of 4.0 (3.1-5.0) in males aged 40-49. Attributable risks, or the excess deaths in persons with diabetes compared with the general population, increased with age in both sexes.</AbstractText><AbstractText Label="CONCLUSIONS" NlmCategory="CONCLUSIONS">This is the first study from the UK of young patients diagnosed with diabetes that is large enough to calculate detailed age-specific mortality rates. This study provides a baseline for further studies of mortality and change in mortality within the United Kingdom.</AbstractText></Abstract><AuthorList CompleteYN="Y"><Author ValidYN="Y"><LastName>Laing</LastName><ForeName>S P</ForeName><Initials>SP</Initials><AffiliationInfo><Affiliation>Department of Epidemiology and Population Health, London School of Hygiene and Tropical Medicine, UK.</Affiliation></AffiliationInfo></Author><Author ValidYN="Y"><LastName>Swerdlow</LastName><ForeName>A J</ForeName><Initials>AJ</Initials></Author><Author ValidYN="Y"><LastName>Slater</LastName><ForeName>S D</ForeName><Initials>SD</Initials></Author><Author ValidYN="Y"><LastName>Botha</LastName><ForeName>J L</ForeName><Initials>JL</Initials></Author><Author ValidYN="Y"><LastName>Burden</LastName><ForeName>A C</ForeName><Initials>AC</Initials></Author><Author ValidYN="Y"><LastName>Waugh</LastName><ForeName>N R</ForeName><Initials>NR</Initials></Author><Author ValidYN="Y"><LastName>Smith</LastName><ForeName>A W</ForeName><Initials>AW</Initials></Author><Author ValidYN="Y"><LastName>Hill</LastName><ForeName>R D</ForeName><Initials>RD</Initials></Author><Author ValidYN="Y"><LastName>Bingley</LastName><ForeName>P J</ForeName><Initials>PJ</Initials></Author><Author ValidYN="Y"><LastName>Patterson</LastName><ForeName>C C</ForeName><Initials>CC</Initials></Author><Author ValidYN="Y"><LastName>Qiao</LastName><ForeName>Z</ForeName><Initials>Z</Initials></Author><Author ValidYN="Y"><LastName>Keen</LastName><ForeName>H</ForeName><Initials>H</Initials></Author></AuthorList><Language>eng</Language><PublicationTypeList><PublicationType UI="D016428">Journal Article</PublicationType></PublicationTypeList></Article><MedlineJournalInfo><Country>England</Country><MedlineTA>Diabet Med</MedlineTA><NlmUniqueID>8500858</NlmUniqueID><ISSNLinking>0742-3071</ISSNLinking></MedlineJournalInfo><CitationSubset>IM</CitationSubset><CommentsCorrectionsList><CommentsCorrections RefType="CommentIn"><RefSource>Diabet Med. 1999 Jun;16(6):446-7</RefSource><PMID Version="1">10391390</PMID></CommentsCorrections></CommentsCorrectionsList><MeshHeadingList><MeshHeading><DescriptorName UI="D000293" MajorTopicYN="N">Adolescent</DescriptorName></MeshHeading><MeshHeading><DescriptorName UI="D000328" MajorTopicYN="N">Adult</DescriptorName></MeshHeading><MeshHeading><DescriptorName UI="D000367" MajorTopicYN="N">Age Factors</DescriptorName></MeshHeading><MeshHeading><DescriptorName UI="D000368" MajorTopicYN="N">Aged</DescriptorName></MeshHeading><MeshHeading><DescriptorName UI="D000369" MajorTopicYN="N">Aged, 80 and over</DescriptorName></MeshHeading><MeshHeading><DescriptorName UI="D002648" MajorTopicYN="N">Child</DescriptorName></MeshHeading><MeshHeading><DescriptorName UI="D002675" MajorTopicYN="N">Child, Preschool</DescriptorName></MeshHeading><MeshHeading><DescriptorName UI="D015331" MajorTopicYN="N">Cohort Studies</DescriptorName></MeshHeading><MeshHeading><DescriptorName UI="D003922" MajorTopicYN="N">Diabetes Mellitus, Type 1</DescriptorName><QualifierName UI="Q000401" MajorTopicYN="Y">mortality</QualifierName></MeshHeading><MeshHeading><DescriptorName UI="D004739" MajorTopicYN="N" Type="Geographic">England</DescriptorName><QualifierName UI="Q000453" MajorTopicYN="N">epidemiology</QualifierName></MeshHeading><MeshHeading><DescriptorName UI="D005260" MajorTopicYN="N">Female</DescriptorName></MeshHeading><MeshHeading><DescriptorName UI="D006801" MajorTopicYN="N">Humans</DescriptorName></MeshHeading><MeshHeading><DescriptorName UI="D007223" MajorTopicYN="N">Infant</DescriptorName></MeshHeading><MeshHeading><DescriptorName UI="D008297" MajorTopicYN="N">Male</DescriptorName></MeshHeading><MeshHeading><DescriptorName UI="D008875" MajorTopicYN="N">Middle Aged</DescriptorName></MeshHeading><MeshHeading><DescriptorName UI="D009660" MajorTopicYN="N" Type="Geographic">Northern Ireland</DescriptorName></MeshHeading><MeshHeading><DescriptorName UI="D012307" MajorTopicYN="N">Risk Factors</DescriptorName></MeshHeading><MeshHeading><DescriptorName UI="D012606" MajorTopicYN="N" Type="Geographic">Scotland</DescriptorName><QualifierName UI="Q000453" MajorTopicYN="N">epidemiology</QualifierName></MeshHeading><MeshHeading><DescriptorName UI="D014852" MajorTopicYN="N" Type="Geographic">Wales</DescriptorName><QualifierName UI="Q000453" MajorTopicYN="N">epidemiology</QualifierName></MeshHeading></MeshHeadingList></MedlineCitation><PubmedData><History><PubMedPubDate PubStatus="pubmed"><Year>1999</Year><Month>7</Month><Day>3</Day></PubMedPubDate><PubMedPubDate PubStatus="medline"><Year>1999</Year><Month>7</Month><Day>3</Day><Hour>0</Hour><Minute>1</Minute></PubMedPubDate><PubMedPubDate PubStatus="entrez"><Year>1999</Year><Month>7</Month><Day>3</Day><Hour>0</Hour><Minute>0</Minute></PubMedPubDate></History><PublicationStatus>ppublish</PublicationStatus><ArticleIdList><ArticleId IdType="pubmed">10391392</ArticleId><ArticleId IdType="doi">10.1046/j.1464-5491.1999.00075.x</ArticleId></ArticleIdList></PubmedData></PubmedArticle></PubmedArticleSet>