<?xml version="1.0" ?>
<!DOCTYPE PubmedArticleSet PUBLIC "-//NLM//DTD PubMedArticle, 1st January 2019//EN" "https://dtd.nlm.nih.gov/ncbi/pubmed/out/pubmed_190101.dtd">
<PubmedArticleSet><PubmedArticle><MedlineCitation Status="MEDLINE" Owner="NLM"><PMID Version="1">10391144</PMID><DateCompleted><Year>1999</Year><Month>08</Month><Day>03</Day></DateCompleted><DateRevised><Year>2019</Year><Month>08</Month><Day>18</Day></DateRevised><Article PubModel="Print"><Journal><ISSN IssnType="Print">0300-8177</ISSN><JournalIssue CitedMedium="Print"><Volume>194</Volume><Issue>1-2</Issue><PubDate><Year>1999</Year><Month>Apr</Month></PubDate></JournalIssue><Title>Molecular and cellular biochemistry</Title><ISOAbbreviation>Mol Cell Biochem</ISOAbbreviation></Journal><ArticleTitle>Increased peroxisomal fatty acid beta-oxidation and enhanced expression of peroxisome proliferator-activated receptor-alpha in diabetic rat liver.</ArticleTitle><Pagination><MedlinePgn>227-34</MedlinePgn></Pagination><Abstract><AbstractText>To determine whether the increased fatty acid beta-oxidation in the peroxisomes of diabetic rat liver is mediated by a common peroxisome proliferation mechanism, we measured the activation of long-chain (LC) and very long chain (VLC) fatty acids catalyzed by palmitoyl CoA ligase (PAL) and lignoceryl CoA ligase and oxidation of LC (palmitic acid) and VLC (lignoceric acid) fatty acids by isotopic methods. Immunoblot analysis of acyl-CoA oxidase (ACO), and Northern blot analysis of peroxisome proliferator-activated receptor (PPAR-alpha), ACO, and PAL were also performed. The PAL activity increased in peroxisomes and mitochondria from the liver of diabetic rats by 2.6-fold and 2.1 -fold, respectively. The lignoceroyl-CoA ligase activity increased by 2.6-fold in diabetic peroxisomes. Palmitic acid oxidation increased in the diabetic peroxisomes and mitochondria by 2.5-fold and 2.7-fold, respectively, while lignoceric acid oxidation increased by 2.0-fold in the peroxisomes. Immunoreactive ACO protein increased by 2-fold in the diabetic group. The mRNA levels for PPAR-alpha, ACO and PAL increased 2.9-, 2.8- and 1.6-fold, respectively, in the diabetic group. These results suggest that the increased supply of fatty acids to liver in diabetic state stimulates the expression of PPAR-alpha and its target genes responsible for the metabolism of fatty acids.</AbstractText></Abstract><AuthorList CompleteYN="Y"><Author ValidYN="Y"><LastName>Asayama</LastName><ForeName>K</ForeName><Initials>K</Initials><AffiliationInfo><Affiliation>Department of Pediatrics, Yamanashi Medical University, Nakakomagun, Japan.</Affiliation></AffiliationInfo></Author><Author ValidYN="Y"><LastName>Sandhir</LastName><ForeName>R</ForeName><Initials>R</Initials></Author><Author ValidYN="Y"><LastName>Sheikh</LastName><ForeName>F G</ForeName><Initials>FG</Initials></Author><Author ValidYN="Y"><LastName>Hayashibe</LastName><ForeName>H</ForeName><Initials>H</Initials></Author><Author ValidYN="Y"><LastName>Nakane</LastName><ForeName>T</ForeName><Initials>T</Initials></Author><Author ValidYN="Y"><LastName>Singh</LastName><ForeName>I</ForeName><Initials>I</Initials></Author></AuthorList><Language>eng</Language><GrantList CompleteYN="Y"><Grant><GrantID>NS 22576</GrantID><Acronym>NS</Acronym><Agency>NINDS NIH HHS</Agency><Country>United States</Country></Grant></GrantList><PublicationTypeList><PublicationType UI="D016428">Journal Article</PublicationType><PublicationType UI="D013485">Research Support, Non-U.S. Gov't</PublicationType><PublicationType UI="D013487">Research Support, U.S. Gov't, P.H.S.</PublicationType></PublicationTypeList></Article><MedlineJournalInfo><Country>Netherlands</Country><MedlineTA>Mol Cell Biochem</MedlineTA><NlmUniqueID>0364456</NlmUniqueID><ISSNLinking>0300-8177</ISSNLinking></MedlineJournalInfo><ChemicalList><Chemical><RegistryNumber>0</RegistryNumber><NameOfSubstance UI="D018528">ATP-Binding Cassette Transporters</NameOfSubstance></Chemical><Chemical><RegistryNumber>0</RegistryNumber><NameOfSubstance UI="C489272">Abcd3 protein, rat</NameOfSubstance></Chemical><Chemical><RegistryNumber>0</RegistryNumber><NameOfSubstance UI="D002250">Carbon Radioisotopes</NameOfSubstance></Chemical><Chemical><RegistryNumber>0</RegistryNumber><NameOfSubstance UI="D005227">Fatty Acids</NameOfSubstance></Chemical><Chemical><RegistryNumber>0</RegistryNumber><NameOfSubstance UI="D008565">Membrane Proteins</NameOfSubstance></Chemical><Chemical><RegistryNumber>0</RegistryNumber><NameOfSubstance UI="D012333">RNA, Messenger</NameOfSubstance></Chemical><Chemical><RegistryNumber>0</RegistryNumber><NameOfSubstance UI="D018160">Receptors, Cytoplasmic and Nuclear</NameOfSubstance></Chemical><Chemical><RegistryNumber>0</RegistryNumber><NameOfSubstance UI="D012097">Repressor Proteins</NameOfSubstance></Chemical><Chemical><RegistryNumber>0</RegistryNumber><NameOfSubstance UI="D029701">Saccharomyces cerevisiae Proteins</NameOfSubstance></Chemical><Chemical><RegistryNumber>0</RegistryNumber><NameOfSubstance UI="D014157">Transcription Factors</NameOfSubstance></Chemical><Chemical><RegistryNumber>EC 1.-</RegistryNumber><NameOfSubstance UI="D010088">Oxidoreductases</NameOfSubstance></Chemical><Chemical><RegistryNumber>EC 1.3.3.6</RegistryNumber><NameOfSubstance UI="D042962">Acyl-CoA Oxidase</NameOfSubstance></Chemical><Chemical><RegistryNumber>EC 6.2.1.-</RegistryNumber><NameOfSubstance UI="D003066">Coenzyme A Ligases</NameOfSubstance></Chemical><Chemical><RegistryNumber>EC 6.2.1.3</RegistryNumber><NameOfSubstance UI="C090799">FAA2 protein, S cerevisiae</NameOfSubstance></Chemical><Chemical><RegistryNumber>EC 6.2.1.3</RegistryNumber><NameOfSubstance UI="C019143">long-chain-fatty-acid-CoA ligase</NameOfSubstance></Chemical></ChemicalList><CitationSubset>IM</CitationSubset><MeshHeadingList><MeshHeading><DescriptorName UI="D018528" MajorTopicYN="Y">ATP-Binding Cassette Transporters</DescriptorName></MeshHeading><MeshHeading><DescriptorName UI="D042962" MajorTopicYN="N">Acyl-CoA Oxidase</DescriptorName></MeshHeading><MeshHeading><DescriptorName UI="D000818" MajorTopicYN="N">Animals</DescriptorName></MeshHeading><MeshHeading><DescriptorName UI="D015152" MajorTopicYN="N">Blotting, Northern</DescriptorName></MeshHeading><MeshHeading><DescriptorName UI="D015153" MajorTopicYN="N">Blotting, Western</DescriptorName></MeshHeading><MeshHeading><DescriptorName UI="D002250" MajorTopicYN="N">Carbon Radioisotopes</DescriptorName></MeshHeading><MeshHeading><DescriptorName UI="D003066" MajorTopicYN="N">Coenzyme A Ligases</DescriptorName><QualifierName UI="Q000235" MajorTopicYN="N">genetics</QualifierName><QualifierName UI="Q000378" MajorTopicYN="N">metabolism</QualifierName></MeshHeading><MeshHeading><DescriptorName UI="D003921" MajorTopicYN="N">Diabetes Mellitus, Experimental</DescriptorName><QualifierName UI="Q000378" MajorTopicYN="Y">metabolism</QualifierName></MeshHeading><MeshHeading><DescriptorName UI="D005227" MajorTopicYN="N">Fatty Acids</DescriptorName><QualifierName UI="Q000378" MajorTopicYN="Y">metabolism</QualifierName></MeshHeading><MeshHeading><DescriptorName UI="D008099" MajorTopicYN="N">Liver</DescriptorName><QualifierName UI="Q000201" MajorTopicYN="N">enzymology</QualifierName><QualifierName UI="Q000378" MajorTopicYN="Y">metabolism</QualifierName></MeshHeading><MeshHeading><DescriptorName UI="D008297" MajorTopicYN="N">Male</DescriptorName></MeshHeading><MeshHeading><DescriptorName UI="D008565" MajorTopicYN="N">Membrane Proteins</DescriptorName><QualifierName UI="Q000235" MajorTopicYN="N">genetics</QualifierName><QualifierName UI="Q000378" MajorTopicYN="N">metabolism</QualifierName></MeshHeading><MeshHeading><DescriptorName UI="D008830" MajorTopicYN="N">Microbodies</DescriptorName><QualifierName UI="Q000378" MajorTopicYN="Y">metabolism</QualifierName></MeshHeading><MeshHeading><DescriptorName UI="D010084" MajorTopicYN="N">Oxidation-Reduction</DescriptorName></MeshHeading><MeshHeading><DescriptorName UI="D010088" MajorTopicYN="N">Oxidoreductases</DescriptorName><QualifierName UI="Q000235" MajorTopicYN="N">genetics</QualifierName><QualifierName UI="Q000378" MajorTopicYN="N">metabolism</QualifierName></MeshHeading><MeshHeading><DescriptorName UI="D012333" MajorTopicYN="N">RNA, Messenger</DescriptorName><QualifierName UI="Q000235" MajorTopicYN="N">genetics</QualifierName><QualifierName UI="Q000378" MajorTopicYN="N">metabolism</QualifierName></MeshHeading><MeshHeading><DescriptorName UI="D051381" MajorTopicYN="N">Rats</DescriptorName></MeshHeading><MeshHeading><DescriptorName UI="D017207" MajorTopicYN="N">Rats, Sprague-Dawley</DescriptorName></MeshHeading><MeshHeading><DescriptorName UI="D018160" MajorTopicYN="N">Receptors, Cytoplasmic and Nuclear</DescriptorName><QualifierName UI="Q000235" MajorTopicYN="N">genetics</QualifierName><QualifierName UI="Q000378" MajorTopicYN="Y">metabolism</QualifierName></MeshHeading><MeshHeading><DescriptorName UI="D012097" MajorTopicYN="Y">Repressor Proteins</DescriptorName></MeshHeading><MeshHeading><DescriptorName UI="D029701" MajorTopicYN="Y">Saccharomyces cerevisiae Proteins</DescriptorName></MeshHeading><MeshHeading><DescriptorName UI="D014157" MajorTopicYN="N">Transcription Factors</DescriptorName><QualifierName UI="Q000235" MajorTopicYN="N">genetics</QualifierName><QualifierName UI="Q000378" MajorTopicYN="Y">metabolism</QualifierName></MeshHeading></MeshHeadingList></MedlineCitation><PubmedData><History><PubMedPubDate PubStatus="pubmed"><Year>1999</Year><Month>7</Month><Day>3</Day></PubMedPubDate><PubMedPubDate PubStatus="medline"><Year>1999</Year><Month>7</Month><Day>3</Day><Hour>0</Hour><Minute>1</Minute></PubMedPubDate><PubMedPubDate PubStatus="entrez"><Year>1999</Year><Month>7</Month><Day>3</Day><Hour>0</Hour><Minute>0</Minute></PubMedPubDate></History><PublicationStatus>ppublish</PublicationStatus><ArticleIdList><ArticleId IdType="pubmed">10391144</ArticleId><ArticleId IdType="doi">10.1023/a:1006930513476</ArticleId></ArticleIdList><ReferenceList><Reference><Citation>Biochem J. 1960 Mar;74:450-6</Citation><ArticleIdList><ArticleId IdType="pubmed">14444755</ArticleId></ArticleIdList></Reference><Reference><Citation>Nature. 1970 Aug 15;227(5259):680-5</Citation><ArticleIdList><ArticleId IdType="pubmed">5432063</ArticleId></ArticleIdList></Reference><Reference><Citation>Prog Lipid Res. 1995;34(4):267-342</Citation><ArticleIdList><ArticleId IdType="pubmed">8685242</ArticleId></ArticleIdList></Reference><Reference><Citation>Proc Natl Acad Sci U S A. 1984 Jul;81(13):4203-7</Citation><ArticleIdList><ArticleId IdType="pubmed">6588384</ArticleId></ArticleIdList></Reference><Reference><Citation>Biochim Biophys Acta. 1992 Apr 30;1135(1):84-90</Citation><ArticleIdList><ArticleId IdType="pubmed">1591274</ArticleId></ArticleIdList></Reference><Reference><Citation>Physiol Rev. 1961 Jan;41:52-129</Citation><ArticleIdList><ArticleId IdType="pubmed">13702156</ArticleId></ArticleIdList></Reference><Reference><Citation>Nature. 1990 Oct 18;347(6294):645-50</Citation><ArticleIdList><ArticleId IdType="pubmed">2129546</ArticleId></ArticleIdList></Reference><Reference><Citation>J Lipid Res. 1983 May;24(5):662-5</Citation><ArticleIdList><ArticleId IdType="pubmed">6875391</ArticleId></ArticleIdList></Reference><Reference><Citation>Virchows Arch B Cell Pathol Incl Mol Pathol. 1992;63(1):43-9</Citation><ArticleIdList><ArticleId IdType="pubmed">1362021</ArticleId></ArticleIdList></Reference><Reference><Citation>Trends Pharmacol Sci. 1989 Dec;10(12):495-500</Citation><ArticleIdList><ArticleId IdType="pubmed">2694542</ArticleId></ArticleIdList></Reference><Reference><Citation>Biochim Biophys Acta. 1995 Oct 5;1258(3):257-64</Citation><ArticleIdList><ArticleId IdType="pubmed">7548195</ArticleId></ArticleIdList></Reference><Reference><Citation>J Biol Chem. 1990 May 25;265(15):8681-5</Citation><ArticleIdList><ArticleId IdType="pubmed">2341402</ArticleId></ArticleIdList></Reference><Reference><Citation>Proc Natl Acad Sci U S A. 1992 May 15;89(10):4653-7</Citation><ArticleIdList><ArticleId IdType="pubmed">1316614</ArticleId></ArticleIdList></Reference><Reference><Citation>Biochim Biophys Acta. 1996 Jul 26;1302(2):93-109</Citation><ArticleIdList><ArticleId IdType="pubmed">8695669</ArticleId></ArticleIdList></Reference><Reference><Citation>EMBO J. 1992 Feb;11(2):433-9</Citation><ArticleIdList><ArticleId IdType="pubmed">1537328</ArticleId></ArticleIdList></Reference><Reference><Citation>Mol Cell Biochem. 1997 Feb;167(1-2):1-29</Citation><ArticleIdList><ArticleId IdType="pubmed">9059978</ArticleId></ArticleIdList></Reference><Reference><Citation>J Biol Chem. 1995 Apr 21;270(16):9676-82</Citation><ArticleIdList><ArticleId IdType="pubmed">7721900</ArticleId></ArticleIdList></Reference><Reference><Citation>J Biol Chem. 1992 Jul 5;267(19):13306-13</Citation><ArticleIdList><ArticleId IdType="pubmed">1618832</ArticleId></ArticleIdList></Reference><Reference><Citation>J Biol Chem. 1994 Oct 7;269(40):24527-30</Citation><ArticleIdList><ArticleId IdType="pubmed">7929119</ArticleId></ArticleIdList></Reference><Reference><Citation>Eur J Biochem. 1992 Sep 15;208(3):705-11</Citation><ArticleIdList><ArticleId IdType="pubmed">1356767</ArticleId></ArticleIdList></Reference><Reference><Citation>Arch Biochem Biophys. 1989 May 1;270(2):722-8</Citation><ArticleIdList><ArticleId IdType="pubmed">2705786</ArticleId></ArticleIdList></Reference><Reference><Citation>Histochemistry. 1990;93(3):287-93</Citation><ArticleIdList><ArticleId IdType="pubmed">2312355</ArticleId></ArticleIdList></Reference><Reference><Citation>Diabete Metab. 1983 May-Jun;9(2):134-40</Citation><ArticleIdList><ArticleId IdType="pubmed">6413264</ArticleId></ArticleIdList></Reference><Reference><Citation>Mol Endocrinol. 1994 Aug;8(8):1049-69</Citation><ArticleIdList><ArticleId IdType="pubmed">7997232</ArticleId></ArticleIdList></Reference><Reference><Citation>Biochem J. 1964 Jul;92(1):179-84</Citation><ArticleIdList><ArticleId IdType="pubmed">4378796</ArticleId></ArticleIdList></Reference><Reference><Citation>J Steroid Biochem Mol Biol. 1995 Jun;53(1-6):467-73</Citation><ArticleIdList><ArticleId IdType="pubmed">7626496</ArticleId></ArticleIdList></Reference><Reference><Citation>J Cell Biol. 1982 Apr;93(1):103-10</Citation><ArticleIdList><ArticleId IdType="pubmed">7068748</ArticleId></ArticleIdList></Reference><Reference><Citation>Arch Biochem Biophys. 1996 Feb 15;326(2):281-9</Citation><ArticleIdList><ArticleId IdType="pubmed">8611035</ArticleId></ArticleIdList></Reference><Reference><Citation>Proc Natl Acad Sci U S A. 1995 Dec 5;92(25):11593-7</Citation><ArticleIdList><ArticleId IdType="pubmed">8524810</ArticleId></ArticleIdList></Reference><Reference><Citation>Arch Biochem Biophys. 1985 Jan;236(1):418-26</Citation><ArticleIdList><ArticleId IdType="pubmed">2578272</ArticleId></ArticleIdList></Reference><Reference><Citation>J Cell Biol. 1974 Apr;61(1):188-200</Citation><ArticleIdList><ArticleId IdType="pubmed">4150488</ArticleId></ArticleIdList></Reference><Reference><Citation>J Biol Chem. 1987 Jun 15;262(17):8131-7</Citation><ArticleIdList><ArticleId IdType="pubmed">3036800</ArticleId></ArticleIdList></Reference><Reference><Citation>Diabetes Res Clin Pract. 1991 Feb;11(2):89-94</Citation><ArticleIdList><ArticleId IdType="pubmed">1673655</ArticleId></ArticleIdList></Reference><Reference><Citation>J Lipid Res. 1990 Apr;31(4):583-95</Citation><ArticleIdList><ArticleId IdType="pubmed">2141053</ArticleId></ArticleIdList></Reference><Reference><Citation>Anal Biochem. 1976 May 7;72:248-54</Citation><ArticleIdList><ArticleId IdType="pubmed">942051</ArticleId></ArticleIdList></Reference><Reference><Citation>J Biol Chem. 1990 Mar 15;265(8):4534-40</Citation><ArticleIdList><ArticleId IdType="pubmed">1968461</ArticleId></ArticleIdList></Reference><Reference><Citation>Eur J Biochem. 1994 Nov 1;225(3):967-74</Citation><ArticleIdList><ArticleId IdType="pubmed">7957233</ArticleId></ArticleIdList></Reference><Reference><Citation>J Biol Chem. 1973 Jun 10;248(11):4123-30</Citation><ArticleIdList><ArticleId IdType="pubmed">4145326</ArticleId></ArticleIdList></Reference><Reference><Citation>Proc Natl Acad Sci U S A. 1997 Apr 29;94(9):4312-7</Citation><ArticleIdList><ArticleId IdType="pubmed">9113986</ArticleId></ArticleIdList></Reference><Reference><Citation>J Biol Chem. 1995 Aug 18;270(33):19269-76</Citation><ArticleIdList><ArticleId IdType="pubmed">7642600</ArticleId></ArticleIdList></Reference><Reference><Citation>Biochem Pharmacol. 1989 Dec 1;38(23):4291-7</Citation><ArticleIdList><ArticleId IdType="pubmed">2688656</ArticleId></ArticleIdList></Reference><Reference><Citation>J Biochem. 1981 Dec;90(6):1691-6</Citation><ArticleIdList><ArticleId IdType="pubmed">7334004</ArticleId></ArticleIdList></Reference><Reference><Citation>J Biochem. 1980 Jun;87(6):1855-8</Citation><ArticleIdList><ArticleId IdType="pubmed">6105152</ArticleId></ArticleIdList></Reference></ReferenceList></PubmedData></PubmedArticle></PubmedArticleSet>