<?xml version="1.0" ?>
<!DOCTYPE PubmedArticleSet PUBLIC "-//NLM//DTD PubMedArticle, 1st January 2019//EN" "https://dtd.nlm.nih.gov/ncbi/pubmed/out/pubmed_190101.dtd">
<PubmedArticleSet><PubmedArticle><MedlineCitation Status="MEDLINE" Owner="NLM"><PMID Version="1">10396539</PMID><DateCompleted><Year>1999</Year><Month>08</Month><Day>02</Day></DateCompleted><DateRevised><Year>2019</Year><Month>05</Month><Day>03</Day></DateRevised><Article PubModel="Print"><Journal><ISSN IssnType="Print">0143-005X</ISSN><JournalIssue CitedMedium="Print"><Volume>53</Volume><Issue>5</Issue><PubDate><Year>1999</Year><Month>May</Month></PubDate></JournalIssue><Title>Journal of epidemiology and community health</Title><ISOAbbreviation>J Epidemiol Community Health</ISOAbbreviation></Journal><ArticleTitle>Nutritional counselling in general practice: a cost effective analysis.</ArticleTitle><Pagination><MedlinePgn>311-6</MedlinePgn></Pagination><Abstract><AbstractText Label="STUDY OBJECTIVE" NlmCategory="OBJECTIVE">To study the clinical and cost outcomes of providing nutritional counselling to patients with one or more of the following conditions: overweight, hypertension and type 2 diabetes.</AbstractText><AbstractText Label="DESIGN" NlmCategory="METHODS">The study was designed as a random controlled trial. Consecutive patients were screened opportunistically for one or more of the above conditions and randomly allocated to one of two intervention groups (doctor/dietitian or dietitian) or a control group. Both intervention groups received six counselling sessions over 12 months from a dietitian. However, in the doctor/dietitian group it was the doctor and not the dietitian who invited the patient to join the study and the same doctor also reviewed progress at two of the six counselling sessions.</AbstractText><AbstractText Label="SETTING" NlmCategory="METHODS">The study was conducted in a university group general practice set in a lower socioeconomic outer suburb of Perth, Western Australia.</AbstractText><AbstractText Label="PATIENTS" NlmCategory="METHODS">Of the 273 patients randomly allocated to a study group, 198 were women. Age ranged from 25 to 65 years. Seventy eight per cent of patients resided in the lower two socioecnomic quartiles, 56 per cent described their occupation as home duties and 78 per cent were partnered.</AbstractText><AbstractText Label="RESULTS" NlmCategory="RESULTS">Both intervention groups reduced weight and blood pressure compared with the control group. Patients in the doctor/dietitian group were more likely to complete the 12 month programme than those in the dietitian group. Patients in the doctor/dietitian group lost an average of 6.7 kg at a cost of $A9.76 per kilogram, while the dietitian group lost 5.6 kg at a cost of $A7.30 per kilogram.</AbstractText><AbstractText Label="CONCLUSION" NlmCategory="CONCLUSIONS">General practitioners, in conjunction with a dietitian, can produce significant weight and blood pressure improvement by health promotion methods.</AbstractText></Abstract><AuthorList CompleteYN="Y"><Author ValidYN="Y"><LastName>Pritchard</LastName><ForeName>D A</ForeName><Initials>DA</Initials><AffiliationInfo><Affiliation>Department of General Practice, University of Western Australia.</Affiliation></AffiliationInfo></Author><Author ValidYN="Y"><LastName>Hyndman</LastName><ForeName>J</ForeName><Initials>J</Initials></Author><Author ValidYN="Y"><LastName>Taba</LastName><ForeName>F</ForeName><Initials>F</Initials></Author></AuthorList><Language>eng</Language><PublicationTypeList><PublicationType UI="D016430">Clinical Trial</PublicationType><PublicationType UI="D016428">Journal Article</PublicationType><PublicationType UI="D016449">Randomized Controlled Trial</PublicationType><PublicationType UI="D013485">Research Support, Non-U.S. Gov't</PublicationType></PublicationTypeList></Article><MedlineJournalInfo><Country>England</Country><MedlineTA>J Epidemiol Community Health</MedlineTA><NlmUniqueID>7909766</NlmUniqueID><ISSNLinking>0143-005X</ISSNLinking></MedlineJournalInfo><CitationSubset>IM</CitationSubset><MeshHeadingList><MeshHeading><DescriptorName UI="D000328" MajorTopicYN="N">Adult</DescriptorName></MeshHeading><MeshHeading><DescriptorName UI="D000368" MajorTopicYN="N">Aged</DescriptorName></MeshHeading><MeshHeading><DescriptorName UI="D003362" MajorTopicYN="N">Cost-Benefit Analysis</DescriptorName></MeshHeading><MeshHeading><DescriptorName UI="D003924" MajorTopicYN="N">Diabetes Mellitus, Type 2</DescriptorName><QualifierName UI="Q000178" MajorTopicYN="Y">diet therapy</QualifierName></MeshHeading><MeshHeading><DescriptorName UI="D015444" MajorTopicYN="N">Exercise</DescriptorName></MeshHeading><MeshHeading><DescriptorName UI="D005194" MajorTopicYN="N">Family Practice</DescriptorName></MeshHeading><MeshHeading><DescriptorName UI="D005260" MajorTopicYN="N">Female</DescriptorName></MeshHeading><MeshHeading><DescriptorName UI="D006293" MajorTopicYN="N">Health Promotion</DescriptorName></MeshHeading><MeshHeading><DescriptorName UI="D006801" MajorTopicYN="N">Humans</DescriptorName></MeshHeading><MeshHeading><DescriptorName UI="D006973" MajorTopicYN="N">Hypertension</DescriptorName><QualifierName UI="Q000178" MajorTopicYN="Y">diet therapy</QualifierName></MeshHeading><MeshHeading><DescriptorName UI="D008297" MajorTopicYN="N">Male</DescriptorName></MeshHeading><MeshHeading><DescriptorName UI="D008875" MajorTopicYN="N">Middle Aged</DescriptorName></MeshHeading><MeshHeading><DescriptorName UI="D009747" MajorTopicYN="Y">Nutritional Physiological Phenomena</DescriptorName></MeshHeading><MeshHeading><DescriptorName UI="D009765" MajorTopicYN="N">Obesity</DescriptorName><QualifierName UI="Q000178" MajorTopicYN="Y">diet therapy</QualifierName></MeshHeading><MeshHeading><DescriptorName UI="D010352" MajorTopicYN="N">Patient Dropouts</DescriptorName></MeshHeading><MeshHeading><DescriptorName UI="D010353" MajorTopicYN="N">Patient Education as Topic</DescriptorName><QualifierName UI="Q000191" MajorTopicYN="Y">economics</QualifierName></MeshHeading><MeshHeading><DescriptorName UI="D012923" MajorTopicYN="N">Social Class</DescriptorName></MeshHeading><MeshHeading><DescriptorName UI="D014904" MajorTopicYN="N" Type="Geographic">Western Australia</DescriptorName></MeshHeading></MeshHeadingList></MedlineCitation><PubmedData><History><PubMedPubDate PubStatus="pubmed"><Year>1999</Year><Month>7</Month><Day>9</Day></PubMedPubDate><PubMedPubDate PubStatus="medline"><Year>1999</Year><Month>7</Month><Day>9</Day><Hour>0</Hour><Minute>1</Minute></PubMedPubDate><PubMedPubDate PubStatus="entrez"><Year>1999</Year><Month>7</Month><Day>9</Day><Hour>0</Hour><Minute>0</Minute></PubMedPubDate></History><PublicationStatus>ppublish</PublicationStatus><ArticleIdList><ArticleId IdType="pubmed">10396539</ArticleId><ArticleId IdType="pmc">PMC1756872</ArticleId><ArticleId IdType="doi">10.1136/jech.53.5.311</ArticleId></ArticleIdList><ReferenceList><Reference><Citation>J Am Coll Nutr. 1992 Feb;11(1):36-41</Citation><ArticleIdList><ArticleId IdType="pubmed">1541793</ArticleId></ArticleIdList></Reference><Reference><Citation>Br J Gen Pract. 1991 Apr;41(345):147-50</Citation><ArticleIdList><ArticleId IdType="pubmed">1817470</ArticleId></ArticleIdList></Reference><Reference><Citation>Aust J Public Health. 1992 Jun;16(2):168-74</Citation><ArticleIdList><ArticleId IdType="pubmed">1391159</ArticleId></ArticleIdList></Reference><Reference><Citation>BMJ. 1992 Oct 10;305(6858):871-4</Citation><ArticleIdList><ArticleId IdType="pubmed">1422405</ArticleId></ArticleIdList></Reference><Reference><Citation>J Epidemiol Community Health. 1992 Aug;46(4):409-16</Citation><ArticleIdList><ArticleId IdType="pubmed">1431718</ArticleId></ArticleIdList></Reference><Reference><Citation>Prev Med. 1993 Jan;22(1):96-109</Citation><ArticleIdList><ArticleId IdType="pubmed">8475015</ArticleId></ArticleIdList></Reference><Reference><Citation>BMJ. 1993 Nov 6;307(6913):1190-4</Citation><ArticleIdList><ArticleId IdType="pubmed">8305075</ArticleId></ArticleIdList></Reference><Reference><Citation>Schweiz Med Wochenschr. 1994 May 7;124(18):749-58</Citation><ArticleIdList><ArticleId IdType="pubmed">8202672</ArticleId></ArticleIdList></Reference><Reference><Citation>Prev Med. 1994 May;23(3):292-301</Citation><ArticleIdList><ArticleId IdType="pubmed">8078849</ArticleId></ArticleIdList></Reference><Reference><Citation>BMJ. 1995 Mar 4;310(6979):569-73</Citation><ArticleIdList><ArticleId IdType="pubmed">7888933</ArticleId></ArticleIdList></Reference><Reference><Citation>Med J Aust. 1995 May 15;162(10):524-6</Citation><ArticleIdList><ArticleId IdType="pubmed">7776913</ArticleId></ArticleIdList></Reference><Reference><Citation>Int J Epidemiol. 1995 Feb;24(1):165-76</Citation><ArticleIdList><ArticleId IdType="pubmed">7797339</ArticleId></ArticleIdList></Reference><Reference><Citation>Med J Aust. 1996 Apr 15;164(8):456-7</Citation><ArticleIdList><ArticleId IdType="pubmed">8614333</ArticleId></ArticleIdList></Reference><Reference><Citation>Aust N Z J Public Health. 1996 Apr;20(2):195-200</Citation><ArticleIdList><ArticleId IdType="pubmed">8799096</ArticleId></ArticleIdList></Reference><Reference><Citation>Br Med J (Clin Res Ed). 1984 May 12;288(6428):1401-4</Citation><ArticleIdList><ArticleId IdType="pubmed">6426576</ArticleId></ArticleIdList></Reference><Reference><Citation>Br Med J (Clin Res Ed). 1984 May 19;288(6429):1499-503</Citation><ArticleIdList><ArticleId IdType="pubmed">6426618</ArticleId></ArticleIdList></Reference><Reference><Citation>J R Coll Gen Pract. 1986 Oct;36(291):445-8</Citation><ArticleIdList><ArticleId IdType="pubmed">3440987</ArticleId></ArticleIdList></Reference><Reference><Citation>BMJ. 1988 Sep 10;297(6649):663-8</Citation><ArticleIdList><ArticleId IdType="pubmed">3052668</ArticleId></ArticleIdList></Reference><Reference><Citation>Fam Pract. 1989 Sep;6(3):203-9</Citation><ArticleIdList><ArticleId IdType="pubmed">2792621</ArticleId></ArticleIdList></Reference><Reference><Citation>Fam Pract. 1991 Dec;8(4):373-7</Citation><ArticleIdList><ArticleId IdType="pubmed">1800203</ArticleId></ArticleIdList></Reference></ReferenceList></PubmedData></PubmedArticle></PubmedArticleSet>