<?xml version="1.0" ?>
<!DOCTYPE PubmedArticleSet PUBLIC "-//NLM//DTD PubMedArticle, 1st January 2019//EN" "https://dtd.nlm.nih.gov/ncbi/pubmed/out/pubmed_190101.dtd">
<PubmedArticleSet><PubmedArticle><MedlineCitation Status="MEDLINE" Owner="NLM"><PMID Version="1">10393957</PMID><DateCompleted><Year>1999</Year><Month>08</Month><Day>26</Day></DateCompleted><DateRevised><Year>2019</Year><Month>05</Month><Day>01</Day></DateRevised><Article PubModel="Print"><Journal><ISSN IssnType="Print">0027-8424</ISSN><JournalIssue CitedMedium="Print"><Volume>96</Volume><Issue>14</Issue><PubDate><Year>1999</Year><Month>Jul</Month><Day>06</Day></PubDate></JournalIssue><Title>Proceedings of the National Academy of Sciences of the United States of America</Title><ISOAbbreviation>Proc Natl Acad Sci U S A</ISOAbbreviation></Journal><ArticleTitle>Heterophile antibodies segregate in families and are associated with protection from type 1 diabetes.</ArticleTitle><Pagination><MedlinePgn>8116-9</MedlinePgn></Pagination><Abstract><AbstractText>Markedly elevated levels of serum IL-4 were reported previously in 50% of a small group of type 1 diabetes nonprogessors. To determine the patterns of expression for this phenotype, a larger cohort of 58 families containing type 1 diabetic patients was examined. Analysis of the two-site ELISA assay used to measure serum IL-4 revealed evidence for heterophile antibodies, i.e., nonanalyte substances in serum capable of binding antibodies mutivalently and providing erroneous analyte (e.g., IL-4) quantification. Interestingly, relatives without type 1 diabetes were significantly more likely to have this phenotype than were patients with the disease (P = 0.003). In addition, the trait appears to have clustered within certain families and was associated with the protective MHC allele DQB1*0602 (P = 0.008). These results suggest that heterophile antibodies represent an in vivo trait associated with self-tolerance and nonprogression to diabetes.</AbstractText></Abstract><AuthorList CompleteYN="Y"><Author ValidYN="Y"><LastName>She</LastName><ForeName>J X</ForeName><Initials>JX</Initials><AffiliationInfo><Affiliation>Departments of Pathology, Immunology, and Laboratory Medicine, University of Florida, Gainesville, FL 32610, USA.</Affiliation></AffiliationInfo></Author><Author ValidYN="Y"><LastName>Ellis</LastName><ForeName>T M</ForeName><Initials>TM</Initials></Author><Author ValidYN="Y"><LastName>Wilson</LastName><ForeName>S B</ForeName><Initials>SB</Initials></Author><Author ValidYN="Y"><LastName>Wasserfall</LastName><ForeName>C H</ForeName><Initials>CH</Initials></Author><Author ValidYN="Y"><LastName>Marron</LastName><ForeName>M</ForeName><Initials>M</Initials></Author><Author ValidYN="Y"><LastName>Reimsneider</LastName><ForeName>S</ForeName><Initials>S</Initials></Author><Author ValidYN="Y"><LastName>Kent</LastName><ForeName>S C</ForeName><Initials>SC</Initials></Author><Author ValidYN="Y"><LastName>Hafler</LastName><ForeName>D A</ForeName><Initials>DA</Initials></Author><Author ValidYN="Y"><LastName>Neuberg</LastName><ForeName>D S</ForeName><Initials>DS</Initials></Author><Author ValidYN="Y"><LastName>Muir</LastName><ForeName>A</ForeName><Initials>A</Initials></Author><Author ValidYN="Y"><LastName>Strominger</LastName><ForeName>J L</ForeName><Initials>JL</Initials></Author><Author ValidYN="Y"><LastName>Atkinson</LastName><ForeName>M A</ForeName><Initials>MA</Initials></Author></AuthorList><Language>eng</Language><GrantList CompleteYN="Y"><Grant><GrantID>R01 DK 50220</GrantID><Acronym>DK</Acronym><Agency>NIDDK NIH HHS</Agency><Country>United States</Country></Grant><Grant><GrantID>P01 AI042288</GrantID><Acronym>AI</Acronym><Agency>NIAID NIH HHS</Agency><Country>United States</Country></Grant><Grant><GrantID>R01 AI/DK39250</GrantID><Acronym>AI</Acronym><Agency>NIAID NIH HHS</Agency><Country>United States</Country></Grant><Grant><GrantID>R01 DK 53103</GrantID><Acronym>DK</Acronym><Agency>NIDDK NIH HHS</Agency><Country>United States</Country></Grant><Grant><GrantID>R01 HD052127</GrantID><Acronym>HD</Acronym><Agency>NICHD NIH HHS</Agency><Country>United States</Country></Grant></GrantList><PublicationTypeList><PublicationType UI="D016428">Journal Article</PublicationType><PublicationType UI="D013487">Research Support, U.S. Gov't, P.H.S.</PublicationType></PublicationTypeList></Article><MedlineJournalInfo><Country>United States</Country><MedlineTA>Proc Natl Acad Sci U S A</MedlineTA><NlmUniqueID>7505876</NlmUniqueID><ISSNLinking>0027-8424</ISSNLinking></MedlineJournalInfo><ChemicalList><Chemical><RegistryNumber>0</RegistryNumber><NameOfSubstance UI="D000910">Antibodies, Heterophile</NameOfSubstance></Chemical><Chemical><RegistryNumber>0</RegistryNumber><NameOfSubstance UI="D016207">Cytokines</NameOfSubstance></Chemical><Chemical><RegistryNumber>0</RegistryNumber><NameOfSubstance UI="D006683">HLA-DQ Antigens</NameOfSubstance></Chemical><Chemical><RegistryNumber>0</RegistryNumber><NameOfSubstance UI="D059866">HLA-DQ beta-Chains</NameOfSubstance></Chemical><Chemical><RegistryNumber>0</RegistryNumber><NameOfSubstance UI="C069051">HLA-DQB1 antigen</NameOfSubstance></Chemical><Chemical><RegistryNumber>207137-56-2</RegistryNumber><NameOfSubstance UI="D015847">Interleukin-4</NameOfSubstance></Chemical></ChemicalList><CitationSubset>IM</CitationSubset><MeshHeadingList><MeshHeading><DescriptorName UI="D000483" MajorTopicYN="N">Alleles</DescriptorName></MeshHeading><MeshHeading><DescriptorName UI="D000910" MajorTopicYN="N">Antibodies, Heterophile</DescriptorName><QualifierName UI="Q000235" MajorTopicYN="Y">genetics</QualifierName></MeshHeading><MeshHeading><DescriptorName UI="D001327" MajorTopicYN="N">Autoimmune Diseases</DescriptorName><QualifierName UI="Q000235" MajorTopicYN="N">genetics</QualifierName><QualifierName UI="Q000276" MajorTopicYN="N">immunology</QualifierName></MeshHeading><MeshHeading><DescriptorName UI="D015331" MajorTopicYN="N">Cohort Studies</DescriptorName></MeshHeading><MeshHeading><DescriptorName UI="D016207" MajorTopicYN="N">Cytokines</DescriptorName><QualifierName UI="Q000097" MajorTopicYN="N">blood</QualifierName></MeshHeading><MeshHeading><DescriptorName UI="D003922" MajorTopicYN="N">Diabetes Mellitus, Type 1</DescriptorName><QualifierName UI="Q000097" MajorTopicYN="N">blood</QualifierName><QualifierName UI="Q000235" MajorTopicYN="Y">genetics</QualifierName><QualifierName UI="Q000276" MajorTopicYN="Y">immunology</QualifierName></MeshHeading><MeshHeading><DescriptorName UI="D005838" MajorTopicYN="N">Genotype</DescriptorName></MeshHeading><MeshHeading><DescriptorName UI="D006683" MajorTopicYN="N">HLA-DQ Antigens</DescriptorName><QualifierName UI="Q000235" MajorTopicYN="Y">genetics</QualifierName></MeshHeading><MeshHeading><DescriptorName UI="D059866" MajorTopicYN="N">HLA-DQ beta-Chains</DescriptorName></MeshHeading><MeshHeading><DescriptorName UI="D006801" MajorTopicYN="N">Humans</DescriptorName></MeshHeading><MeshHeading><DescriptorName UI="D007113" MajorTopicYN="N">Immunity, Innate</DescriptorName><QualifierName UI="Q000235" MajorTopicYN="N">genetics</QualifierName></MeshHeading><MeshHeading><DescriptorName UI="D015847" MajorTopicYN="N">Interleukin-4</DescriptorName><QualifierName UI="Q000097" MajorTopicYN="Y">blood</QualifierName></MeshHeading><MeshHeading><DescriptorName UI="D008285" MajorTopicYN="N">Major Histocompatibility Complex</DescriptorName></MeshHeading><MeshHeading><DescriptorName UI="D010641" MajorTopicYN="N">Phenotype</DescriptorName></MeshHeading></MeshHeadingList></MedlineCitation><PubmedData><History><PubMedPubDate PubStatus="pubmed"><Year>1999</Year><Month>7</Month><Day>8</Day></PubMedPubDate><PubMedPubDate PubStatus="medline"><Year>1999</Year><Month>7</Month><Day>8</Day><Hour>0</Hour><Minute>1</Minute></PubMedPubDate><PubMedPubDate PubStatus="entrez"><Year>1999</Year><Month>7</Month><Day>8</Day><Hour>0</Hour><Minute>0</Minute></PubMedPubDate></History><PublicationStatus>ppublish</PublicationStatus><ArticleIdList><ArticleId IdType="pubmed">10393957</ArticleId><ArticleId IdType="pmc">PMC22197</ArticleId><ArticleId IdType="doi">10.1073/pnas.96.14.8116</ArticleId></ArticleIdList><ReferenceList><Reference><Citation>Clin Chem. 1986 Aug;32(8):1491-5</Citation><ArticleIdList><ArticleId IdType="pubmed">3731442</ArticleId></ArticleIdList></Reference><Reference><Citation>Nature. 1998 Jan 8;391(6663):177-81</Citation><ArticleIdList><ArticleId IdType="pubmed">9428763</ArticleId></ArticleIdList></Reference><Reference><Citation>Clin Biochem. 1992 Apr;25(2):77-87</Citation><ArticleIdList><ArticleId IdType="pubmed">1623581</ArticleId></ArticleIdList></Reference><Reference><Citation>N Engl J Med. 1993 Dec 16;329(25):1853-8</Citation><ArticleIdList><ArticleId IdType="pubmed">8247037</ArticleId></ArticleIdList></Reference><Reference><Citation>Nature. 1994 Sep 8;371(6493):130-6</Citation><ArticleIdList><ArticleId IdType="pubmed">8072542</ArticleId></ArticleIdList></Reference><Reference><Citation>Nature. 1994 Sep 8;371(6493):161-4</Citation><ArticleIdList><ArticleId IdType="pubmed">8072544</ArticleId></ArticleIdList></Reference><Reference><Citation>N Engl J Med. 1994 Nov 24;331(21):1428-36</Citation><ArticleIdList><ArticleId IdType="pubmed">7969282</ArticleId></ArticleIdList></Reference><Reference><Citation>Autoimmunity. 1994;18(3):195-203</Citation><ArticleIdList><ArticleId IdType="pubmed">7858104</ArticleId></ArticleIdList></Reference><Reference><Citation>Diabetes. 1995 Jun;44(6):608-13</Citation><ArticleIdList><ArticleId IdType="pubmed">7789622</ArticleId></ArticleIdList></Reference><Reference><Citation>Am J Hum Genet. 1995 Oct;57(4):911-9</Citation><ArticleIdList><ArticleId IdType="pubmed">7573053</ArticleId></ArticleIdList></Reference><Reference><Citation>Diabetes. 1996 Jul;45(7):926-33</Citation><ArticleIdList><ArticleId IdType="pubmed">8666144</ArticleId></ArticleIdList></Reference><Reference><Citation>Hum Mol Genet. 1996 May;5(5):693-8</Citation><ArticleIdList><ArticleId IdType="pubmed">8733139</ArticleId></ArticleIdList></Reference><Reference><Citation>Immunol Today. 1996 Jul;17(7):323-9</Citation><ArticleIdList><ArticleId IdType="pubmed">8763818</ArticleId></ArticleIdList></Reference><Reference><Citation>Diabetes. 1996 Sep;45(9):1147-56</Citation><ArticleIdList><ArticleId IdType="pubmed">8772714</ArticleId></ArticleIdList></Reference><Reference><Citation>Hum Mol Genet. 1996 Jul;5(7):1075-80</Citation><ArticleIdList><ArticleId IdType="pubmed">8817351</ArticleId></ArticleIdList></Reference><Reference><Citation>Nature. 1996 Oct 31;383(6603):787-93</Citation><ArticleIdList><ArticleId IdType="pubmed">8893001</ArticleId></ArticleIdList></Reference><Reference><Citation>Hum Mol Genet. 1997 Aug;6(8):1275-82</Citation><ArticleIdList><ArticleId IdType="pubmed">9259273</ArticleId></ArticleIdList></Reference><Reference><Citation>Clin Chem. 1988 Jan;34(1):27-33</Citation><ArticleIdList><ArticleId IdType="pubmed">3338181</ArticleId></ArticleIdList></Reference></ReferenceList></PubmedData></PubmedArticle></PubmedArticleSet>