<?xml version="1.0" ?>
<!DOCTYPE PubmedArticleSet PUBLIC "-//NLM//DTD PubMedArticle, 1st January 2019//EN" "https://dtd.nlm.nih.gov/ncbi/pubmed/out/pubmed_190101.dtd">
<PubmedArticleSet><PubmedArticle><MedlineCitation Status="MEDLINE" Owner="NLM"><PMID Version="1">10391271</PMID><DateCompleted><Year>1999</Year><Month>07</Month><Day>14</Day></DateCompleted><DateRevised><Year>2019</Year><Month>06</Month><Day>28</Day></DateRevised><Article PubModel="Print"><Journal><ISSN IssnType="Print">0003-4975</ISSN><JournalIssue CitedMedium="Print"><Volume>67</Volume><Issue>6</Issue><PubDate><Year>1999</Year><Month>Jun</Month></PubDate></JournalIssue><Title>The Annals of thoracic surgery</Title><ISOAbbreviation>Ann Thorac Surg</ISOAbbreviation></Journal><ArticleTitle>Elevated coronary endothelin-1 but not nitric oxide in diabetics during CABG.</ArticleTitle><Pagination><MedlinePgn>1659-63</MedlinePgn></Pagination><Abstract><AbstractText Label="BACKGROUND" NlmCategory="BACKGROUND">After coronary artery bypass grafting procedures, a higher incidence of morbidity and mortality has been reported in diabetic patients. We tested whether coronary artery bypass grafting in diabetics affects the endothelin-1 and nitric oxide coronary effluent profile during reperfusion.</AbstractText><AbstractText Label="METHODS" NlmCategory="METHODS">Twenty-one consecutive patients (9 with type II diabetes mellitus, 12 non-diabetics) underwent coronary artery bypass grafting by one surgeon. The two groups did not differ in preoperative ejection fraction, Parsonnet score, number of vessels bypassed, or cross-clamp time. Each patient was treated in the same intraoperative manner with single atrial, aortic, and antegrade and retrograde cardioplegia (CPL) cannulas. Cold CPL arrest was by antegrade and retrograde infusion of modified Buckberg CPL solution. Warm CPL solution was infused before reperfusion. Coronary sinus blood samples were obtained for estimation of endothelin-1 and nitrite plus nitrate before CPL arrest and at 1 and 15 minutes after each of 2 reperfusion periods.</AbstractText><AbstractText Label="RESULTS" NlmCategory="RESULTS">In diabetics, endothelin-1 was significantly increased at all reperfusion times as compared with non-diabetics. Nitrite plus nitrate levels were significantly higher in patients with diabetes than in those without, but did not change with time in either of the groups.</AbstractText><AbstractText Label="CONCLUSIONS" NlmCategory="CONCLUSIONS">Reperfusion after CPL during coronary artery bypass grafting procedure can trigger the release of endothelin-1 in patients with diabetes mellitus. This may favor increased vascular tone or positive inotropic responses after coronary artery bypass grafting and may contribute to significant cardiovascular consequences in diabetic patients.</AbstractText></Abstract><AuthorList CompleteYN="Y"><Author ValidYN="Y"><LastName>Sharma</LastName><ForeName>A C</ForeName><Initials>AC</Initials><AffiliationInfo><Affiliation>Department of Surgery, University of Illinois College of Medicine at Chicago, 60612, USA.</Affiliation></AffiliationInfo></Author><Author ValidYN="Y"><LastName>Fogelson</LastName><ForeName>B G</ForeName><Initials>BG</Initials></Author><Author ValidYN="Y"><LastName>Nawas</LastName><ForeName>S I</ForeName><Initials>SI</Initials></Author><Author ValidYN="Y"><LastName>Vigneswaran</LastName><ForeName>W T</ForeName><Initials>WT</Initials></Author><Author ValidYN="Y"><LastName>Sam</LastName><ForeName>A D</ForeName><Initials>AD</Initials><Suffix>2nd</Suffix></Author><Author ValidYN="Y"><LastName>Alden</LastName><ForeName>K J</ForeName><Initials>KJ</Initials></Author><Author ValidYN="Y"><LastName>Ferguson</LastName><ForeName>J L</ForeName><Initials>JL</Initials></Author><Author ValidYN="Y"><LastName>Law</LastName><ForeName>W R</ForeName><Initials>WR</Initials></Author></AuthorList><Language>eng</Language><GrantList CompleteYN="Y"><Grant><GrantID>R01 48219</GrantID><Agency>PHS HHS</Agency><Country>United States</Country></Grant><Grant><GrantID>T32 HL07692</GrantID><Acronym>HL</Acronym><Agency>NHLBI NIH HHS</Agency><Country>United States</Country></Grant></GrantList><PublicationTypeList><PublicationType UI="D016428">Journal Article</PublicationType><PublicationType UI="D013485">Research Support, Non-U.S. Gov't</PublicationType><PublicationType UI="D013486">Research Support, U.S. Gov't, Non-P.H.S.</PublicationType><PublicationType UI="D013487">Research Support, U.S. Gov't, P.H.S.</PublicationType></PublicationTypeList></Article><MedlineJournalInfo><Country>Netherlands</Country><MedlineTA>Ann Thorac Surg</MedlineTA><NlmUniqueID>15030100R</NlmUniqueID><ISSNLinking>0003-4975</ISSNLinking></MedlineJournalInfo><ChemicalList><Chemical><RegistryNumber>0</RegistryNumber><NameOfSubstance UI="D019332">Endothelin-1</NameOfSubstance></Chemical><Chemical><RegistryNumber>0</RegistryNumber><NameOfSubstance UI="D009566">Nitrates</NameOfSubstance></Chemical><Chemical><RegistryNumber>31C4KY9ESH</RegistryNumber><NameOfSubstance UI="D009569">Nitric Oxide</NameOfSubstance></Chemical></ChemicalList><CitationSubset>IM</CitationSubset><MeshHeadingList><MeshHeading><DescriptorName UI="D001026" MajorTopicYN="Y">Coronary Artery Bypass</DescriptorName></MeshHeading><MeshHeading><DescriptorName UI="D003924" MajorTopicYN="N">Diabetes Mellitus, Type 2</DescriptorName><QualifierName UI="Q000097" MajorTopicYN="Y">blood</QualifierName></MeshHeading><MeshHeading><DescriptorName UI="D019332" MajorTopicYN="N">Endothelin-1</DescriptorName><QualifierName UI="Q000097" MajorTopicYN="Y">blood</QualifierName></MeshHeading><MeshHeading><DescriptorName UI="D005260" MajorTopicYN="N">Female</DescriptorName></MeshHeading><MeshHeading><DescriptorName UI="D006324" MajorTopicYN="N">Heart Arrest, Induced</DescriptorName></MeshHeading><MeshHeading><DescriptorName UI="D006439" MajorTopicYN="N">Hemodynamics</DescriptorName></MeshHeading><MeshHeading><DescriptorName UI="D006801" MajorTopicYN="N">Humans</DescriptorName></MeshHeading><MeshHeading><DescriptorName UI="D008297" MajorTopicYN="N">Male</DescriptorName></MeshHeading><MeshHeading><DescriptorName UI="D008875" MajorTopicYN="N">Middle Aged</DescriptorName></MeshHeading><MeshHeading><DescriptorName UI="D009566" MajorTopicYN="N">Nitrates</DescriptorName><QualifierName UI="Q000097" MajorTopicYN="N">blood</QualifierName></MeshHeading><MeshHeading><DescriptorName UI="D009569" MajorTopicYN="N">Nitric Oxide</DescriptorName><QualifierName UI="Q000097" MajorTopicYN="Y">blood</QualifierName></MeshHeading></MeshHeadingList></MedlineCitation><PubmedData><History><PubMedPubDate PubStatus="pubmed"><Year>1999</Year><Month>7</Month><Day>3</Day><Hour>10</Hour><Minute>0</Minute></PubMedPubDate><PubMedPubDate PubStatus="medline"><Year>2001</Year><Month>3</Month><Day>28</Day><Hour>10</Hour><Minute>1</Minute></PubMedPubDate><PubMedPubDate PubStatus="entrez"><Year>1999</Year><Month>7</Month><Day>3</Day><Hour>10</Hour><Minute>0</Minute></PubMedPubDate></History><PublicationStatus>ppublish</PublicationStatus><ArticleIdList><ArticleId IdType="pubmed">10391271</ArticleId><ArticleId IdType="pii">S0003497599002878</ArticleId><ArticleId IdType="doi">10.1016/s0003-4975(99)00287-8</ArticleId></ArticleIdList></PubmedData></PubmedArticle></PubmedArticleSet>