<?xml version="1.0" ?>
<!DOCTYPE PubmedArticleSet PUBLIC "-//NLM//DTD PubMedArticle, 1st January 2019//EN" "https://dtd.nlm.nih.gov/ncbi/pubmed/out/pubmed_190101.dtd">
<PubmedArticleSet><PubmedArticle><MedlineCitation Status="MEDLINE" Owner="NLM"><PMID Version="1">10392666</PMID><DateCompleted><Year>1999</Year><Month>08</Month><Day>17</Day></DateCompleted><DateRevised><Year>2018</Year><Month>11</Month><Day>13</Day></DateRevised><Article PubModel="Print"><Journal><ISSN IssnType="Print">0114-5916</ISSN><JournalIssue CitedMedium="Print"><Volume>20</Volume><Issue>6</Issue><PubDate><Year>1999</Year><Month>Jun</Month></PubDate></JournalIssue><Title>Drug safety</Title><ISOAbbreviation>Drug Saf</ISOAbbreviation></Journal><ArticleTitle>A risk-benefit assessment of metformin in type 2 diabetes mellitus.</ArticleTitle><Pagination><MedlinePgn>489-503</MedlinePgn></Pagination><Abstract><AbstractText>Metformin has been used for over 40 years as an effective glucose-lowering agent in type 2 (noninsulin-dependent) diabetes mellitus. Typically it reduces basal and postprandial hyperglycaemia by about 25% in more than 90% of patients when either given alone or coadministered with other therapies including insulin during a programme of managed care. Metformin counters insulin resistance and offers benefits against many features of the insulin resistance syndrome (Syndrome X) by preventing bodyweight gain, reducing hyperinsulinaemia and improving the lipid profile. In contrast to sulphonylureas, metformin does not increase insulin secretion or cause serious hypoglycaemia. Treatment of type 2 diabetes mellitus with metformin from diagnosis also offers greater protection against the chronic vascular complications of type 2 diabetes mellitus. The most serious complication associated with metformin is lactic acidosis which has an incidence of about 0.03 cases per 1000 patients years of treatment and a mortality risk of about 0.015 per 1000 patient-years. Most cases occur in patients who are wrongly prescribed the drug, particularly patients with impaired renal function (e.g. serum creatinine level &gt; 130 micromol/L or &gt; 1.5 g/L). Other major contraindications include congestive heart failure, hypoxic states and advanced liver disease. Serious adverse events with metformin are predictable rather than spontaneous and are potentially preventable if the prescribing guidelines are respected. Gastrointestinal adverse effects, notably diarrhoea, occur in less than 20% of patients and remit when the dosage is reduced. The life-threatening risks associated with metformin are rare and could mostly be avoided by strict adherence to the prescribing guidelines. Given the 4 decades of clinical experience with metformin, its antihyperglycaemic efficacy and benefits against Syndrome X, metformin offers a very favourable risk-benefit assessment when compared with the chronic morbidity and premature mortality among patients with type 2 diabetes mellitus.</AbstractText></Abstract><AuthorList CompleteYN="Y"><Author ValidYN="Y"><LastName>Howlett</LastName><ForeName>H C</ForeName><Initials>HC</Initials><AffiliationInfo><Affiliation>Clinical Research, Merck Lipha, West Drayton, England. HHowlett@merck-lipha.co.uk</Affiliation></AffiliationInfo></Author><Author ValidYN="Y"><LastName>Bailey</LastName><ForeName>C J</ForeName><Initials>CJ</Initials></Author></AuthorList><Language>eng</Language><PublicationTypeList><PublicationType UI="D016428">Journal Article</PublicationType><PublicationType UI="D016454">Review</PublicationType></PublicationTypeList></Article><MedlineJournalInfo><Country>New Zealand</Country><MedlineTA>Drug Saf</MedlineTA><NlmUniqueID>9002928</NlmUniqueID><ISSNLinking>0114-5916</ISSNLinking></MedlineJournalInfo><ChemicalList><Chemical><RegistryNumber>0</RegistryNumber><NameOfSubstance UI="D007004">Hypoglycemic Agents</NameOfSubstance></Chemical><Chemical><RegistryNumber>9100L32L2N</RegistryNumber><NameOfSubstance UI="D008687">Metformin</NameOfSubstance></Chemical><Chemical><RegistryNumber>IY9XDZ35W2</RegistryNumber><NameOfSubstance UI="D005947">Glucose</NameOfSubstance></Chemical></ChemicalList><CitationSubset>IM</CitationSubset><MeshHeadingList><MeshHeading><DescriptorName UI="D000140" MajorTopicYN="N">Acidosis, Lactic</DescriptorName><QualifierName UI="Q000139" MajorTopicYN="N">chemically induced</QualifierName></MeshHeading><MeshHeading><DescriptorName UI="D001835" MajorTopicYN="N">Body Weight</DescriptorName><QualifierName UI="Q000187" MajorTopicYN="N">drug effects</QualifierName></MeshHeading><MeshHeading><DescriptorName UI="D000075202" MajorTopicYN="N">Contraindications</DescriptorName></MeshHeading><MeshHeading><DescriptorName UI="D003924" MajorTopicYN="N">Diabetes Mellitus, Type 2</DescriptorName><QualifierName UI="Q000188" MajorTopicYN="Y">drug therapy</QualifierName></MeshHeading><MeshHeading><DescriptorName UI="D005260" MajorTopicYN="N">Female</DescriptorName></MeshHeading><MeshHeading><DescriptorName UI="D005947" MajorTopicYN="N">Glucose</DescriptorName><QualifierName UI="Q000378" MajorTopicYN="N">metabolism</QualifierName></MeshHeading><MeshHeading><DescriptorName UI="D006801" MajorTopicYN="N">Humans</DescriptorName></MeshHeading><MeshHeading><DescriptorName UI="D007004" MajorTopicYN="N">Hypoglycemic Agents</DescriptorName><QualifierName UI="Q000009" MajorTopicYN="N">adverse effects</QualifierName><QualifierName UI="Q000627" MajorTopicYN="Y">therapeutic use</QualifierName></MeshHeading><MeshHeading><DescriptorName UI="D007333" MajorTopicYN="N">Insulin Resistance</DescriptorName></MeshHeading><MeshHeading><DescriptorName UI="D008297" MajorTopicYN="N">Male</DescriptorName></MeshHeading><MeshHeading><DescriptorName UI="D008687" MajorTopicYN="N">Metformin</DescriptorName><QualifierName UI="Q000009" MajorTopicYN="N">adverse effects</QualifierName><QualifierName UI="Q000627" MajorTopicYN="Y">therapeutic use</QualifierName></MeshHeading><MeshHeading><DescriptorName UI="D008875" MajorTopicYN="N">Middle Aged</DescriptorName></MeshHeading><MeshHeading><DescriptorName UI="D018570" MajorTopicYN="N">Risk Assessment</DescriptorName></MeshHeading></MeshHeadingList><NumberOfReferences>183</NumberOfReferences></MedlineCitation><PubmedData><History><PubMedPubDate PubStatus="pubmed"><Year>1999</Year><Month>7</Month><Day>7</Day></PubMedPubDate><PubMedPubDate PubStatus="medline"><Year>1999</Year><Month>7</Month><Day>7</Day><Hour>0</Hour><Minute>1</Minute></PubMedPubDate><PubMedPubDate PubStatus="entrez"><Year>1999</Year><Month>7</Month><Day>7</Day><Hour>0</Hour><Minute>0</Minute></PubMedPubDate></History><PublicationStatus>ppublish</PublicationStatus><ArticleIdList><ArticleId IdType="pubmed">10392666</ArticleId><ArticleId IdType="doi">10.2165/00002018-199920060-00003</ArticleId></ArticleIdList><ReferenceList><Reference><Citation>Diabete Metab. 1991 May;17(1 Pt 2):209-12</Citation><ArticleIdList><ArticleId IdType="pubmed">1936478</ArticleId></ArticleIdList></Reference><Reference><Citation>Diabete Metab. 1994 Jan-Feb;20(1):15-9</Citation><ArticleIdList><ArticleId IdType="pubmed">8056129</ArticleId></ArticleIdList></Reference><Reference><Citation>J Cardiovasc Pharmacol. 1984 Sep-Oct;6(5):914-23</Citation><ArticleIdList><ArticleId IdType="pubmed">6209500</ArticleId></ArticleIdList></Reference><Reference><Citation>Diabetes Care. 1997 Oct;20(10):1598-602</Citation><ArticleIdList><ArticleId IdType="pubmed">9314642</ArticleId></ArticleIdList></Reference><Reference><Citation>Endocr Pract. 1997 Mar-Apr;3(2):73-6</Citation><ArticleIdList><ArticleId IdType="pubmed">15251479</ArticleId></ArticleIdList></Reference><Reference><Citation>Metabolism. 1985 Oct;34(10):923-5</Citation><ArticleIdList><ArticleId IdType="pubmed">4046836</ArticleId></ArticleIdList></Reference><Reference><Citation>Diabetologia. 1995 Mar;38(3):306-13</Citation><ArticleIdList><ArticleId IdType="pubmed">7758877</ArticleId></ArticleIdList></Reference><Reference><Citation>J Intern Med. 1997 Nov;242(5):407-12</Citation><ArticleIdList><ArticleId IdType="pubmed">9408071</ArticleId></ArticleIdList></Reference><Reference><Citation>N Engl J Med. 1998 Jan 22;338(4):265-6</Citation><ArticleIdList><ArticleId IdType="pubmed">9441244</ArticleId></ArticleIdList></Reference><Reference><Citation>Nephrol Dial Transplant. 1989;4(10):859-63</Citation><ArticleIdList><ArticleId IdType="pubmed">2515489</ArticleId></ArticleIdList></Reference><Reference><Citation>Diabete Metab. 1994 Jul-Aug;20(4):394-400</Citation><ArticleIdList><ArticleId IdType="pubmed">7843470</ArticleId></ArticleIdList></Reference><Reference><Citation>Diabetes Res Clin Pract. 1995 May;28(2):103-17</Citation><ArticleIdList><ArticleId IdType="pubmed">7587918</ArticleId></ArticleIdList></Reference><Reference><Citation>Diabet Med. 1988 Oct;5(7):653-8</Citation><ArticleIdList><ArticleId IdType="pubmed">2975549</ArticleId></ArticleIdList></Reference><Reference><Citation>Endocrinology. 1996 Jan;137(1):113-21</Citation><ArticleIdList><ArticleId IdType="pubmed">8536601</ArticleId></ArticleIdList></Reference><Reference><Citation>Diabet Med. 1997;14 Suppl 5:S1-85</Citation><ArticleIdList><ArticleId IdType="pubmed">9450510</ArticleId></ArticleIdList></Reference><Reference><Citation>Diabetes. 1995 Nov;44(11):1249-58</Citation><ArticleIdList><ArticleId IdType="pubmed">7589820</ArticleId></ArticleIdList></Reference><Reference><Citation>Diabetes Care. 1997 May;20(5):692-7</Citation><ArticleIdList><ArticleId IdType="pubmed">9135928</ArticleId></ArticleIdList></Reference><Reference><Citation>Drugs Aging. 1997 May;10(5):323-31</Citation><ArticleIdList><ArticleId IdType="pubmed">9143853</ArticleId></ArticleIdList></Reference><Reference><Citation>Diabete Metab. 1979 Sep;5(3):233-45</Citation><ArticleIdList><ArticleId IdType="pubmed">387488</ArticleId></ArticleIdList></Reference><Reference><Citation>Diabetes Care. 1998 Oct;21(10):1659-63</Citation><ArticleIdList><ArticleId IdType="pubmed">9773726</ArticleId></ArticleIdList></Reference><Reference><Citation>Diabet Med. 1994 Dec;11(10):953-60</Citation><ArticleIdList><ArticleId IdType="pubmed">7895460</ArticleId></ArticleIdList></Reference><Reference><Citation>Diabetes Care. 1998 Jan;21(1):87-92</Citation><ArticleIdList><ArticleId IdType="pubmed">9538975</ArticleId></ArticleIdList></Reference><Reference><Citation>J R Soc Med. 1989 Feb;82(2):93-4</Citation><ArticleIdList><ArticleId IdType="pubmed">2647992</ArticleId></ArticleIdList></Reference><Reference><Citation>Diabete Metab. 1993;19(1 Pt 2):96-9</Citation><ArticleIdList><ArticleId IdType="pubmed">8314434</ArticleId></ArticleIdList></Reference><Reference><Citation>Int J Clin Pharmacol Ther Toxicol. 1989 Jun;27(6):285-8</Citation><ArticleIdList><ArticleId IdType="pubmed">2500402</ArticleId></ArticleIdList></Reference><Reference><Citation>Diabete Metab. 1994 Nov-Dec;20(6):532-9</Citation><ArticleIdList><ArticleId IdType="pubmed">7713276</ArticleId></ArticleIdList></Reference><Reference><Citation>Diabete Metab. 1991 May;17(1 Pt 2):235-40</Citation><ArticleIdList><ArticleId IdType="pubmed">1936483</ArticleId></ArticleIdList></Reference><Reference><Citation>Horm Res. 1997;48(2):88-92</Citation><ArticleIdList><ArticleId IdType="pubmed">9251926</ArticleId></ArticleIdList></Reference><Reference><Citation>Clin Pharmacol Ther. 1978 Dec;24(6):683-93</Citation><ArticleIdList><ArticleId IdType="pubmed">710026</ArticleId></ArticleIdList></Reference><Reference><Citation>Diabetologia. 1982 Dec;23(6):507-10</Citation><ArticleIdList><ArticleId IdType="pubmed">6818080</ArticleId></ArticleIdList></Reference><Reference><Citation>Drugs. 1995 May;49(5):721-49</Citation><ArticleIdList><ArticleId IdType="pubmed">7601013</ArticleId></ArticleIdList></Reference><Reference><Citation>Diabet Med. 1992 May;9(4):354-8</Citation><ArticleIdList><ArticleId IdType="pubmed">1600707</ArticleId></ArticleIdList></Reference><Reference><Citation>Ann Pharmacother. 1997 Apr;31(4):474-80</Citation><ArticleIdList><ArticleId IdType="pubmed">9101010</ArticleId></ArticleIdList></Reference><Reference><Citation>Diabetologia. 1983 May;24(5):351-4</Citation><ArticleIdList><ArticleId IdType="pubmed">6347782</ArticleId></ArticleIdList></Reference><Reference><Citation>Br J Clin Pharmacol. 1981 Aug;12(2):235-46</Citation><ArticleIdList><ArticleId IdType="pubmed">7306436</ArticleId></ArticleIdList></Reference><Reference><Citation>N Engl J Med. 1989 Nov 2;321(18):1231-45</Citation><ArticleIdList><ArticleId IdType="pubmed">2677730</ArticleId></ArticleIdList></Reference><Reference><Citation>J Intern Med. 1994 Apr;235(4):335-41</Citation><ArticleIdList><ArticleId IdType="pubmed">8151265</ArticleId></ArticleIdList></Reference><Reference><Citation>Diabetes Res. 1990 Jan;13(1):1-11</Citation><ArticleIdList><ArticleId IdType="pubmed">2097090</ArticleId></ArticleIdList></Reference><Reference><Citation>Ann Intern Med. 1999 Mar 2;130(5):389-96</Citation><ArticleIdList><ArticleId IdType="pubmed">10068412</ArticleId></ArticleIdList></Reference><Reference><Citation>Ann Intern Med. 1998 Feb 1;128(3):165-75</Citation><ArticleIdList><ArticleId IdType="pubmed">9454524</ArticleId></ArticleIdList></Reference><Reference><Citation>Diabetes Care. 1995 Feb;18(2):258-68</Citation><ArticleIdList><ArticleId IdType="pubmed">7729308</ArticleId></ArticleIdList></Reference><Reference><Citation>Endocrinology. 1992 Sep;131(3):1165-73</Citation><ArticleIdList><ArticleId IdType="pubmed">1505458</ArticleId></ArticleIdList></Reference><Reference><Citation>Blood Press. 1994 Nov;3(6):394-403</Citation><ArticleIdList><ArticleId IdType="pubmed">7704288</ArticleId></ArticleIdList></Reference><Reference><Citation>Metabolism. 1994 May;43(5):647-54</Citation><ArticleIdList><ArticleId IdType="pubmed">8177055</ArticleId></ArticleIdList></Reference><Reference><Citation>Br Med J. 1978 Aug 12;2(6135):464-6</Citation><ArticleIdList><ArticleId IdType="pubmed">678924</ArticleId></ArticleIdList></Reference><Reference><Citation>Diabetes Metab. 1996 Feb;22(1):43-50</Citation><ArticleIdList><ArticleId IdType="pubmed">8697295</ArticleId></ArticleIdList></Reference><Reference><Citation>Acta Med Scand. 1971 Dec;190(6):491-4</Citation><ArticleIdList><ArticleId IdType="pubmed">5149092</ArticleId></ArticleIdList></Reference><Reference><Citation>Diabetes Metab Rev. 1995 Sep;11 Suppl 1:S23-32</Citation><ArticleIdList><ArticleId IdType="pubmed">8529481</ArticleId></ArticleIdList></Reference><Reference><Citation>Biochem Biophys Res Commun. 1993 Oct 15;196(1):382-7</Citation><ArticleIdList><ArticleId IdType="pubmed">8216316</ArticleId></ArticleIdList></Reference><Reference><Citation>Acta Pharmacol Toxicol (Copenh). 1984 May;54(5):327-32</Citation><ArticleIdList><ArticleId IdType="pubmed">6431751</ArticleId></ArticleIdList></Reference><Reference><Citation>Br J Pharmacol. 1992 Apr;105(4):1009-13</Citation><ArticleIdList><ArticleId IdType="pubmed">1504710</ArticleId></ArticleIdList></Reference><Reference><Citation>J Clin Endocrinol Metab. 1994 Apr;78(4):809A-809F</Citation><ArticleIdList><ArticleId IdType="pubmed">8157701</ArticleId></ArticleIdList></Reference><Reference><Citation>Diabetes Care. 1997 Dec;20(12):1863-9</Citation><ArticleIdList><ArticleId IdType="pubmed">9405908</ArticleId></ArticleIdList></Reference><Reference><Citation>Br Med J (Clin Res Ed). 1988 Apr 2;296(6627):949-50</Citation><ArticleIdList><ArticleId IdType="pubmed">3129103</ArticleId></ArticleIdList></Reference><Reference><Citation>Arch Intern Med. 1992 Nov;152(11):2333-6</Citation><ArticleIdList><ArticleId IdType="pubmed">1444694</ArticleId></ArticleIdList></Reference><Reference><Citation>Lancet. 1998 Sep 12;352(9131):854-65</Citation><ArticleIdList><ArticleId IdType="pubmed">9742977</ArticleId></ArticleIdList></Reference><Reference><Citation>Am J Med. 1997 Dec;103(6):491-7</Citation><ArticleIdList><ArticleId IdType="pubmed">9428832</ArticleId></ArticleIdList></Reference><Reference><Citation>Lancet. 1998 Sep 12;352(9131):837-53</Citation><ArticleIdList><ArticleId IdType="pubmed">9742976</ArticleId></ArticleIdList></Reference><Reference><Citation>Diabetes Metab Rev. 1992 Dec;8(4):339-53</Citation><ArticleIdList><ArticleId IdType="pubmed">1307523</ArticleId></ArticleIdList></Reference><Reference><Citation>Atherosclerosis. 1978 Jul;30(3):165-75</Citation><ArticleIdList><ArticleId IdType="pubmed">678317</ArticleId></ArticleIdList></Reference><Reference><Citation>Br Med J. 1973 Sep 29;3(5882):673-5</Citation><ArticleIdList><ArticleId IdType="pubmed">4742454</ArticleId></ArticleIdList></Reference><Reference><Citation>Diabet Med. 1996 Nov;13(11):927-37</Citation><ArticleIdList><ArticleId IdType="pubmed">8946150</ArticleId></ArticleIdList></Reference><Reference><Citation>Clin Exp Pharmacol Physiol. 1993 Sep;20(9):563-7</Citation><ArticleIdList><ArticleId IdType="pubmed">8222336</ArticleId></ArticleIdList></Reference><Reference><Citation>Diabetes Metab Rev. 1995 Sep;11 Suppl 1:S33-41</Citation><ArticleIdList><ArticleId IdType="pubmed">8529483</ArticleId></ArticleIdList></Reference><Reference><Citation>Diabet Med. 1987 Jul-Aug;4(4):337-41</Citation><ArticleIdList><ArticleId IdType="pubmed">2956047</ArticleId></ArticleIdList></Reference><Reference><Citation>Diabetes Care. 1992 Jun;15(6):755-72</Citation><ArticleIdList><ArticleId IdType="pubmed">1600835</ArticleId></ArticleIdList></Reference><Reference><Citation>Endocrinol Metab Clin North Am. 1989 Mar;18(1):163-83</Citation><ArticleIdList><ArticleId IdType="pubmed">2645125</ArticleId></ArticleIdList></Reference><Reference><Citation>J Intern Med. 1996 Mar;239(3):227-33</Citation><ArticleIdList><ArticleId IdType="pubmed">8772621</ArticleId></ArticleIdList></Reference><Reference><Citation>Pharmacol Res. 1994 Oct-Nov;30(3):187-228</Citation><ArticleIdList><ArticleId IdType="pubmed">7862618</ArticleId></ArticleIdList></Reference><Reference><Citation>Diabetes Care. 1990 Jan;13(1):1-8</Citation><ArticleIdList><ArticleId IdType="pubmed">2404714</ArticleId></ArticleIdList></Reference><Reference><Citation>J Clin Endocrinol Metab. 1996 Nov;81(11):4059-67</Citation><ArticleIdList><ArticleId IdType="pubmed">8923861</ArticleId></ArticleIdList></Reference><Reference><Citation>Diabetes Res Clin Pract. 1997 Jul;37(1):21-33</Citation><ArticleIdList><ArticleId IdType="pubmed">9279474</ArticleId></ArticleIdList></Reference><Reference><Citation>Diabet Med. 1987 Sep-Oct;4(5):457-62</Citation><ArticleIdList><ArticleId IdType="pubmed">2959438</ArticleId></ArticleIdList></Reference><Reference><Citation>Pharmacoeconomics. 1997 Feb;11(2):139-58</Citation><ArticleIdList><ArticleId IdType="pubmed">10165825</ArticleId></ArticleIdList></Reference><Reference><Citation>Diabetes Care. 1998 May;21(5):701-5</Citation><ArticleIdList><ArticleId IdType="pubmed">9589227</ArticleId></ArticleIdList></Reference><Reference><Citation>Diabetes Care. 1993 Apr;16(4):621-9</Citation><ArticleIdList><ArticleId IdType="pubmed">8462390</ArticleId></ArticleIdList></Reference><Reference><Citation>Endocr Pract. 1998 Nov-Dec;4(6):404-12</Citation><ArticleIdList><ArticleId IdType="pubmed">15251717</ArticleId></ArticleIdList></Reference><Reference><Citation>J Med Assoc Thai. 1995 Nov;78(11):578-85</Citation><ArticleIdList><ArticleId IdType="pubmed">8576667</ArticleId></ArticleIdList></Reference><Reference><Citation>Am J Med. 1997 Aug;103(2):152-62</Citation><ArticleIdList><ArticleId IdType="pubmed">9274899</ArticleId></ArticleIdList></Reference><Reference><Citation>Diabete Metab. 1991 May;17(1 Pt 2):224-31</Citation><ArticleIdList><ArticleId IdType="pubmed">1936481</ArticleId></ArticleIdList></Reference><Reference><Citation>Xenobiotica. 1994 Jan;24(1):49-57</Citation><ArticleIdList><ArticleId IdType="pubmed">8165821</ArticleId></ArticleIdList></Reference><Reference><Citation>Eur J Clin Pharmacol. 1979 Sep;16(3):195-202</Citation><ArticleIdList><ArticleId IdType="pubmed">499320</ArticleId></ArticleIdList></Reference><Reference><Citation>Diabetes Care. 1994 Oct;17(10):1100-9</Citation><ArticleIdList><ArticleId IdType="pubmed">7821128</ArticleId></ArticleIdList></Reference><Reference><Citation>N Engl J Med. 1996 Apr 11;334(15):952-7</Citation><ArticleIdList><ArticleId IdType="pubmed">8596596</ArticleId></ArticleIdList></Reference><Reference><Citation>Horm Metab Res Suppl. 1985;15:111-5</Citation><ArticleIdList><ArticleId IdType="pubmed">3865878</ArticleId></ArticleIdList></Reference><Reference><Citation>Diabet Med. 1998 Aug;15(8):651-6</Citation><ArticleIdList><ArticleId IdType="pubmed">9702467</ArticleId></ArticleIdList></Reference><Reference><Citation>Diabetes Care. 1991 Mar;14(3):173-94</Citation><ArticleIdList><ArticleId IdType="pubmed">2044434</ArticleId></ArticleIdList></Reference><Reference><Citation>Diabet Med. 1990 Jul;7(6):510-4</Citation><ArticleIdList><ArticleId IdType="pubmed">2142054</ArticleId></ArticleIdList></Reference><Reference><Citation>Metabolism. 1993 Sep;42(9):1217-22</Citation><ArticleIdList><ArticleId IdType="pubmed">8412779</ArticleId></ArticleIdList></Reference><Reference><Citation>Diabet Med. 1995 May;12(5):401-8</Citation><ArticleIdList><ArticleId IdType="pubmed">7648802</ArticleId></ArticleIdList></Reference><Reference><Citation>Lancet. 1998 Jan 31;351(9099):305-7</Citation><ArticleIdList><ArticleId IdType="pubmed">9652605</ArticleId></ArticleIdList></Reference><Reference><Citation>N Engl J Med. 1996 Feb 29;334(9):574-9</Citation><ArticleIdList><ArticleId IdType="pubmed">8569826</ArticleId></ArticleIdList></Reference><Reference><Citation>Br Med J (Clin Res Ed). 1986 Aug 23;293(6545):483</Citation><ArticleIdList><ArticleId IdType="pubmed">3091170</ArticleId></ArticleIdList></Reference><Reference><Citation>Eur J Clin Pharmacol. 1993;44(2):107-12</Citation><ArticleIdList><ArticleId IdType="pubmed">8453955</ArticleId></ArticleIdList></Reference><Reference><Citation>Baillieres Clin Endocrinol Metab. 1988 May;2(2):455-76</Citation><ArticleIdList><ArticleId IdType="pubmed">3075902</ArticleId></ArticleIdList></Reference><Reference><Citation>Metabolism. 1997 Apr;46(4):454-7</Citation><ArticleIdList><ArticleId IdType="pubmed">9109854</ArticleId></ArticleIdList></Reference><Reference><Citation>Diabetes Care. 1991 Apr;14(4):342-4</Citation><ArticleIdList><ArticleId IdType="pubmed">2060439</ArticleId></ArticleIdList></Reference><Reference><Citation>Pharmacol Res. 1992 Jan;25(1):63-73</Citation><ArticleIdList><ArticleId IdType="pubmed">1738759</ArticleId></ArticleIdList></Reference><Reference><Citation>Can Med Assoc J. 1983 Jan 1;128(1):24-6</Citation><ArticleIdList><ArticleId IdType="pubmed">6847752</ArticleId></ArticleIdList></Reference><Reference><Citation>Diabetes. 1994 Jul;43(7):920-8</Citation><ArticleIdList><ArticleId IdType="pubmed">8013758</ArticleId></ArticleIdList></Reference><Reference><Citation>Eur J Clin Pharmacol. 1993;44(6):589-91</Citation><ArticleIdList><ArticleId IdType="pubmed">8405019</ArticleId></ArticleIdList></Reference><Reference><Citation>Thromb Haemost. 1987 Jun 3;57(3):326-8</Citation><ArticleIdList><ArticleId IdType="pubmed">3310318</ArticleId></ArticleIdList></Reference><Reference><Citation>Clin Pharmacokinet. 1996 May;30(5):359-71</Citation><ArticleIdList><ArticleId IdType="pubmed">8743335</ArticleId></ArticleIdList></Reference><Reference><Citation>N Engl J Med. 1995 Aug 31;333(9):541-9</Citation><ArticleIdList><ArticleId IdType="pubmed">7623902</ArticleId></ArticleIdList></Reference><Reference><Citation>Diabete Metab. 1991 May;17(1 Pt 2):180-4</Citation><ArticleIdList><ArticleId IdType="pubmed">1936473</ArticleId></ArticleIdList></Reference><Reference><Citation>Atherosclerosis. 1983 Apr;47(1):7-17</Citation><ArticleIdList><ArticleId IdType="pubmed">6870991</ArticleId></ArticleIdList></Reference><Reference><Citation>Br J Clin Pract. 1984 Jun;38(6):229-30, 232</Citation><ArticleIdList><ArticleId IdType="pubmed">6743501</ArticleId></ArticleIdList></Reference><Reference><Citation>Diabetes. 1993 Aug;42(8):1159-65</Citation><ArticleIdList><ArticleId IdType="pubmed">8325447</ArticleId></ArticleIdList></Reference><Reference><Citation>Eur J Clin Pharmacol. 1988;34(2):129-32</Citation><ArticleIdList><ArticleId IdType="pubmed">3289948</ArticleId></ArticleIdList></Reference><Reference><Citation>Br J Clin Pharmacol. 1987 May;23(5):545-51</Citation><ArticleIdList><ArticleId IdType="pubmed">3593625</ArticleId></ArticleIdList></Reference><Reference><Citation>Diabetes Care. 1990 Jun;13(6):631-54</Citation><ArticleIdList><ArticleId IdType="pubmed">2192848</ArticleId></ArticleIdList></Reference><Reference><Citation>Drug Saf. 1994 Oct;11(4):223-41</Citation><ArticleIdList><ArticleId IdType="pubmed">7848543</ArticleId></ArticleIdList></Reference><Reference><Citation>Br Med J. 1977 Dec 17;2(6102):1576-8</Citation><ArticleIdList><ArticleId IdType="pubmed">589351</ArticleId></ArticleIdList></Reference><Reference><Citation>Diabet Med. 1986 Nov-Dec;3(6):513-25</Citation><ArticleIdList><ArticleId IdType="pubmed">3030623</ArticleId></ArticleIdList></Reference><Reference><Citation>Lancet. 1968 Jan 20;1(7534):123-6</Citation><ArticleIdList><ArticleId IdType="pubmed">4169605</ArticleId></ArticleIdList></Reference><Reference><Citation>Diabetes Care. 1987 Jan-Feb;10(1):62-7</Citation><ArticleIdList><ArticleId IdType="pubmed">3552515</ArticleId></ArticleIdList></Reference><Reference><Citation>Diabetologia. 1989 Aug;32(8):599-605</Citation><ArticleIdList><ArticleId IdType="pubmed">2506091</ArticleId></ArticleIdList></Reference><Reference><Citation>Diabetologia. 1998 Jan;41(1):2-8</Citation><ArticleIdList><ArticleId IdType="pubmed">9498621</ArticleId></ArticleIdList></Reference><Reference><Citation>Diabete Metab. 1995 Oct;21(4):274-80</Citation><ArticleIdList><ArticleId IdType="pubmed">8529763</ArticleId></ArticleIdList></Reference><Reference><Citation>Diabetes Care. 1993 Jul;16(7):1035-8</Citation><ArticleIdList><ArticleId IdType="pubmed">8359098</ArticleId></ArticleIdList></Reference><Reference><Citation>Diabet Med. 1999 Apr;16(4):273-81</Citation><ArticleIdList><ArticleId IdType="pubmed">10220200</ArticleId></ArticleIdList></Reference><Reference><Citation>Diabete Metab. 1989 Nov-Dec;15(6):420-5</Citation><ArticleIdList><ArticleId IdType="pubmed">2534084</ArticleId></ArticleIdList></Reference><Reference><Citation>J Clin Pharmacol. 1996 Nov;36(11):1012-21</Citation><ArticleIdList><ArticleId IdType="pubmed">8973990</ArticleId></ArticleIdList></Reference><Reference><Citation>J Intern Med Suppl. 1994;736:5-11</Citation><ArticleIdList><ArticleId IdType="pubmed">7986309</ArticleId></ArticleIdList></Reference><Reference><Citation>J Clin Endocrinol Metab. 1991 Dec;73(6):1294-301</Citation><ArticleIdList><ArticleId IdType="pubmed">1955512</ArticleId></ArticleIdList></Reference><Reference><Citation>Diabetes Metab Rev. 1995 Sep;11 Suppl 1:S63-7</Citation><ArticleIdList><ArticleId IdType="pubmed">8529487</ArticleId></ArticleIdList></Reference><Reference><Citation>Diabetes Care. 1996 Feb;19(2):160-4</Citation><ArticleIdList><ArticleId IdType="pubmed">8718438</ArticleId></ArticleIdList></Reference><Reference><Citation>Diabetes Care. 1996 Sep;19(9):934-9</Citation><ArticleIdList><ArticleId IdType="pubmed">8875085</ArticleId></ArticleIdList></Reference><Reference><Citation>Horm Metab Res Suppl. 1985;15:105-11</Citation><ArticleIdList><ArticleId IdType="pubmed">3935560</ArticleId></ArticleIdList></Reference><Reference><Citation>J Clin Endocrinol Metab. 1996 Apr;81(4):1568-74</Citation><ArticleIdList><ArticleId IdType="pubmed">8636369</ArticleId></ArticleIdList></Reference><Reference><Citation>Diabetes Care. 1992 Apr;15(4):539-42</Citation><ArticleIdList><ArticleId IdType="pubmed">1499473</ArticleId></ArticleIdList></Reference><Reference><Citation>Diabetologia. 1977 May;13(3):211-7</Citation><ArticleIdList><ArticleId IdType="pubmed">406158</ArticleId></ArticleIdList></Reference><Reference><Citation>Diabetologia. 1987 Mar;30(3):123-31</Citation><ArticleIdList><ArticleId IdType="pubmed">3556287</ArticleId></ArticleIdList></Reference><Reference><Citation>Diabetes Care. 1983 Sep-Oct;6(5):472-4</Citation><ArticleIdList><ArticleId IdType="pubmed">6336343</ArticleId></ArticleIdList></Reference><Reference><Citation>Diabetes Care. 1992 Mar;15(3):318-68</Citation><ArticleIdList><ArticleId IdType="pubmed">1532777</ArticleId></ArticleIdList></Reference><Reference><Citation>Diabetes Metab Rev. 1995 Sep;11 Suppl 1:S57-62</Citation><ArticleIdList><ArticleId IdType="pubmed">8529486</ArticleId></ArticleIdList></Reference><Reference><Citation>Aust N Z J Med. 1991 Oct;21(5):714-9</Citation><ArticleIdList><ArticleId IdType="pubmed">1759920</ArticleId></ArticleIdList></Reference><Reference><Citation>Metabolism. 1990 Apr;39(4):425-35</Citation><ArticleIdList><ArticleId IdType="pubmed">2157941</ArticleId></ArticleIdList></Reference><Reference><Citation>Diabet Med. 1988 Apr;5(3):275-81</Citation><ArticleIdList><ArticleId IdType="pubmed">2967151</ArticleId></ArticleIdList></Reference><Reference><Citation>Diabetes Care. 1994 Oct;17(10):1093-9</Citation><ArticleIdList><ArticleId IdType="pubmed">7821127</ArticleId></ArticleIdList></Reference><Reference><Citation>Am J Med. 1997 Jan;102(1):99-110</Citation><ArticleIdList><ArticleId IdType="pubmed">9209206</ArticleId></ArticleIdList></Reference><Reference><Citation>Endocrinology. 1996 Jul;137(7):2990-9</Citation><ArticleIdList><ArticleId IdType="pubmed">8770923</ArticleId></ArticleIdList></Reference><Reference><Citation>Diabetologia. 1978 Feb;14(2):75-87</Citation><ArticleIdList><ArticleId IdType="pubmed">344119</ArticleId></ArticleIdList></Reference><Reference><Citation>N Engl J Med. 1995 Aug 31;333(9):550-4</Citation><ArticleIdList><ArticleId IdType="pubmed">7623903</ArticleId></ArticleIdList></Reference><Reference><Citation>Diabetes. 1988 Dec;37(12):1595-607</Citation><ArticleIdList><ArticleId IdType="pubmed">3056758</ArticleId></ArticleIdList></Reference><Reference><Citation>Diabetes Care. 1995 Jun;18(6):779-84</Citation><ArticleIdList><ArticleId IdType="pubmed">7555503</ArticleId></ArticleIdList></Reference><Reference><Citation>Diabetes Res Clin Pract. 1995 Aug;28 Suppl:S167-72</Citation><ArticleIdList><ArticleId IdType="pubmed">8529510</ArticleId></ArticleIdList></Reference><Reference><Citation>Diabetes Care. 1993 Oct;16(10):1387-90</Citation><ArticleIdList><ArticleId IdType="pubmed">8269798</ArticleId></ArticleIdList></Reference><Reference><Citation>Diabetes Care. 1996 Sep;19(9):920-6</Citation><ArticleIdList><ArticleId IdType="pubmed">8875083</ArticleId></ArticleIdList></Reference><Reference><Citation>N Engl J Med. 1996 Aug 29;335(9):617-23</Citation><ArticleIdList><ArticleId IdType="pubmed">8687515</ArticleId></ArticleIdList></Reference><Reference><Citation>Diabetes Care. 1990 Aug;13 Suppl 3:37-41</Citation><ArticleIdList><ArticleId IdType="pubmed">2209342</ArticleId></ArticleIdList></Reference><Reference><Citation>Diabetes. 1991 Jul;40(7):850-7</Citation><ArticleIdList><ArticleId IdType="pubmed">1647995</ArticleId></ArticleIdList></Reference><Reference><Citation>Diabetes Care. 1997 Feb;20(2):232-3</Citation><ArticleIdList><ArticleId IdType="pubmed">9118782</ArticleId></ArticleIdList></Reference><Reference><Citation>Diabetes Care. 1996 Jan;19(1):64-6</Citation><ArticleIdList><ArticleId IdType="pubmed">8720537</ArticleId></ArticleIdList></Reference><Reference><Citation>J Clin Pharmacol. 1995 Nov;35(11):1094-102</Citation><ArticleIdList><ArticleId IdType="pubmed">8626883</ArticleId></ArticleIdList></Reference><Reference><Citation>Br J Clin Pract. 1987 Mar;41(3):673-4</Citation><ArticleIdList><ArticleId IdType="pubmed">3689645</ArticleId></ArticleIdList></Reference></ReferenceList></PubmedData></PubmedArticle></PubmedArticleSet>