<?xml version="1.0" ?>
<!DOCTYPE PubmedArticleSet PUBLIC "-//NLM//DTD PubMedArticle, 1st January 2019//EN" "https://dtd.nlm.nih.gov/ncbi/pubmed/out/pubmed_190101.dtd">
<PubmedArticleSet><PubmedArticle><MedlineCitation Status="MEDLINE" Owner="NLM"><PMID Version="1">10404477</PMID><DateCompleted><Year>1999</Year><Month>09</Month><Day>02</Day></DateCompleted><DateRevised><Year>2022</Year><Month>03</Month><Day>30</Day></DateRevised><Article PubModel="Print"><Journal><ISSN IssnType="Print">0022-3999</ISSN><JournalIssue CitedMedium="Print"><Volume>46</Volume><Issue>5</Issue><PubDate><Year>1999</Year><Month>May</Month></PubDate></JournalIssue><Title>Journal of psychosomatic research</Title><ISOAbbreviation>J Psychosom Res</ISOAbbreviation></Journal><ArticleTitle>Glycemic control and major depression in patients with type 1 and type 2 diabetes mellitus.</ArticleTitle><Pagination><MedlinePgn>425-35</MedlinePgn></Pagination><Abstract><AbstractText>The current study evaluated the association of glycemic control and major depression in 33 type 1 and 39 type 2 diabetes mellitus patients. Type 1 patients with a lifetime history of major depression showed significantly worse glycemic control than patients without a history of psychiatric illness (t = 2.09; df = 31, p &lt; 0.05). Type 2 diabetes patients with a lifetime history of major depression did not have significantly worse control than those with no history of psychiatric illness. Findings from this study indicate different relationships between lifetime major depression and glycemic control for patients with type 1 and type 2 diabetes. Treatment implications for glycemic control in type 1 and type 2 diabetes patients are discussed.</AbstractText></Abstract><AuthorList CompleteYN="Y"><Author ValidYN="Y"><LastName>de Groot</LastName><ForeName>M</ForeName><Initials>M</Initials><AffiliationInfo><Affiliation>Mental Health Unit, Joslin Diabetes Center, McLean Hospital, Boston, Massachusetts, USA.</Affiliation></AffiliationInfo></Author><Author ValidYN="Y"><LastName>Jacobson</LastName><ForeName>A M</ForeName><Initials>AM</Initials></Author><Author ValidYN="Y"><LastName>Samson</LastName><ForeName>J A</ForeName><Initials>JA</Initials></Author><Author ValidYN="Y"><LastName>Welch</LastName><ForeName>G</ForeName><Initials>G</Initials></Author></AuthorList><Language>eng</Language><GrantList CompleteYN="Y"><Grant><GrantID>AM27845</GrantID><Acronym>AM</Acronym><Agency>NIADDK NIH HHS</Agency><Country>United States</Country></Grant><Grant><GrantID>DK42315-02</GrantID><Acronym>DK</Acronym><Agency>NIDDK NIH HHS</Agency><Country>United States</Country></Grant></GrantList><PublicationTypeList><PublicationType UI="D003160">Comparative Study</PublicationType><PublicationType UI="D016428">Journal Article</PublicationType><PublicationType UI="D013485">Research Support, Non-U.S. Gov't</PublicationType><PublicationType UI="D013487">Research Support, U.S. Gov't, P.H.S.</PublicationType></PublicationTypeList></Article><MedlineJournalInfo><Country>England</Country><MedlineTA>J Psychosom Res</MedlineTA><NlmUniqueID>0376333</NlmUniqueID><ISSNLinking>0022-3999</ISSNLinking></MedlineJournalInfo><ChemicalList><Chemical><RegistryNumber>0</RegistryNumber><NameOfSubstance UI="D006442">Glycated Hemoglobin A</NameOfSubstance></Chemical><Chemical><RegistryNumber>0</RegistryNumber><NameOfSubstance UI="D007004">Hypoglycemic Agents</NameOfSubstance></Chemical></ChemicalList><CitationSubset>IM</CitationSubset><MeshHeadingList><MeshHeading><DescriptorName UI="D000328" MajorTopicYN="N">Adult</DescriptorName></MeshHeading><MeshHeading><DescriptorName UI="D000368" MajorTopicYN="N">Aged</DescriptorName></MeshHeading><MeshHeading><DescriptorName UI="D000704" MajorTopicYN="N">Analysis of Variance</DescriptorName></MeshHeading><MeshHeading><DescriptorName UI="D002908" MajorTopicYN="N">Chronic Disease</DescriptorName></MeshHeading><MeshHeading><DescriptorName UI="D003865" MajorTopicYN="N">Depressive Disorder, Major</DescriptorName><QualifierName UI="Q000097" MajorTopicYN="N">blood</QualifierName><QualifierName UI="Q000150" MajorTopicYN="Y">complications</QualifierName><QualifierName UI="Q000188" MajorTopicYN="N">drug therapy</QualifierName></MeshHeading><MeshHeading><DescriptorName UI="D003922" MajorTopicYN="N">Diabetes Mellitus, Type 1</DescriptorName><QualifierName UI="Q000097" MajorTopicYN="Y">blood</QualifierName><QualifierName UI="Q000150" MajorTopicYN="N">complications</QualifierName><QualifierName UI="Q000188" MajorTopicYN="N">drug therapy</QualifierName><QualifierName UI="Q000523" MajorTopicYN="Y">psychology</QualifierName></MeshHeading><MeshHeading><DescriptorName UI="D003924" MajorTopicYN="N">Diabetes Mellitus, Type 2</DescriptorName><QualifierName UI="Q000097" MajorTopicYN="Y">blood</QualifierName><QualifierName UI="Q000150" MajorTopicYN="N">complications</QualifierName><QualifierName UI="Q000188" MajorTopicYN="N">drug therapy</QualifierName><QualifierName UI="Q000523" MajorTopicYN="Y">psychology</QualifierName></MeshHeading><MeshHeading><DescriptorName UI="D005260" MajorTopicYN="N">Female</DescriptorName></MeshHeading><MeshHeading><DescriptorName UI="D006442" MajorTopicYN="N">Glycated Hemoglobin A</DescriptorName><QualifierName UI="Q000378" MajorTopicYN="Y">metabolism</QualifierName></MeshHeading><MeshHeading><DescriptorName UI="D006801" MajorTopicYN="N">Humans</DescriptorName></MeshHeading><MeshHeading><DescriptorName UI="D007004" MajorTopicYN="N">Hypoglycemic Agents</DescriptorName><QualifierName UI="Q000627" MajorTopicYN="N">therapeutic use</QualifierName></MeshHeading><MeshHeading><DescriptorName UI="D008297" MajorTopicYN="N">Male</DescriptorName></MeshHeading><MeshHeading><DescriptorName UI="D008875" MajorTopicYN="N">Middle Aged</DescriptorName></MeshHeading><MeshHeading><DescriptorName UI="D010349" MajorTopicYN="N">Patient Compliance</DescriptorName></MeshHeading></MeshHeadingList></MedlineCitation><PubmedData><History><PubMedPubDate PubStatus="pubmed"><Year>1999</Year><Month>7</Month><Day>15</Day></PubMedPubDate><PubMedPubDate PubStatus="medline"><Year>1999</Year><Month>7</Month><Day>15</Day><Hour>0</Hour><Minute>1</Minute></PubMedPubDate><PubMedPubDate PubStatus="entrez"><Year>1999</Year><Month>7</Month><Day>15</Day><Hour>0</Hour><Minute>0</Minute></PubMedPubDate></History><PublicationStatus>ppublish</PublicationStatus><ArticleIdList><ArticleId IdType="pubmed">10404477</ArticleId><ArticleId IdType="pii">S0022399999000148</ArticleId><ArticleId IdType="doi">10.1016/s0022-3999(99)00014-8</ArticleId></ArticleIdList></PubmedData></PubmedArticle></PubmedArticleSet>