<?xml version="1.0" ?>
<!DOCTYPE PubmedArticleSet PUBLIC "-//NLM//DTD PubMedArticle, 1st January 2019//EN" "https://dtd.nlm.nih.gov/ncbi/pubmed/out/pubmed_190101.dtd">
<PubmedArticleSet><PubmedArticle><MedlineCitation Status="MEDLINE" Owner="NLM"><PMID Version="1">10404803</PMID><DateCompleted><Year>1999</Year><Month>07</Month><Day>26</Day></DateCompleted><DateRevised><Year>2017</Year><Month>11</Month><Day>16</Day></DateRevised><Article PubModel="Print"><Journal><ISSN IssnType="Print">0021-972X</ISSN><JournalIssue CitedMedium="Print"><Volume>84</Volume><Issue>7</Issue><PubDate><Year>1999</Year><Month>Jul</Month></PubDate></JournalIssue><Title>The Journal of clinical endocrinology and metabolism</Title><ISOAbbreviation>J Clin Endocrinol Metab</ISOAbbreviation></Journal><ArticleTitle>Cisapride versus placebo for 8 weeks on glycemic control and gastric emptying in insulin-dependent diabetes: a double blind cross-over trial.</ArticleTitle><Pagination><MedlinePgn>2357-62</MedlinePgn></Pagination><Abstract><AbstractText>In insulin-dependent diabetes mellitus, slow gastric emptying may make absorption unpredictable and foster glycemic instability. Cisapride accelerates emptying, but controlled long term studies are scarce, and effects on glycemic control unknown. We investigated, in patients with insulin-dependent diabetes mellitus and unstable glycemia, the effects of 10 mg cisapride 4 times daily for 8 weeks vs. placebo on glycemic control and gastric emptying under random, cross-over, double blind conditions. In 14 patients with delayed and 9 with nondelayed emptying, blood glucose variability over 28-week treatment periods separated by a 4-week wash-out and gastric emptying of a semisolid 1168-kJ meal immediately after the treatment periods were assessed. Cisapride did not affect glycemic control [SD of within-patient mean blood glucose, 4.2 mmol/L +/-0.1 (+/- SEM) vs. 4.0+/-0.1 mmol/L after placebo; hemoglobin A1c, 8.3+/-0.2% vs. 8.5+/-0.2%]. Emptying was faster after cisapride than after placebo in 8 of 14 patients with delayed vs. 7 of 9 with nondelayed emptying (P = NS) and in 11 of 15 without vs. 4 of 8 with cardiovascular autonomic neuropathy (P = NS). Autonomic neuropathy prevailed in 7 of 14 patients with delayed and 1 of 9 with nondelayed emptying. Blood glucose immediately before and during assessment of emptying was unrelated to the emptying rate, whereas blood glucose increases over fasting levels were greater with faster emptying (P&lt;0.002). In conclusion, cisapride's effects were not different from those of placebo on glycemic control and gastric emptying, it did not differently affect patients with delayed vs. nondelayed emptying, and it slightly accelerated emptying (P = NS) in patients without, but not in those with, cardiovascular autonomic neuropathy. Blood glucose levels before and during assessment of emptying did not affect emptying, but the glucose rise over fasting levels was greater with faster emptying.</AbstractText></Abstract><AuthorList CompleteYN="Y"><Author ValidYN="Y"><LastName>Stacher</LastName><ForeName>G</ForeName><Initials>G</Initials><AffiliationInfo><Affiliation>Department of Surgery, University of Vienna, Austria. georg.stacher@akh-wien.ac.at</Affiliation></AffiliationInfo></Author><Author ValidYN="Y"><LastName>Schernthaner</LastName><ForeName>G</ForeName><Initials>G</Initials></Author><Author ValidYN="Y"><LastName>Francesconi</LastName><ForeName>M</ForeName><Initials>M</Initials></Author><Author ValidYN="Y"><LastName>Kopp</LastName><ForeName>H P</ForeName><Initials>HP</Initials></Author><Author ValidYN="Y"><LastName>Bergmann</LastName><ForeName>H</ForeName><Initials>H</Initials></Author><Author ValidYN="Y"><LastName>Stacher-Janotta</LastName><ForeName>G</ForeName><Initials>G</Initials></Author><Author ValidYN="Y"><LastName>Weber</LastName><ForeName>U</ForeName><Initials>U</Initials></Author></AuthorList><Language>eng</Language><PublicationTypeList><PublicationType UI="D016430">Clinical Trial</PublicationType><PublicationType UI="D016428">Journal Article</PublicationType><PublicationType UI="D016449">Randomized Controlled Trial</PublicationType><PublicationType UI="D013485">Research Support, Non-U.S. Gov't</PublicationType></PublicationTypeList></Article><MedlineJournalInfo><Country>United States</Country><MedlineTA>J Clin Endocrinol Metab</MedlineTA><NlmUniqueID>0375362</NlmUniqueID><ISSNLinking>0021-972X</ISSNLinking></MedlineJournalInfo><ChemicalList><Chemical><RegistryNumber>0</RegistryNumber><NameOfSubstance UI="D001786">Blood Glucose</NameOfSubstance></Chemical><Chemical><RegistryNumber>0</RegistryNumber><NameOfSubstance UI="D005765">Gastrointestinal Agents</NameOfSubstance></Chemical><Chemical><RegistryNumber>0</RegistryNumber><NameOfSubstance UI="D006442">Glycated Hemoglobin A</NameOfSubstance></Chemical><Chemical><RegistryNumber>0</RegistryNumber><NameOfSubstance UI="D010919">Placebos</NameOfSubstance></Chemical><Chemical><RegistryNumber>UVL329170W</RegistryNumber><NameOfSubstance UI="D020117">Cisapride</NameOfSubstance></Chemical></ChemicalList><CitationSubset>IM</CitationSubset><MeshHeadingList><MeshHeading><DescriptorName UI="D000328" MajorTopicYN="N">Adult</DescriptorName></MeshHeading><MeshHeading><DescriptorName UI="D000368" MajorTopicYN="N">Aged</DescriptorName></MeshHeading><MeshHeading><DescriptorName UI="D001342" MajorTopicYN="N">Autonomic Nervous System Diseases</DescriptorName><QualifierName UI="Q000503" MajorTopicYN="N">physiopathology</QualifierName></MeshHeading><MeshHeading><DescriptorName UI="D001786" MajorTopicYN="N">Blood Glucose</DescriptorName><QualifierName UI="Q000378" MajorTopicYN="Y">metabolism</QualifierName></MeshHeading><MeshHeading><DescriptorName UI="D002319" MajorTopicYN="N">Cardiovascular System</DescriptorName><QualifierName UI="Q000294" MajorTopicYN="N">innervation</QualifierName></MeshHeading><MeshHeading><DescriptorName UI="D020117" MajorTopicYN="N">Cisapride</DescriptorName><QualifierName UI="Q000627" MajorTopicYN="Y">therapeutic use</QualifierName></MeshHeading><MeshHeading><DescriptorName UI="D018592" MajorTopicYN="N">Cross-Over Studies</DescriptorName></MeshHeading><MeshHeading><DescriptorName UI="D003922" MajorTopicYN="N">Diabetes Mellitus, Type 1</DescriptorName><QualifierName UI="Q000188" MajorTopicYN="Y">drug therapy</QualifierName><QualifierName UI="Q000503" MajorTopicYN="N">physiopathology</QualifierName></MeshHeading><MeshHeading><DescriptorName UI="D003929" MajorTopicYN="N">Diabetic Neuropathies</DescriptorName><QualifierName UI="Q000503" MajorTopicYN="N">physiopathology</QualifierName></MeshHeading><MeshHeading><DescriptorName UI="D004311" MajorTopicYN="N">Double-Blind Method</DescriptorName></MeshHeading><MeshHeading><DescriptorName UI="D005746" MajorTopicYN="Y">Gastric Emptying</DescriptorName></MeshHeading><MeshHeading><DescriptorName UI="D005765" MajorTopicYN="N">Gastrointestinal Agents</DescriptorName><QualifierName UI="Q000627" MajorTopicYN="Y">therapeutic use</QualifierName></MeshHeading><MeshHeading><DescriptorName UI="D006442" MajorTopicYN="N">Glycated Hemoglobin A</DescriptorName><QualifierName UI="Q000032" MajorTopicYN="N">analysis</QualifierName></MeshHeading><MeshHeading><DescriptorName UI="D006801" MajorTopicYN="N">Humans</DescriptorName></MeshHeading><MeshHeading><DescriptorName UI="D008875" MajorTopicYN="N">Middle Aged</DescriptorName></MeshHeading><MeshHeading><DescriptorName UI="D010919" MajorTopicYN="N">Placebos</DescriptorName></MeshHeading></MeshHeadingList></MedlineCitation><PubmedData><History><PubMedPubDate PubStatus="pubmed"><Year>1999</Year><Month>7</Month><Day>15</Day></PubMedPubDate><PubMedPubDate PubStatus="medline"><Year>1999</Year><Month>7</Month><Day>15</Day><Hour>0</Hour><Minute>1</Minute></PubMedPubDate><PubMedPubDate PubStatus="entrez"><Year>1999</Year><Month>7</Month><Day>15</Day><Hour>0</Hour><Minute>0</Minute></PubMedPubDate></History><PublicationStatus>ppublish</PublicationStatus><ArticleIdList><ArticleId IdType="pubmed">10404803</ArticleId><ArticleId IdType="doi">10.1210/jcem.84.7.5859</ArticleId></ArticleIdList></PubmedData></PubmedArticle></PubmedArticleSet>