<?xml version="1.0" ?>
<!DOCTYPE PubmedArticleSet PUBLIC "-//NLM//DTD PubMedArticle, 1st January 2019//EN" "https://dtd.nlm.nih.gov/ncbi/pubmed/out/pubmed_190101.dtd">
<PubmedArticleSet><PubmedArticle><MedlineCitation Status="MEDLINE" Owner="NLM"><PMID Version="1">10406153</PMID><DateCompleted><Year>1999</Year><Month>08</Month><Day>24</Day></DateCompleted><DateRevised><Year>2019</Year><Month>09</Month><Day>21</Day></DateRevised><Article PubModel="Print"><Journal><ISSN IssnType="Print">1395-3907</ISSN><JournalIssue CitedMedium="Print"><Volume>77</Volume><Issue>3</Issue><PubDate><Year>1999</Year><Month>Jun</Month></PubDate></JournalIssue><Title>Acta ophthalmologica Scandinavica</Title><ISOAbbreviation>Acta Ophthalmol Scand</ISOAbbreviation></Journal><ArticleTitle>Treatment of nonproliferative diabetic retinopathy with Defibrotide in noninsulin-dependent diabetes mellitus: a pilot study.</ArticleTitle><Pagination><MedlinePgn>315-20</MedlinePgn></Pagination><Abstract><AbstractText Label="PURPOSE" NlmCategory="OBJECTIVE">Microvascular alterations, impairment of coagulation, ischemia and diffuse endothelial damage are related to the progression of diabetic retinopathy. Defibrotide has been demonstrated to produce profibrinolytic, cytoprotective and vasofacilatory activities. The aim of the present study was to evaluate the therapeutic effect of Defibrotide in the treatment of nonproliferative diabetic retinopathy.</AbstractText><AbstractText Label="METHODS" NlmCategory="METHODS">Two randomized age- and sex-matched groups (cases and controls) of 35 NIDDM patients presenting non-proliferative diabetic retinopathy were included in this study: cases were treated with Defibrotide (800-1600 mg daily) for two years.</AbstractText><AbstractText Label="RESULTS" NlmCategory="RESULTS">All tested parameters (ETDRS visual acuity; computerized perimetry; retinography; fluorescein angiography), improved significantly (p&lt;0.001) in Defibrotide-treated patients compared to controls. In our opinion, Defibrotide's manifold effects on vascular endothelia may account for this improvement by stimulation of tPA, PGI2, PGE2, thrombomodulin and modulation of endothelin-1 release.</AbstractText><AbstractText Label="CONCLUSIONS" NlmCategory="CONCLUSIONS">Our preliminary data seem to suggest that Defibrotide could be proposed for medical treatment of nonproliferative diabetic retinopathy.</AbstractText></Abstract><AuthorList CompleteYN="Y"><Author ValidYN="Y"><LastName>Vingolo</LastName><ForeName>E M</ForeName><Initials>EM</Initials><AffiliationInfo><Affiliation>University of Rome La Sapienza, Italy.</Affiliation></AffiliationInfo></Author><Author ValidYN="Y"><LastName>De Mattia</LastName><ForeName>G</ForeName><Initials>G</Initials></Author><Author ValidYN="Y"><LastName>Giusti</LastName><ForeName>C</ForeName><Initials>C</Initials></Author><Author ValidYN="Y"><LastName>Forte</LastName><ForeName>R</ForeName><Initials>R</Initials></Author><Author ValidYN="Y"><LastName>Laurenti</LastName><ForeName>O</ForeName><Initials>O</Initials></Author><Author ValidYN="Y"><LastName>Pannarale</LastName><ForeName>M R</ForeName><Initials>MR</Initials></Author></AuthorList><Language>eng</Language><PublicationTypeList><PublicationType UI="D016430">Clinical Trial</PublicationType><PublicationType UI="D003160">Comparative Study</PublicationType><PublicationType UI="D016428">Journal Article</PublicationType><PublicationType UI="D016449">Randomized Controlled Trial</PublicationType></PublicationTypeList></Article><MedlineJournalInfo><Country>Denmark</Country><MedlineTA>Acta Ophthalmol Scand</MedlineTA><NlmUniqueID>9507578</NlmUniqueID><ISSNLinking>1395-3907</ISSNLinking></MedlineJournalInfo><ChemicalList><Chemical><RegistryNumber>0</RegistryNumber><NameOfSubstance UI="D019332">Endothelin-1</NameOfSubstance></Chemical><Chemical><RegistryNumber>0</RegistryNumber><NameOfSubstance UI="D005343">Fibrinolytic Agents</NameOfSubstance></Chemical><Chemical><RegistryNumber>0</RegistryNumber><NameOfSubstance UI="D011089">Polydeoxyribonucleotides</NameOfSubstance></Chemical><Chemical><RegistryNumber>0</RegistryNumber><NameOfSubstance UI="D018180">Thrombomodulin</NameOfSubstance></Chemical><Chemical><RegistryNumber>438HCF2X0M</RegistryNumber><NameOfSubstance UI="C036901">defibrotide</NameOfSubstance></Chemical><Chemical><RegistryNumber>DCR9Z582X0</RegistryNumber><NameOfSubstance UI="D011464">Epoprostenol</NameOfSubstance></Chemical><Chemical><RegistryNumber>EC 3.4.21.68</RegistryNumber><NameOfSubstance UI="D010959">Tissue Plasminogen Activator</NameOfSubstance></Chemical><Chemical><RegistryNumber>K7Q1JQR04M</RegistryNumber><NameOfSubstance UI="D015232">Dinoprostone</NameOfSubstance></Chemical></ChemicalList><CitationSubset>IM</CitationSubset><MeshHeadingList><MeshHeading><DescriptorName UI="D000368" MajorTopicYN="N">Aged</DescriptorName></MeshHeading><MeshHeading><DescriptorName UI="D016022" MajorTopicYN="N">Case-Control Studies</DescriptorName></MeshHeading><MeshHeading><DescriptorName UI="D003924" MajorTopicYN="N">Diabetes Mellitus, Type 2</DescriptorName><QualifierName UI="Q000097" MajorTopicYN="N">blood</QualifierName><QualifierName UI="Q000150" MajorTopicYN="Y">complications</QualifierName></MeshHeading><MeshHeading><DescriptorName UI="D003930" MajorTopicYN="N">Diabetic Retinopathy</DescriptorName><QualifierName UI="Q000188" MajorTopicYN="Y">drug therapy</QualifierName><QualifierName UI="Q000209" MajorTopicYN="N">etiology</QualifierName><QualifierName UI="Q000473" MajorTopicYN="N">pathology</QualifierName></MeshHeading><MeshHeading><DescriptorName UI="D015232" MajorTopicYN="N">Dinoprostone</DescriptorName><QualifierName UI="Q000097" MajorTopicYN="N">blood</QualifierName></MeshHeading><MeshHeading><DescriptorName UI="D019332" MajorTopicYN="N">Endothelin-1</DescriptorName><QualifierName UI="Q000097" MajorTopicYN="N">blood</QualifierName></MeshHeading><MeshHeading><DescriptorName UI="D004730" MajorTopicYN="N">Endothelium, Vascular</DescriptorName><QualifierName UI="Q000187" MajorTopicYN="N">drug effects</QualifierName><QualifierName UI="Q000378" MajorTopicYN="N">metabolism</QualifierName><QualifierName UI="Q000473" MajorTopicYN="N">pathology</QualifierName></MeshHeading><MeshHeading><DescriptorName UI="D011464" MajorTopicYN="N">Epoprostenol</DescriptorName><QualifierName UI="Q000097" MajorTopicYN="N">blood</QualifierName></MeshHeading><MeshHeading><DescriptorName UI="D005260" MajorTopicYN="N">Female</DescriptorName></MeshHeading><MeshHeading><DescriptorName UI="D005343" MajorTopicYN="N">Fibrinolytic Agents</DescriptorName><QualifierName UI="Q000627" MajorTopicYN="Y">therapeutic use</QualifierName></MeshHeading><MeshHeading><DescriptorName UI="D005451" MajorTopicYN="N">Fluorescein Angiography</DescriptorName></MeshHeading><MeshHeading><DescriptorName UI="D005500" MajorTopicYN="N">Follow-Up Studies</DescriptorName></MeshHeading><MeshHeading><DescriptorName UI="D005654" MajorTopicYN="N">Fundus Oculi</DescriptorName></MeshHeading><MeshHeading><DescriptorName UI="D006801" MajorTopicYN="N">Humans</DescriptorName></MeshHeading><MeshHeading><DescriptorName UI="D008297" MajorTopicYN="N">Male</DescriptorName></MeshHeading><MeshHeading><DescriptorName UI="D008875" MajorTopicYN="N">Middle Aged</DescriptorName></MeshHeading><MeshHeading><DescriptorName UI="D010865" MajorTopicYN="N">Pilot Projects</DescriptorName></MeshHeading><MeshHeading><DescriptorName UI="D011089" MajorTopicYN="N">Polydeoxyribonucleotides</DescriptorName><QualifierName UI="Q000627" MajorTopicYN="Y">therapeutic use</QualifierName></MeshHeading><MeshHeading><DescriptorName UI="D012160" MajorTopicYN="N">Retina</DescriptorName><QualifierName UI="Q000187" MajorTopicYN="Y">drug effects</QualifierName><QualifierName UI="Q000378" MajorTopicYN="N">metabolism</QualifierName><QualifierName UI="Q000473" MajorTopicYN="N">pathology</QualifierName></MeshHeading><MeshHeading><DescriptorName UI="D018180" MajorTopicYN="N">Thrombomodulin</DescriptorName><QualifierName UI="Q000097" MajorTopicYN="N">blood</QualifierName><QualifierName UI="Q000187" MajorTopicYN="N">drug effects</QualifierName></MeshHeading><MeshHeading><DescriptorName UI="D010959" MajorTopicYN="N">Tissue Plasminogen Activator</DescriptorName><QualifierName UI="Q000097" MajorTopicYN="N">blood</QualifierName><QualifierName UI="Q000187" MajorTopicYN="N">drug effects</QualifierName></MeshHeading><MeshHeading><DescriptorName UI="D016896" MajorTopicYN="N">Treatment Outcome</DescriptorName></MeshHeading><MeshHeading><DescriptorName UI="D058609" MajorTopicYN="N">Visual Field Tests</DescriptorName></MeshHeading></MeshHeadingList></MedlineCitation><PubmedData><History><PubMedPubDate PubStatus="pubmed"><Year>1999</Year><Month>7</Month><Day>16</Day></PubMedPubDate><PubMedPubDate PubStatus="medline"><Year>1999</Year><Month>7</Month><Day>16</Day><Hour>0</Hour><Minute>1</Minute></PubMedPubDate><PubMedPubDate PubStatus="entrez"><Year>1999</Year><Month>7</Month><Day>16</Day><Hour>0</Hour><Minute>0</Minute></PubMedPubDate></History><PublicationStatus>ppublish</PublicationStatus><ArticleIdList><ArticleId IdType="pubmed">10406153</ArticleId><ArticleId IdType="doi">10.1034/j.1600-0420.1999.770314.x</ArticleId></ArticleIdList></PubmedData></PubmedArticle></PubmedArticleSet>