<?xml version="1.0" ?>
<!DOCTYPE PubmedArticleSet PUBLIC "-//NLM//DTD PubMedArticle, 1st January 2019//EN" "https://dtd.nlm.nih.gov/ncbi/pubmed/out/pubmed_190101.dtd">
<PubmedArticleSet><PubmedArticle><MedlineCitation Status="MEDLINE" Owner="NLM"><PMID Version="1">10404692</PMID><DateCompleted><Year>1999</Year><Month>08</Month><Day>27</Day></DateCompleted><DateRevised><Year>2013</Year><Month>05</Month><Day>20</Day></DateRevised><Article PubModel="Print"><Journal><ISSN IssnType="Print">0301-0430</ISSN><JournalIssue CitedMedium="Print"><Volume>51</Volume><Issue>6</Issue><PubDate><Year>1999</Year><Month>Jun</Month></PubDate></JournalIssue><Title>Clinical nephrology</Title><ISOAbbreviation>Clin Nephrol</ISOAbbreviation></Journal><ArticleTitle>Retinopathy is independently related to microalbuminuria in type 2 diabetes mellitus.</ArticleTitle><Pagination><MedlinePgn>329-34</MedlinePgn></Pagination><Abstract><AbstractText Label="UNLABELLED">AIM, SUBJECTS AND METHODS: To evaluate whether microalbuminuria is related to retinopathy in type 2 diabetes, we studied a sample of 125 known diabetic subjects with a mean disease duration of 11 years (range 5-22 years), aged 46-71 years, by ophthalmoscopy, fundus photography and fluoresceine angiography. Urinary albumin excretion rate (UAER) was measured by nephelometry and the fractional clearance of albumin, i.e. in relation to creatinine was calculated from spot samples. The subjects were classified into groups based on the UAER/24 h.</AbstractText><AbstractText Label="RESULTS" NlmCategory="RESULTS">Microalbuminuria was present if UAER was 30-300 mg/24 h and overt nephropathy when UAER &gt; or = 300 mg/24 h. Background (&gt; or = 2 microaneurysms or &gt; or = 2 hemorrhages or &gt; or = 1 more advanced lesions, except proliferative changes) and proliferative retinopathies were found in 21% and in 3%, respectively. Subjects with microalbuminuria (p = 0.026) and overt nephropathy (p = 0.002) had more frequently background retinopathy than their counterparts with a normal UAER (chi2-test). A multivariate logistic regression model was obtained for background retinopathy (chi2 = 37.5, p = 0.0000039, OR 14.9, correct prediction of negative outcome in 97% and of positive outcome in 30.4%) including the following variables. The fractional clearance of albumin independently explained background retinopathy (OR 3.9, 95% CI 1.3-12, p = 0.028). Insulin therapy (p = 0.0017), diabetes duration (p = 0.048), blood glucose at 2 h in standard oral glucose tolerance test (p = 0.009) and low fasting serum HDL cholesterol (p = 0.023) also independently explained retinopathy. Age, gender, BMI, systolic blood pressure, ACE inhibitor therapy, fasting serum total cholesterol and triglyceride, blood glucose or insulin, hemoglobin A1c, glucagon-stimulated C peptide response, glomerular filtration rate or smoking habits did not independently explain retinopathy.</AbstractText><AbstractText Label="CONCLUSION" NlmCategory="CONCLUSIONS">We conclude that microalbuminuria is related to background retinopathy in type 2 diabetes.</AbstractText></Abstract><AuthorList CompleteYN="Y"><Author ValidYN="Y"><LastName>Wirta</LastName><ForeName>O</ForeName><Initials>O</Initials><AffiliationInfo><Affiliation>Department of Medicine, Tampere University Hospital, University of Tampere, Finland.</Affiliation></AffiliationInfo></Author><Author ValidYN="Y"><LastName>Pasternack</LastName><ForeName>A</ForeName><Initials>A</Initials></Author><Author ValidYN="Y"><LastName>Mustonen</LastName><ForeName>J</ForeName><Initials>J</Initials></Author><Author ValidYN="Y"><LastName>Laippala</LastName><ForeName>P</ForeName><Initials>P</Initials></Author><Author ValidYN="Y"><LastName>Lähde</LastName><ForeName>Y</ForeName><Initials>Y</Initials></Author></AuthorList><Language>eng</Language><PublicationTypeList><PublicationType UI="D016428">Journal Article</PublicationType><PublicationType UI="D013485">Research Support, Non-U.S. Gov't</PublicationType></PublicationTypeList></Article><MedlineJournalInfo><Country>Germany</Country><MedlineTA>Clin Nephrol</MedlineTA><NlmUniqueID>0364441</NlmUniqueID><ISSNLinking>0301-0430</ISSNLinking></MedlineJournalInfo><CitationSubset>IM</CitationSubset><MeshHeadingList><MeshHeading><DescriptorName UI="D000368" MajorTopicYN="N">Aged</DescriptorName></MeshHeading><MeshHeading><DescriptorName UI="D000419" MajorTopicYN="N">Albuminuria</DescriptorName><QualifierName UI="Q000150" MajorTopicYN="Y">complications</QualifierName></MeshHeading><MeshHeading><DescriptorName UI="D003924" MajorTopicYN="N">Diabetes Mellitus, Type 2</DescriptorName><QualifierName UI="Q000150" MajorTopicYN="Y">complications</QualifierName></MeshHeading><MeshHeading><DescriptorName UI="D003928" MajorTopicYN="N">Diabetic Nephropathies</DescriptorName><QualifierName UI="Q000150" MajorTopicYN="N">complications</QualifierName></MeshHeading><MeshHeading><DescriptorName UI="D003930" MajorTopicYN="N">Diabetic Retinopathy</DescriptorName><QualifierName UI="Q000150" MajorTopicYN="Y">complications</QualifierName></MeshHeading><MeshHeading><DescriptorName UI="D006801" MajorTopicYN="N">Humans</DescriptorName></MeshHeading><MeshHeading><DescriptorName UI="D008875" MajorTopicYN="N">Middle Aged</DescriptorName></MeshHeading><MeshHeading><DescriptorName UI="D012044" MajorTopicYN="N">Regression Analysis</DescriptorName></MeshHeading></MeshHeadingList></MedlineCitation><PubmedData><History><PubMedPubDate PubStatus="pubmed"><Year>1999</Year><Month>7</Month><Day>15</Day></PubMedPubDate><PubMedPubDate PubStatus="medline"><Year>1999</Year><Month>7</Month><Day>15</Day><Hour>0</Hour><Minute>1</Minute></PubMedPubDate><PubMedPubDate PubStatus="entrez"><Year>1999</Year><Month>7</Month><Day>15</Day><Hour>0</Hour><Minute>0</Minute></PubMedPubDate></History><PublicationStatus>ppublish</PublicationStatus><ArticleIdList><ArticleId IdType="pubmed">10404692</ArticleId></ArticleIdList></PubmedData></PubmedArticle></PubmedArticleSet>