<?xml version="1.0" ?>
<!DOCTYPE PubmedArticleSet PUBLIC "-//NLM//DTD PubMedArticle, 1st January 2019//EN" "https://dtd.nlm.nih.gov/ncbi/pubmed/out/pubmed_190101.dtd">
<PubmedArticleSet><PubmedArticle><MedlineCitation Status="MEDLINE" Owner="NLM"><PMID Version="1">10403913</PMID><DateCompleted><Year>1999</Year><Month>07</Month><Day>28</Day></DateCompleted><DateRevised><Year>2019</Year><Month>05</Month><Day>13</Day></DateRevised><Article PubModel="Print"><Journal><ISSN IssnType="Print">0009-9104</ISSN><JournalIssue CitedMedium="Print"><Volume>117</Volume><Issue>1</Issue><PubDate><Year>1999</Year><Month>Jul</Month></PubDate></JournalIssue><Title>Clinical and experimental immunology</Title><ISOAbbreviation>Clin Exp Immunol</ISOAbbreviation></Journal><ArticleTitle>Transfer of dendritic cells (DC) ex vivo stimulated with interferon-gamma (IFN-gamma) down-modulates autoimmune diabetes in non-obese diabetic (NOD) mice.</ArticleTitle><Pagination><MedlinePgn>38-43</MedlinePgn></Pagination><Abstract><AbstractText>The NOD mouse has been used to explore the many features of insulin-dependent diabetes mellitus (IDDM) that is caused by the destruction of insulin-producing beta cells in the islets of Langerhans of the pancreas. Self-reactive T cells have been considered to mediate IDDM in the NOD mouse, and antigen-presenting cells like DC and macrophages are expected to be involved in the processes from their role in generating regulatory or effector T cells. The present study shows that transfer of IFN-gamma-stimulated DC of the NOD or ICR mouse into the NOD mouse did not accelerate IDDM onset but afforded long-lasting protection against clinical and histological signs of IDDM in the recipient mice. The anti-diabetogenic ability was unique to IFN-gamma-stimulated DC when compared with unstimulated DC. A considerable proportion of the injected IFN-gamma-stimulated DC was demonstrated to migrate into the pancreas and its associated lymphoid tissues, suggesting the DC exert their anti-diabetogenic effects there. These findings suggest that development of autoimmune diabetes in the NOD mouse is under the control of DC, and that IDDM onset could be controlled by appropriately manipulating DC systems in vivo, which may open the gate for the therapeutic application of ex vivo-conditioned DC to human IDDM.</AbstractText></Abstract><AuthorList CompleteYN="Y"><Author ValidYN="Y"><LastName>Shinomiya</LastName><ForeName>M</ForeName><Initials>M</Initials><AffiliationInfo><Affiliation>Third Department of Internal Medicine, Ehime University School of Medicine, Ehime, Japan.</Affiliation></AffiliationInfo></Author><Author ValidYN="Y"><LastName>Fazle Akbar</LastName><ForeName>S M</ForeName><Initials>SM</Initials></Author><Author ValidYN="Y"><LastName>Shinomiya</LastName><ForeName>H</ForeName><Initials>H</Initials></Author><Author ValidYN="Y"><LastName>Onji</LastName><ForeName>M</ForeName><Initials>M</Initials></Author></AuthorList><Language>eng</Language><PublicationTypeList><PublicationType UI="D016428">Journal Article</PublicationType></PublicationTypeList></Article><MedlineJournalInfo><Country>England</Country><MedlineTA>Clin Exp Immunol</MedlineTA><NlmUniqueID>0057202</NlmUniqueID><ISSNLinking>0009-9104</ISSNLinking></MedlineJournalInfo><ChemicalList><Chemical><RegistryNumber>82115-62-6</RegistryNumber><NameOfSubstance UI="D007371">Interferon-gamma</NameOfSubstance></Chemical></ChemicalList><CitationSubset>IM</CitationSubset><MeshHeadingList><MeshHeading><DescriptorName UI="D019264" MajorTopicYN="N">Adoptive Transfer</DescriptorName></MeshHeading><MeshHeading><DescriptorName UI="D000818" MajorTopicYN="N">Animals</DescriptorName></MeshHeading><MeshHeading><DescriptorName UI="D000938" MajorTopicYN="N">Antigen-Presenting Cells</DescriptorName><QualifierName UI="Q000276" MajorTopicYN="Y">immunology</QualifierName></MeshHeading><MeshHeading><DescriptorName UI="D001327" MajorTopicYN="N">Autoimmune Diseases</DescriptorName><QualifierName UI="Q000276" MajorTopicYN="Y">immunology</QualifierName><QualifierName UI="Q000473" MajorTopicYN="N">pathology</QualifierName></MeshHeading><MeshHeading><DescriptorName UI="D003713" MajorTopicYN="N">Dendritic Cells</DescriptorName><QualifierName UI="Q000276" MajorTopicYN="Y">immunology</QualifierName><QualifierName UI="Q000473" MajorTopicYN="N">pathology</QualifierName></MeshHeading><MeshHeading><DescriptorName UI="D003922" MajorTopicYN="N">Diabetes Mellitus, Type 1</DescriptorName><QualifierName UI="Q000276" MajorTopicYN="Y">immunology</QualifierName><QualifierName UI="Q000473" MajorTopicYN="N">pathology</QualifierName></MeshHeading><MeshHeading><DescriptorName UI="D005260" MajorTopicYN="N">Female</DescriptorName></MeshHeading><MeshHeading><DescriptorName UI="D006801" MajorTopicYN="N">Humans</DescriptorName></MeshHeading><MeshHeading><DescriptorName UI="D007371" MajorTopicYN="N">Interferon-gamma</DescriptorName><QualifierName UI="Q000494" MajorTopicYN="Y">pharmacology</QualifierName></MeshHeading><MeshHeading><DescriptorName UI="D007515" MajorTopicYN="N">Islets of Langerhans</DescriptorName><QualifierName UI="Q000276" MajorTopicYN="N">immunology</QualifierName><QualifierName UI="Q000473" MajorTopicYN="N">pathology</QualifierName></MeshHeading><MeshHeading><DescriptorName UI="D008297" MajorTopicYN="N">Male</DescriptorName></MeshHeading><MeshHeading><DescriptorName UI="D051379" MajorTopicYN="N">Mice</DescriptorName></MeshHeading><MeshHeading><DescriptorName UI="D008813" MajorTopicYN="N">Mice, Inbred ICR</DescriptorName></MeshHeading><MeshHeading><DescriptorName UI="D016688" MajorTopicYN="N">Mice, Inbred NOD</DescriptorName></MeshHeading></MeshHeadingList></MedlineCitation><PubmedData><History><PubMedPubDate PubStatus="pubmed"><Year>1999</Year><Month>7</Month><Day>15</Day></PubMedPubDate><PubMedPubDate PubStatus="medline"><Year>1999</Year><Month>7</Month><Day>15</Day><Hour>0</Hour><Minute>1</Minute></PubMedPubDate><PubMedPubDate PubStatus="entrez"><Year>1999</Year><Month>7</Month><Day>15</Day><Hour>0</Hour><Minute>0</Minute></PubMedPubDate></History><PublicationStatus>ppublish</PublicationStatus><ArticleIdList><ArticleId IdType="pubmed">10403913</ArticleId><ArticleId IdType="pii">cei947</ArticleId><ArticleId IdType="pmc">PMC1905472</ArticleId><ArticleId IdType="doi">10.1046/j.1365-2249.1999.00947.x</ArticleId></ArticleIdList><ReferenceList><Reference><Citation>Clin Exp Immunol. 1985 Jun;60(3):622-30</Citation><ArticleIdList><ArticleId IdType="pubmed">3160515</ArticleId></ArticleIdList></Reference><Reference><Citation>Diabetes. 1996 Sep;45(9):1193-6</Citation><ArticleIdList><ArticleId IdType="pubmed">8772721</ArticleId></ArticleIdList></Reference><Reference><Citation>J Exp Med. 1987 Jun 1;165(6):1639-54</Citation><ArticleIdList><ArticleId IdType="pubmed">3585250</ArticleId></ArticleIdList></Reference><Reference><Citation>J Exp Med. 1987 Oct 1;166(4):823-32</Citation><ArticleIdList><ArticleId IdType="pubmed">3309126</ArticleId></ArticleIdList></Reference><Reference><Citation>J Exp Med. 1987 Dec 1;166(6):1906-11</Citation><ArticleIdList><ArticleId IdType="pubmed">3316476</ArticleId></ArticleIdList></Reference><Reference><Citation>J Exp Med. 1988 Feb 1;167(2):632-45</Citation><ArticleIdList><ArticleId IdType="pubmed">3258009</ArticleId></ArticleIdList></Reference><Reference><Citation>Clin Immunol Immunopathol. 1988 Sep;48(3):277-89</Citation><ArticleIdList><ArticleId IdType="pubmed">3402103</ArticleId></ArticleIdList></Reference><Reference><Citation>Cell Immunol. 1989 Jan;118(1):108-25</Citation><ArticleIdList><ArticleId IdType="pubmed">2910499</ArticleId></ArticleIdList></Reference><Reference><Citation>Diabetes Res Clin Pract. 1990 Jan;8(2):85-9</Citation><ArticleIdList><ArticleId IdType="pubmed">2307094</ArticleId></ArticleIdList></Reference><Reference><Citation>Science. 1990 Sep 21;249(4975):1433-6</Citation><ArticleIdList><ArticleId IdType="pubmed">2205920</ArticleId></ArticleIdList></Reference><Reference><Citation>Immunol Ser. 1989;48:101-26</Citation><ArticleIdList><ArticleId IdType="pubmed">2488316</ArticleId></ArticleIdList></Reference><Reference><Citation>Eur J Immunol. 1991 May;21(5):1163-9</Citation><ArticleIdList><ArticleId IdType="pubmed">1828030</ArticleId></ArticleIdList></Reference><Reference><Citation>Eur J Immunol. 1991 May;21(5):1171-80</Citation><ArticleIdList><ArticleId IdType="pubmed">1674689</ArticleId></ArticleIdList></Reference><Reference><Citation>Curr Opin Immunol. 1991 Dec;3(6):902-5</Citation><ArticleIdList><ArticleId IdType="pubmed">1793533</ArticleId></ArticleIdList></Reference><Reference><Citation>Proc Natl Acad Sci U S A. 1992 May 1;89(9):3927-31</Citation><ArticleIdList><ArticleId IdType="pubmed">1570315</ArticleId></ArticleIdList></Reference><Reference><Citation>Adv Immunol. 1992;51:285-322</Citation><ArticleIdList><ArticleId IdType="pubmed">1323922</ArticleId></ArticleIdList></Reference><Reference><Citation>J Clin Invest. 1992 Sep;90(3):741-8</Citation><ArticleIdList><ArticleId IdType="pubmed">1522229</ArticleId></ArticleIdList></Reference><Reference><Citation>J Immunol. 1993 Mar 15;150(6):2534-43</Citation><ArticleIdList><ArticleId IdType="pubmed">8450229</ArticleId></ArticleIdList></Reference><Reference><Citation>Proc Natl Acad Sci U S A. 1993 Oct 15;90(20):9625-9</Citation><ArticleIdList><ArticleId IdType="pubmed">8415751</ArticleId></ArticleIdList></Reference><Reference><Citation>Diabetes. 1994 May;43(5):667-75</Citation><ArticleIdList><ArticleId IdType="pubmed">8168644</ArticleId></ArticleIdList></Reference><Reference><Citation>J Immunol. 1994 Jun 1;152(11):5208-19</Citation><ArticleIdList><ArticleId IdType="pubmed">7514631</ArticleId></ArticleIdList></Reference><Reference><Citation>N Engl J Med. 1994 Nov 24;331(21):1428-36</Citation><ArticleIdList><ArticleId IdType="pubmed">7969282</ArticleId></ArticleIdList></Reference><Reference><Citation>Immunol Today. 1996 Dec;17(12):559-64</Citation><ArticleIdList><ArticleId IdType="pubmed">8991287</ArticleId></ArticleIdList></Reference><Reference><Citation>Immunol Today. 1997 Mar;18(3):102-4</Citation><ArticleIdList><ArticleId IdType="pubmed">9078679</ArticleId></ArticleIdList></Reference><Reference><Citation>Diabetes. 1998 Jan;47(1):32-8</Citation><ArticleIdList><ArticleId IdType="pubmed">9421371</ArticleId></ArticleIdList></Reference><Reference><Citation>Immunity. 1997 Dec;7(6):727-38</Citation><ArticleIdList><ArticleId IdType="pubmed">9430219</ArticleId></ArticleIdList></Reference><Reference><Citation>Nature. 1998 Mar 19;392(6673):245-52</Citation><ArticleIdList><ArticleId IdType="pubmed">9521319</ArticleId></ArticleIdList></Reference><Reference><Citation>J Nucl Med. 1981 Nov;22(11):981-7</Citation><ArticleIdList><ArticleId IdType="pubmed">7299484</ArticleId></ArticleIdList></Reference><Reference><Citation>Blood. 1997 Nov 1;90(9):3245-87</Citation><ArticleIdList><ArticleId IdType="pubmed">9345009</ArticleId></ArticleIdList></Reference><Reference><Citation>J Immunol. 1995 Jan 15;154(2):536-44</Citation><ArticleIdList><ArticleId IdType="pubmed">7529278</ArticleId></ArticleIdList></Reference><Reference><Citation>Lancet. 1995 Feb 25;345(8948):491-2</Citation><ArticleIdList><ArticleId IdType="pubmed">7861877</ArticleId></ArticleIdList></Reference><Reference><Citation>Immunol Today. 1995 Jan;16(1):34-8</Citation><ArticleIdList><ArticleId IdType="pubmed">7880387</ArticleId></ArticleIdList></Reference><Reference><Citation>J Immunol. 1996 Jan 15;156(2):450-8</Citation><ArticleIdList><ArticleId IdType="pubmed">8543793</ArticleId></ArticleIdList></Reference><Reference><Citation>Cell. 1996 May 3;85(3):291-7</Citation><ArticleIdList><ArticleId IdType="pubmed">8616883</ArticleId></ArticleIdList></Reference><Reference><Citation>J Exp Med. 1996 Apr 1;183(4):1657-62</Citation><ArticleIdList><ArticleId IdType="pubmed">8666923</ArticleId></ArticleIdList></Reference><Reference><Citation>J Exp Med. 1996 Apr 1;183(4):1789-96</Citation><ArticleIdList><ArticleId IdType="pubmed">8666935</ArticleId></ArticleIdList></Reference><Reference><Citation>Diabetes. 1996 Jul;45(7):926-33</Citation><ArticleIdList><ArticleId IdType="pubmed">8666144</ArticleId></ArticleIdList></Reference><Reference><Citation>J Immunol. 1996 Aug 15;157(4):1406-14</Citation><ArticleIdList><ArticleId IdType="pubmed">8759720</ArticleId></ArticleIdList></Reference><Reference><Citation>Clin Immunol Immunopathol. 1986 Dec;41(3):433-42</Citation><ArticleIdList><ArticleId IdType="pubmed">3780057</ArticleId></ArticleIdList></Reference></ReferenceList></PubmedData></PubmedArticle></PubmedArticleSet>