<?xml version="1.0" ?>
<!DOCTYPE PubmedArticleSet PUBLIC "-//NLM//DTD PubMedArticle, 1st January 2019//EN" "https://dtd.nlm.nih.gov/ncbi/pubmed/out/pubmed_190101.dtd">
<PubmedArticleSet><PubmedArticle><MedlineCitation Status="MEDLINE" Owner="NLM"><PMID Version="1">10406747</PMID><DateCompleted><Year>1999</Year><Month>09</Month><Day>20</Day></DateCompleted><DateRevised><Year>2019</Year><Month>05</Month><Day>01</Day></DateRevised><Article PubModel="Print"><Journal><ISSN IssnType="Print">0959-8138</ISSN><JournalIssue CitedMedium="Print"><Volume>319</Volume><Issue>7203</Issue><PubDate><Year>1999</Year><Month>Jul</Month><Day>17</Day></PubDate></JournalIssue><Title>BMJ (Clinical research ed.)</Title><ISOAbbreviation>BMJ</ISOAbbreviation></Journal><ArticleTitle>Does zygosity influence the metabolic profile of twins? A population based cross sectional study.</ArticleTitle><Pagination><MedlinePgn>151-4</MedlinePgn></Pagination><Abstract><AbstractText Label="OBJECTIVE" NlmCategory="OBJECTIVE">To study the influence of zygosity on the metabolic variables involved in the pathophysiology of type 2 diabetes.</AbstractText><AbstractText Label="DESIGN" NlmCategory="METHODS">Population based cross sectional study.</AbstractText><AbstractText Label="SETTING" NlmCategory="METHODS">Odense University Hospital, Denmark.</AbstractText><AbstractText Label="PARTICIPANTS" NlmCategory="METHODS">125 monozygotic twin pairs and 178 dizygotic twin pairs of the same sex born between 1921 and 1940.</AbstractText><AbstractText Label="MAIN OUTCOME MEASURES" NlmCategory="METHODS">Clinical characteristics of monozygotic and dizygotic twins with or without a family history of type 2 diabetes.</AbstractText><AbstractText Label="RESULTS" NlmCategory="RESULTS">Absolute prevalences of type 2 diabetes and impaired glucose tolerance according to the World Health Organisation criteria were similar in both the monozygotic and the dizygotic twins as were measurements of height, weight, body mass index, waist to hip ratio, and fasting plasma glucose and insulin concentrations. During the oral glucose tolerance test, monozygotic twins had a higher incremental plasma insulin area under the curve than dizygotic twins (10.05 (SD 0.68) v 9.89 (0.72) pmol/lxminutes, P&lt;0.01) indicating insulin resistance. In twins with normal glucose tolerance and without first degree relatives or co-twins with type 2 diabetes or impaired glucose tolerance, both the glucose and insulin areas under the curve were higher among monozygotic twins (glucose 214.4 (88.3) v 189.8 (78.4) mmol/lxminutes, P&lt;0.05; insulin 20 040 (14 865-32 554) v 17 625 (12 330-23 640) pmol/lxminutes, P=0.08).</AbstractText><AbstractText Label="CONCLUSION" NlmCategory="CONCLUSIONS">Zygosity influences both plasma glucose and plasma insulin concentrations during an oral glucose tolerance test. This supports an intrauterine influence on glucose homeostasis and perhaps on insulin resistance in humans.</AbstractText></Abstract><AuthorList CompleteYN="Y"><Author ValidYN="Y"><LastName>Poulsen</LastName><ForeName>P</ForeName><Initials>P</Initials><AffiliationInfo><Affiliation>Department of Endocrinology and Internal Medicine, Odense University Hospital, DK-5000 C Odense, Denmark. p.poulsen@winsloew.ou.dk</Affiliation></AffiliationInfo></Author><Author ValidYN="Y"><LastName>Vaag</LastName><ForeName>A</ForeName><Initials>A</Initials></Author><Author ValidYN="Y"><LastName>Beck-Nielsen</LastName><ForeName>H</ForeName><Initials>H</Initials></Author></AuthorList><Language>eng</Language><PublicationTypeList><PublicationType UI="D016428">Journal Article</PublicationType><PublicationType UI="D013485">Research Support, Non-U.S. Gov't</PublicationType><PublicationType UI="D018486">Twin Study</PublicationType></PublicationTypeList></Article><MedlineJournalInfo><Country>England</Country><MedlineTA>BMJ</MedlineTA><NlmUniqueID>8900488</NlmUniqueID><ISSNLinking>0959-8138</ISSNLinking></MedlineJournalInfo><ChemicalList><Chemical><RegistryNumber>0</RegistryNumber><NameOfSubstance UI="D001786">Blood Glucose</NameOfSubstance></Chemical><Chemical><RegistryNumber>0</RegistryNumber><NameOfSubstance UI="D007328">Insulin</NameOfSubstance></Chemical></ChemicalList><CitationSubset>IM</CitationSubset><MeshHeadingList><MeshHeading><DescriptorName UI="D000368" MajorTopicYN="N">Aged</DescriptorName></MeshHeading><MeshHeading><DescriptorName UI="D019540" MajorTopicYN="N">Area Under Curve</DescriptorName></MeshHeading><MeshHeading><DescriptorName UI="D001786" MajorTopicYN="N">Blood Glucose</DescriptorName><QualifierName UI="Q000032" MajorTopicYN="N">analysis</QualifierName></MeshHeading><MeshHeading><DescriptorName UI="D003430" MajorTopicYN="N">Cross-Sectional Studies</DescriptorName></MeshHeading><MeshHeading><DescriptorName UI="D003924" MajorTopicYN="N">Diabetes Mellitus, Type 2</DescriptorName><QualifierName UI="Q000235" MajorTopicYN="Y">genetics</QualifierName><QualifierName UI="Q000378" MajorTopicYN="Y">metabolism</QualifierName></MeshHeading><MeshHeading><DescriptorName UI="D004200" MajorTopicYN="N">Diseases in Twins</DescriptorName><QualifierName UI="Q000235" MajorTopicYN="Y">genetics</QualifierName></MeshHeading><MeshHeading><DescriptorName UI="D005260" MajorTopicYN="N">Female</DescriptorName></MeshHeading><MeshHeading><DescriptorName UI="D005951" MajorTopicYN="N">Glucose Tolerance Test</DescriptorName></MeshHeading><MeshHeading><DescriptorName UI="D006801" MajorTopicYN="N">Humans</DescriptorName></MeshHeading><MeshHeading><DescriptorName UI="D007328" MajorTopicYN="N">Insulin</DescriptorName><QualifierName UI="Q000097" MajorTopicYN="N">blood</QualifierName></MeshHeading><MeshHeading><DescriptorName UI="D008297" MajorTopicYN="N">Male</DescriptorName></MeshHeading><MeshHeading><DescriptorName UI="D008875" MajorTopicYN="N">Middle Aged</DescriptorName></MeshHeading><MeshHeading><DescriptorName UI="D015995" MajorTopicYN="N">Prevalence</DescriptorName></MeshHeading><MeshHeading><DescriptorName UI="D014429" MajorTopicYN="Y">Twins, Dizygotic</DescriptorName></MeshHeading><MeshHeading><DescriptorName UI="D014430" MajorTopicYN="Y">Twins, Monozygotic</DescriptorName></MeshHeading></MeshHeadingList></MedlineCitation><PubmedData><History><PubMedPubDate PubStatus="pubmed"><Year>1999</Year><Month>7</Month><Day>16</Day></PubMedPubDate><PubMedPubDate PubStatus="medline"><Year>1999</Year><Month>7</Month><Day>16</Day><Hour>0</Hour><Minute>1</Minute></PubMedPubDate><PubMedPubDate PubStatus="entrez"><Year>1999</Year><Month>7</Month><Day>16</Day><Hour>0</Hour><Minute>0</Minute></PubMedPubDate></History><PublicationStatus>ppublish</PublicationStatus><ArticleIdList><ArticleId IdType="pubmed">10406747</ArticleId><ArticleId IdType="pmc">PMC28162</ArticleId><ArticleId IdType="doi">10.1136/bmj.319.7203.151</ArticleId></ArticleIdList><ReferenceList><Reference><Citation>BMJ. 1993 Jan 30;306(6873):302-6</Citation><ArticleIdList><ArticleId IdType="pubmed">8461648</ArticleId></ArticleIdList></Reference><Reference><Citation>Diabetologia. 1993 Mar;36(3):225-8</Citation><ArticleIdList><ArticleId IdType="pubmed">8462770</ArticleId></ArticleIdList></Reference><Reference><Citation>Lancet. 1993 Apr 17;341(8851):1008-9</Citation><ArticleIdList><ArticleId IdType="pubmed">8096890</ArticleId></ArticleIdList></Reference><Reference><Citation>Diabetologia. 1994 Feb;37(2):150-4</Citation><ArticleIdList><ArticleId IdType="pubmed">8163048</ArticleId></ArticleIdList></Reference><Reference><Citation>Diabet Med. 1995 Jan;12(1):24-9</Citation><ArticleIdList><ArticleId IdType="pubmed">7712699</ArticleId></ArticleIdList></Reference><Reference><Citation>Biochem Soc Trans. 1995 May;23(2):331-5</Citation><ArticleIdList><ArticleId IdType="pubmed">7672362</ArticleId></ArticleIdList></Reference><Reference><Citation>Clin Genet. 1983 Aug;24(2):103-12</Citation><ArticleIdList><ArticleId IdType="pubmed">6577993</ArticleId></ArticleIdList></Reference><Reference><Citation>Anal Biochem. 1984 Mar;137(2):335-43</Citation><ArticleIdList><ArticleId IdType="pubmed">6375455</ArticleId></ArticleIdList></Reference><Reference><Citation>Acta Genet Med Gemellol (Roma). 1988;37(3-4):229-38</Citation><ArticleIdList><ArticleId IdType="pubmed">3254015</ArticleId></ArticleIdList></Reference><Reference><Citation>BMJ. 1991 Oct 26;303(6809):1019-22</Citation><ArticleIdList><ArticleId IdType="pubmed">1954451</ArticleId></ArticleIdList></Reference><Reference><Citation>Diabetes. 1991 Dec;40 Suppl 2:115-20</Citation><ArticleIdList><ArticleId IdType="pubmed">1748239</ArticleId></ArticleIdList></Reference><Reference><Citation>Diabetologia. 1992 Jul;35(7):595-601</Citation><ArticleIdList><ArticleId IdType="pubmed">1644236</ArticleId></ArticleIdList></Reference><Reference><Citation>Diabetologia. 1992 May;35(5):444-6</Citation><ArticleIdList><ArticleId IdType="pubmed">1521726</ArticleId></ArticleIdList></Reference><Reference><Citation>Int J Epidemiol. 1995 Jun;24(3):589-96</Citation><ArticleIdList><ArticleId IdType="pubmed">7672901</ArticleId></ArticleIdList></Reference><Reference><Citation>N Engl J Med. 1995 Dec 28;333(26):1744-9</Citation><ArticleIdList><ArticleId IdType="pubmed">7491139</ArticleId></ArticleIdList></Reference><Reference><Citation>BMJ. 1996 Feb 17;312(7028):406-10</Citation><ArticleIdList><ArticleId IdType="pubmed">8601111</ArticleId></ArticleIdList></Reference><Reference><Citation>Endocrinology. 1996 Sep;137(9):3797-801</Citation><ArticleIdList><ArticleId IdType="pubmed">8756549</ArticleId></ArticleIdList></Reference><Reference><Citation>FEBS Lett. 1996 Oct 28;396(1):53-6</Citation><ArticleIdList><ArticleId IdType="pubmed">8906865</ArticleId></ArticleIdList></Reference><Reference><Citation>Br J Nutr. 1996 Oct;76(4):591-603</Citation><ArticleIdList><ArticleId IdType="pubmed">8942365</ArticleId></ArticleIdList></Reference><Reference><Citation>J Clin Endocrinol Metab. 1997 Feb;82(2):402-6</Citation><ArticleIdList><ArticleId IdType="pubmed">9024226</ArticleId></ArticleIdList></Reference><Reference><Citation>Diabetologia. 1997 Apr;40(4):439-46</Citation><ArticleIdList><ArticleId IdType="pubmed">9112021</ArticleId></ArticleIdList></Reference><Reference><Citation>BMJ. 1997 May 10;314(7091):1376-80</Citation><ArticleIdList><ArticleId IdType="pubmed">9161309</ArticleId></ArticleIdList></Reference><Reference><Citation>BMJ. 1997 Aug 9;315(7104):341-7</Citation><ArticleIdList><ArticleId IdType="pubmed">9270455</ArticleId></ArticleIdList></Reference><Reference><Citation>Diabetologia. 1998 Oct;41(10):1133-8</Citation><ArticleIdList><ArticleId IdType="pubmed">9794098</ArticleId></ArticleIdList></Reference><Reference><Citation>Diabetologia. 1998 Oct;41(10):1163-7</Citation><ArticleIdList><ArticleId IdType="pubmed">9794102</ArticleId></ArticleIdList></Reference><Reference><Citation>Diabetologia. 1999 Feb;42(2):139-45</Citation><ArticleIdList><ArticleId IdType="pubmed">10064092</ArticleId></ArticleIdList></Reference></ReferenceList></PubmedData></PubmedArticle></PubmedArticleSet>