<?xml version="1.0" ?>
<!DOCTYPE PubmedArticleSet PUBLIC "-//NLM//DTD PubMedArticle, 1st January 2019//EN" "https://dtd.nlm.nih.gov/ncbi/pubmed/out/pubmed_190101.dtd">
<PubmedArticleSet><PubmedArticle><MedlineCitation Status="MEDLINE" Owner="NLM"><PMID Version="1">10404950</PMID><DateCompleted><Year>1999</Year><Month>08</Month><Day>17</Day></DateCompleted><DateRevised><Year>2019</Year><Month>08</Month><Day>22</Day></DateRevised><Article PubModel="Print"><Journal><ISSN IssnType="Print">0263-6352</ISSN><JournalIssue CitedMedium="Print"><Volume>17</Volume><Issue>4</Issue><PubDate><Year>1999</Year><Month>Apr</Month></PubDate></JournalIssue><Title>Journal of hypertension</Title><ISOAbbreviation>J Hypertens</ISOAbbreviation></Journal><ArticleTitle>Power spectra of arterial pressure and heart rate in streptozotocin-induced diabetes in rats.</ArticleTitle><Pagination><MedlinePgn>489-95</MedlinePgn></Pagination><Abstract><AbstractText Label="BACKGROUND" NlmCategory="BACKGROUND">Chronic diabetes is associated with alterations in autonomic modulation of the cardiovascular system. Although the rat has been used extensively in studies of experimental diabetes, there have been no reports on the changes in autonomic modulation of the cardiovascular function in chronic diabetic rats.</AbstractText><AbstractText Label="OBJECTIVE" NlmCategory="OBJECTIVE">To examine chronic diabetic rats to determine the autonomic modulation of arterial pressure and heart rate variabilities in the time and frequency domain.</AbstractText><AbstractText Label="MATERIALS AND METHODS" NlmCategory="METHODS">Diabetes was induced in rats by a single injection of streptozotocin, and 30 min of pulsatile arterial pressure was recorded in conscious rats, 5, 10-20 days and 12-18 weeks after the streptozotocin injection. Control rats were injected with vehicle. Beat-by-beat systolic arterial pressure and heart rate were obtained from pulsatile pressure. The spectral density powers of systolic arterial pressure and heart rate were calculated using fast Fourier transformation, and integrated in low-(0.015-0.25 Hz), mid- (0.25-0.75 Hz) and high- (0.75-3.0 Hz) frequency bands. The standard deviations of systolic arterial pressure and heart rate were also calculated.</AbstractText><AbstractText Label="RESULTS" NlmCategory="RESULTS">Basal systolic arterial pressure and heart rate were reduced in diabetic animals studied 10-20 days and 12-18 weeks after the streptozotocin injection. The standard deviations of systolic arterial pressure and heart rate were also reduced in the chronically diabetic animals. Diabetes reduced low- and mid-frequency variability but not the high-frequency variability of systolic arterial pressure. The low-frequency variability, but not the mid-frequency variability, of the heart rate was also reduced, while the high-frequency variability of the heart rate was reduced in the more chronically diabetic rats.</AbstractText><AbstractText Label="CONCLUSION" NlmCategory="CONCLUSIONS">Our findings that the mid-frequency band variability of arterial pressure was reduced in diabetic patients suggest that sympathetic modulation of the cardiovascular system is impaired, corroborating other studies in such patients using this and other approaches.</AbstractText></Abstract><AuthorList CompleteYN="Y"><Author ValidYN="Y"><LastName>Fazan</LastName><ForeName>R</ForeName><Initials>R</Initials><Suffix>Jr</Suffix><AffiliationInfo><Affiliation>Department of Biological Science, School of Medicine of Triângulo Mineiro, Uberaba, MG, Brazil.</Affiliation></AffiliationInfo></Author><Author ValidYN="Y"><LastName>Dias da Silva</LastName><ForeName>V J</ForeName><Initials>VJ</Initials></Author><Author ValidYN="Y"><LastName>Ballejo</LastName><ForeName>G</ForeName><Initials>G</Initials></Author><Author ValidYN="Y"><LastName>Salgado</LastName><ForeName>H C</ForeName><Initials>HC</Initials></Author></AuthorList><Language>eng</Language><PublicationTypeList><PublicationType UI="D016428">Journal Article</PublicationType><PublicationType UI="D013485">Research Support, Non-U.S. Gov't</PublicationType></PublicationTypeList></Article><MedlineJournalInfo><Country>England</Country><MedlineTA>J Hypertens</MedlineTA><NlmUniqueID>8306882</NlmUniqueID><ISSNLinking>0263-6352</ISSNLinking></MedlineJournalInfo><ChemicalList><Chemical><RegistryNumber>5W494URQ81</RegistryNumber><NameOfSubstance UI="D013311">Streptozocin</NameOfSubstance></Chemical></ChemicalList><CitationSubset>IM</CitationSubset><MeshHeadingList><MeshHeading><DescriptorName UI="D000818" MajorTopicYN="N">Animals</DescriptorName></MeshHeading><MeshHeading><DescriptorName UI="D001794" MajorTopicYN="Y">Blood Pressure</DescriptorName></MeshHeading><MeshHeading><DescriptorName UI="D003921" MajorTopicYN="N">Diabetes Mellitus, Experimental</DescriptorName><QualifierName UI="Q000139" MajorTopicYN="N">chemically induced</QualifierName><QualifierName UI="Q000503" MajorTopicYN="Y">physiopathology</QualifierName></MeshHeading><MeshHeading><DescriptorName UI="D006339" MajorTopicYN="Y">Heart Rate</DescriptorName></MeshHeading><MeshHeading><DescriptorName UI="D008297" MajorTopicYN="N">Male</DescriptorName></MeshHeading><MeshHeading><DescriptorName UI="D051381" MajorTopicYN="N">Rats</DescriptorName></MeshHeading><MeshHeading><DescriptorName UI="D017208" MajorTopicYN="N">Rats, Wistar</DescriptorName></MeshHeading><MeshHeading><DescriptorName UI="D013311" MajorTopicYN="N">Streptozocin</DescriptorName></MeshHeading><MeshHeading><DescriptorName UI="D013564" MajorTopicYN="N">Sympathetic Nervous System</DescriptorName><QualifierName UI="Q000503" MajorTopicYN="N">physiopathology</QualifierName></MeshHeading></MeshHeadingList></MedlineCitation><PubmedData><History><PubMedPubDate PubStatus="pubmed"><Year>1999</Year><Month>7</Month><Day>15</Day><Hour>10</Hour><Minute>0</Minute></PubMedPubDate><PubMedPubDate PubStatus="medline"><Year>2001</Year><Month>3</Month><Day>28</Day><Hour>10</Hour><Minute>1</Minute></PubMedPubDate><PubMedPubDate PubStatus="entrez"><Year>1999</Year><Month>7</Month><Day>15</Day><Hour>10</Hour><Minute>0</Minute></PubMedPubDate></History><PublicationStatus>ppublish</PublicationStatus><ArticleIdList><ArticleId IdType="pubmed">10404950</ArticleId><ArticleId IdType="doi">10.1097/00004872-199917040-00006</ArticleId></ArticleIdList></PubmedData></PubmedArticle></PubmedArticleSet>