<?xml version="1.0" ?>
<!DOCTYPE PubmedArticleSet PUBLIC "-//NLM//DTD PubMedArticle, 1st January 2019//EN" "https://dtd.nlm.nih.gov/ncbi/pubmed/out/pubmed_190101.dtd">
<PubmedArticleSet><PubmedArticle><MedlineCitation Status="MEDLINE" Owner="NLM"><PMID Version="1">10404736</PMID><DateCompleted><Year>1999</Year><Month>08</Month><Day>24</Day></DateCompleted><DateRevised><Year>2019</Year><Month>07</Month><Day>06</Day></DateRevised><Article PubModel="Print"><Journal><ISSN IssnType="Print">0009-8981</ISSN><JournalIssue CitedMedium="Print"><Volume>283</Volume><Issue>1-2</Issue><PubDate><Year>1999</Year><Month>May</Month></PubDate></JournalIssue><Title>Clinica chimica acta; international journal of clinical chemistry</Title><ISOAbbreviation>Clin Chim Acta</ISOAbbreviation></Journal><ArticleTitle>Sex difference in the relationship of calcium and magnesium excretion to glycaemic control in type 1 diabetes mellitus.</ArticleTitle><Pagination><MedlinePgn>119-28</MedlinePgn></Pagination><Abstract><AbstractText>In order to assess the variability and possible causes of calcium and magnesium losses in diabetes mellitus, urinary calcium and magnesium excretion were monitored six monthly over a 3-year period in 108 stable, type 1 diabetic patients who were having assessment of their clinical status and glycaemic control over the same period. In the patients studied the ranges of excretion of both calcium and magnesium were considerably wider than our non-diabetic reference ranges but the within subject variation in excretion was high. However, using mean values obtained over the study period, a direct relationship was observed between the excretion of both calcium and magnesium and HbA1 in female patients (P &lt; 0.01) but not in males who had similar HbA1 values. The urinary excretion of calcium and magnesium did not relate to any of the other clinical or biochemical indices measured, including body mass index, daily insulin dose, retinal status or albumin excretion. It is suggested that, in poorly controlled patients, females may have a greater risk than males of developing the complications associated with chronic calcium and magnesium loss.</AbstractText></Abstract><AuthorList CompleteYN="Y"><Author ValidYN="Y"><LastName>Brown</LastName><ForeName>I R</ForeName><Initials>IR</Initials><AffiliationInfo><Affiliation>Department of Clinical Biochemistry, Victoria Hospital, Fife, Scotland, UK.</Affiliation></AffiliationInfo></Author><Author ValidYN="Y"><LastName>McBain</LastName><ForeName>A M</ForeName><Initials>AM</Initials></Author><Author ValidYN="Y"><LastName>Chalmers</LastName><ForeName>J</ForeName><Initials>J</Initials></Author><Author ValidYN="Y"><LastName>Campbell</LastName><ForeName>I W</ForeName><Initials>IW</Initials></Author><Author ValidYN="Y"><LastName>Brown</LastName><ForeName>E R</ForeName><Initials>ER</Initials></Author><Author ValidYN="Y"><LastName>Lewis</LastName><ForeName>M J</ForeName><Initials>MJ</Initials></Author></AuthorList><Language>eng</Language><PublicationTypeList><PublicationType UI="D016430">Clinical Trial</PublicationType><PublicationType UI="D016428">Journal Article</PublicationType></PublicationTypeList></Article><MedlineJournalInfo><Country>Netherlands</Country><MedlineTA>Clin Chim Acta</MedlineTA><NlmUniqueID>1302422</NlmUniqueID><ISSNLinking>0009-8981</ISSNLinking></MedlineJournalInfo><ChemicalList><Chemical><RegistryNumber>0</RegistryNumber><NameOfSubstance UI="D001786">Blood Glucose</NameOfSubstance></Chemical><Chemical><RegistryNumber>I38ZP9992A</RegistryNumber><NameOfSubstance UI="D008274">Magnesium</NameOfSubstance></Chemical><Chemical><RegistryNumber>SY7Q814VUP</RegistryNumber><NameOfSubstance UI="D002118">Calcium</NameOfSubstance></Chemical></ChemicalList><CitationSubset>IM</CitationSubset><MeshHeadingList><MeshHeading><DescriptorName UI="D000328" MajorTopicYN="N">Adult</DescriptorName></MeshHeading><MeshHeading><DescriptorName UI="D000368" MajorTopicYN="N">Aged</DescriptorName></MeshHeading><MeshHeading><DescriptorName UI="D001786" MajorTopicYN="N">Blood Glucose</DescriptorName><QualifierName UI="Q000378" MajorTopicYN="Y">metabolism</QualifierName></MeshHeading><MeshHeading><DescriptorName UI="D002118" MajorTopicYN="N">Calcium</DescriptorName><QualifierName UI="Q000652" MajorTopicYN="Y">urine</QualifierName></MeshHeading><MeshHeading><DescriptorName UI="D003922" MajorTopicYN="N">Diabetes Mellitus, Type 1</DescriptorName><QualifierName UI="Q000378" MajorTopicYN="Y">metabolism</QualifierName></MeshHeading><MeshHeading><DescriptorName UI="D005260" MajorTopicYN="N">Female</DescriptorName></MeshHeading><MeshHeading><DescriptorName UI="D006801" MajorTopicYN="N">Humans</DescriptorName></MeshHeading><MeshHeading><DescriptorName UI="D008137" MajorTopicYN="N">Longitudinal Studies</DescriptorName></MeshHeading><MeshHeading><DescriptorName UI="D008274" MajorTopicYN="N">Magnesium</DescriptorName><QualifierName UI="Q000652" MajorTopicYN="Y">urine</QualifierName></MeshHeading><MeshHeading><DescriptorName UI="D008297" MajorTopicYN="N">Male</DescriptorName></MeshHeading><MeshHeading><DescriptorName UI="D008875" MajorTopicYN="N">Middle Aged</DescriptorName></MeshHeading><MeshHeading><DescriptorName UI="D012727" MajorTopicYN="N">Sex Characteristics</DescriptorName></MeshHeading></MeshHeadingList></MedlineCitation><PubmedData><History><PubMedPubDate PubStatus="pubmed"><Year>1999</Year><Month>7</Month><Day>15</Day></PubMedPubDate><PubMedPubDate PubStatus="medline"><Year>1999</Year><Month>7</Month><Day>15</Day><Hour>0</Hour><Minute>1</Minute></PubMedPubDate><PubMedPubDate PubStatus="entrez"><Year>1999</Year><Month>7</Month><Day>15</Day><Hour>0</Hour><Minute>0</Minute></PubMedPubDate></History><PublicationStatus>ppublish</PublicationStatus><ArticleIdList><ArticleId IdType="pubmed">10404736</ArticleId><ArticleId IdType="pii">S0009-8981(99)00040-6</ArticleId><ArticleId IdType="doi">10.1016/s0009-8981(99)00040-6</ArticleId></ArticleIdList></PubmedData></PubmedArticle></PubmedArticleSet>