<?xml version="1.0" ?>
<!DOCTYPE PubmedArticleSet PUBLIC "-//NLM//DTD PubMedArticle, 1st January 2019//EN" "https://dtd.nlm.nih.gov/ncbi/pubmed/out/pubmed_190101.dtd">
<PubmedArticleSet><PubmedArticle><MedlineCitation Status="MEDLINE" Owner="NLM"><PMID Version="1">10401610</PMID><DateCompleted><Year>1999</Year><Month>09</Month><Day>16</Day></DateCompleted><DateRevised><Year>2022</Year><Month>03</Month><Day>30</Day></DateRevised><Article PubModel="Print"><Journal><ISSN IssnType="Print">0891-5849</ISSN><JournalIssue CitedMedium="Print"><Volume>26</Volume><Issue>11-12</Issue><PubDate><Year>1999</Year><Month>Jun</Month></PubDate></JournalIssue><Title>Free radical biology &amp; medicine</Title><ISOAbbreviation>Free Radic Biol Med</ISOAbbreviation></Journal><ArticleTitle>Dehydroepiandrosterone protects tissues of streptozotocin-treated rats against oxidative stress.</ArticleTitle><Pagination><MedlinePgn>1467-74</MedlinePgn></Pagination><Abstract><AbstractText>Chronic hyperglycemia in diabetes determines the overproduction of free radicals, and evidence is increasing that these contribute to the development of diabetic complications. It has recently been reported that dehydroepiandrosterone possesses antioxidant properties; this study evaluates whether, administered daily for three weeks per os, it may provide antioxidant protection in tissues of rats with streptozotocin-induced diabetes. Lipid peroxidation was evaluated on liver, brain and kidney homogenates from diabetic animals, measuring both steady-state concentrations of thiobarbituric acid reactive substances and fluorescent chromolipids. Hyperglycemic rats had higher thiobarbituric acid reactive substances formation and fluorescent chromolipids levels than controls. Dehydroepiandrosterone-treatment (4 mg/day for 3 weeks) protected tissues against lipid peroxidation: liver, kidney and brain homogenates from dehydroepiandrosterone-treated animals showed a significant decrease of both thiobarbituric acid reactive substances and fluorescent chromolipids formation. The effect of dehydroepiandrosterone on the cellular antioxidant defenses was also investigated, as impaired antioxidant enzyme activities were considered proof of oxygen-dependent toxicity. In kidney and liver homogenates, dehydroepiandrosterone treatment restored to near-control values the cytosolic level of reduced glutathione, as well as the enzymatic activities of superoxide-dismutase, glutathione-peroxidase, catalase. In the brain, only an increase of catalase activity was evident (p &lt; .05), which reverted with dehydroepiandrosterone treatment. The results demonstrate that DHEA treatment clearly reduces oxidative stress products in the tissues of streptozotocin-treated rats.</AbstractText></Abstract><AuthorList CompleteYN="Y"><Author ValidYN="Y"><LastName>Aragno</LastName><ForeName>M</ForeName><Initials>M</Initials><AffiliationInfo><Affiliation>Department of Experimental Medicine and Oncology, University of Turin, Italy.</Affiliation></AffiliationInfo></Author><Author ValidYN="Y"><LastName>Tamagno</LastName><ForeName>E</ForeName><Initials>E</Initials></Author><Author ValidYN="Y"><LastName>Gatto</LastName><ForeName>V</ForeName><Initials>V</Initials></Author><Author ValidYN="Y"><LastName>Brignardello</LastName><ForeName>E</ForeName><Initials>E</Initials></Author><Author ValidYN="Y"><LastName>Parola</LastName><ForeName>S</ForeName><Initials>S</Initials></Author><Author ValidYN="Y"><LastName>Danni</LastName><ForeName>O</ForeName><Initials>O</Initials></Author><Author ValidYN="Y"><LastName>Boccuzzi</LastName><ForeName>G</ForeName><Initials>G</Initials></Author></AuthorList><Language>eng</Language><PublicationTypeList><PublicationType UI="D016428">Journal Article</PublicationType><PublicationType UI="D013485">Research Support, Non-U.S. Gov't</PublicationType></PublicationTypeList></Article><MedlineJournalInfo><Country>United States</Country><MedlineTA>Free Radic Biol Med</MedlineTA><NlmUniqueID>8709159</NlmUniqueID><ISSNLinking>0891-5849</ISSNLinking></MedlineJournalInfo><ChemicalList><Chemical><RegistryNumber>0</RegistryNumber><NameOfSubstance UI="D000975">Antioxidants</NameOfSubstance></Chemical><Chemical><RegistryNumber>0</RegistryNumber><NameOfSubstance UI="D005609">Free Radicals</NameOfSubstance></Chemical><Chemical><RegistryNumber>459AG36T1B</RegistryNumber><NameOfSubstance UI="D003687">Dehydroepiandrosterone</NameOfSubstance></Chemical></ChemicalList><CitationSubset>IM</CitationSubset><MeshHeadingList><MeshHeading><DescriptorName UI="D000818" MajorTopicYN="N">Animals</DescriptorName></MeshHeading><MeshHeading><DescriptorName UI="D000975" MajorTopicYN="N">Antioxidants</DescriptorName><QualifierName UI="Q000627" MajorTopicYN="Y">therapeutic use</QualifierName></MeshHeading><MeshHeading><DescriptorName UI="D001921" MajorTopicYN="N">Brain</DescriptorName><QualifierName UI="Q000187" MajorTopicYN="N">drug effects</QualifierName></MeshHeading><MeshHeading><DescriptorName UI="D003687" MajorTopicYN="N">Dehydroepiandrosterone</DescriptorName><QualifierName UI="Q000627" MajorTopicYN="Y">therapeutic use</QualifierName></MeshHeading><MeshHeading><DescriptorName UI="D003921" MajorTopicYN="N">Diabetes Mellitus, Experimental</DescriptorName><QualifierName UI="Q000188" MajorTopicYN="Y">drug therapy</QualifierName></MeshHeading><MeshHeading><DescriptorName UI="D004353" MajorTopicYN="N">Drug Evaluation, Preclinical</DescriptorName></MeshHeading><MeshHeading><DescriptorName UI="D005609" MajorTopicYN="N">Free Radicals</DescriptorName></MeshHeading><MeshHeading><DescriptorName UI="D006943" MajorTopicYN="N">Hyperglycemia</DescriptorName><QualifierName UI="Q000188" MajorTopicYN="N">drug therapy</QualifierName></MeshHeading><MeshHeading><DescriptorName UI="D007668" MajorTopicYN="N">Kidney</DescriptorName><QualifierName UI="Q000187" MajorTopicYN="N">drug effects</QualifierName></MeshHeading><MeshHeading><DescriptorName UI="D015227" MajorTopicYN="N">Lipid Peroxidation</DescriptorName><QualifierName UI="Q000187" MajorTopicYN="N">drug effects</QualifierName></MeshHeading><MeshHeading><DescriptorName UI="D008099" MajorTopicYN="N">Liver</DescriptorName><QualifierName UI="Q000187" MajorTopicYN="N">drug effects</QualifierName></MeshHeading><MeshHeading><DescriptorName UI="D008297" MajorTopicYN="N">Male</DescriptorName></MeshHeading><MeshHeading><DescriptorName UI="D018384" MajorTopicYN="N">Oxidative Stress</DescriptorName><QualifierName UI="Q000187" MajorTopicYN="Y">drug effects</QualifierName></MeshHeading><MeshHeading><DescriptorName UI="D051381" MajorTopicYN="N">Rats</DescriptorName></MeshHeading><MeshHeading><DescriptorName UI="D017208" MajorTopicYN="N">Rats, Wistar</DescriptorName></MeshHeading></MeshHeadingList></MedlineCitation><PubmedData><History><PubMedPubDate PubStatus="pubmed"><Year>1999</Year><Month>7</Month><Day>13</Day></PubMedPubDate><PubMedPubDate PubStatus="medline"><Year>1999</Year><Month>7</Month><Day>13</Day><Hour>0</Hour><Minute>1</Minute></PubMedPubDate><PubMedPubDate PubStatus="entrez"><Year>1999</Year><Month>7</Month><Day>13</Day><Hour>0</Hour><Minute>0</Minute></PubMedPubDate></History><PublicationStatus>ppublish</PublicationStatus><ArticleIdList><ArticleId IdType="pubmed">10401610</ArticleId><ArticleId IdType="pii">S0891-5849(99)00012-X</ArticleId><ArticleId IdType="doi">10.1016/s0891-5849(99)00012-x</ArticleId></ArticleIdList></PubmedData></PubmedArticle></PubmedArticleSet>