<?xml version="1.0" ?>
<!DOCTYPE PubmedArticleSet PUBLIC "-//NLM//DTD PubMedArticle, 1st January 2019//EN" "https://dtd.nlm.nih.gov/ncbi/pubmed/out/pubmed_190101.dtd">
<PubmedArticleSet><PubmedArticle><MedlineCitation Status="MEDLINE" Owner="NLM"><PMID Version="1">10403564</PMID><DateCompleted><Year>1999</Year><Month>08</Month><Day>19</Day></DateCompleted><DateRevised><Year>2022</Year><Month>07</Month><Day>16</Day></DateRevised><Article PubModel="Print"><Journal><ISSN IssnType="Print">1355-008X</ISSN><JournalIssue CitedMedium="Print"><Volume>10</Volume><Issue>1</Issue><PubDate><Year>1999</Year><Month>Feb</Month></PubDate></JournalIssue><Title>Endocrine</Title><ISOAbbreviation>Endocrine</ISOAbbreviation></Journal><ArticleTitle>Abnormal cell calcium homeostasis in type 2 diabetes mellitus: a new look on old disease.</ArticleTitle><Pagination><MedlinePgn>1-6</MedlinePgn></Pagination><Abstract><AbstractText>Cumulative evidence reveals that diabetes is a condition in which cell Ca2+ homeostasis is impaired. Defects in cell Ca2+ regulation were found in erythrocytes, cardiac muscle, platelets, skeletal muscle, kidney, aorta, adipocytes, liver, osteoblasts, arteries, lens, peripheral nerves, brain synaptosomes, retinal tissue, and pancreatic beta cells, confirming that this defect in cell Ca2+ metabolism is a basic pathology associated with the diabetic state. Though different defects in a variety of functions that regulate cell Ca2+ homeostasis were described in diabetes, the most common finding is an increase in [Ca2+]i levels. However, it is not clear whether the defect in cell Ca2+ metabolism in diabetes precedes or succeeds the overt diabetic condition. It is also not clear which of the multiple functions involved in cell Ca2+ regulation has the primary defect. Defects in cell Ca2+ metabolism may be significant for the observed pathologies in insulin secretion and insulin action in diabetes. They may also play an important role in the vascular complications seen in this condition, such as hypertension, atherosclerosis, and microangiopathy. Therefore, better understanding of the impairment in cell Ca2+ metabolism in diabetes may markedly enhance our understanding of this condition.</AbstractText></Abstract><AuthorList CompleteYN="Y"><Author ValidYN="Y"><LastName>Levy</LastName><ForeName>J</ForeName><Initials>J</Initials><AffiliationInfo><Affiliation>Department of Medicine, Wayne State University School of Medicine, Detroit, MI, USA. jlevy@oncgate.roc.wayne.edu</Affiliation></AffiliationInfo></Author></AuthorList><Language>eng</Language><PublicationTypeList><PublicationType UI="D016428">Journal Article</PublicationType><PublicationType UI="D013485">Research Support, Non-U.S. Gov't</PublicationType><PublicationType UI="D016454">Review</PublicationType></PublicationTypeList></Article><MedlineJournalInfo><Country>United States</Country><MedlineTA>Endocrine</MedlineTA><NlmUniqueID>9434444</NlmUniqueID><ISSNLinking>1355-008X</ISSNLinking></MedlineJournalInfo><ChemicalList><Chemical><RegistryNumber>0</RegistryNumber><NameOfSubstance UI="D001786">Blood Glucose</NameOfSubstance></Chemical><Chemical><RegistryNumber>0</RegistryNumber><NameOfSubstance UI="D007328">Insulin</NameOfSubstance></Chemical><Chemical><RegistryNumber>SY7Q814VUP</RegistryNumber><NameOfSubstance UI="D002118">Calcium</NameOfSubstance></Chemical></ChemicalList><CitationSubset>IM</CitationSubset><MeshHeadingList><MeshHeading><DescriptorName UI="D001786" MajorTopicYN="N">Blood Glucose</DescriptorName><QualifierName UI="Q000378" MajorTopicYN="N">metabolism</QualifierName></MeshHeading><MeshHeading><DescriptorName UI="D002118" MajorTopicYN="N">Calcium</DescriptorName><QualifierName UI="Q000378" MajorTopicYN="Y">metabolism</QualifierName></MeshHeading><MeshHeading><DescriptorName UI="D002318" MajorTopicYN="N">Cardiovascular Diseases</DescriptorName><QualifierName UI="Q000378" MajorTopicYN="N">metabolism</QualifierName></MeshHeading><MeshHeading><DescriptorName UI="D002477" MajorTopicYN="N">Cells</DescriptorName><QualifierName UI="Q000378" MajorTopicYN="Y">metabolism</QualifierName></MeshHeading><MeshHeading><DescriptorName UI="D003924" MajorTopicYN="N">Diabetes Mellitus, Type 2</DescriptorName><QualifierName UI="Q000150" MajorTopicYN="N">complications</QualifierName><QualifierName UI="Q000378" MajorTopicYN="Y">metabolism</QualifierName></MeshHeading><MeshHeading><DescriptorName UI="D006706" MajorTopicYN="Y">Homeostasis</DescriptorName></MeshHeading><MeshHeading><DescriptorName UI="D006801" MajorTopicYN="N">Humans</DescriptorName></MeshHeading><MeshHeading><DescriptorName UI="D007328" MajorTopicYN="N">Insulin</DescriptorName><QualifierName UI="Q000502" MajorTopicYN="N">physiology</QualifierName></MeshHeading></MeshHeadingList><NumberOfReferences>99</NumberOfReferences></MedlineCitation><PubmedData><History><PubMedPubDate PubStatus="received"><Year>1998</Year><Month>09</Month><Day>28</Day></PubMedPubDate><PubMedPubDate PubStatus="accepted"><Year>1998</Year><Month>10</Month><Day>05</Day></PubMedPubDate><PubMedPubDate PubStatus="pubmed"><Year>1999</Year><Month>7</Month><Day>14</Day></PubMedPubDate><PubMedPubDate PubStatus="medline"><Year>1999</Year><Month>7</Month><Day>14</Day><Hour>0</Hour><Minute>1</Minute></PubMedPubDate><PubMedPubDate PubStatus="entrez"><Year>1999</Year><Month>7</Month><Day>14</Day><Hour>0</Hour><Minute>0</Minute></PubMedPubDate></History><PublicationStatus>ppublish</PublicationStatus><ArticleIdList><ArticleId IdType="pubmed">10403564</ArticleId><ArticleId IdType="pii">ENDO:10:1:1</ArticleId><ArticleId IdType="doi">10.1385/ENDO:10:1:1</ArticleId></ArticleIdList><ReferenceList><Reference><Citation>Coron Artery Dis. 1996 Feb;7(2):109-15</Citation><ArticleIdList><ArticleId IdType="pubmed">8813441</ArticleId></ArticleIdList></Reference><Reference><Citation>Microvasc Res. 1980 Jan;19(1):108-26</Citation><ArticleIdList><ArticleId IdType="pubmed">7360044</ArticleId></ArticleIdList></Reference><Reference><Citation>N Engl J Med. 1976 Aug 19;295(8):420-5</Citation><ArticleIdList><ArticleId IdType="pubmed">778621</ArticleId></ArticleIdList></Reference><Reference><Citation>Diabetes Metab Rev. 1988 Jun;4(4):339-70</Citation><ArticleIdList><ArticleId IdType="pubmed">3292174</ArticleId></ArticleIdList></Reference><Reference><Citation>Am J Med. 1994 Mar;96(3):260-73</Citation><ArticleIdList><ArticleId IdType="pubmed">8154515</ArticleId></ArticleIdList></Reference><Reference><Citation>Lancet. 1981 Sep 26;2(8248):694</Citation><ArticleIdList><ArticleId IdType="pubmed">6116069</ArticleId></ArticleIdList></Reference><Reference><Citation>Diabetes. 1992 Dec;41(12):1555-61</Citation><ArticleIdList><ArticleId IdType="pubmed">1446796</ArticleId></ArticleIdList></Reference><Reference><Citation>Circ Res. 1988 Jan;62(1):75-80</Citation><ArticleIdList><ArticleId IdType="pubmed">3335059</ArticleId></ArticleIdList></Reference><Reference><Citation>Kidney Int. 1993 Mar;43(3):585-91</Citation><ArticleIdList><ArticleId IdType="pubmed">8455357</ArticleId></ArticleIdList></Reference><Reference><Citation>Arch Pathol Lab Med. 1982 May;106(5):214-7</Citation><ArticleIdList><ArticleId IdType="pubmed">6896132</ArticleId></ArticleIdList></Reference><Reference><Citation>Int J Obes Relat Metab Disord. 1995 Feb;19(2):97-102</Citation><ArticleIdList><ArticleId IdType="pubmed">7735347</ArticleId></ArticleIdList></Reference><Reference><Citation>Cell Calcium. 1991 Jun;12(6):423-30</Citation><ArticleIdList><ArticleId IdType="pubmed">1653112</ArticleId></ArticleIdList></Reference><Reference><Citation>Ann N Y Acad Sci. 1990;598:444-57</Citation><ArticleIdList><ArticleId IdType="pubmed">2248457</ArticleId></ArticleIdList></Reference><Reference><Citation>Circulation. 1995 Oct 15;92(8):2029-32</Citation><ArticleIdList><ArticleId IdType="pubmed">7554176</ArticleId></ArticleIdList></Reference><Reference><Citation>Int J Biochem. 1993 Mar;25(3):297-305</Citation><ArticleIdList><ArticleId IdType="pubmed">8462719</ArticleId></ArticleIdList></Reference><Reference><Citation>Am J Physiol. 1997 Apr;272(4 Pt 1):C1112-22</Citation><ArticleIdList><ArticleId IdType="pubmed">9142835</ArticleId></ArticleIdList></Reference><Reference><Citation>Am J Physiol. 1996 Jul;271(1 Pt 2):H228-34</Citation><ArticleIdList><ArticleId IdType="pubmed">8760179</ArticleId></ArticleIdList></Reference><Reference><Citation>J Surg Res. 1997 Feb 1;67(2):126-31</Citation><ArticleIdList><ArticleId IdType="pubmed">9073558</ArticleId></ArticleIdList></Reference><Reference><Citation>J Biol Chem. 1988 Feb 15;263(5):2107-10</Citation><ArticleIdList><ArticleId IdType="pubmed">3276683</ArticleId></ArticleIdList></Reference><Reference><Citation>Nature. 1993 Aug 26;364(6440):763-4</Citation><ArticleIdList><ArticleId IdType="pubmed">8395023</ArticleId></ArticleIdList></Reference><Reference><Citation>Blood Press Suppl. 1996;4:12-5</Citation><ArticleIdList><ArticleId IdType="pubmed">8973776</ArticleId></ArticleIdList></Reference><Reference><Citation>Hypertension. 1994 Jun;23(6 Pt 2):931-5</Citation><ArticleIdList><ArticleId IdType="pubmed">8206630</ArticleId></ArticleIdList></Reference><Reference><Citation>N Engl J Med. 1986 Apr 24;314(17):1094-101</Citation><ArticleIdList><ArticleId IdType="pubmed">2870434</ArticleId></ArticleIdList></Reference><Reference><Citation>Diabetes Res Clin Pract. 1989 Sep 18;7(3):187-96</Citation><ArticleIdList><ArticleId IdType="pubmed">2691217</ArticleId></ArticleIdList></Reference><Reference><Citation>J Biol Chem. 1988 Apr 15;263(11):5425-30</Citation><ArticleIdList><ArticleId IdType="pubmed">3128539</ArticleId></ArticleIdList></Reference><Reference><Citation>Lancet. 1993 May 15;341(8855):1248</Citation><ArticleIdList><ArticleId IdType="pubmed">8098397</ArticleId></ArticleIdList></Reference><Reference><Citation>FASEB J. 1996 Mar;10(4):491-501</Citation><ArticleIdList><ArticleId IdType="pubmed">8647348</ArticleId></ArticleIdList></Reference><Reference><Citation>J Lab Clin Med. 1994 Sep;124(3):348-58</Citation><ArticleIdList><ArticleId IdType="pubmed">8083578</ArticleId></ArticleIdList></Reference><Reference><Citation>Diabetes. 1986 Aug;35(8):899-905</Citation><ArticleIdList><ArticleId IdType="pubmed">2942433</ArticleId></ArticleIdList></Reference><Reference><Citation>Semin Nephrol. 1995 Nov;15(6):496-503</Citation><ArticleIdList><ArticleId IdType="pubmed">8588109</ArticleId></ArticleIdList></Reference><Reference><Citation>Metabolism. 1994 Nov;43(11):1395-400</Citation><ArticleIdList><ArticleId IdType="pubmed">7526124</ArticleId></ArticleIdList></Reference><Reference><Citation>Science. 1992 Dec 11;258(5089):1812-5</Citation><ArticleIdList><ArticleId IdType="pubmed">1465619</ArticleId></ArticleIdList></Reference><Reference><Citation>Am J Kidney Dis. 1993 Jun;21(6 Suppl 3):32-8</Citation><ArticleIdList><ArticleId IdType="pubmed">8503433</ArticleId></ArticleIdList></Reference><Reference><Citation>J Cell Biol. 1969 Sep;42(3):647-72</Citation><ArticleIdList><ArticleId IdType="pubmed">5801425</ArticleId></ArticleIdList></Reference><Reference><Citation>Diabetologia. 1994 Sep;37 Suppl 2:S11-20</Citation><ArticleIdList><ArticleId IdType="pubmed">7821725</ArticleId></ArticleIdList></Reference><Reference><Citation>J Diabet Complications. 1989 Oct-Dec;3(4):183-6</Citation><ArticleIdList><ArticleId IdType="pubmed">2533208</ArticleId></ArticleIdList></Reference><Reference><Citation>Am J Med. 1982 Oct;73(4):461-4</Citation><ArticleIdList><ArticleId IdType="pubmed">6751082</ArticleId></ArticleIdList></Reference><Reference><Citation>Metabolism. 1993 Nov;42(11):1424-8</Citation><ArticleIdList><ArticleId IdType="pubmed">8231837</ArticleId></ArticleIdList></Reference><Reference><Citation>Int J Cardiol. 1997 Dec 31;62 Suppl 2:S55-66</Citation><ArticleIdList><ArticleId IdType="pubmed">9488196</ArticleId></ArticleIdList></Reference><Reference><Citation>J Cell Biol. 1987 Oct;105(4):1901-16</Citation><ArticleIdList><ArticleId IdType="pubmed">2959669</ArticleId></ArticleIdList></Reference><Reference><Citation>Diabetes. 1982 Dec;31(12):1056-60</Citation><ArticleIdList><ArticleId IdType="pubmed">7173497</ArticleId></ArticleIdList></Reference><Reference><Citation>Am J Med. 1991 Jun 24;90(6A):67S-73S</Citation><ArticleIdList><ArticleId IdType="pubmed">1872307</ArticleId></ArticleIdList></Reference><Reference><Citation>J Biol Chem. 1990 Jul 5;265(19):10893-9</Citation><ArticleIdList><ArticleId IdType="pubmed">2162823</ArticleId></ArticleIdList></Reference><Reference><Citation>Science. 1993 Jul 2;261(5117):86-90</Citation><ArticleIdList><ArticleId IdType="pubmed">7686306</ArticleId></ArticleIdList></Reference><Reference><Citation>Life Sci. 1994;55(18):PL359-64</Citation><ArticleIdList><ArticleId IdType="pubmed">7934647</ArticleId></ArticleIdList></Reference><Reference><Citation>Am J Med. 1988 Nov 28;85(5A):44-58</Citation><ArticleIdList><ArticleId IdType="pubmed">3057895</ArticleId></ArticleIdList></Reference><Reference><Citation>Bone Miner. 1989 Mar;5(3):233-48</Citation><ArticleIdList><ArticleId IdType="pubmed">2655773</ArticleId></ArticleIdList></Reference><Reference><Citation>Proc Natl Acad Sci U S A. 1990 Jan;87(1):404-8</Citation><ArticleIdList><ArticleId IdType="pubmed">2296596</ArticleId></ArticleIdList></Reference><Reference><Citation>Diabetes. 1983 May;32(5):445-51</Citation><ArticleIdList><ArticleId IdType="pubmed">6341128</ArticleId></ArticleIdList></Reference><Reference><Citation>Diabetologia. 1989 Apr;32(4):219-26</Citation><ArticleIdList><ArticleId IdType="pubmed">2668076</ArticleId></ArticleIdList></Reference><Reference><Citation>Exp Cell Res. 1992 Jan;198(1):144-9</Citation><ArticleIdList><ArticleId IdType="pubmed">1727048</ArticleId></ArticleIdList></Reference><Reference><Citation>Mol Cell Biochem. 1991 Sep 18;107(1):1-20</Citation><ArticleIdList><ArticleId IdType="pubmed">1664489</ArticleId></ArticleIdList></Reference><Reference><Citation>Semin Nephrol. 1995 Nov;15(6):564-8</Citation><ArticleIdList><ArticleId IdType="pubmed">8588116</ArticleId></ArticleIdList></Reference><Reference><Citation>Curr Opin Cardiol. 1996 Sep;11(5):477-82</Citation><ArticleIdList><ArticleId IdType="pubmed">8889373</ArticleId></ArticleIdList></Reference><Reference><Citation>Am J Physiol. 1994 Jun;266(6 Pt 2):H2334-42</Citation><ArticleIdList><ArticleId IdType="pubmed">8023994</ArticleId></ArticleIdList></Reference><Reference><Citation>Kidney Int. 1993 Aug;44(2):344-51</Citation><ArticleIdList><ArticleId IdType="pubmed">8397316</ArticleId></ArticleIdList></Reference><Reference><Citation>Biochim Biophys Acta. 1992 Apr 13;1105(2):319-27</Citation><ArticleIdList><ArticleId IdType="pubmed">1586668</ArticleId></ArticleIdList></Reference><Reference><Citation>Q J Exp Physiol. 1989 Jan;74(1):7-18</Citation><ArticleIdList><ArticleId IdType="pubmed">2497495</ArticleId></ArticleIdList></Reference><Reference><Citation>Metabolism. 1994 Aug;43(8):1055-61</Citation><ArticleIdList><ArticleId IdType="pubmed">8052147</ArticleId></ArticleIdList></Reference><Reference><Citation>Diabetologia. 1988 May;31(5):315-21</Citation><ArticleIdList><ArticleId IdType="pubmed">2969343</ArticleId></ArticleIdList></Reference><Reference><Citation>J Biol Chem. 1993 Feb 15;268(5):3352-6</Citation><ArticleIdList><ArticleId IdType="pubmed">8381427</ArticleId></ArticleIdList></Reference><Reference><Citation>Biochem J. 1992 Apr 1;283 ( Pt 1):265-72</Citation><ArticleIdList><ArticleId IdType="pubmed">1533120</ArticleId></ArticleIdList></Reference><Reference><Citation>Nature. 1993 Jan 28;361(6410):315-25</Citation><ArticleIdList><ArticleId IdType="pubmed">8381210</ArticleId></ArticleIdList></Reference><Reference><Citation>Eur J Biochem. 1988 Nov 15;177(3):477-81</Citation><ArticleIdList><ArticleId IdType="pubmed">2973983</ArticleId></ArticleIdList></Reference><Reference><Citation>Am J Hypertens. 1991 Feb;4(2 Pt 1):177-82</Citation><ArticleIdList><ArticleId IdType="pubmed">2021449</ArticleId></ArticleIdList></Reference><Reference><Citation>N Engl J Med. 1987 Aug 6;317(6):350-7</Citation><ArticleIdList><ArticleId IdType="pubmed">3299096</ArticleId></ArticleIdList></Reference><Reference><Citation>Proc Natl Acad Sci U S A. 1987 Feb;84(4):1025-9</Citation><ArticleIdList><ArticleId IdType="pubmed">3103120</ArticleId></ArticleIdList></Reference><Reference><Citation>Metabolism. 1990 Jan;39(1):25-33</Citation><ArticleIdList><ArticleId IdType="pubmed">2136760</ArticleId></ArticleIdList></Reference><Reference><Citation>FASEB J. 1990 Apr 1;4(6):1577-90</Citation><ArticleIdList><ArticleId IdType="pubmed">2180767</ArticleId></ArticleIdList></Reference><Reference><Citation>Cell Calcium. 1990 Sep;11(8):547-56</Citation><ArticleIdList><ArticleId IdType="pubmed">1702365</ArticleId></ArticleIdList></Reference><Reference><Citation>Diabetes Res Clin Pract. 1993 Jan;19(1):1-8</Citation><ArticleIdList><ArticleId IdType="pubmed">8472616</ArticleId></ArticleIdList></Reference><Reference><Citation>Diabetes. 1996 Jul;45(7):876-80</Citation><ArticleIdList><ArticleId IdType="pubmed">8666136</ArticleId></ArticleIdList></Reference><Reference><Citation>Metabolism. 1994 May;43(5):604-13</Citation><ArticleIdList><ArticleId IdType="pubmed">8177049</ArticleId></ArticleIdList></Reference><Reference><Citation>Invest Ophthalmol Vis Sci. 1994 Jun;35(7):2962-7</Citation><ArticleIdList><ArticleId IdType="pubmed">8206713</ArticleId></ArticleIdList></Reference><Reference><Citation>Adv Intern Med. 1972;18:325-44</Citation><ArticleIdList><ArticleId IdType="pubmed">4197108</ArticleId></ArticleIdList></Reference><Reference><Citation>Diabetes. 1987 Feb;36(2):174-8</Citation><ArticleIdList><ArticleId IdType="pubmed">2433175</ArticleId></ArticleIdList></Reference><Reference><Citation>Am J Med. 1989 Dec 8;87(6A):7S-16S</Citation><ArticleIdList><ArticleId IdType="pubmed">2688414</ArticleId></ArticleIdList></Reference><Reference><Citation>Cardiovasc Res. 1997 Apr;34(1):99-103</Citation><ArticleIdList><ArticleId IdType="pubmed">9217878</ArticleId></ArticleIdList></Reference><Reference><Citation>Eur J Biochem. 1984 Aug 15;143(1):145-57</Citation><ArticleIdList><ArticleId IdType="pubmed">6236080</ArticleId></ArticleIdList></Reference><Reference><Citation>Metabolism. 1998 Feb;47(2):185-9</Citation><ArticleIdList><ArticleId IdType="pubmed">9472968</ArticleId></ArticleIdList></Reference><Reference><Citation>Diabetes Care. 1990 Sep;13(9):992-1010</Citation><ArticleIdList><ArticleId IdType="pubmed">2226113</ArticleId></ArticleIdList></Reference><Reference><Citation>Biochem Biophys Res Commun. 1994 Apr 15;200(1):423-8</Citation><ArticleIdList><ArticleId IdType="pubmed">8166715</ArticleId></ArticleIdList></Reference><Reference><Citation>J Biol Chem. 1994 Jul 15;269(28):18279-82</Citation><ArticleIdList><ArticleId IdType="pubmed">8034570</ArticleId></ArticleIdList></Reference><Reference><Citation>Diabetes. 1990 Jun;39(6):707-11</Citation><ArticleIdList><ArticleId IdType="pubmed">2140803</ArticleId></ArticleIdList></Reference><Reference><Citation>J Clin Invest. 1991 Dec;88(6):1894-900</Citation><ArticleIdList><ArticleId IdType="pubmed">1752951</ArticleId></ArticleIdList></Reference><Reference><Citation>Diabetes Metab Rev. 1994 Apr;10(1):1-17</Citation><ArticleIdList><ArticleId IdType="pubmed">7956672</ArticleId></ArticleIdList></Reference><Reference><Citation>Can J Cardiol. 1988 Mar;4(2):97-101</Citation><ArticleIdList><ArticleId IdType="pubmed">2452676</ArticleId></ArticleIdList></Reference><Reference><Citation>Diabetes. 1976 Apr;25(4):268-74</Citation><ArticleIdList><ArticleId IdType="pubmed">773723</ArticleId></ArticleIdList></Reference><Reference><Citation>Semin Nephrol. 1995 Nov;15(6):569-92</Citation><ArticleIdList><ArticleId IdType="pubmed">8588117</ArticleId></ArticleIdList></Reference><Reference><Citation>Cardiovasc Res. 1997 Apr;34(1):91-8</Citation><ArticleIdList><ArticleId IdType="pubmed">9217877</ArticleId></ArticleIdList></Reference><Reference><Citation>Annu Rev Physiol. 1994;56:297-319</Citation><ArticleIdList><ArticleId IdType="pubmed">8010742</ArticleId></ArticleIdList></Reference><Reference><Citation>Science. 1993 Jan 15;259(5093):370-3</Citation><ArticleIdList><ArticleId IdType="pubmed">8420005</ArticleId></ArticleIdList></Reference><Reference><Citation>Cardiovasc Res. 1990 May;24(5):381-9</Citation><ArticleIdList><ArticleId IdType="pubmed">2164883</ArticleId></ArticleIdList></Reference></ReferenceList></PubmedData></PubmedArticle></PubmedArticleSet>