<?xml version="1.0" ?>
<!DOCTYPE PubmedArticleSet PUBLIC "-//NLM//DTD PubMedArticle, 1st January 2019//EN" "https://dtd.nlm.nih.gov/ncbi/pubmed/out/pubmed_190101.dtd">
<PubmedArticleSet><PubmedArticle><MedlineCitation Status="MEDLINE" Owner="NLM"><PMID Version="1">10400405</PMID><DateCompleted><Year>1999</Year><Month>09</Month><Day>03</Day></DateCompleted><DateRevised><Year>2018</Year><Month>12</Month><Day>01</Day></DateRevised><Article PubModel="Print"><Journal><ISSN IssnType="Print">0012-6667</ISSN><JournalIssue CitedMedium="Print"><Volume>57</Volume><Issue>6</Issue><PubDate><Year>1999</Year><Month>Jun</Month></PubDate></JournalIssue><Title>Drugs</Title><ISOAbbreviation>Drugs</ISOAbbreviation></Journal><ArticleTitle>Rosiglitazone.</ArticleTitle><Pagination><MedlinePgn>921-30; discussion 931-2</MedlinePgn></Pagination><Abstract><AbstractText>Rosiglitazone, a thiazolidinedione antidiabetic agent, improves insulin resistance, a key underlying metabolic abnormality in most patients with type 2 (non-insulin-dependent) diabetes mellitus. In animal models of insulin resistance, rosiglitazone decreased plasma glucose, insulin and triglyceride levels and also attenuated or prevented diabetic nephropathy and pancreatic islet cell degeneration. In contrast with troglitazone, rosiglitazone does not induce cytochrome P4503A4 metabolism. It does not interact significantly with nifedipine, oral contraceptives, metformin, digoxin, ranitidine or acarbose. In clinical trials in patients with type 2 diabetes mellitus, rosiglitazone 2 to 12 mg/day (as a single daily dose or 2 divided daily doses) improved glycaemic control, as shown by decreases in fasting plasma glucose and glycosylated haemoglobin (HbA1c). Addition of rosiglitazone 2 to 8 mg/day to existing sulphonylurea, metformin or insulin therapy achieved further reductions in fasting plasma glucose and HbA1c. Oral combinations improved insulin sensitivity and beta-cell function according to a homeostasis model assessment. Consistent with its mechanism of action, rosiglitazone appears to be associated with a low risk of hypoglycaemia (&lt;2% of patients receiving monotherapy). There is no evidence to date that rosiglitazone shares the hepatotoxicity of troglitazone.</AbstractText></Abstract><AuthorList CompleteYN="Y"><Author ValidYN="Y"><LastName>Balfour</LastName><ForeName>J A</ForeName><Initials>JA</Initials><AffiliationInfo><Affiliation>Adis International Limited, Mairangi Bay, Auckland, New Zealand. demail@adis.co.nz</Affiliation></AffiliationInfo></Author><Author ValidYN="Y"><LastName>Plosker</LastName><ForeName>G L</ForeName><Initials>GL</Initials></Author></AuthorList><Language>eng</Language><PublicationTypeList><PublicationType UI="D016428">Journal Article</PublicationType><PublicationType UI="D016454">Review</PublicationType></PublicationTypeList></Article><MedlineJournalInfo><Country>New Zealand</Country><MedlineTA>Drugs</MedlineTA><NlmUniqueID>7600076</NlmUniqueID><ISSNLinking>0012-6667</ISSNLinking></MedlineJournalInfo><ChemicalList><Chemical><RegistryNumber>0</RegistryNumber><NameOfSubstance UI="D001786">Blood Glucose</NameOfSubstance></Chemical><Chemical><RegistryNumber>0</RegistryNumber><NameOfSubstance UI="D007004">Hypoglycemic Agents</NameOfSubstance></Chemical><Chemical><RegistryNumber>0</RegistryNumber><NameOfSubstance UI="D007328">Insulin</NameOfSubstance></Chemical><Chemical><RegistryNumber>0</RegistryNumber><NameOfSubstance UI="D013844">Thiazoles</NameOfSubstance></Chemical><Chemical><RegistryNumber>0</RegistryNumber><NameOfSubstance UI="D045162">Thiazolidinediones</NameOfSubstance></Chemical><Chemical><RegistryNumber>05V02F2KDG</RegistryNumber><NameOfSubstance UI="D000077154">Rosiglitazone</NameOfSubstance></Chemical></ChemicalList><CitationSubset>IM</CitationSubset><MeshHeadingList><MeshHeading><DescriptorName UI="D000818" MajorTopicYN="N">Animals</DescriptorName></MeshHeading><MeshHeading><DescriptorName UI="D001786" MajorTopicYN="N">Blood Glucose</DescriptorName><QualifierName UI="Q000187" MajorTopicYN="Y">drug effects</QualifierName></MeshHeading><MeshHeading><DescriptorName UI="D002986" MajorTopicYN="N">Clinical Trials as Topic</DescriptorName></MeshHeading><MeshHeading><DescriptorName UI="D003924" MajorTopicYN="N">Diabetes Mellitus, Type 2</DescriptorName><QualifierName UI="Q000188" MajorTopicYN="Y">drug therapy</QualifierName></MeshHeading><MeshHeading><DescriptorName UI="D004347" MajorTopicYN="N">Drug Interactions</DescriptorName></MeshHeading><MeshHeading><DescriptorName UI="D006801" MajorTopicYN="N">Humans</DescriptorName></MeshHeading><MeshHeading><DescriptorName UI="D007004" MajorTopicYN="N">Hypoglycemic Agents</DescriptorName><QualifierName UI="Q000494" MajorTopicYN="Y">pharmacology</QualifierName></MeshHeading><MeshHeading><DescriptorName UI="D007328" MajorTopicYN="N">Insulin</DescriptorName><QualifierName UI="Q000378" MajorTopicYN="Y">metabolism</QualifierName></MeshHeading><MeshHeading><DescriptorName UI="D007515" MajorTopicYN="N">Islets of Langerhans</DescriptorName><QualifierName UI="Q000187" MajorTopicYN="Y">drug effects</QualifierName></MeshHeading><MeshHeading><DescriptorName UI="D019338" MajorTopicYN="N">Polypharmacy</DescriptorName></MeshHeading><MeshHeading><DescriptorName UI="D000077154" MajorTopicYN="N">Rosiglitazone</DescriptorName></MeshHeading><MeshHeading><DescriptorName UI="D013844" MajorTopicYN="N">Thiazoles</DescriptorName><QualifierName UI="Q000009" MajorTopicYN="N">adverse effects</QualifierName><QualifierName UI="Q000494" MajorTopicYN="N">pharmacology</QualifierName><QualifierName UI="Q000627" MajorTopicYN="Y">therapeutic use</QualifierName></MeshHeading><MeshHeading><DescriptorName UI="D045162" MajorTopicYN="Y">Thiazolidinediones</DescriptorName></MeshHeading></MeshHeadingList><NumberOfReferences>66</NumberOfReferences></MedlineCitation><PubmedData><History><PubMedPubDate PubStatus="pubmed"><Year>1999</Year><Month>7</Month><Day>10</Day></PubMedPubDate><PubMedPubDate PubStatus="medline"><Year>1999</Year><Month>7</Month><Day>10</Day><Hour>0</Hour><Minute>1</Minute></PubMedPubDate><PubMedPubDate PubStatus="entrez"><Year>1999</Year><Month>7</Month><Day>10</Day><Hour>0</Hour><Minute>0</Minute></PubMedPubDate></History><PublicationStatus>ppublish</PublicationStatus><ArticleIdList><ArticleId IdType="pubmed">10400405</ArticleId><ArticleId IdType="doi">10.2165/00003495-199957060-00007</ArticleId></ArticleIdList><ReferenceList><Reference><Citation>J Med Chem. 1998 May 7;41(10):1619-30</Citation><ArticleIdList><ArticleId IdType="pubmed">9572887</ArticleId></ArticleIdList></Reference><Reference><Citation>Arterioscler Thromb Vasc Biol. 1997 Sep;17(9):1756-64</Citation><ArticleIdList><ArticleId IdType="pubmed">9327774</ArticleId></ArticleIdList></Reference><Reference><Citation>Metabolism. 1997 Aug;46(8):935-42</Citation><ArticleIdList><ArticleId IdType="pubmed">9258278</ArticleId></ArticleIdList></Reference><Reference><Citation>Diabetes. 1994 Oct;43(10):1203-10</Citation><ArticleIdList><ArticleId IdType="pubmed">7926289</ArticleId></ArticleIdList></Reference><Reference><Citation>Biochem Biophys Res Commun. 1996 Dec 24;229(3):752-7</Citation><ArticleIdList><ArticleId IdType="pubmed">8954968</ArticleId></ArticleIdList></Reference><Reference><Citation>Diabetes. 1995 Sep;44(9):1087-92</Citation><ArticleIdList><ArticleId IdType="pubmed">7657033</ArticleId></ArticleIdList></Reference><Reference><Citation>Endocrinology. 1996 Oct;137(10):4189-95</Citation><ArticleIdList><ArticleId IdType="pubmed">8828476</ArticleId></ArticleIdList></Reference><Reference><Citation>Proc Natl Acad Sci U S A. 1996 Jun 11;93(12):5793-6</Citation><ArticleIdList><ArticleId IdType="pubmed">8650171</ArticleId></ArticleIdList></Reference><Reference><Citation>Biochem Biophys Res Commun. 1997 Sep 18;238(2):606-11</Citation><ArticleIdList><ArticleId IdType="pubmed">9299560</ArticleId></ArticleIdList></Reference><Reference><Citation>Expert Opin Investig Drugs. 1997 Aug;6(8):1025-40</Citation><ArticleIdList><ArticleId IdType="pubmed">15989661</ArticleId></ArticleIdList></Reference><Reference><Citation>Diabetes. 1998 Jan;47(1):138-41</Citation><ArticleIdList><ArticleId IdType="pubmed">9421389</ArticleId></ArticleIdList></Reference><Reference><Citation>Am J Med. 1998 Jul 6;105(1A):20S-26S</Citation><ArticleIdList><ArticleId IdType="pubmed">9707264</ArticleId></ArticleIdList></Reference><Reference><Citation>J Clin Invest. 1996 Aug 15;98(4):1004-9</Citation><ArticleIdList><ArticleId IdType="pubmed">8770873</ArticleId></ArticleIdList></Reference><Reference><Citation>Diabetes. 1998 May;47(5):810-4</Citation><ArticleIdList><ArticleId IdType="pubmed">9588454</ArticleId></ArticleIdList></Reference><Reference><Citation>J Pharmacol Exp Ther. 1998 Feb;284(2):751-9</Citation><ArticleIdList><ArticleId IdType="pubmed">9454824</ArticleId></ArticleIdList></Reference><Reference><Citation>Drugs. 1999 Mar;57(3):409-38</Citation><ArticleIdList><ArticleId IdType="pubmed">10193691</ArticleId></ArticleIdList></Reference><Reference><Citation>Clin Ther. 1998 Mar-Apr;20(2):216-31; discussion 215</Citation><ArticleIdList><ArticleId IdType="pubmed">9589814</ArticleId></ArticleIdList></Reference><Reference><Citation>Diabetes Obes Metab. 1999 May;1(3):165-72</Citation><ArticleIdList><ArticleId IdType="pubmed">11220295</ArticleId></ArticleIdList></Reference><Reference><Citation>J Biol Chem. 1995 Jun 2;270(22):12953-6</Citation><ArticleIdList><ArticleId IdType="pubmed">7768881</ArticleId></ArticleIdList></Reference><Reference><Citation>J Biol Chem. 1996 Nov 22;271(47):29909-14</Citation><ArticleIdList><ArticleId IdType="pubmed">8939934</ArticleId></ArticleIdList></Reference><Reference><Citation>Diabetes. 1998 Apr;47(4):507-14</Citation><ArticleIdList><ArticleId IdType="pubmed">9568680</ArticleId></ArticleIdList></Reference><Reference><Citation>Diabetes. 1998 Aug;47(8):1326-34</Citation><ArticleIdList><ArticleId IdType="pubmed">9703335</ArticleId></ArticleIdList></Reference><Reference><Citation>Br J Pharmacol. 1997 Dec;122(7):1405-10</Citation><ArticleIdList><ArticleId IdType="pubmed">9421288</ArticleId></ArticleIdList></Reference><Reference><Citation>Diabetologia. 1985 Jul;28(7):412-9</Citation><ArticleIdList><ArticleId IdType="pubmed">3899825</ArticleId></ArticleIdList></Reference></ReferenceList></PubmedData></PubmedArticle></PubmedArticleSet>