<?xml version="1.0" ?>
<!DOCTYPE PubmedArticleSet PUBLIC "-//NLM//DTD PubMedArticle, 1st January 2019//EN" "https://dtd.nlm.nih.gov/ncbi/pubmed/out/pubmed_190101.dtd">
<PubmedArticleSet><PubmedArticle><MedlineCitation Status="MEDLINE" Owner="NLM"><PMID Version="1">10414932</PMID><DateCompleted><Year>1999</Year><Month>09</Month><Day>08</Day></DateCompleted><DateRevised><Year>2019</Year><Month>09</Month><Day>10</Day></DateRevised><Article PubModel="Print"><Journal><ISSN IssnType="Print">0168-8227</ISSN><JournalIssue CitedMedium="Print"><Volume>44</Volume><Issue>2</Issue><PubDate><Year>1999</Year><Month>May</Month></PubDate></JournalIssue><Title>Diabetes research and clinical practice</Title><ISOAbbreviation>Diabetes Res Clin Pract</ISOAbbreviation></Journal><ArticleTitle>Heterogeneous relationship of early insulin response and fasting insulin level with development of non-insulin-dependent diabetes mellitus in non-diabetic Japanese subjects with or without obesity.</ArticleTitle><Pagination><MedlinePgn>129-36</MedlinePgn></Pagination><Abstract><AbstractText>The aim of this study was to investigate the association of insulin secretion and insulin resistance with the development of non-insulin-dependent diabetes mellitus (NIDDM) in obese (body mass index (BMI) &gt; or = 25 kg/m2) and non-obese Japanese. Subjects were selected from persons participating a health survey, and a 100 g oral glucose tolerant test was performed. A total of 1604 non-diabetic subjects were followed for 2-8 years (mean 4.5 years). The fasting insulin level and the homeostasis model insulin resistance index (HOMA-R = fasting glucose [mmol/l] x fasting insulin [microU/ml]/22.5) were used as the index of insulin resistance, and insulinogenic index (the ratio of increment of insulin to that of blood glucose 30 min after glucose load) as a measure of early insulin response. Cox's proportional hazards analysis in the whole group showed that BMI, fasting blood glucose (FBG) and 2-h blood glucose (2-h BG) were positive predictors, and age and insulinogenic index were negative predictors of diabetes. Sex, family history, fasting insulin level and HOMA-R were not predictive of developing diabetes. In subgroup analysis, the same variables as in the whole group were predictors in non-obese, whereas only FBG and 2-h BG predicted diabetes in obese subjects. Fasting insulin level and HOMA-R were not predictive of diabetes both in non-obese and obese subjects. Eleven obese subjects, who developed diabetes despite a normal initial insulinogenic index, had significantly higher BMI, fasting insulin level and HOMA-R, compared with 258 obese subjects who did not develop diabetes. We conclude that most cases of diabetes in Japanese begin with decreased insulin secretion, but a small group of diabetes patients may start with insulin resistance, especially obese subjects.</AbstractText></Abstract><AuthorList CompleteYN="Y"><Author ValidYN="Y"><LastName>Yoshinaga</LastName><ForeName>H</ForeName><Initials>H</Initials><AffiliationInfo><Affiliation>Medical Center of Health Science, Toranomon Hospital, Tokyo, Japan.</Affiliation></AffiliationInfo></Author><Author ValidYN="Y"><LastName>Kosaka</LastName><ForeName>K</ForeName><Initials>K</Initials></Author></AuthorList><Language>eng</Language><PublicationTypeList><PublicationType UI="D003160">Comparative Study</PublicationType><PublicationType UI="D016428">Journal Article</PublicationType><PublicationType UI="D013485">Research Support, Non-U.S. Gov't</PublicationType></PublicationTypeList></Article><MedlineJournalInfo><Country>Ireland</Country><MedlineTA>Diabetes Res Clin Pract</MedlineTA><NlmUniqueID>8508335</NlmUniqueID><ISSNLinking>0168-8227</ISSNLinking></MedlineJournalInfo><ChemicalList><Chemical><RegistryNumber>0</RegistryNumber><NameOfSubstance UI="D001786">Blood Glucose</NameOfSubstance></Chemical><Chemical><RegistryNumber>0</RegistryNumber><NameOfSubstance UI="D007328">Insulin</NameOfSubstance></Chemical></ChemicalList><CitationSubset>IM</CitationSubset><MeshHeadingList><MeshHeading><DescriptorName UI="D000328" MajorTopicYN="N">Adult</DescriptorName></MeshHeading><MeshHeading><DescriptorName UI="D000368" MajorTopicYN="N">Aged</DescriptorName></MeshHeading><MeshHeading><DescriptorName UI="D001786" MajorTopicYN="N">Blood Glucose</DescriptorName><QualifierName UI="Q000378" MajorTopicYN="N">metabolism</QualifierName></MeshHeading><MeshHeading><DescriptorName UI="D015992" MajorTopicYN="N">Body Mass Index</DescriptorName></MeshHeading><MeshHeading><DescriptorName UI="D003920" MajorTopicYN="N">Diabetes Mellitus</DescriptorName><QualifierName UI="Q000097" MajorTopicYN="N">blood</QualifierName><QualifierName UI="Q000503" MajorTopicYN="Y">physiopathology</QualifierName></MeshHeading><MeshHeading><DescriptorName UI="D003924" MajorTopicYN="N">Diabetes Mellitus, Type 2</DescriptorName><QualifierName UI="Q000097" MajorTopicYN="N">blood</QualifierName><QualifierName UI="Q000503" MajorTopicYN="Y">physiopathology</QualifierName></MeshHeading><MeshHeading><DescriptorName UI="D018450" MajorTopicYN="N">Disease Progression</DescriptorName></MeshHeading><MeshHeading><DescriptorName UI="D005215" MajorTopicYN="N">Fasting</DescriptorName></MeshHeading><MeshHeading><DescriptorName UI="D005260" MajorTopicYN="N">Female</DescriptorName></MeshHeading><MeshHeading><DescriptorName UI="D005551" MajorTopicYN="N">Foreign Professional Personnel</DescriptorName></MeshHeading><MeshHeading><DescriptorName UI="D005951" MajorTopicYN="N">Glucose Tolerance Test</DescriptorName></MeshHeading><MeshHeading><DescriptorName UI="D006801" MajorTopicYN="N">Humans</DescriptorName></MeshHeading><MeshHeading><DescriptorName UI="D007328" MajorTopicYN="N">Insulin</DescriptorName><QualifierName UI="Q000097" MajorTopicYN="N">blood</QualifierName><QualifierName UI="Q000378" MajorTopicYN="Y">metabolism</QualifierName></MeshHeading><MeshHeading><DescriptorName UI="D007333" MajorTopicYN="Y">Insulin Resistance</DescriptorName></MeshHeading><MeshHeading><DescriptorName UI="D000078790" MajorTopicYN="N">Insulin Secretion</DescriptorName></MeshHeading><MeshHeading><DescriptorName UI="D007564" MajorTopicYN="N" Type="Geographic">Japan</DescriptorName></MeshHeading><MeshHeading><DescriptorName UI="D008137" MajorTopicYN="N">Longitudinal Studies</DescriptorName></MeshHeading><MeshHeading><DescriptorName UI="D008297" MajorTopicYN="N">Male</DescriptorName></MeshHeading><MeshHeading><DescriptorName UI="D008875" MajorTopicYN="N">Middle Aged</DescriptorName></MeshHeading><MeshHeading><DescriptorName UI="D009765" MajorTopicYN="Y">Obesity</DescriptorName></MeshHeading><MeshHeading><DescriptorName UI="D011236" MajorTopicYN="N">Prediabetic State</DescriptorName><QualifierName UI="Q000097" MajorTopicYN="N">blood</QualifierName><QualifierName UI="Q000503" MajorTopicYN="Y">physiopathology</QualifierName></MeshHeading><MeshHeading><DescriptorName UI="D013997" MajorTopicYN="N">Time Factors</DescriptorName></MeshHeading></MeshHeadingList></MedlineCitation><PubmedData><History><PubMedPubDate PubStatus="pubmed"><Year>1999</Year><Month>7</Month><Day>22</Day></PubMedPubDate><PubMedPubDate PubStatus="medline"><Year>1999</Year><Month>7</Month><Day>22</Day><Hour>0</Hour><Minute>1</Minute></PubMedPubDate><PubMedPubDate PubStatus="entrez"><Year>1999</Year><Month>7</Month><Day>22</Day><Hour>0</Hour><Minute>0</Minute></PubMedPubDate></History><PublicationStatus>ppublish</PublicationStatus><ArticleIdList><ArticleId IdType="pubmed">10414932</ArticleId><ArticleId IdType="pii">S0168-8227(99)00019-4</ArticleId><ArticleId IdType="doi">10.1016/s0168-8227(99)00019-4</ArticleId></ArticleIdList></PubmedData></PubmedArticle></PubmedArticleSet>