<?xml version="1.0" ?>
<!DOCTYPE PubmedArticleSet PUBLIC "-//NLM//DTD PubMedArticle, 1st January 2019//EN" "https://dtd.nlm.nih.gov/ncbi/pubmed/out/pubmed_190101.dtd">
<PubmedArticleSet><PubmedArticle><MedlineCitation Status="MEDLINE" Owner="NLM"><PMID Version="1">10415738</PMID><DateCompleted><Year>1999</Year><Month>08</Month><Day>11</Day></DateCompleted><DateRevised><Year>2019</Year><Month>06</Month><Day>16</Day></DateRevised><Article PubModel="Print"><Journal><ISSN IssnType="Print">0077-8923</ISSN><JournalIssue CitedMedium="Print"><Volume>878</Volume><PubDate><Year>1999</Year><Month>Jun</Month><Day>30</Day></PubDate></JournalIssue><Title>Annals of the New York Academy of Sciences</Title><ISOAbbreviation>Ann N Y Acad Sci</ISOAbbreviation></Journal><ArticleTitle>MMP-mediated events in diabetes.</ArticleTitle><Pagination><MedlinePgn>311-34</MedlinePgn></Pagination><Abstract><AbstractText>Both Type I and Type II diabetes mellitus (DM) have been associated with unusually aggressive periodontitis. Accordingly, rat models of both types of DM were used to study (i) mechanisms mediating this systemic/local interaction and (ii) new pharmacologic approaches involving a series of chemically modified tetracyclines (CMTs) that have lost their antimicrobial but retained their host-modulating (e.g., MMP-inhibitory) properties. In vitro experiments on tissues from Type I DM rats demonstrated that several of these CMTs were better matrix metalloproteinase (MMP) inhibitors than was antibacterial doxycycline (doxy), except for CMT-5, which, unlike the other MMP inhibitors, was found not to react with zinc. Data from in vivo studies on the same rat model generally supported the relative efficacy of these compounds: the CMTs and doxy were found to inhibit MMP activity, enzyme expression, and alveolar bone loss. To examine other long-term complications such as nephropathy and retinopathy, a Type II (ZDF) model of DM was studied. Treatment of these DM rats with CMT-8 produced a 37% (p &lt; 0.05), 93% (p &lt; 0.001), and 50% (p &lt; 0.01) reduction in the incidence of cataract development, proteinuria, and tooth loss, respectively; whereas the doxy-treated ZDF rats showed little or no effect on these parameters. CMT treatment decreased mortality of the Type II ZDF diabetic animals, clearly indicating that CMTs, but not commercially available antibiotic tetracyclines (TCs), may have therapeutic applications for the long-term management of diabetes.</AbstractText></Abstract><AuthorList CompleteYN="Y"><Author ValidYN="Y"><LastName>Ryan</LastName><ForeName>M E</ForeName><Initials>ME</Initials><AffiliationInfo><Affiliation>School of Dental Medicine, Department of Oral Biology and Pathology, State University of New York at Stony Brook 11794-8702, USA. mryan1@hotmail.com</Affiliation></AffiliationInfo></Author><Author ValidYN="Y"><LastName>Ramamurthy</LastName><ForeName>N S</ForeName><Initials>NS</Initials></Author><Author ValidYN="Y"><LastName>Sorsa</LastName><ForeName>T</ForeName><Initials>T</Initials></Author><Author ValidYN="Y"><LastName>Golub</LastName><ForeName>L M</ForeName><Initials>LM</Initials></Author></AuthorList><Language>eng</Language><GrantList CompleteYN="Y"><Grant><GrantID>DE-00363</GrantID><Acronym>DE</Acronym><Agency>NIDCR NIH HHS</Agency><Country>United States</Country></Grant><Grant><GrantID>DE-03987</GrantID><Acronym>DE</Acronym><Agency>NIDCR NIH HHS</Agency><Country>United States</Country></Grant></GrantList><PublicationTypeList><PublicationType UI="D016428">Journal Article</PublicationType><PublicationType UI="D013485">Research Support, Non-U.S. Gov't</PublicationType><PublicationType UI="D013487">Research Support, U.S. Gov't, P.H.S.</PublicationType></PublicationTypeList></Article><MedlineJournalInfo><Country>United States</Country><MedlineTA>Ann N Y Acad Sci</MedlineTA><NlmUniqueID>7506858</NlmUniqueID><ISSNLinking>0077-8923</ISSNLinking></MedlineJournalInfo><ChemicalList><Chemical><RegistryNumber>0</RegistryNumber><NameOfSubstance UI="D011480">Protease Inhibitors</NameOfSubstance></Chemical><Chemical><RegistryNumber>0</RegistryNumber><NameOfSubstance UI="D013754">Tetracyclines</NameOfSubstance></Chemical><Chemical><RegistryNumber>0</RegistryNumber><NameOfSubstance UI="C117153">tetracycline CMT-8</NameOfSubstance></Chemical><Chemical><RegistryNumber>N12000U13O</RegistryNumber><NameOfSubstance UI="D004318">Doxycycline</NameOfSubstance></Chemical></ChemicalList><CitationSubset>IM</CitationSubset><MeshHeadingList><MeshHeading><DescriptorName UI="D016301" MajorTopicYN="N">Alveolar Bone Loss</DescriptorName><QualifierName UI="Q000209" MajorTopicYN="N">etiology</QualifierName><QualifierName UI="Q000473" MajorTopicYN="N">pathology</QualifierName><QualifierName UI="Q000517" MajorTopicYN="Y">prevention &amp; control</QualifierName></MeshHeading><MeshHeading><DescriptorName UI="D000818" MajorTopicYN="N">Animals</DescriptorName></MeshHeading><MeshHeading><DescriptorName UI="D003921" MajorTopicYN="N">Diabetes Mellitus, Experimental</DescriptorName><QualifierName UI="Q000150" MajorTopicYN="Y">complications</QualifierName><QualifierName UI="Q000201" MajorTopicYN="Y">enzymology</QualifierName></MeshHeading><MeshHeading><DescriptorName UI="D003922" MajorTopicYN="N">Diabetes Mellitus, Type 1</DescriptorName><QualifierName UI="Q000150" MajorTopicYN="N">complications</QualifierName><QualifierName UI="Q000201" MajorTopicYN="N">enzymology</QualifierName></MeshHeading><MeshHeading><DescriptorName UI="D003924" MajorTopicYN="N">Diabetes Mellitus, Type 2</DescriptorName><QualifierName UI="Q000150" MajorTopicYN="N">complications</QualifierName><QualifierName UI="Q000201" MajorTopicYN="N">enzymology</QualifierName></MeshHeading><MeshHeading><DescriptorName UI="D003928" MajorTopicYN="N">Diabetic Nephropathies</DescriptorName><QualifierName UI="Q000517" MajorTopicYN="N">prevention &amp; control</QualifierName></MeshHeading><MeshHeading><DescriptorName UI="D003930" MajorTopicYN="N">Diabetic Retinopathy</DescriptorName><QualifierName UI="Q000517" MajorTopicYN="N">prevention &amp; control</QualifierName></MeshHeading><MeshHeading><DescriptorName UI="D004318" MajorTopicYN="N">Doxycycline</DescriptorName><QualifierName UI="Q000494" MajorTopicYN="N">pharmacology</QualifierName></MeshHeading><MeshHeading><DescriptorName UI="D005881" MajorTopicYN="N">Gingiva</DescriptorName><QualifierName UI="Q000201" MajorTopicYN="N">enzymology</QualifierName></MeshHeading><MeshHeading><DescriptorName UI="D008297" MajorTopicYN="N">Male</DescriptorName></MeshHeading><MeshHeading><DescriptorName UI="D010518" MajorTopicYN="N">Periodontitis</DescriptorName><QualifierName UI="Q000209" MajorTopicYN="N">etiology</QualifierName><QualifierName UI="Q000517" MajorTopicYN="Y">prevention &amp; control</QualifierName></MeshHeading><MeshHeading><DescriptorName UI="D011480" MajorTopicYN="N">Protease Inhibitors</DescriptorName><QualifierName UI="Q000494" MajorTopicYN="Y">pharmacology</QualifierName></MeshHeading><MeshHeading><DescriptorName UI="D011507" MajorTopicYN="N">Proteinuria</DescriptorName></MeshHeading><MeshHeading><DescriptorName UI="D051381" MajorTopicYN="N">Rats</DescriptorName></MeshHeading><MeshHeading><DescriptorName UI="D011922" MajorTopicYN="N">Rats, Mutant Strains</DescriptorName></MeshHeading><MeshHeading><DescriptorName UI="D017207" MajorTopicYN="N">Rats, Sprague-Dawley</DescriptorName></MeshHeading><MeshHeading><DescriptorName UI="D012867" MajorTopicYN="N">Skin</DescriptorName><QualifierName UI="Q000201" MajorTopicYN="N">enzymology</QualifierName></MeshHeading><MeshHeading><DescriptorName UI="D013754" MajorTopicYN="N">Tetracyclines</DescriptorName><QualifierName UI="Q000494" MajorTopicYN="Y">pharmacology</QualifierName></MeshHeading></MeshHeadingList></MedlineCitation><PubmedData><History><PubMedPubDate PubStatus="pubmed"><Year>1999</Year><Month>7</Month><Day>23</Day></PubMedPubDate><PubMedPubDate PubStatus="medline"><Year>1999</Year><Month>7</Month><Day>23</Day><Hour>0</Hour><Minute>1</Minute></PubMedPubDate><PubMedPubDate PubStatus="entrez"><Year>1999</Year><Month>7</Month><Day>23</Day><Hour>0</Hour><Minute>0</Minute></PubMedPubDate></History><PublicationStatus>ppublish</PublicationStatus><ArticleIdList><ArticleId IdType="pubmed">10415738</ArticleId><ArticleId IdType="doi">10.1111/j.1749-6632.1999.tb07692.x</ArticleId></ArticleIdList></PubmedData></PubmedArticle></PubmedArticleSet>