<?xml version="1.0" ?>
<!DOCTYPE PubmedArticleSet PUBLIC "-//NLM//DTD PubMedArticle, 1st January 2019//EN" "https://dtd.nlm.nih.gov/ncbi/pubmed/out/pubmed_190101.dtd">
<PubmedArticleSet><PubmedArticle><MedlineCitation Status="MEDLINE" Owner="NLM"><PMID Version="1">10417964</PMID><DateCompleted><Year>1999</Year><Month>08</Month><Day>26</Day></DateCompleted><DateRevised><Year>2019</Year><Month>09</Month><Day>05</Day></DateRevised><Article PubModel="Print"><Journal><ISSN IssnType="Print">0334-018X</ISSN><JournalIssue CitedMedium="Print"><Volume>12</Volume><Issue>4</Issue><PubDate><MedlineDate>1999 Jul-Aug</MedlineDate></PubDate></JournalIssue><Title>Journal of pediatric endocrinology &amp; metabolism : JPEM</Title><ISOAbbreviation>J Pediatr Endocrinol Metab</ISOAbbreviation></Journal><ArticleTitle>Maturity-onset diabetes of the young (MODY): a new challenge for pediatric diabetologists.</ArticleTitle><Pagination><MedlinePgn>487-97</MedlinePgn></Pagination><Abstract><AbstractText>The differential diagnosis of hyperglycemia in childhood and adolescence has to take into consideration early-onset non-insulin-dependent diabetes, defined as maturity onset diabetes of the young (MODY). To date, mutations in genes of five proteins have been shown to cause MODY: glucokinase (MODY2), hepatic nuclear factor-1 alpha (HNF-1 alpha) (MODY3), hepatic nuclear factor-4 alpha (HNF-4 alpha) (MODY1), insulin promoter factor 1 (IPF-1) (MODY4) and hepatic nuclear factor-1 beta (HNF-1 beta) (MODY5), but other MODY genes still await elucidation. Clinical and metabolic heterogeneity of these subtypes of type 2 diabetes need to be defined, as deficiency of each factor has its own phenotype. Pediatric diabetologists should be aware of the increasing importance of MODY as a possible cause of hyperglycemia in children and adolescents. This will allow for the early diagnosis of these metabolic conditions and for the appropriate follow-up and treatment.</AbstractText></Abstract><AuthorList CompleteYN="Y"><Author ValidYN="Y"><LastName>Guazzarotti</LastName><ForeName>L</ForeName><Initials>L</Initials><AffiliationInfo><Affiliation>Division of Pediatrics, S. Lucia Hospital, Recanati, MC, Italy.</Affiliation></AffiliationInfo></Author><Author ValidYN="Y"><LastName>Bartolotta</LastName><ForeName>E</ForeName><Initials>E</Initials></Author><Author ValidYN="Y"><LastName>Chiarelli</LastName><ForeName>F</ForeName><Initials>F</Initials></Author></AuthorList><Language>eng</Language><PublicationTypeList><PublicationType UI="D016428">Journal Article</PublicationType><PublicationType UI="D016454">Review</PublicationType></PublicationTypeList></Article><MedlineJournalInfo><Country>Germany</Country><MedlineTA>J Pediatr Endocrinol Metab</MedlineTA><NlmUniqueID>9508900</NlmUniqueID><ISSNLinking>0334-018X</ISSNLinking></MedlineJournalInfo><ChemicalList><Chemical><RegistryNumber>0</RegistryNumber><NameOfSubstance UI="D051778">Basic Helix-Loop-Helix Leucine Zipper Transcription Factors</NameOfSubstance></Chemical><Chemical><RegistryNumber>0</RegistryNumber><NameOfSubstance UI="D004268">DNA-Binding Proteins</NameOfSubstance></Chemical><Chemical><RegistryNumber>0</RegistryNumber><NameOfSubstance UI="C496487">HNF1A protein, human</NameOfSubstance></Chemical><Chemical><RegistryNumber>0</RegistryNumber><NameOfSubstance UI="C496495">HNF1B protein, human</NameOfSubstance></Chemical><Chemical><RegistryNumber>0</RegistryNumber><NameOfSubstance UI="C496592">HNF4A protein, human</NameOfSubstance></Chemical><Chemical><RegistryNumber>0</RegistryNumber><NameOfSubstance UI="D051538">Hepatocyte Nuclear Factor 1-alpha</NameOfSubstance></Chemical><Chemical><RegistryNumber>0</RegistryNumber><NameOfSubstance UI="D051557">Hepatocyte Nuclear Factor 4</NameOfSubstance></Chemical><Chemical><RegistryNumber>0</RegistryNumber><NameOfSubstance UI="D018398">Homeodomain Proteins</NameOfSubstance></Chemical><Chemical><RegistryNumber>0</RegistryNumber><NameOfSubstance UI="D007328">Insulin</NameOfSubstance></Chemical><Chemical><RegistryNumber>0</RegistryNumber><NameOfSubstance UI="C403128">MLX protein, human</NameOfSubstance></Chemical><Chemical><RegistryNumber>0</RegistryNumber><NameOfSubstance UI="D009687">Nuclear Proteins</NameOfSubstance></Chemical><Chemical><RegistryNumber>0</RegistryNumber><NameOfSubstance UI="D010750">Phosphoproteins</NameOfSubstance></Chemical><Chemical><RegistryNumber>0</RegistryNumber><NameOfSubstance UI="D015534">Trans-Activators</NameOfSubstance></Chemical><Chemical><RegistryNumber>0</RegistryNumber><NameOfSubstance UI="D014157">Transcription Factors</NameOfSubstance></Chemical><Chemical><RegistryNumber>0</RegistryNumber><NameOfSubstance UI="C084010">pancreatic and duodenal homeobox 1 protein</NameOfSubstance></Chemical><Chemical><RegistryNumber>126548-29-6</RegistryNumber><NameOfSubstance UI="D051537">Hepatocyte Nuclear Factor 1</NameOfSubstance></Chemical><Chemical><RegistryNumber>138674-15-4</RegistryNumber><NameOfSubstance UI="D051539">Hepatocyte Nuclear Factor 1-beta</NameOfSubstance></Chemical><Chemical><RegistryNumber>EC 2.7.1.2</RegistryNumber><NameOfSubstance UI="D005941">Glucokinase</NameOfSubstance></Chemical></ChemicalList><CitationSubset>IM</CitationSubset><MeshHeadingList><MeshHeading><DescriptorName UI="D000293" MajorTopicYN="N">Adolescent</DescriptorName></MeshHeading><MeshHeading><DescriptorName UI="D051778" MajorTopicYN="N">Basic Helix-Loop-Helix Leucine Zipper Transcription Factors</DescriptorName></MeshHeading><MeshHeading><DescriptorName UI="D002648" MajorTopicYN="N">Child</DescriptorName></MeshHeading><MeshHeading><DescriptorName UI="D004268" MajorTopicYN="Y">DNA-Binding Proteins</DescriptorName></MeshHeading><MeshHeading><DescriptorName UI="D003924" MajorTopicYN="Y">Diabetes Mellitus, Type 2</DescriptorName><QualifierName UI="Q000175" MajorTopicYN="N">diagnosis</QualifierName><QualifierName UI="Q000235" MajorTopicYN="N">genetics</QualifierName><QualifierName UI="Q000276" MajorTopicYN="N">immunology</QualifierName></MeshHeading><MeshHeading><DescriptorName UI="D005941" MajorTopicYN="N">Glucokinase</DescriptorName><QualifierName UI="Q000235" MajorTopicYN="N">genetics</QualifierName></MeshHeading><MeshHeading><DescriptorName UI="D051537" MajorTopicYN="N">Hepatocyte Nuclear Factor 1</DescriptorName></MeshHeading><MeshHeading><DescriptorName UI="D051538" MajorTopicYN="N">Hepatocyte Nuclear Factor 1-alpha</DescriptorName></MeshHeading><MeshHeading><DescriptorName UI="D051539" MajorTopicYN="N">Hepatocyte Nuclear Factor 1-beta</DescriptorName></MeshHeading><MeshHeading><DescriptorName UI="D051557" MajorTopicYN="N">Hepatocyte Nuclear Factor 4</DescriptorName></MeshHeading><MeshHeading><DescriptorName UI="D018398" MajorTopicYN="Y">Homeodomain Proteins</DescriptorName></MeshHeading><MeshHeading><DescriptorName UI="D006801" MajorTopicYN="N">Humans</DescriptorName></MeshHeading><MeshHeading><DescriptorName UI="D007328" MajorTopicYN="N">Insulin</DescriptorName><QualifierName UI="Q000378" MajorTopicYN="N">metabolism</QualifierName><QualifierName UI="Q000494" MajorTopicYN="N">pharmacology</QualifierName></MeshHeading><MeshHeading><DescriptorName UI="D000078790" MajorTopicYN="N">Insulin Secretion</DescriptorName></MeshHeading><MeshHeading><DescriptorName UI="D009154" MajorTopicYN="N">Mutation</DescriptorName></MeshHeading><MeshHeading><DescriptorName UI="D009687" MajorTopicYN="Y">Nuclear Proteins</DescriptorName></MeshHeading><MeshHeading><DescriptorName UI="D010372" MajorTopicYN="Y">Pediatrics</DescriptorName></MeshHeading><MeshHeading><DescriptorName UI="D010750" MajorTopicYN="N">Phosphoproteins</DescriptorName><QualifierName UI="Q000235" MajorTopicYN="N">genetics</QualifierName></MeshHeading><MeshHeading><DescriptorName UI="D015534" MajorTopicYN="N">Trans-Activators</DescriptorName><QualifierName UI="Q000235" MajorTopicYN="N">genetics</QualifierName></MeshHeading><MeshHeading><DescriptorName UI="D014157" MajorTopicYN="N">Transcription Factors</DescriptorName><QualifierName UI="Q000235" MajorTopicYN="N">genetics</QualifierName></MeshHeading></MeshHeadingList><NumberOfReferences>60</NumberOfReferences></MedlineCitation><PubmedData><History><PubMedPubDate PubStatus="pubmed"><Year>1999</Year><Month>7</Month><Day>27</Day></PubMedPubDate><PubMedPubDate PubStatus="medline"><Year>1999</Year><Month>7</Month><Day>27</Day><Hour>0</Hour><Minute>1</Minute></PubMedPubDate><PubMedPubDate PubStatus="entrez"><Year>1999</Year><Month>7</Month><Day>27</Day><Hour>0</Hour><Minute>0</Minute></PubMedPubDate></History><PublicationStatus>ppublish</PublicationStatus><ArticleIdList><ArticleId IdType="pubmed">10417964</ArticleId><ArticleId IdType="doi">10.1515/jpem.1999.12.4.487</ArticleId></ArticleIdList></PubmedData></PubmedArticle></PubmedArticleSet>