<?xml version="1.0" ?>
<!DOCTYPE PubmedArticleSet PUBLIC "-//NLM//DTD PubMedArticle, 1st January 2019//EN" "https://dtd.nlm.nih.gov/ncbi/pubmed/out/pubmed_190101.dtd">
<PubmedArticleSet><PubmedArticle><MedlineCitation Status="MEDLINE" Owner="NLM"><PMID Version="1">10418073</PMID><DateCompleted><Year>1999</Year><Month>09</Month><Day>02</Day></DateCompleted><DateRevised><Year>2018</Year><Month>11</Month><Day>13</Day></DateRevised><Article PubModel="Print"><Journal><ISSN IssnType="Print">0112-1642</ISSN><JournalIssue CitedMedium="Print"><Volume>27</Volume><Issue>6</Issue><PubDate><Year>1999</Year><Month>Jun</Month></PubDate></JournalIssue><Title>Sports medicine (Auckland, N.Z.)</Title><ISOAbbreviation>Sports Med</ISOAbbreviation></Journal><ArticleTitle>Exercise and the treatment of type 2 diabetes mellitus. An update.</ArticleTitle><Pagination><MedlinePgn>381-91</MedlinePgn></Pagination><Abstract><AbstractText>Exercise has long been considered a cornerstone in the treatment regimen for patients with type 2 (non-insulin-dependent) diabetes mellitus. Aerobic endurance exercise has traditionally been advocated as the most suitable exercise mode. Several exercise studies have evaluated the effect of exercise on insulin sensitivity and glycaemic control in patients with type 2 diabetes mellitus. However, the results obtained have been highly heterogeneous regarding the effect of exercise on insulin sensitivity and glycaemic control. Only in certain subgroups (e.g. patients with type 2 diabetes mellitus under 55 years of age, those with diabetes treated through diet and those who have diabetes with fairly good metabolic control), does exercise seem to be beneficial with regard to improvement in glycaemic control. There has been little research into the effects of resistance training on glucose metabolism in patients with type 2 diabetes mellitus compared with the amount of research involving aerobic endurance exercise. The incidence of type 2 diabetes mellitus increases with increasing age, partly because of the decline in muscle mass associated with aging. This corresponds with a decline in metabolic function, supporting the usefulness of resistance training. Available studies support the usefulness of resistance training in the treatment of type 2 diabetes mellitus. Therefore, based on the published studies reviewed, this author proposes that an optimal exercise programme for individuals with type 2 diabetes mellitus should include components that improve cardiorespiratory fitness, muscular strength and endurance, i.e. a combination of aerobic endurance training and circuit-type resistance training. Programmes combining various modes of exercise positively influence patient compliance with the exercise programme. The vast majority of patients with type 2 diabetes mellitus can undertake an individualised exercise programme without significantly increased risks of complications.</AbstractText></Abstract><AuthorList CompleteYN="Y"><Author ValidYN="Y"><LastName>Eriksson</LastName><ForeName>J G</ForeName><Initials>JG</Initials><AffiliationInfo><Affiliation>National Public Health Institute, Department of Epidemiology and Health Promotion, Helsinki, Finland. johan.eriksson@ktl.fi</Affiliation></AffiliationInfo></Author></AuthorList><Language>eng</Language><PublicationTypeList><PublicationType UI="D016428">Journal Article</PublicationType><PublicationType UI="D016454">Review</PublicationType></PublicationTypeList></Article><MedlineJournalInfo><Country>New Zealand</Country><MedlineTA>Sports Med</MedlineTA><NlmUniqueID>8412297</NlmUniqueID><ISSNLinking>0112-1642</ISSNLinking></MedlineJournalInfo><ChemicalList><Chemical><RegistryNumber>0</RegistryNumber><NameOfSubstance UI="D001786">Blood Glucose</NameOfSubstance></Chemical></ChemicalList><CitationSubset>IM</CitationSubset><MeshHeadingList><MeshHeading><DescriptorName UI="D001786" MajorTopicYN="N">Blood Glucose</DescriptorName><QualifierName UI="Q000032" MajorTopicYN="N">analysis</QualifierName></MeshHeading><MeshHeading><DescriptorName UI="D003924" MajorTopicYN="N">Diabetes Mellitus, Type 2</DescriptorName><QualifierName UI="Q000378" MajorTopicYN="N">metabolism</QualifierName><QualifierName UI="Q000503" MajorTopicYN="N">physiopathology</QualifierName><QualifierName UI="Q000523" MajorTopicYN="N">psychology</QualifierName><QualifierName UI="Q000628" MajorTopicYN="Y">therapy</QualifierName></MeshHeading><MeshHeading><DescriptorName UI="D015444" MajorTopicYN="N">Exercise</DescriptorName></MeshHeading><MeshHeading><DescriptorName UI="D005081" MajorTopicYN="N">Exercise Therapy</DescriptorName><QualifierName UI="Q000379" MajorTopicYN="Y">methods</QualifierName></MeshHeading><MeshHeading><DescriptorName UI="D006801" MajorTopicYN="N">Humans</DescriptorName></MeshHeading><MeshHeading><DescriptorName UI="D007333" MajorTopicYN="N">Insulin Resistance</DescriptorName><QualifierName UI="Q000502" MajorTopicYN="N">physiology</QualifierName></MeshHeading><MeshHeading><DescriptorName UI="D010349" MajorTopicYN="N">Patient Compliance</DescriptorName><QualifierName UI="Q000523" MajorTopicYN="N">psychology</QualifierName></MeshHeading><MeshHeading><DescriptorName UI="D010807" MajorTopicYN="N">Physical Endurance</DescriptorName></MeshHeading><MeshHeading><DescriptorName UI="D010809" MajorTopicYN="N">Physical Fitness</DescriptorName></MeshHeading><MeshHeading><DescriptorName UI="D055656" MajorTopicYN="N">Prescriptions</DescriptorName></MeshHeading><MeshHeading><DescriptorName UI="D013178" MajorTopicYN="N">Sports Medicine</DescriptorName></MeshHeading><MeshHeading><DescriptorName UI="D014891" MajorTopicYN="N">Weight Lifting</DescriptorName></MeshHeading></MeshHeadingList><NumberOfReferences>67</NumberOfReferences></MedlineCitation><PubmedData><History><PubMedPubDate PubStatus="pubmed"><Year>1999</Year><Month>7</Month><Day>27</Day></PubMedPubDate><PubMedPubDate PubStatus="medline"><Year>1999</Year><Month>7</Month><Day>27</Day><Hour>0</Hour><Minute>1</Minute></PubMedPubDate><PubMedPubDate PubStatus="entrez"><Year>1999</Year><Month>7</Month><Day>27</Day><Hour>0</Hour><Minute>0</Minute></PubMedPubDate></History><PublicationStatus>ppublish</PublicationStatus><ArticleIdList><ArticleId IdType="pubmed">10418073</ArticleId><ArticleId IdType="doi">10.2165/00007256-199927060-00003</ArticleId></ArticleIdList><ReferenceList><Reference><Citation>J Clin Invest. 1974 Apr;53(4):1080-90</Citation><ArticleIdList><ArticleId IdType="pubmed">4815076</ArticleId></ArticleIdList></Reference><Reference><Citation>J Clin Invest. 1971 Dec;50(12):2715-25</Citation><ArticleIdList><ArticleId IdType="pubmed">5129319</ArticleId></ArticleIdList></Reference><Reference><Citation>J Appl Physiol (1985). 1994 Sep;77(3):1087-92</Citation><ArticleIdList><ArticleId IdType="pubmed">7836108</ArticleId></ArticleIdList></Reference><Reference><Citation>Med Sci Sports Exerc. 1989 Aug;21(4):353-5</Citation><ArticleIdList><ArticleId IdType="pubmed">2674585</ArticleId></ArticleIdList></Reference><Reference><Citation>Diabetes Care. 1992 Nov;15(11):1690-3</Citation><ArticleIdList><ArticleId IdType="pubmed">1468302</ArticleId></ArticleIdList></Reference><Reference><Citation>Clin Sci (Lond). 1997 Aug;93(2):127-35</Citation><ArticleIdList><ArticleId IdType="pubmed">9301427</ArticleId></ArticleIdList></Reference><Reference><Citation>Chin Med J (Engl). 1993 Oct;106(10):757-9</Citation><ArticleIdList><ArticleId IdType="pubmed">8033609</ArticleId></ArticleIdList></Reference><Reference><Citation>Diabetes Care. 1992 Nov;15(11):1800-10</Citation><ArticleIdList><ArticleId IdType="pubmed">1468318</ArticleId></ArticleIdList></Reference><Reference><Citation>Horm Metab Res. 1998 Jan;30(1):37-41</Citation><ArticleIdList><ArticleId IdType="pubmed">9503037</ArticleId></ArticleIdList></Reference><Reference><Citation>J Appl Physiol (1985). 1994 Jan;76(1):133-7</Citation><ArticleIdList><ArticleId IdType="pubmed">8175496</ArticleId></ArticleIdList></Reference><Reference><Citation>Am J Prev Med. 1994 May-Jun;10(3):172-84</Citation><ArticleIdList><ArticleId IdType="pubmed">7917445</ArticleId></ArticleIdList></Reference><Reference><Citation>Med Sci Sports Exerc. 1988 Apr;20(2):150-4</Citation><ArticleIdList><ArticleId IdType="pubmed">3285118</ArticleId></ArticleIdList></Reference><Reference><Citation>N Engl J Med. 1980 Apr 17;302(16):886-92</Citation><ArticleIdList><ArticleId IdType="pubmed">6987518</ArticleId></ArticleIdList></Reference><Reference><Citation>J Appl Physiol Respir Environ Exerc Physiol. 1977 Dec;43(6):1001-6</Citation><ArticleIdList><ArticleId IdType="pubmed">606683</ArticleId></ArticleIdList></Reference><Reference><Citation>Lancet. 1991 Sep 28;338(8770):774-8</Citation><ArticleIdList><ArticleId IdType="pubmed">1681160</ArticleId></ArticleIdList></Reference><Reference><Citation>J Appl Physiol (1985). 1990 May;68(5):1833-7</Citation><ArticleIdList><ArticleId IdType="pubmed">2361884</ArticleId></ArticleIdList></Reference><Reference><Citation>Med Sci Sports Exerc. 1987 Jun;19(3):246-52</Citation><ArticleIdList><ArticleId IdType="pubmed">3600238</ArticleId></ArticleIdList></Reference><Reference><Citation>Med Sci Sports Exerc. 1989 Dec;21(6):694-7</Citation><ArticleIdList><ArticleId IdType="pubmed">2696857</ArticleId></ArticleIdList></Reference><Reference><Citation>Diabetologia. 1997 Feb;40(2):125-35</Citation><ArticleIdList><ArticleId IdType="pubmed">9049471</ArticleId></ArticleIdList></Reference><Reference><Citation>Ann Med. 1992 Dec;24(6):483-9</Citation><ArticleIdList><ArticleId IdType="pubmed">1485943</ArticleId></ArticleIdList></Reference><Reference><Citation>Am J Cardiol. 1989 Oct 15;64(14):866-70</Citation><ArticleIdList><ArticleId IdType="pubmed">2801553</ArticleId></ArticleIdList></Reference><Reference><Citation>Diabetologia. 1995 Nov;38(11):1313-9</Citation><ArticleIdList><ArticleId IdType="pubmed">8582541</ArticleId></ArticleIdList></Reference><Reference><Citation>N Engl J Med. 1996 Oct 31;335(18):1357-62</Citation><ArticleIdList><ArticleId IdType="pubmed">8857019</ArticleId></ArticleIdList></Reference><Reference><Citation>J Appl Physiol (1985). 1994 Sep;77(3):1122-7</Citation><ArticleIdList><ArticleId IdType="pubmed">7836113</ArticleId></ArticleIdList></Reference><Reference><Citation>Am J Clin Nutr. 1991 Jun;53(6 Suppl):1642S-1646S</Citation><ArticleIdList><ArticleId IdType="pubmed">2031500</ArticleId></ArticleIdList></Reference><Reference><Citation>Diabetes. 1987 Dec;36(12):1379-85</Citation><ArticleIdList><ArticleId IdType="pubmed">3315786</ArticleId></ArticleIdList></Reference><Reference><Citation>Metabolism. 1978 May;27(5):521-4</Citation><ArticleIdList><ArticleId IdType="pubmed">642823</ArticleId></ArticleIdList></Reference><Reference><Citation>Metabolism. 1987 Dec;36(12):1161-6</Citation><ArticleIdList><ArticleId IdType="pubmed">3316925</ArticleId></ArticleIdList></Reference><Reference><Citation>Diabetes Educ. 1993 Jul-Aug;19(4):307-12</Citation><ArticleIdList><ArticleId IdType="pubmed">8370334</ArticleId></ArticleIdList></Reference><Reference><Citation>J Appl Physiol (1985). 1988 May;64(5):1942-6</Citation><ArticleIdList><ArticleId IdType="pubmed">3292505</ArticleId></ArticleIdList></Reference><Reference><Citation>Med Sci Sports Exerc. 1984 Oct;16(5):483-8</Citation><ArticleIdList><ArticleId IdType="pubmed">6513767</ArticleId></ArticleIdList></Reference><Reference><Citation>Acta Med Scand Suppl. 1986;711:55-65</Citation><ArticleIdList><ArticleId IdType="pubmed">3535414</ArticleId></ArticleIdList></Reference><Reference><Citation>Int J Sports Med. 1997 May;18(4):242-6</Citation><ArticleIdList><ArticleId IdType="pubmed">9231838</ArticleId></ArticleIdList></Reference><Reference><Citation>Am J Physiol. 1990 Jun;258(6 Pt 1):E937-43</Citation><ArticleIdList><ArticleId IdType="pubmed">2193534</ArticleId></ArticleIdList></Reference><Reference><Citation>Diabetes. 1985 Aug;34(8):756-60</Citation><ArticleIdList><ArticleId IdType="pubmed">3894119</ArticleId></ArticleIdList></Reference><Reference><Citation>Med Sci Sports Exerc. 1988 Oct;20(5 Suppl):S146-51</Citation><ArticleIdList><ArticleId IdType="pubmed">3057314</ArticleId></ArticleIdList></Reference><Reference><Citation>Diabetes Metab Rev. 1986;1(4):445-81</Citation><ArticleIdList><ArticleId IdType="pubmed">3522140</ArticleId></ArticleIdList></Reference><Reference><Citation>N Engl J Med. 1991 Jul 18;325(3):147-52</Citation><ArticleIdList><ArticleId IdType="pubmed">2052059</ArticleId></ArticleIdList></Reference><Reference><Citation>Acta Diabetol. 1997 Dec;34(4):245-8</Citation><ArticleIdList><ArticleId IdType="pubmed">9451466</ArticleId></ArticleIdList></Reference><Reference><Citation>Int J Sports Med. 1994 Aug;15(6):283-9</Citation><ArticleIdList><ArticleId IdType="pubmed">7822064</ArticleId></ArticleIdList></Reference><Reference><Citation>Diabetologia. 1992 Apr;35(4):340-6</Citation><ArticleIdList><ArticleId IdType="pubmed">1516762</ArticleId></ArticleIdList></Reference><Reference><Citation>Diabetes Care. 1988 Sep;11(8):613-8</Citation><ArticleIdList><ArticleId IdType="pubmed">3065001</ArticleId></ArticleIdList></Reference><Reference><Citation>Diabetes Care. 1994 Dec;17(12):1469-72</Citation><ArticleIdList><ArticleId IdType="pubmed">7882819</ArticleId></ArticleIdList></Reference><Reference><Citation>Diabetes Care. 1992 Mar;15(3):318-68</Citation><ArticleIdList><ArticleId IdType="pubmed">1532777</ArticleId></ArticleIdList></Reference><Reference><Citation>Diabetes Care. 1997 Jun;20(6):913-21</Citation><ArticleIdList><ArticleId IdType="pubmed">9167099</ArticleId></ArticleIdList></Reference><Reference><Citation>Diabetologia. 1987 Jun;30(6):380-5</Citation><ArticleIdList><ArticleId IdType="pubmed">3315795</ArticleId></ArticleIdList></Reference><Reference><Citation>Diabetes Care. 1997 Mar;20(3):385-91</Citation><ArticleIdList><ArticleId IdType="pubmed">9051392</ArticleId></ArticleIdList></Reference><Reference><Citation>J Appl Physiol Respir Environ Exerc Physiol. 1984 Jun;56(6):1521-5</Citation><ArticleIdList><ArticleId IdType="pubmed">6376436</ArticleId></ArticleIdList></Reference><Reference><Citation>Diabetes Care. 1994 Nov;17(11):1311-9</Citation><ArticleIdList><ArticleId IdType="pubmed">7821173</ArticleId></ArticleIdList></Reference><Reference><Citation>Diabetes Care. 1984 Sep-Oct;7(5):434-41</Citation><ArticleIdList><ArticleId IdType="pubmed">6389057</ArticleId></ArticleIdList></Reference><Reference><Citation>Sports Med. 1995 Jan;19(1):43-54</Citation><ArticleIdList><ArticleId IdType="pubmed">7740246</ArticleId></ArticleIdList></Reference><Reference><Citation>Diabetes Care. 1984 Sep-Oct;7(5):416-20</Citation><ArticleIdList><ArticleId IdType="pubmed">6389056</ArticleId></ArticleIdList></Reference><Reference><Citation>J Appl Physiol (1985). 1991 Dec;71(6):2402-11</Citation><ArticleIdList><ArticleId IdType="pubmed">1778939</ArticleId></ArticleIdList></Reference><Reference><Citation>JAMA. 1992 Jul 1;268(1):63-7</Citation><ArticleIdList><ArticleId IdType="pubmed">1608115</ArticleId></ArticleIdList></Reference><Reference><Citation>Acta Med Scand. 1986;220(3):219-24</Citation><ArticleIdList><ArticleId IdType="pubmed">3535397</ArticleId></ArticleIdList></Reference></ReferenceList></PubmedData></PubmedArticle></PubmedArticleSet>