<?xml version="1.0" ?>
<!DOCTYPE PubmedArticleSet PUBLIC "-//NLM//DTD PubMedArticle, 1st January 2019//EN" "https://dtd.nlm.nih.gov/ncbi/pubmed/out/pubmed_190101.dtd">
<PubmedArticleSet><PubmedArticle><MedlineCitation Status="MEDLINE" Owner="NLM"><PMID Version="1">10415060</PMID><DateCompleted><Year>1999</Year><Month>08</Month><Day>12</Day></DateCompleted><DateRevised><Year>2017</Year><Month>11</Month><Day>16</Day></DateRevised><Article PubModel="Print"><Journal><ISSN IssnType="Print">0022-1767</ISSN><JournalIssue CitedMedium="Print"><Volume>163</Volume><Issue>3</Issue><PubDate><Year>1999</Year><Month>Aug</Month><Day>01</Day></PubDate></JournalIssue><Title>Journal of immunology (Baltimore, Md. : 1950)</Title><ISOAbbreviation>J Immunol</ISOAbbreviation></Journal><ArticleTitle>Evidence that beta cell death in the nonobese diabetic mouse is Fas independent.</ArticleTitle><Pagination><MedlinePgn>1562-9</MedlinePgn></Pagination><Abstract><AbstractText>Recent studies suggest that Fas expression on pancreatic beta cells may be important in the development of autoimmune diabetes in the nonobese diabetic (NOD) mouse. To address this, pancreatic islets from NOD mice were analyzed by flow cytometry to directly identify which cells express Fas and Fas ligand (FasL) ex vivo and after in vitro culture with cytokines. Fas expression was not detected on beta cells isolated from young (35 days) NOD mice. In vitro, incubation of NOD mouse islets with both IL-1 and IFN-gamma was required to achieve sufficient Fas expression and sensitivity for islets to be susceptible to lysis by soluble FasL. In islets isolated from older (&gt;/=125 days) NOD mice, Fas expression was detected on a limited number of beta cells (1-5%). FasL was not detected on beta cells from either NOD or Fas-deficient MRLlpr/lpr islets. Also, both NOD and MRLlpr/lpr islets were equally susceptible to cytokine-induced cell death. This eliminates the possibility that cytokine-treated murine islet cells commit "suicide" due to simultaneous expression of Fas and FasL. Last, we show that NO is not required for cytokine-induced Fas expression and Fas-mediated apoptosis of islet cells. These findings indicate that beta cells can be killed by Fas-dependent cytotoxicity; however, our results raise further doubts about the clinical significance of Fas-mediated beta cell destruction because few Fas-positive cells were isolated immediately before the development of diabetes.</AbstractText></Abstract><AuthorList CompleteYN="Y"><Author ValidYN="Y"><LastName>Thomas</LastName><ForeName>H E</ForeName><Initials>HE</Initials><AffiliationInfo><Affiliation>Autoimmunity and Transplantation Division, The Walter and Eliza Hall Institute of Medical Research, Royal Melbourne Hospital, Victoria, Australia.</Affiliation></AffiliationInfo></Author><Author ValidYN="Y"><LastName>Darwiche</LastName><ForeName>R</ForeName><Initials>R</Initials></Author><Author ValidYN="Y"><LastName>Corbett</LastName><ForeName>J A</ForeName><Initials>JA</Initials></Author><Author ValidYN="Y"><LastName>Kay</LastName><ForeName>T W</ForeName><Initials>TW</Initials></Author></AuthorList><Language>eng</Language><GrantList CompleteYN="Y"><Grant><GrantID>AI44458</GrantID><Acronym>AI</Acronym><Agency>NIAID NIH HHS</Agency><Country>United States</Country></Grant><Grant><GrantID>DK-52194</GrantID><Acronym>DK</Acronym><Agency>NIDDK NIH HHS</Agency><Country>United States</Country></Grant></GrantList><PublicationTypeList><PublicationType UI="D016428">Journal Article</PublicationType><PublicationType UI="D013485">Research Support, Non-U.S. Gov't</PublicationType><PublicationType UI="D013487">Research Support, U.S. Gov't, P.H.S.</PublicationType></PublicationTypeList></Article><MedlineJournalInfo><Country>United States</Country><MedlineTA>J Immunol</MedlineTA><NlmUniqueID>2985117R</NlmUniqueID><ISSNLinking>0022-1767</ISSNLinking></MedlineJournalInfo><ChemicalList><Chemical><RegistryNumber>0</RegistryNumber><NameOfSubstance UI="D016207">Cytokines</NameOfSubstance></Chemical><Chemical><RegistryNumber>0</RegistryNumber><NameOfSubstance UI="D053222">Fas Ligand Protein</NameOfSubstance></Chemical><Chemical><RegistryNumber>0</RegistryNumber><NameOfSubstance UI="C505658">Fasl protein, mouse</NameOfSubstance></Chemical><Chemical><RegistryNumber>0</RegistryNumber><NameOfSubstance UI="D008024">Ligands</NameOfSubstance></Chemical><Chemical><RegistryNumber>0</RegistryNumber><NameOfSubstance UI="D008562">Membrane Glycoproteins</NameOfSubstance></Chemical><Chemical><RegistryNumber>0</RegistryNumber><NameOfSubstance UI="D019014">fas Receptor</NameOfSubstance></Chemical><Chemical><RegistryNumber>31C4KY9ESH</RegistryNumber><NameOfSubstance UI="D009569">Nitric Oxide</NameOfSubstance></Chemical></ChemicalList><CitationSubset>IM</CitationSubset><MeshHeadingList><MeshHeading><DescriptorName UI="D000818" MajorTopicYN="N">Animals</DescriptorName></MeshHeading><MeshHeading><DescriptorName UI="D017209" MajorTopicYN="N">Apoptosis</DescriptorName><QualifierName UI="Q000276" MajorTopicYN="Y">immunology</QualifierName></MeshHeading><MeshHeading><DescriptorName UI="D016923" MajorTopicYN="N">Cell Death</DescriptorName><QualifierName UI="Q000276" MajorTopicYN="N">immunology</QualifierName></MeshHeading><MeshHeading><DescriptorName UI="D002478" MajorTopicYN="N">Cells, Cultured</DescriptorName></MeshHeading><MeshHeading><DescriptorName UI="D016207" MajorTopicYN="N">Cytokines</DescriptorName><QualifierName UI="Q000494" MajorTopicYN="N">pharmacology</QualifierName></MeshHeading><MeshHeading><DescriptorName UI="D003922" MajorTopicYN="N">Diabetes Mellitus, Type 1</DescriptorName><QualifierName UI="Q000276" MajorTopicYN="Y">immunology</QualifierName><QualifierName UI="Q000378" MajorTopicYN="N">metabolism</QualifierName><QualifierName UI="Q000473" MajorTopicYN="Y">pathology</QualifierName></MeshHeading><MeshHeading><DescriptorName UI="D053222" MajorTopicYN="N">Fas Ligand Protein</DescriptorName></MeshHeading><MeshHeading><DescriptorName UI="D005260" MajorTopicYN="N">Female</DescriptorName></MeshHeading><MeshHeading><DescriptorName UI="D007515" MajorTopicYN="N">Islets of Langerhans</DescriptorName><QualifierName UI="Q000737" MajorTopicYN="N">chemistry</QualifierName><QualifierName UI="Q000276" MajorTopicYN="Y">immunology</QualifierName><QualifierName UI="Q000473" MajorTopicYN="Y">pathology</QualifierName></MeshHeading><MeshHeading><DescriptorName UI="D008024" MajorTopicYN="N">Ligands</DescriptorName></MeshHeading><MeshHeading><DescriptorName UI="D008562" MajorTopicYN="N">Membrane Glycoproteins</DescriptorName><QualifierName UI="Q000032" MajorTopicYN="N">analysis</QualifierName><QualifierName UI="Q000096" MajorTopicYN="N">biosynthesis</QualifierName></MeshHeading><MeshHeading><DescriptorName UI="D051379" MajorTopicYN="N">Mice</DescriptorName></MeshHeading><MeshHeading><DescriptorName UI="D019463" MajorTopicYN="N">Mice, Inbred MRL lpr</DescriptorName></MeshHeading><MeshHeading><DescriptorName UI="D016688" MajorTopicYN="N">Mice, Inbred NOD</DescriptorName></MeshHeading><MeshHeading><DescriptorName UI="D009569" MajorTopicYN="N">Nitric Oxide</DescriptorName><QualifierName UI="Q000502" MajorTopicYN="N">physiology</QualifierName></MeshHeading><MeshHeading><DescriptorName UI="D013194" MajorTopicYN="N">Staining and Labeling</DescriptorName></MeshHeading><MeshHeading><DescriptorName UI="D015854" MajorTopicYN="N">Up-Regulation</DescriptorName><QualifierName UI="Q000276" MajorTopicYN="N">immunology</QualifierName></MeshHeading><MeshHeading><DescriptorName UI="D019014" MajorTopicYN="N">fas Receptor</DescriptorName><QualifierName UI="Q000032" MajorTopicYN="N">analysis</QualifierName><QualifierName UI="Q000096" MajorTopicYN="N">biosynthesis</QualifierName><QualifierName UI="Q000502" MajorTopicYN="Y">physiology</QualifierName></MeshHeading></MeshHeadingList></MedlineCitation><PubmedData><History><PubMedPubDate PubStatus="pubmed"><Year>1999</Year><Month>7</Month><Day>22</Day></PubMedPubDate><PubMedPubDate PubStatus="medline"><Year>1999</Year><Month>7</Month><Day>22</Day><Hour>0</Hour><Minute>1</Minute></PubMedPubDate><PubMedPubDate PubStatus="entrez"><Year>1999</Year><Month>7</Month><Day>22</Day><Hour>0</Hour><Minute>0</Minute></PubMedPubDate></History><PublicationStatus>ppublish</PublicationStatus><ArticleIdList><ArticleId IdType="pubmed">10415060</ArticleId><ArticleId IdType="pii">ji_v163n3p1562</ArticleId></ArticleIdList></PubmedData></PubmedArticle></PubmedArticleSet>