<?xml version="1.0" ?>
<!DOCTYPE PubmedArticleSet PUBLIC "-//NLM//DTD PubMedArticle, 1st January 2019//EN" "https://dtd.nlm.nih.gov/ncbi/pubmed/out/pubmed_190101.dtd">
<PubmedArticleSet><PubmedArticle><MedlineCitation Status="MEDLINE" Owner="NLM"><PMID Version="1">10415567</PMID><DateCompleted><Year>1999</Year><Month>08</Month><Day>05</Day></DateCompleted><DateRevised><Year>2019</Year><Month>06</Month><Day>16</Day></DateRevised><Article PubModel="Print"><Journal><ISSN IssnType="Print">0077-8923</ISSN><JournalIssue CitedMedium="Print"><Volume>875</Volume><PubDate><Year>1999</Year><Month>Jun</Month><Day>18</Day></PubDate></JournalIssue><Title>Annals of the New York Academy of Sciences</Title><ISOAbbreviation>Ann N Y Acad Sci</ISOAbbreviation></Journal><ArticleTitle>Clinical islet transplantation: a review.</ArticleTitle><Pagination><MedlinePgn>189-99</MedlinePgn></Pagination><Abstract><AbstractText>For decades, the inability of insulin therapy to physiologically control glycemia in type I diabetic patients has motivated the search for insulin-delivering grafts. Islet autotransplantation is such a therapeutic approach to prevent diabetes mellitus following a major pancreatectomy, whereas allotransplantation is generally prescribed for type I diabetic patients with a functional solid organ graft, or for patients awaiting one. As of today, over 150 patients have been autotransplanted world-wide, following total or subtotal pancreatectomy, permitting an insulin-independence in nearly 40% of patients. Furthermore, more than 350 islet allotransplantations have been performed. Recent results show improved metabolic control in over 50% of cases and insulin-independence in approximately 20%. This chapter presents a literature review including preliminary human islet transplantation data from the University of Geneva.</AbstractText></Abstract><AuthorList CompleteYN="Y"><Author ValidYN="Y"><LastName>Oberholzer</LastName><ForeName>J</ForeName><Initials>J</Initials><AffiliationInfo><Affiliation>Department of Surgery, University Hospital, Geneva, Switzerland. celtrans@cmu.unige.ch</Affiliation></AffiliationInfo></Author><Author ValidYN="Y"><LastName>Triponez</LastName><ForeName>F</ForeName><Initials>F</Initials></Author><Author ValidYN="Y"><LastName>Lou</LastName><ForeName>J</ForeName><Initials>J</Initials></Author><Author ValidYN="Y"><LastName>Morel</LastName><ForeName>P</ForeName><Initials>P</Initials></Author></AuthorList><Language>eng</Language><PublicationTypeList><PublicationType UI="D016428">Journal Article</PublicationType><PublicationType UI="D013485">Research Support, Non-U.S. Gov't</PublicationType><PublicationType UI="D016454">Review</PublicationType></PublicationTypeList></Article><MedlineJournalInfo><Country>United States</Country><MedlineTA>Ann N Y Acad Sci</MedlineTA><NlmUniqueID>7506858</NlmUniqueID><ISSNLinking>0077-8923</ISSNLinking></MedlineJournalInfo><CitationSubset>IM</CitationSubset><MeshHeadingList><MeshHeading><DescriptorName UI="D000818" MajorTopicYN="N">Animals</DescriptorName></MeshHeading><MeshHeading><DescriptorName UI="D003922" MajorTopicYN="N">Diabetes Mellitus, Type 1</DescriptorName><QualifierName UI="Q000628" MajorTopicYN="Y">therapy</QualifierName></MeshHeading><MeshHeading><DescriptorName UI="D006801" MajorTopicYN="N">Humans</DescriptorName></MeshHeading><MeshHeading><DescriptorName UI="D016381" MajorTopicYN="Y">Islets of Langerhans Transplantation</DescriptorName></MeshHeading><MeshHeading><DescriptorName UI="D014182" MajorTopicYN="N">Transplantation, Autologous</DescriptorName></MeshHeading><MeshHeading><DescriptorName UI="D014184" MajorTopicYN="N">Transplantation, Homologous</DescriptorName></MeshHeading></MeshHeadingList><NumberOfReferences>57</NumberOfReferences></MedlineCitation><PubmedData><History><PubMedPubDate PubStatus="pubmed"><Year>1999</Year><Month>7</Month><Day>23</Day></PubMedPubDate><PubMedPubDate PubStatus="medline"><Year>1999</Year><Month>7</Month><Day>23</Day><Hour>0</Hour><Minute>1</Minute></PubMedPubDate><PubMedPubDate PubStatus="entrez"><Year>1999</Year><Month>7</Month><Day>23</Day><Hour>0</Hour><Minute>0</Minute></PubMedPubDate></History><PublicationStatus>ppublish</PublicationStatus><ArticleIdList><ArticleId IdType="pubmed">10415567</ArticleId><ArticleId IdType="doi">10.1111/j.1749-6632.1999.tb08503.x</ArticleId></ArticleIdList></PubmedData></PubmedArticle></PubmedArticleSet>