<?xml version="1.0" ?>
<!DOCTYPE PubmedArticleSet PUBLIC "-//NLM//DTD PubMedArticle, 1st January 2019//EN" "https://dtd.nlm.nih.gov/ncbi/pubmed/out/pubmed_190101.dtd">
<PubmedArticleSet><PubmedArticle><MedlineCitation Status="MEDLINE" Owner="NLM"><PMID Version="1">10419240</PMID><DateCompleted><Year>1999</Year><Month>10</Month><Day>21</Day></DateCompleted><DateRevised><Year>2019</Year><Month>08</Month><Day>22</Day></DateRevised><Article PubModel="Print"><Journal><ISSN IssnType="Print">0803-5253</ISSN><JournalIssue CitedMedium="Print"><Volume>88</Volume><Issue>6</Issue><PubDate><Year>1999</Year><Month>Jun</Month></PubDate></JournalIssue><Title>Acta paediatrica (Oslo, Norway : 1992)</Title><ISOAbbreviation>Acta Paediatr</ISOAbbreviation></Journal><ArticleTitle>Oral bedtime cornstarch supplementation reduces the risk for nocturnal hypoglycaemia in young children with type 1 diabetes.</ArticleTitle><Pagination><MedlinePgn>595-7</MedlinePgn></Pagination><Abstract><AbstractText>The effect of oral cornstarch supplementation was evaluated in 14 pre-school children with type 1 diabetes in a randomized, double-blind, placebo-controlled trial. The children received cornstarch (0.3 g/kg) or placebo at bedtime on five occasions each, and their blood glucose concentrations were measured at bedtime, at 02.00 h and in the morning. The mean nocturnal blood glucose concentration (at 02.00 h) was 2.2 mmol/L higher and the number of blood glucose concentrations below 5 mmol/L were reduced by 64% when cornstarch had been ingested at bedtime. We conclude that cornstarch may be used in pre-school children with type 1 diabetes to reduce the risk for nocturnal hypoglycaemia.</AbstractText></Abstract><AuthorList CompleteYN="Y"><Author ValidYN="Y"><LastName>Detlofson</LastName><ForeName>I</ForeName><Initials>I</Initials><AffiliationInfo><Affiliation>Department of Paediatrics, Orebro Medical Centre Hospital, Sweden.</Affiliation></AffiliationInfo></Author><Author ValidYN="Y"><LastName>Kroon</LastName><ForeName>M</ForeName><Initials>M</Initials></Author><Author ValidYN="Y"><LastName>Aman</LastName><ForeName>J</ForeName><Initials>J</Initials></Author></AuthorList><Language>eng</Language><PublicationTypeList><PublicationType UI="D016430">Clinical Trial</PublicationType><PublicationType UI="D016428">Journal Article</PublicationType><PublicationType UI="D016449">Randomized Controlled Trial</PublicationType></PublicationTypeList></Article><MedlineJournalInfo><Country>Norway</Country><MedlineTA>Acta Paediatr</MedlineTA><NlmUniqueID>9205968</NlmUniqueID><ISSNLinking>0803-5253</ISSNLinking></MedlineJournalInfo><ChemicalList><Chemical><RegistryNumber>0</RegistryNumber><NameOfSubstance UI="D001786">Blood Glucose</NameOfSubstance></Chemical><Chemical><RegistryNumber>9005-25-8</RegistryNumber><NameOfSubstance UI="D013213">Starch</NameOfSubstance></Chemical></ChemicalList><CitationSubset>IM</CitationSubset><MeshHeadingList><MeshHeading><DescriptorName UI="D001786" MajorTopicYN="N">Blood Glucose</DescriptorName><QualifierName UI="Q000032" MajorTopicYN="N">analysis</QualifierName></MeshHeading><MeshHeading><DescriptorName UI="D002648" MajorTopicYN="N">Child</DescriptorName></MeshHeading><MeshHeading><DescriptorName UI="D002675" MajorTopicYN="N">Child, Preschool</DescriptorName></MeshHeading><MeshHeading><DescriptorName UI="D002940" MajorTopicYN="Y">Circadian Rhythm</DescriptorName></MeshHeading><MeshHeading><DescriptorName UI="D003922" MajorTopicYN="N">Diabetes Mellitus, Type 1</DescriptorName><QualifierName UI="Q000150" MajorTopicYN="Y">complications</QualifierName></MeshHeading><MeshHeading><DescriptorName UI="D019587" MajorTopicYN="Y">Dietary Supplements</DescriptorName></MeshHeading><MeshHeading><DescriptorName UI="D004311" MajorTopicYN="N">Double-Blind Method</DescriptorName></MeshHeading><MeshHeading><DescriptorName UI="D004435" MajorTopicYN="N">Eating</DescriptorName></MeshHeading><MeshHeading><DescriptorName UI="D005260" MajorTopicYN="N">Female</DescriptorName></MeshHeading><MeshHeading><DescriptorName UI="D006801" MajorTopicYN="N">Humans</DescriptorName></MeshHeading><MeshHeading><DescriptorName UI="D007003" MajorTopicYN="N">Hypoglycemia</DescriptorName><QualifierName UI="Q000097" MajorTopicYN="N">blood</QualifierName><QualifierName UI="Q000209" MajorTopicYN="Y">etiology</QualifierName><QualifierName UI="Q000517" MajorTopicYN="Y">prevention &amp; control</QualifierName></MeshHeading><MeshHeading><DescriptorName UI="D008297" MajorTopicYN="N">Male</DescriptorName></MeshHeading><MeshHeading><DescriptorName UI="D012720" MajorTopicYN="N">Severity of Illness Index</DescriptorName></MeshHeading><MeshHeading><DescriptorName UI="D013213" MajorTopicYN="N">Starch</DescriptorName><QualifierName UI="Q000627" MajorTopicYN="Y">therapeutic use</QualifierName></MeshHeading><MeshHeading><DescriptorName UI="D013997" MajorTopicYN="N">Time Factors</DescriptorName></MeshHeading></MeshHeadingList></MedlineCitation><PubmedData><History><PubMedPubDate PubStatus="pubmed"><Year>1999</Year><Month>7</Month><Day>27</Day></PubMedPubDate><PubMedPubDate PubStatus="medline"><Year>1999</Year><Month>7</Month><Day>27</Day><Hour>0</Hour><Minute>1</Minute></PubMedPubDate><PubMedPubDate PubStatus="entrez"><Year>1999</Year><Month>7</Month><Day>27</Day><Hour>0</Hour><Minute>0</Minute></PubMedPubDate></History><PublicationStatus>ppublish</PublicationStatus><ArticleIdList><ArticleId IdType="pubmed">10419240</ArticleId><ArticleId IdType="doi">10.1080/08035259950169215</ArticleId></ArticleIdList></PubmedData></PubmedArticle></PubmedArticleSet>