<?xml version="1.0" ?>
<!DOCTYPE PubmedArticleSet PUBLIC "-//NLM//DTD PubMedArticle, 1st January 2019//EN" "https://dtd.nlm.nih.gov/ncbi/pubmed/out/pubmed_190101.dtd">
<PubmedArticleSet><PubmedArticle><MedlineCitation Status="MEDLINE" Owner="NLM"><PMID Version="1">10414474</PMID><DateCompleted><Year>1999</Year><Month>08</Month><Day>03</Day></DateCompleted><DateRevised><Year>2019</Year><Month>07</Month><Day>02</Day></DateRevised><Article PubModel="Print"><Journal><ISSN IssnType="Print">0038-4348</ISSN><JournalIssue CitedMedium="Print"><Volume>92</Volume><Issue>7</Issue><PubDate><Year>1999</Year><Month>Jul</Month></PubDate></JournalIssue><Title>Southern medical journal</Title><ISOAbbreviation>South Med J</ISOAbbreviation></Journal><ArticleTitle>Improved control of type 2 diabetes mellitus: a practical education/behavior modification program in a primary care clinic.</ArticleTitle><Pagination><MedlinePgn>667-72</MedlinePgn></Pagination><Abstract><AbstractText Label="BACKGROUND" NlmCategory="BACKGROUND">This study was done to determine the efficacy and ease of administration of education/behavior modification classes, provided by a nurse and a dietitian in a primary care clinic for improving control of type 2 diabetes mellitus.</AbstractText><AbstractText Label="METHODS" NlmCategory="METHODS">Patients were divided randomly into two groups. Eighteen patients completed 6 months of structured, office-based classes, and 20 similar patients served as control subjects. All were patients of the same group practice and had their usual office visits. Glycemic control, lipid levels, body weight, knowledge about diabetes, medication requirements, and symptoms were monitored during the 6 months, with follow-up at 12 months.</AbstractText><AbstractText Label="RESULTS" NlmCategory="RESULTS">At the end of 6 months, the intervention group had significant reductions in mean fasting blood glucose, glycosylated hemoglobin, total cholesterol, and low-density lipoprotein cholesterol (LDL-C) values. Their mean body weight was significantly reduced at 12 months, and their knowledge of diabetes was improved. Control patients had significant improvement only in glycosylated hemoglobin and body weight at 6 months. Minimal physician time was required.</AbstractText><AbstractText Label="CONCLUSION" NlmCategory="CONCLUSIONS">The education/behavior modification program was clinically worthwhile, and it was easy to administer.</AbstractText></Abstract><AuthorList CompleteYN="Y"><Author ValidYN="Y"><LastName>Ridgeway</LastName><ForeName>N A</ForeName><Initials>NA</Initials><AffiliationInfo><Affiliation>Department of Medicine, James H. Quillen College of Medicine, East Tennessee State University, Johnson City, USA.</Affiliation></AffiliationInfo></Author><Author ValidYN="Y"><LastName>Harvill</LastName><ForeName>D R</ForeName><Initials>DR</Initials></Author><Author ValidYN="Y"><LastName>Harvill</LastName><ForeName>L M</ForeName><Initials>LM</Initials></Author><Author ValidYN="Y"><LastName>Falin</LastName><ForeName>T M</ForeName><Initials>TM</Initials></Author><Author ValidYN="Y"><LastName>Forester</LastName><ForeName>G M</ForeName><Initials>GM</Initials></Author><Author ValidYN="Y"><LastName>Gose</LastName><ForeName>O D</ForeName><Initials>OD</Initials></Author></AuthorList><Language>eng</Language><PublicationTypeList><PublicationType UI="D016430">Clinical Trial</PublicationType><PublicationType UI="D016428">Journal Article</PublicationType><PublicationType UI="D016449">Randomized Controlled Trial</PublicationType><PublicationType UI="D013485">Research Support, Non-U.S. Gov't</PublicationType></PublicationTypeList></Article><MedlineJournalInfo><Country>United States</Country><MedlineTA>South Med J</MedlineTA><NlmUniqueID>0404522</NlmUniqueID><ISSNLinking>0038-4348</ISSNLinking></MedlineJournalInfo><ChemicalList><Chemical><RegistryNumber>0</RegistryNumber><NameOfSubstance UI="D001786">Blood Glucose</NameOfSubstance></Chemical><Chemical><RegistryNumber>0</RegistryNumber><NameOfSubstance UI="D006442">Glycated Hemoglobin A</NameOfSubstance></Chemical></ChemicalList><CitationSubset>IM</CitationSubset><MeshHeadingList><MeshHeading><DescriptorName UI="D000368" MajorTopicYN="N">Aged</DescriptorName></MeshHeading><MeshHeading><DescriptorName UI="D001521" MajorTopicYN="N">Behavior Therapy</DescriptorName><QualifierName UI="Q000458" MajorTopicYN="Y">organization &amp; administration</QualifierName></MeshHeading><MeshHeading><DescriptorName UI="D001786" MajorTopicYN="N">Blood Glucose</DescriptorName><QualifierName UI="Q000032" MajorTopicYN="N">analysis</QualifierName></MeshHeading><MeshHeading><DescriptorName UI="D001835" MajorTopicYN="N">Body Weight</DescriptorName></MeshHeading><MeshHeading><DescriptorName UI="D003924" MajorTopicYN="N">Diabetes Mellitus, Type 2</DescriptorName><QualifierName UI="Q000378" MajorTopicYN="N">metabolism</QualifierName><QualifierName UI="Q000451" MajorTopicYN="N">nursing</QualifierName><QualifierName UI="Q000517" MajorTopicYN="Y">prevention &amp; control</QualifierName></MeshHeading><MeshHeading><DescriptorName UI="D004521" MajorTopicYN="N">Educational Measurement</DescriptorName></MeshHeading><MeshHeading><DescriptorName UI="D005260" MajorTopicYN="N">Female</DescriptorName></MeshHeading><MeshHeading><DescriptorName UI="D006442" MajorTopicYN="N">Glycated Hemoglobin A</DescriptorName><QualifierName UI="Q000378" MajorTopicYN="N">metabolism</QualifierName></MeshHeading><MeshHeading><DescriptorName UI="D006801" MajorTopicYN="N">Humans</DescriptorName></MeshHeading><MeshHeading><DescriptorName UI="D008297" MajorTopicYN="N">Male</DescriptorName></MeshHeading><MeshHeading><DescriptorName UI="D008875" MajorTopicYN="N">Middle Aged</DescriptorName></MeshHeading><MeshHeading><DescriptorName UI="D052756" MajorTopicYN="N">Nutritional Sciences</DescriptorName><QualifierName UI="Q000193" MajorTopicYN="N">education</QualifierName></MeshHeading><MeshHeading><DescriptorName UI="D009819" MajorTopicYN="N">Office Visits</DescriptorName></MeshHeading><MeshHeading><DescriptorName UI="D010353" MajorTopicYN="N">Patient Education as Topic</DescriptorName><QualifierName UI="Q000458" MajorTopicYN="Y">organization &amp; administration</QualifierName></MeshHeading><MeshHeading><DescriptorName UI="D011320" MajorTopicYN="N">Primary Health Care</DescriptorName><QualifierName UI="Q000458" MajorTopicYN="Y">organization &amp; administration</QualifierName></MeshHeading><MeshHeading><DescriptorName UI="D015397" MajorTopicYN="N">Program Evaluation</DescriptorName></MeshHeading></MeshHeadingList></MedlineCitation><PubmedData><History><PubMedPubDate PubStatus="pubmed"><Year>1999</Year><Month>7</Month><Day>22</Day></PubMedPubDate><PubMedPubDate PubStatus="medline"><Year>1999</Year><Month>7</Month><Day>22</Day><Hour>0</Hour><Minute>1</Minute></PubMedPubDate><PubMedPubDate PubStatus="entrez"><Year>1999</Year><Month>7</Month><Day>22</Day><Hour>0</Hour><Minute>0</Minute></PubMedPubDate></History><PublicationStatus>ppublish</PublicationStatus><ArticleIdList><ArticleId IdType="pubmed">10414474</ArticleId><ArticleId IdType="doi">10.1097/00007611-199907000-00004</ArticleId></ArticleIdList></PubmedData></PubmedArticle></PubmedArticleSet>