<?xml version="1.0" ?>
<!DOCTYPE PubmedArticleSet PUBLIC "-//NLM//DTD PubMedArticle, 1st January 2019//EN" "https://dtd.nlm.nih.gov/ncbi/pubmed/out/pubmed_190101.dtd">
<PubmedArticleSet><PubmedArticle><MedlineCitation Status="MEDLINE" Owner="NLM"><PMID Version="1">10421233</PMID><DateCompleted><Year>1999</Year><Month>08</Month><Day>03</Day></DateCompleted><DateRevised><Year>2022</Year><Month>04</Month><Day>10</Day></DateRevised><Article PubModel="Print"><Journal><ISSN IssnType="Print">0026-0495</ISSN><JournalIssue CitedMedium="Print"><Volume>48</Volume><Issue>7</Issue><PubDate><Year>1999</Year><Month>Jul</Month></PubDate></JournalIssue><Title>Metabolism: clinical and experimental</Title><ISOAbbreviation>Metabolism</ISOAbbreviation></Journal><ArticleTitle>Effects of gliclazide versus metformin on the clinical profile and lipid peroxidation markers in type 2 diabetes.</ArticleTitle><Pagination><MedlinePgn>897-903</MedlinePgn></Pagination><Abstract><AbstractText>The sulfonylurea gliclazide and the biguanide metformin have different mechanisms to reduce glycemia. We performed a randomized study to compare these two agents with respect to glycemic control and effects on lipid peroxidation markers in 36 adult patients with type 2 diabetes. Both agents significantly decreased glycosylated hemoglobin ([HbA1c] P &lt; .05), fructosamine (P &lt; .05), and the glucose-excursion curve during the oral glucose tolerance test ([OGTT] P &lt; .01). With regard to the insulin curve during this test, no significant change was observed with metformin and a significant increase was measured with gliclazide (P &lt; .05). Considering the small number of events, no significant difference was detected in the number of hypoglycemic episodes between the two agents. More upper-gastrointestinal (GI) symptoms were observed with metformin compared with gliclazide (P &lt; .05). Even with no change in the standard lipid profile, both agents increased serum vitamin E (P &lt; .01 for gliclazide and P &lt; .05 for metformin) and decreased the level of lipid peroxidation markers in low-density lipoprotein (LDL) and high-density lipoprotein (HDL) particles (P &lt; .05). Despite different mechanisms of action, gliclazide and metformin demonstrated comparable levels of efficacy and complementary effects on lipid peroxidation markers.</AbstractText></Abstract><AuthorList CompleteYN="Y"><Author ValidYN="Y"><LastName>Tessier</LastName><ForeName>D</ForeName><Initials>D</Initials><AffiliationInfo><Affiliation>Groupe de recherche en Diabétologie, Centre de recherche clinique, Centre Universitaire de Santé de l'Estrie, Sherbrooke, Québec, Canada.</Affiliation></AffiliationInfo></Author><Author ValidYN="Y"><LastName>Maheux</LastName><ForeName>P</ForeName><Initials>P</Initials></Author><Author ValidYN="Y"><LastName>Khalil</LastName><ForeName>A</ForeName><Initials>A</Initials></Author><Author ValidYN="Y"><LastName>Fülöp</LastName><ForeName>T</ForeName><Initials>T</Initials></Author></AuthorList><Language>eng</Language><PublicationTypeList><PublicationType UI="D016430">Clinical Trial</PublicationType><PublicationType UI="D003160">Comparative Study</PublicationType><PublicationType UI="D016428">Journal Article</PublicationType><PublicationType UI="D016449">Randomized Controlled Trial</PublicationType><PublicationType UI="D013485">Research Support, Non-U.S. Gov't</PublicationType></PublicationTypeList></Article><MedlineJournalInfo><Country>United States</Country><MedlineTA>Metabolism</MedlineTA><NlmUniqueID>0375267</NlmUniqueID><ISSNLinking>0026-0495</ISSNLinking></MedlineJournalInfo><ChemicalList><Chemical><RegistryNumber>0</RegistryNumber><NameOfSubstance UI="D015415">Biomarkers</NameOfSubstance></Chemical><Chemical><RegistryNumber>0</RegistryNumber><NameOfSubstance UI="D007004">Hypoglycemic Agents</NameOfSubstance></Chemical><Chemical><RegistryNumber>0</RegistryNumber><NameOfSubstance UI="D008054">Lipid Peroxides</NameOfSubstance></Chemical><Chemical><RegistryNumber>0</RegistryNumber><NameOfSubstance UI="D008075">Lipoproteins, HDL</NameOfSubstance></Chemical><Chemical><RegistryNumber>0</RegistryNumber><NameOfSubstance UI="D008077">Lipoproteins, LDL</NameOfSubstance></Chemical><Chemical><RegistryNumber>1406-18-4</RegistryNumber><NameOfSubstance UI="D014810">Vitamin E</NameOfSubstance></Chemical><Chemical><RegistryNumber>9100L32L2N</RegistryNumber><NameOfSubstance UI="D008687">Metformin</NameOfSubstance></Chemical><Chemical><RegistryNumber>G4PX8C4HKV</RegistryNumber><NameOfSubstance UI="D005907">Gliclazide</NameOfSubstance></Chemical></ChemicalList><CitationSubset>IM</CitationSubset><MeshHeadingList><MeshHeading><DescriptorName UI="D000368" MajorTopicYN="N">Aged</DescriptorName></MeshHeading><MeshHeading><DescriptorName UI="D015415" MajorTopicYN="N">Biomarkers</DescriptorName></MeshHeading><MeshHeading><DescriptorName UI="D003924" MajorTopicYN="N">Diabetes Mellitus, Type 2</DescriptorName><QualifierName UI="Q000097" MajorTopicYN="N">blood</QualifierName><QualifierName UI="Q000378" MajorTopicYN="N">metabolism</QualifierName><QualifierName UI="Q000503" MajorTopicYN="Y">physiopathology</QualifierName></MeshHeading><MeshHeading><DescriptorName UI="D005260" MajorTopicYN="N">Female</DescriptorName></MeshHeading><MeshHeading><DescriptorName UI="D005907" MajorTopicYN="N">Gliclazide</DescriptorName><QualifierName UI="Q000009" MajorTopicYN="N">adverse effects</QualifierName><QualifierName UI="Q000627" MajorTopicYN="Y">therapeutic use</QualifierName></MeshHeading><MeshHeading><DescriptorName UI="D006801" MajorTopicYN="N">Humans</DescriptorName></MeshHeading><MeshHeading><DescriptorName UI="D007004" MajorTopicYN="N">Hypoglycemic Agents</DescriptorName><QualifierName UI="Q000009" MajorTopicYN="N">adverse effects</QualifierName><QualifierName UI="Q000627" MajorTopicYN="Y">therapeutic use</QualifierName></MeshHeading><MeshHeading><DescriptorName UI="D008054" MajorTopicYN="N">Lipid Peroxides</DescriptorName><QualifierName UI="Q000378" MajorTopicYN="Y">metabolism</QualifierName></MeshHeading><MeshHeading><DescriptorName UI="D008075" MajorTopicYN="N">Lipoproteins, HDL</DescriptorName><QualifierName UI="Q000097" MajorTopicYN="N">blood</QualifierName></MeshHeading><MeshHeading><DescriptorName UI="D008077" MajorTopicYN="N">Lipoproteins, LDL</DescriptorName><QualifierName UI="Q000097" MajorTopicYN="N">blood</QualifierName></MeshHeading><MeshHeading><DescriptorName UI="D008297" MajorTopicYN="N">Male</DescriptorName></MeshHeading><MeshHeading><DescriptorName UI="D008687" MajorTopicYN="N">Metformin</DescriptorName><QualifierName UI="Q000009" MajorTopicYN="N">adverse effects</QualifierName><QualifierName UI="Q000627" MajorTopicYN="Y">therapeutic use</QualifierName></MeshHeading><MeshHeading><DescriptorName UI="D008875" MajorTopicYN="N">Middle Aged</DescriptorName></MeshHeading><MeshHeading><DescriptorName UI="D016896" MajorTopicYN="N">Treatment Outcome</DescriptorName></MeshHeading><MeshHeading><DescriptorName UI="D014810" MajorTopicYN="N">Vitamin E</DescriptorName><QualifierName UI="Q000097" MajorTopicYN="N">blood</QualifierName></MeshHeading></MeshHeadingList></MedlineCitation><PubmedData><History><PubMedPubDate PubStatus="pubmed"><Year>1999</Year><Month>7</Month><Day>27</Day></PubMedPubDate><PubMedPubDate PubStatus="medline"><Year>1999</Year><Month>7</Month><Day>27</Day><Hour>0</Hour><Minute>1</Minute></PubMedPubDate><PubMedPubDate PubStatus="entrez"><Year>1999</Year><Month>7</Month><Day>27</Day><Hour>0</Hour><Minute>0</Minute></PubMedPubDate></History><PublicationStatus>ppublish</PublicationStatus><ArticleIdList><ArticleId IdType="pubmed">10421233</ArticleId><ArticleId IdType="pii">S0026-0495(99)90226-3</ArticleId><ArticleId IdType="doi">10.1016/s0026-0495(99)90226-3</ArticleId></ArticleIdList></PubmedData></PubmedArticle></PubmedArticleSet>