<?xml version="1.0" ?>
<!DOCTYPE PubmedArticleSet PUBLIC "-//NLM//DTD PubMedArticle, 1st January 2019//EN" "https://dtd.nlm.nih.gov/ncbi/pubmed/out/pubmed_190101.dtd">
<PubmedArticleSet><PubmedArticle><MedlineCitation Status="MEDLINE" Owner="NLM"><PMID Version="1">10421090</PMID><DateCompleted><Year>1999</Year><Month>09</Month><Day>28</Day></DateCompleted><DateRevised><Year>2017</Year><Month>11</Month><Day>16</Day></DateRevised><Article PubModel="Print"><Journal><ISSN IssnType="Print">1049-510X</ISSN><JournalIssue CitedMedium="Print"><Volume>9</Volume><Issue>2</Issue><PubDate><MedlineDate>1999 Spring-Summer</MedlineDate></PubDate></JournalIssue><Title>Ethnicity &amp; disease</Title><ISOAbbreviation>Ethn Dis</ISOAbbreviation></Journal><ArticleTitle>Diet, diabetes, hypertension and blacks.</ArticleTitle><Pagination><MedlinePgn>272-7</MedlinePgn></Pagination><Abstract><AbstractText>The prevalence of non insulin dependent diabetes mellitus (NIDDM) is increasing in all populations. This increment has been correlated with changes in lifestyle, particularly in eating behavior. Migration studies strongly suggest that NIDDM becomes more common when lifestyle factors interact with genetic susceptibility. Blacks have a higher prevalence of NIDDM than whites. In this study, it is suggested that persistent hyperglycemia mediated through the main carbohydrate of the Western diet-wheat, as white flour and whole wheat-in combination with partial or complete glucose 6-phosphate dehydrogenase deficiency are possible factors for the higher prevalence of NIDDM in blacks.</AbstractText></Abstract><AuthorList CompleteYN="Y"><Author ValidYN="Y"><LastName>Gaskin</LastName><ForeName>R</ForeName><Initials>R</Initials><AffiliationInfo><Affiliation>Geriatric Hospital, St. Michael, Barbados, West Indies.</Affiliation></AffiliationInfo></Author></AuthorList><Language>eng</Language><PublicationTypeList><PublicationType UI="D016428">Journal Article</PublicationType><PublicationType UI="D016454">Review</PublicationType></PublicationTypeList></Article><MedlineJournalInfo><Country>United States</Country><MedlineTA>Ethn Dis</MedlineTA><NlmUniqueID>9109034</NlmUniqueID><ISSNLinking>1049-510X</ISSNLinking></MedlineJournalInfo><ChemicalList><Chemical><RegistryNumber>0</RegistryNumber><NameOfSubstance UI="D004040">Dietary Carbohydrates</NameOfSubstance></Chemical><Chemical><RegistryNumber>0</RegistryNumber><NameOfSubstance UI="D017127">Glycation End Products, Advanced</NameOfSubstance></Chemical><Chemical><RegistryNumber>56-73-5</RegistryNumber><NameOfSubstance UI="D019298">Glucose-6-Phosphate</NameOfSubstance></Chemical></ChemicalList><CitationSubset>IM</CitationSubset><MeshHeadingList><MeshHeading><DescriptorName UI="D001741" MajorTopicYN="Y">African Americans</DescriptorName></MeshHeading><MeshHeading><DescriptorName UI="D003924" MajorTopicYN="N">Diabetes Mellitus, Type 2</DescriptorName><QualifierName UI="Q000208" MajorTopicYN="Y">ethnology</QualifierName><QualifierName UI="Q000235" MajorTopicYN="N">genetics</QualifierName><QualifierName UI="Q000378" MajorTopicYN="N">metabolism</QualifierName></MeshHeading><MeshHeading><DescriptorName UI="D004040" MajorTopicYN="N">Dietary Carbohydrates</DescriptorName><QualifierName UI="Q000008" MajorTopicYN="Y">administration &amp; dosage</QualifierName></MeshHeading><MeshHeading><DescriptorName UI="D019298" MajorTopicYN="N">Glucose-6-Phosphate</DescriptorName><QualifierName UI="Q000172" MajorTopicYN="N">deficiency</QualifierName></MeshHeading><MeshHeading><DescriptorName UI="D017127" MajorTopicYN="N">Glycation End Products, Advanced</DescriptorName><QualifierName UI="Q000097" MajorTopicYN="N">blood</QualifierName></MeshHeading><MeshHeading><DescriptorName UI="D006801" MajorTopicYN="N">Humans</DescriptorName></MeshHeading><MeshHeading><DescriptorName UI="D006943" MajorTopicYN="N">Hyperglycemia</DescriptorName><QualifierName UI="Q000208" MajorTopicYN="N">ethnology</QualifierName><QualifierName UI="Q000378" MajorTopicYN="N">metabolism</QualifierName></MeshHeading><MeshHeading><DescriptorName UI="D006973" MajorTopicYN="N">Hypertension</DescriptorName><QualifierName UI="Q000208" MajorTopicYN="N">ethnology</QualifierName><QualifierName UI="Q000378" MajorTopicYN="N">metabolism</QualifierName></MeshHeading><MeshHeading><DescriptorName UI="D015995" MajorTopicYN="N">Prevalence</DescriptorName></MeshHeading><MeshHeading><DescriptorName UI="D012307" MajorTopicYN="N">Risk Factors</DescriptorName></MeshHeading></MeshHeadingList><NumberOfReferences>11</NumberOfReferences></MedlineCitation><PubmedData><History><PubMedPubDate PubStatus="pubmed"><Year>1999</Year><Month>7</Month><Day>27</Day></PubMedPubDate><PubMedPubDate PubStatus="medline"><Year>1999</Year><Month>7</Month><Day>27</Day><Hour>0</Hour><Minute>1</Minute></PubMedPubDate><PubMedPubDate PubStatus="entrez"><Year>1999</Year><Month>7</Month><Day>27</Day><Hour>0</Hour><Minute>0</Minute></PubMedPubDate></History><PublicationStatus>ppublish</PublicationStatus><ArticleIdList><ArticleId IdType="pubmed">10421090</ArticleId></ArticleIdList></PubmedData></PubmedArticle></PubmedArticleSet>