<?xml version="1.0" ?>
<!DOCTYPE PubmedArticleSet PUBLIC "-//NLM//DTD PubMedArticle, 1st January 2019//EN" "https://dtd.nlm.nih.gov/ncbi/pubmed/out/pubmed_190101.dtd">
<PubmedArticleSet><PubmedArticle><MedlineCitation Status="MEDLINE" Owner="NLM"><PMID Version="1">10424434</PMID><DateCompleted><Year>1999</Year><Month>09</Month><Day>16</Day></DateCompleted><DateRevised><Year>2019</Year><Month>08</Month><Day>26</Day></DateRevised><Article PubModel="Print"><Journal><ISSN IssnType="Print">0165-2478</ISSN><JournalIssue CitedMedium="Print"><Volume>68</Volume><Issue>2-3</Issue><PubDate><Year>1999</Year><Month>Jun</Month><Day>01</Day></PubDate></JournalIssue><Title>Immunology letters</Title><ISOAbbreviation>Immunol Lett</ISOAbbreviation></Journal><ArticleTitle>Gammadelta T-cells alterations in the peripheral blood of high risk diabetes type 1 subjects with subclinical pancreatic B-cells impairment.</ArticleTitle><Pagination><MedlinePgn>289-93</MedlinePgn></Pagination><Abstract><AbstractText>There is increasing evidence that CD3 + cells bearing gammadelta T-cell receptor (represent the minor subpopulation of the T-cells in the peripheral blood in humans) are involved in autoimmunity development. Gammadelta T-cell receptor (TCR)+ /CD8+ T-cells have been recently found to play a critical role in the pathogenesis and prevention of autoimmune diabetes in the animal model. The aim of the present study was the estimation the gammadelta T-cell subpopulation levels in the peripheral blood of subjects with preclinical and overt type 1 diabetes and their possible associations with the humoral immunity, metabolic parameters and pancreatic B-cells function. The study was carried out in three groups of subjects: 26 first degree relatives of type 1 diabetes patients (prediabetics) with the combinations of autoantibodies against pancreatic B-cells (ICA, GADA, IA-2A, IAA), 22 patients with a recent onset of type 1 diabetes and age and sex-matched 24 healthy volunteers (control group). A decrease was observed in the absolute numbers and percentages of gammadelta+ /CD8+ and gammadelta+ /CD8- T-cell subpopulations in peripheral blood in the prediabetics with the impaired first phase of insulin secretion in comparison to relatives with autoantibodies but still with normal B-cells function, patients with clinical diabetes and healthy controls. In conclusion, the study suggests that the gammadelta T-cells play an important role in the development of insulin-dependent diabetes mellitus (IDDM). It is possible that their levels in the peripheral blood could be an additional marker of preclinical detection of the disease, but further prospective studies in high risk of IDDM subjects are needed.</AbstractText></Abstract><AuthorList CompleteYN="Y"><Author ValidYN="Y"><LastName>Kretowski</LastName><ForeName>A</ForeName><Initials>A</Initials><AffiliationInfo><Affiliation>Department of Endocrinology, Medical School Białystok, Poland. akretows@amb.ac.bialystok.pl</Affiliation></AffiliationInfo></Author><Author ValidYN="Y"><LastName>Mysliwiec</LastName><ForeName>J</ForeName><Initials>J</Initials></Author><Author ValidYN="Y"><LastName>Szelachowska</LastName><ForeName>M</ForeName><Initials>M</Initials></Author><Author ValidYN="Y"><LastName>Turowski</LastName><ForeName>D</ForeName><Initials>D</Initials></Author><Author ValidYN="Y"><LastName>Wysocka</LastName><ForeName>J</ForeName><Initials>J</Initials></Author><Author ValidYN="Y"><LastName>Kowalska</LastName><ForeName>I</ForeName><Initials>I</Initials></Author><Author ValidYN="Y"><LastName>Kinalska</LastName><ForeName>I</ForeName><Initials>I</Initials></Author></AuthorList><Language>eng</Language><PublicationTypeList><PublicationType UI="D016428">Journal Article</PublicationType></PublicationTypeList></Article><MedlineJournalInfo><Country>Netherlands</Country><MedlineTA>Immunol Lett</MedlineTA><NlmUniqueID>7910006</NlmUniqueID><ISSNLinking>0165-2478</ISSNLinking></MedlineJournalInfo><ChemicalList><Chemical><RegistryNumber>0</RegistryNumber><NameOfSubstance UI="D001323">Autoantibodies</NameOfSubstance></Chemical><Chemical><RegistryNumber>0</RegistryNumber><NameOfSubstance UI="D015415">Biomarkers</NameOfSubstance></Chemical><Chemical><RegistryNumber>0</RegistryNumber><NameOfSubstance UI="D007328">Insulin</NameOfSubstance></Chemical><Chemical><RegistryNumber>0</RegistryNumber><NameOfSubstance UI="D016692">Receptors, Antigen, T-Cell, gamma-delta</NameOfSubstance></Chemical></ChemicalList><CitationSubset>IM</CitationSubset><MeshHeadingList><MeshHeading><DescriptorName UI="D000293" MajorTopicYN="N">Adolescent</DescriptorName></MeshHeading><MeshHeading><DescriptorName UI="D000328" MajorTopicYN="N">Adult</DescriptorName></MeshHeading><MeshHeading><DescriptorName UI="D001323" MajorTopicYN="N">Autoantibodies</DescriptorName><QualifierName UI="Q000097" MajorTopicYN="N">blood</QualifierName></MeshHeading><MeshHeading><DescriptorName UI="D015415" MajorTopicYN="N">Biomarkers</DescriptorName></MeshHeading><MeshHeading><DescriptorName UI="D002648" MajorTopicYN="N">Child</DescriptorName></MeshHeading><MeshHeading><DescriptorName UI="D003922" MajorTopicYN="N">Diabetes Mellitus, Type 1</DescriptorName><QualifierName UI="Q000209" MajorTopicYN="N">etiology</QualifierName><QualifierName UI="Q000235" MajorTopicYN="N">genetics</QualifierName><QualifierName UI="Q000276" MajorTopicYN="Y">immunology</QualifierName></MeshHeading><MeshHeading><DescriptorName UI="D005260" MajorTopicYN="N">Female</DescriptorName></MeshHeading><MeshHeading><DescriptorName UI="D005544" MajorTopicYN="N">Forecasting</DescriptorName></MeshHeading><MeshHeading><DescriptorName UI="D005951" MajorTopicYN="N">Glucose Tolerance Test</DescriptorName></MeshHeading><MeshHeading><DescriptorName UI="D006801" MajorTopicYN="N">Humans</DescriptorName></MeshHeading><MeshHeading><DescriptorName UI="D007328" MajorTopicYN="N">Insulin</DescriptorName><QualifierName UI="Q000378" MajorTopicYN="N">metabolism</QualifierName></MeshHeading><MeshHeading><DescriptorName UI="D000078790" MajorTopicYN="N">Insulin Secretion</DescriptorName></MeshHeading><MeshHeading><DescriptorName UI="D007515" MajorTopicYN="N">Islets of Langerhans</DescriptorName><QualifierName UI="Q000276" MajorTopicYN="Y">immunology</QualifierName></MeshHeading><MeshHeading><DescriptorName UI="D018655" MajorTopicYN="N">Lymphocyte Count</DescriptorName></MeshHeading><MeshHeading><DescriptorName UI="D008297" MajorTopicYN="N">Male</DescriptorName></MeshHeading><MeshHeading><DescriptorName UI="D016692" MajorTopicYN="Y">Receptors, Antigen, T-Cell, gamma-delta</DescriptorName></MeshHeading><MeshHeading><DescriptorName UI="D016176" MajorTopicYN="N">T-Lymphocyte Subsets</DescriptorName><QualifierName UI="Q000276" MajorTopicYN="Y">immunology</QualifierName></MeshHeading></MeshHeadingList></MedlineCitation><PubmedData><History><PubMedPubDate PubStatus="pubmed"><Year>1999</Year><Month>7</Month><Day>29</Day></PubMedPubDate><PubMedPubDate PubStatus="medline"><Year>1999</Year><Month>7</Month><Day>29</Day><Hour>0</Hour><Minute>1</Minute></PubMedPubDate><PubMedPubDate PubStatus="entrez"><Year>1999</Year><Month>7</Month><Day>29</Day><Hour>0</Hour><Minute>0</Minute></PubMedPubDate></History><PublicationStatus>ppublish</PublicationStatus><ArticleIdList><ArticleId IdType="pubmed">10424434</ArticleId><ArticleId IdType="pii">S0165-2478(99)00066-8</ArticleId><ArticleId IdType="doi">10.1016/s0165-2478(99)00066-8</ArticleId></ArticleIdList></PubmedData></PubmedArticle></PubmedArticleSet>