<?xml version="1.0" ?>
<!DOCTYPE PubmedArticleSet PUBLIC "-//NLM//DTD PubMedArticle, 1st January 2019//EN" "https://dtd.nlm.nih.gov/ncbi/pubmed/out/pubmed_190101.dtd">
<PubmedArticleSet><PubmedArticle><MedlineCitation Status="MEDLINE" Owner="NLM"><PMID Version="1">10423111</PMID><DateCompleted><Year>1999</Year><Month>12</Month><Day>01</Day></DateCompleted><DateRevised><Year>2019</Year><Month>11</Month><Day>03</Day></DateRevised><Article PubModel="Print"><Journal><ISSN IssnType="Print">1064-1963</ISSN><JournalIssue CitedMedium="Print"><Volume>21</Volume><Issue>5-6</Issue><PubDate><MedlineDate>1999 Jul-Aug</MedlineDate></PubDate></JournalIssue><Title>Clinical and experimental hypertension (New York, N.Y. : 1993)</Title><ISOAbbreviation>Clin Exp Hypertens</ISOAbbreviation></Journal><ArticleTitle>Drug treatment for hypertensive patients in special situations: diabetes and hypertension.</ArticleTitle><Pagination><MedlinePgn>895-906</MedlinePgn></Pagination><Abstract><AbstractText>Diabetes mellitus and hypertension is often associated, but with a different type of development in type 1 and type 2 diabetes. Type 1 diabetes, renal disease, starting with microalbuminuria, is associated with increasing blood pressure or hypertension, whereas the patient without renal disease is most often normotensive. Poor metabolic control is a predictor of microalbuminuria or incipient nephropathy, but with microalbuminuria hypertension is an important risk factor for progression along with poor glycemic control. The same is the case for overt renal disease, and metabolic control is important in all stages of renal disease in type 1 diabetes. It has also been shown that good metabolic control as well as antihypertensive treatment, especially with ACE-inhibitors, often combined with other agents is quite effective in preventing progression in renal disease in all its stages. In type 2 diabetes, blood pressure elevation is often found as early as at the actual diagnosis, and blood pressure significantly increases according to the degree of albuminuria, normo-microalbuminuria and clinical proteinuria (macroalbuminuria). Elevated blood pressure is an important risk for renal disease but more importantly so also for cardiovascular disease. Several studies document that antihypertensive treatment in particular with ACE-inhibitors is important in preventing microalbuminuria, in treating microalbuminuria and thus preventing progression, also in overt renal disease. Near-normalization of blood pressure is vital. Regarding cardiovascular disease, a series of studies now document that antihypertensive treatment with various antihypertensive agents is able to significantly reduce a number of major cardiovascular complications in diabetes, such as cardiac disease, stroke, and also microvacular disease, including retinopathy. Several studies show that antihypertensive treatment should be started at a level higher than 140-150/90. The blood pressure to be achieved during treatment is probably around 140/85 mmHg or even 130/80 mmHg as a pragmatic goal. However, there is no sign of a J-shaped curve in any of the studies, and therefore even lower blood pressure could be advantageous. Even mortality, at least from diabetes-related causes can be effected by antihypertensive treatment. With more advanced renal disease, normalization of blood pressure is increasingly difficult, especially systolic blood pressure, and therefore it is recommendable to screen patients much earlier on with focus on blood pressure recordings and measurements of albuminuria, including microalbuminuria, and to treat early.</AbstractText></Abstract><AuthorList CompleteYN="Y"><Author ValidYN="Y"><LastName>Mogensen</LastName><ForeName>C E</ForeName><Initials>CE</Initials><AffiliationInfo><Affiliation>Medical Department M (Diabetes and Endocrinology), Aarhus Kommunehospital, Aarhus University Hospitals, Aarhus C, Denmark.</Affiliation></AffiliationInfo></Author></AuthorList><Language>eng</Language><PublicationTypeList><PublicationType UI="D016428">Journal Article</PublicationType><PublicationType UI="D016454">Review</PublicationType></PublicationTypeList></Article><MedlineJournalInfo><Country>England</Country><MedlineTA>Clin Exp Hypertens</MedlineTA><NlmUniqueID>9305929</NlmUniqueID><ISSNLinking>1064-1963</ISSNLinking></MedlineJournalInfo><ChemicalList><Chemical><RegistryNumber>0</RegistryNumber><NameOfSubstance UI="D000806">Angiotensin-Converting Enzyme Inhibitors</NameOfSubstance></Chemical><Chemical><RegistryNumber>0</RegistryNumber><NameOfSubstance UI="D000959">Antihypertensive Agents</NameOfSubstance></Chemical></ChemicalList><CitationSubset>IM</CitationSubset><MeshHeadingList><MeshHeading><DescriptorName UI="D000419" MajorTopicYN="N">Albuminuria</DescriptorName><QualifierName UI="Q000517" MajorTopicYN="N">prevention &amp; control</QualifierName></MeshHeading><MeshHeading><DescriptorName UI="D000806" MajorTopicYN="N">Angiotensin-Converting Enzyme Inhibitors</DescriptorName><QualifierName UI="Q000494" MajorTopicYN="N">pharmacology</QualifierName></MeshHeading><MeshHeading><DescriptorName UI="D000959" MajorTopicYN="N">Antihypertensive Agents</DescriptorName><QualifierName UI="Q000494" MajorTopicYN="N">pharmacology</QualifierName><QualifierName UI="Q000627" MajorTopicYN="N">therapeutic use</QualifierName></MeshHeading><MeshHeading><DescriptorName UI="D001794" MajorTopicYN="N">Blood Pressure</DescriptorName></MeshHeading><MeshHeading><DescriptorName UI="D002318" MajorTopicYN="N">Cardiovascular Diseases</DescriptorName><QualifierName UI="Q000209" MajorTopicYN="N">etiology</QualifierName><QualifierName UI="Q000517" MajorTopicYN="N">prevention &amp; control</QualifierName></MeshHeading><MeshHeading><DescriptorName UI="D002986" MajorTopicYN="N">Clinical Trials as Topic</DescriptorName></MeshHeading><MeshHeading><DescriptorName UI="D003922" MajorTopicYN="N">Diabetes Mellitus, Type 1</DescriptorName><QualifierName UI="Q000150" MajorTopicYN="N">complications</QualifierName><QualifierName UI="Q000188" MajorTopicYN="Y">drug therapy</QualifierName></MeshHeading><MeshHeading><DescriptorName UI="D003924" MajorTopicYN="N">Diabetes Mellitus, Type 2</DescriptorName><QualifierName UI="Q000150" MajorTopicYN="N">complications</QualifierName><QualifierName UI="Q000188" MajorTopicYN="Y">drug therapy</QualifierName></MeshHeading><MeshHeading><DescriptorName UI="D006801" MajorTopicYN="N">Humans</DescriptorName></MeshHeading><MeshHeading><DescriptorName UI="D006973" MajorTopicYN="N">Hypertension</DescriptorName><QualifierName UI="Q000150" MajorTopicYN="N">complications</QualifierName><QualifierName UI="Q000188" MajorTopicYN="Y">drug therapy</QualifierName></MeshHeading><MeshHeading><DescriptorName UI="D007674" MajorTopicYN="N">Kidney Diseases</DescriptorName><QualifierName UI="Q000188" MajorTopicYN="N">drug therapy</QualifierName></MeshHeading><MeshHeading><DescriptorName UI="D012307" MajorTopicYN="N">Risk Factors</DescriptorName></MeshHeading></MeshHeadingList><NumberOfReferences>26</NumberOfReferences></MedlineCitation><PubmedData><History><PubMedPubDate PubStatus="pubmed"><Year>1999</Year><Month>7</Month><Day>28</Day></PubMedPubDate><PubMedPubDate PubStatus="medline"><Year>1999</Year><Month>7</Month><Day>28</Day><Hour>0</Hour><Minute>1</Minute></PubMedPubDate><PubMedPubDate PubStatus="entrez"><Year>1999</Year><Month>7</Month><Day>28</Day><Hour>0</Hour><Minute>0</Minute></PubMedPubDate></History><PublicationStatus>ppublish</PublicationStatus><ArticleIdList><ArticleId IdType="pubmed">10423111</ArticleId><ArticleId IdType="doi">10.3109/10641969909061018</ArticleId></ArticleIdList></PubmedData></PubmedArticle></PubmedArticleSet>