<?xml version="1.0" ?>
<!DOCTYPE PubmedArticleSet PUBLIC "-//NLM//DTD PubMedArticle, 1st January 2019//EN" "https://dtd.nlm.nih.gov/ncbi/pubmed/out/pubmed_190101.dtd">
<PubmedArticleSet><PubmedArticle><MedlineCitation Status="MEDLINE" Owner="NLM"><PMID Version="1">10426379</PMID><DateCompleted><Year>1999</Year><Month>08</Month><Day>11</Day></DateCompleted><DateRevised><Year>2022</Year><Month>04</Month><Day>08</Day></DateRevised><Article PubModel="Print"><Journal><ISSN IssnType="Print">0012-1797</ISSN><JournalIssue CitedMedium="Print"><Volume>48</Volume><Issue>8</Issue><PubDate><Year>1999</Year><Month>Aug</Month></PubDate></JournalIssue><Title>Diabetes</Title><ISOAbbreviation>Diabetes</ISOAbbreviation></Journal><ArticleTitle>Intramyocellular triglyceride content is a determinant of in vivo insulin resistance in humans: a 1H-13C nuclear magnetic resonance spectroscopy assessment in offspring of type 2 diabetic parents.</ArticleTitle><Pagination><MedlinePgn>1600-6</MedlinePgn></Pagination><Abstract><AbstractText>Insulin resistance is the best prediction factor for the clinical onset of type 2 diabetes. It was suggested that intramuscular triglyceride store may be a primary pathogenic factor for its development. To test this hypothesis, 14 young lean offspring of type 2 diabetic parents, a model of in vivo insulin resistance with increased risk to develop diabetes, and 14 healthy subjects matched for anthropomorphic parameters and life habits were studied with 1) euglycemic-hyperinsulinemic clamp to assess whole body insulin sensitivity, 2) localized 1H nuclear magnetic resonance (NMR) spectroscopy of the soleus (higher content of fiber type I, insulin sensitive) and tibialis anterior (higher content of fiber type IIb, less insulin sensitive) muscles to assess intramyocellular triglyceride content, 3) 13C NMR of the calf subcutaneous adipose tissue to assess composition in saturated/unsaturated carbons of triglyceride fatty acid chains, and 4) dual X-ray energy absorption to assess body composition. Offspring of diabetic parents, notwithstanding normal fat content and distribution, were characterized by insulin resistance and increased intramyocellular triglyceride content in the soleus (P &lt; 0.01) but not in the tibialis anterior (P = 0.19), but showed a normal content of saturated/unsaturated carbons in the fatty acid chain of subcutaneous adipocytes. Stepwise regression analysis selected intramyocellular triglyceride soleus content and plasma free fatty acid levels as the main predictors of whole body insulin sensitivity. In conclusion, 1H and 13C NMR spectroscopy revealed intramyocellular abnormalities of lipid metabolism associated with whole body insulin resistance in subjects at high risk of developing diabetes, and might be useful tools for noninvasively monitoring these alterations in diabetes and prediabetic states.</AbstractText></Abstract><AuthorList CompleteYN="Y"><Author ValidYN="Y"><LastName>Perseghin</LastName><ForeName>G</ForeName><Initials>G</Initials><AffiliationInfo><Affiliation>Division of Internal Medicine, Istituto Scientifico H San Raffaele, Milan, Italy. perseghin.gianluca@hsr.it</Affiliation></AffiliationInfo></Author><Author ValidYN="Y"><LastName>Scifo</LastName><ForeName>P</ForeName><Initials>P</Initials></Author><Author ValidYN="Y"><LastName>De Cobelli</LastName><ForeName>F</ForeName><Initials>F</Initials></Author><Author ValidYN="Y"><LastName>Pagliato</LastName><ForeName>E</ForeName><Initials>E</Initials></Author><Author ValidYN="Y"><LastName>Battezzati</LastName><ForeName>A</ForeName><Initials>A</Initials></Author><Author ValidYN="Y"><LastName>Arcelloni</LastName><ForeName>C</ForeName><Initials>C</Initials></Author><Author ValidYN="Y"><LastName>Vanzulli</LastName><ForeName>A</ForeName><Initials>A</Initials></Author><Author ValidYN="Y"><LastName>Testolin</LastName><ForeName>G</ForeName><Initials>G</Initials></Author><Author ValidYN="Y"><LastName>Pozza</LastName><ForeName>G</ForeName><Initials>G</Initials></Author><Author ValidYN="Y"><LastName>Del Maschio</LastName><ForeName>A</ForeName><Initials>A</Initials></Author><Author ValidYN="Y"><LastName>Luzi</LastName><ForeName>L</ForeName><Initials>L</Initials></Author></AuthorList><Language>eng</Language><GrantList CompleteYN="Y"><Grant><GrantID>1032C</GrantID><Acronym>TI_</Acronym><Agency>Telethon</Agency><Country>Italy</Country></Grant></GrantList><PublicationTypeList><PublicationType UI="D016428">Journal Article</PublicationType><PublicationType UI="D013485">Research Support, Non-U.S. Gov't</PublicationType></PublicationTypeList></Article><MedlineJournalInfo><Country>United States</Country><MedlineTA>Diabetes</MedlineTA><NlmUniqueID>0372763</NlmUniqueID><ISSNLinking>0012-1797</ISSNLinking></MedlineJournalInfo><ChemicalList><Chemical><RegistryNumber>0</RegistryNumber><NameOfSubstance UI="D002247">Carbon Isotopes</NameOfSubstance></Chemical><Chemical><RegistryNumber>0</RegistryNumber><NameOfSubstance UI="D014280">Triglycerides</NameOfSubstance></Chemical><Chemical><RegistryNumber>10028-17-8</RegistryNumber><NameOfSubstance UI="D014316">Tritium</NameOfSubstance></Chemical></ChemicalList><CitationSubset>IM</CitationSubset><MeshHeadingList><MeshHeading><DescriptorName UI="D000328" MajorTopicYN="N">Adult</DescriptorName></MeshHeading><MeshHeading><DescriptorName UI="D002247" MajorTopicYN="N">Carbon Isotopes</DescriptorName></MeshHeading><MeshHeading><DescriptorName UI="D003924" MajorTopicYN="N">Diabetes Mellitus, Type 2</DescriptorName><QualifierName UI="Q000235" MajorTopicYN="Y">genetics</QualifierName></MeshHeading><MeshHeading><DescriptorName UI="D005260" MajorTopicYN="N">Female</DescriptorName></MeshHeading><MeshHeading><DescriptorName UI="D015309" MajorTopicYN="N">Glucose Clamp Technique</DescriptorName></MeshHeading><MeshHeading><DescriptorName UI="D006801" MajorTopicYN="N">Humans</DescriptorName></MeshHeading><MeshHeading><DescriptorName UI="D006946" MajorTopicYN="N">Hyperinsulinism</DescriptorName><QualifierName UI="Q000378" MajorTopicYN="N">metabolism</QualifierName></MeshHeading><MeshHeading><DescriptorName UI="D007333" MajorTopicYN="N">Insulin Resistance</DescriptorName><QualifierName UI="Q000502" MajorTopicYN="Y">physiology</QualifierName></MeshHeading><MeshHeading><DescriptorName UI="D009682" MajorTopicYN="N">Magnetic Resonance Spectroscopy</DescriptorName></MeshHeading><MeshHeading><DescriptorName UI="D008297" MajorTopicYN="N">Male</DescriptorName></MeshHeading><MeshHeading><DescriptorName UI="D008875" MajorTopicYN="N">Middle Aged</DescriptorName></MeshHeading><MeshHeading><DescriptorName UI="D015999" MajorTopicYN="N">Multivariate Analysis</DescriptorName></MeshHeading><MeshHeading><DescriptorName UI="D018482" MajorTopicYN="N">Muscle, Skeletal</DescriptorName><QualifierName UI="Q000166" MajorTopicYN="N">cytology</QualifierName><QualifierName UI="Q000378" MajorTopicYN="Y">metabolism</QualifierName></MeshHeading><MeshHeading><DescriptorName UI="D012727" MajorTopicYN="N">Sex Characteristics</DescriptorName></MeshHeading><MeshHeading><DescriptorName UI="D014280" MajorTopicYN="N">Triglycerides</DescriptorName><QualifierName UI="Q000378" MajorTopicYN="Y">metabolism</QualifierName></MeshHeading><MeshHeading><DescriptorName UI="D014316" MajorTopicYN="N">Tritium</DescriptorName></MeshHeading></MeshHeadingList></MedlineCitation><PubmedData><History><PubMedPubDate PubStatus="pubmed"><Year>1999</Year><Month>7</Month><Day>30</Day></PubMedPubDate><PubMedPubDate PubStatus="medline"><Year>1999</Year><Month>7</Month><Day>30</Day><Hour>0</Hour><Minute>1</Minute></PubMedPubDate><PubMedPubDate PubStatus="entrez"><Year>1999</Year><Month>7</Month><Day>30</Day><Hour>0</Hour><Minute>0</Minute></PubMedPubDate></History><PublicationStatus>ppublish</PublicationStatus><ArticleIdList><ArticleId IdType="pubmed">10426379</ArticleId><ArticleId IdType="doi">10.2337/diabetes.48.8.1600</ArticleId></ArticleIdList></PubmedData></PubmedArticle></PubmedArticleSet>