<?xml version="1.0" ?>
<!DOCTYPE PubmedArticleSet PUBLIC "-//NLM//DTD PubMedArticle, 1st January 2019//EN" "https://dtd.nlm.nih.gov/ncbi/pubmed/out/pubmed_190101.dtd">
<PubmedArticleSet><PubmedArticle><MedlineCitation Status="MEDLINE" Owner="NLM"><PMID Version="1">10426365</PMID><DateCompleted><Year>1999</Year><Month>08</Month><Day>11</Day></DateCompleted><DateRevised><Year>2022</Year><Month>04</Month><Day>08</Day></DateRevised><Article PubModel="Print"><Journal><ISSN IssnType="Print">0012-1797</ISSN><JournalIssue CitedMedium="Print"><Volume>48</Volume><Issue>8</Issue><PubDate><Year>1999</Year><Month>Aug</Month></PubDate></JournalIssue><Title>Diabetes</Title><ISOAbbreviation>Diabetes</ISOAbbreviation></Journal><ArticleTitle>Cow's milk and type 1 diabetes: the real debate is about mucosal immune function.</ArticleTitle><Pagination><MedlinePgn>1501-7</MedlinePgn></Pagination><Abstract><AbstractText>The hypothesis that early exposure of the infant to cow's milk (or lack of breast-feeding) predisposes the child to type 1 diabetes dates from the 1980s. It has important implications, but remains controversial because the evidence on which it is based has been indirect and is open to criticism. Two meta-analyses of multiple studies in which diabetes prevalence was associated retrospectively with infant feeding revealed only a marginal increase in relative risk. Two recent prospective studies found no apparent association between development of antibodies to islet antigens and feeding patterns in high-risk infants with a first-degree type 1 diabetic relative. Studies reporting increased humoral and cellular immunity to cow's milk proteins in children with type 1 diabetes often lack appropriate controls and standardization and do not, in themselves, establish a causal connection to disease pathogenesis. A review of published data leads to the conclusion that increased immunity to cow's milk proteins is not disease-specific, but reflects genetic predisposition to increased immunity to dietary proteins in general, associated with the HLA haplotype A1-B8-DR3-DQ2 (A1*0501, B1*0201), which also predisposes to celiac disease and selective IgA deficiency. We suggest that the cow's milk hypothesis could be productively reframed around mucosal immune function in type 1 diabetes. Breast milk contains growth factors, cytokines, and other immunomodulatory agents that promote functional maturation of intestinal mucosal tissues. In the NOD mouse model, environmental cleanliness may influence diabetes incidence through mucosal mechanisms, and exposure of the mucosa to insulin (present in breast milk) induces regulatory T-cells and decreases diabetes incidence. The mucosa is a major immunoregulatory barrier, and cow's milk happens to be the first dietary protein it encounters. The basic question is whether impaired mucosal immune function predisposes to type 1 diabetes.</AbstractText></Abstract><AuthorList CompleteYN="Y"><Author ValidYN="Y"><LastName>Harrison</LastName><ForeName>L C</ForeName><Initials>LC</Initials><AffiliationInfo><Affiliation>The Walter and Eliza Hall Institute of Medical Research, Royal Melbourne Hospital, Parkville, Australia. harrison@wehi.edu.au</Affiliation></AffiliationInfo></Author><Author ValidYN="Y"><LastName>Honeyman</LastName><ForeName>M C</ForeName><Initials>MC</Initials></Author></AuthorList><Language>eng</Language><PublicationTypeList><PublicationType UI="D016428">Journal Article</PublicationType><PublicationType UI="D016454">Review</PublicationType></PublicationTypeList></Article><MedlineJournalInfo><Country>United States</Country><MedlineTA>Diabetes</MedlineTA><NlmUniqueID>0372763</NlmUniqueID><ISSNLinking>0012-1797</ISSNLinking></MedlineJournalInfo><ChemicalList><Chemical><RegistryNumber>0</RegistryNumber><NameOfSubstance UI="D008894">Milk Proteins</NameOfSubstance></Chemical></ChemicalList><CitationSubset>IM</CitationSubset><MeshHeadingList><MeshHeading><DescriptorName UI="D000818" MajorTopicYN="N">Animals</DescriptorName></MeshHeading><MeshHeading><DescriptorName UI="D003922" MajorTopicYN="N">Diabetes Mellitus, Type 1</DescriptorName><QualifierName UI="Q000209" MajorTopicYN="Y">etiology</QualifierName><QualifierName UI="Q000276" MajorTopicYN="N">immunology</QualifierName></MeshHeading><MeshHeading><DescriptorName UI="D004195" MajorTopicYN="N">Disease Models, Animal</DescriptorName></MeshHeading><MeshHeading><DescriptorName UI="D004198" MajorTopicYN="N">Disease Susceptibility</DescriptorName><QualifierName UI="Q000209" MajorTopicYN="N">etiology</QualifierName></MeshHeading><MeshHeading><DescriptorName UI="D006801" MajorTopicYN="N">Humans</DescriptorName></MeshHeading><MeshHeading><DescriptorName UI="D007107" MajorTopicYN="N">Immune System</DescriptorName><QualifierName UI="Q000502" MajorTopicYN="Y">physiology</QualifierName></MeshHeading><MeshHeading><DescriptorName UI="D007109" MajorTopicYN="N">Immunity</DescriptorName><QualifierName UI="Q000276" MajorTopicYN="N">immunology</QualifierName></MeshHeading><MeshHeading><DescriptorName UI="D007413" MajorTopicYN="N">Intestinal Mucosa</DescriptorName><QualifierName UI="Q000276" MajorTopicYN="Y">immunology</QualifierName></MeshHeading><MeshHeading><DescriptorName UI="D008892" MajorTopicYN="N">Milk</DescriptorName><QualifierName UI="Q000009" MajorTopicYN="Y">adverse effects</QualifierName></MeshHeading><MeshHeading><DescriptorName UI="D008894" MajorTopicYN="N">Milk Proteins</DescriptorName><QualifierName UI="Q000276" MajorTopicYN="N">immunology</QualifierName></MeshHeading></MeshHeadingList><NumberOfReferences>81</NumberOfReferences></MedlineCitation><PubmedData><History><PubMedPubDate PubStatus="pubmed"><Year>1999</Year><Month>7</Month><Day>30</Day></PubMedPubDate><PubMedPubDate PubStatus="medline"><Year>1999</Year><Month>7</Month><Day>30</Day><Hour>0</Hour><Minute>1</Minute></PubMedPubDate><PubMedPubDate PubStatus="entrez"><Year>1999</Year><Month>7</Month><Day>30</Day><Hour>0</Hour><Minute>0</Minute></PubMedPubDate></History><PublicationStatus>ppublish</PublicationStatus><ArticleIdList><ArticleId IdType="pubmed">10426365</ArticleId><ArticleId IdType="doi">10.2337/diabetes.48.8.1501</ArticleId></ArticleIdList></PubmedData></PubmedArticle></PubmedArticleSet>