<?xml version="1.0" ?>
<!DOCTYPE PubmedArticleSet PUBLIC "-//NLM//DTD PubMedArticle, 1st January 2019//EN" "https://dtd.nlm.nih.gov/ncbi/pubmed/out/pubmed_190101.dtd">
<PubmedArticleSet><PubmedArticle><MedlineCitation Status="MEDLINE" Owner="NLM"><PMID Version="1">10426368</PMID><DateCompleted><Year>1999</Year><Month>08</Month><Day>11</Day></DateCompleted><DateRevised><Year>2019</Year><Month>05</Month><Day>15</Day></DateRevised><Article PubModel="Print"><Journal><ISSN IssnType="Print">0012-1797</ISSN><JournalIssue CitedMedium="Print"><Volume>48</Volume><Issue>8</Issue><PubDate><Year>1999</Year><Month>Aug</Month></PubDate></JournalIssue><Title>Diabetes</Title><ISOAbbreviation>Diabetes</ISOAbbreviation></Journal><ArticleTitle>Interleukin-13 prevents autoimmune diabetes in NOD mice.</ArticleTitle><Pagination><MedlinePgn>1522-8</MedlinePgn></Pagination><Abstract><AbstractText>Interleukin (IL)-13 is a cytokine primarily produced by the T-helper (Th)-2 subset of lymphocytes that possesses powerful anti-inflammatory properties. Here, we have evaluated the impact of IL-13 treatment on development of type 1 diabetes in diabetes-prone nonobese diabetic (NOD) mice. Prolonged treatment with recombinant human IL-13 (hIL-13) markedly diminished the incidence of spontaneous type 1 diabetes in the mice. Female NOD mice treated from age 5-16 weeks with hIL-13 also showed significantly milder insulitis than control mice. The preventive action of hIL-13 was associated with a slight but significant change from a type 1 to a type 2 cytokine response. Accordingly, splenic lymphoid cells (SLC) from hIL-13-treated mice secreted less interferon (IFN)-gamma upon ex vivo stimulation with Concanavalin A than controls, and anti-CD3 monoclonal antibody-induced activation of T-cells in vivo resulted in lower blood levels of IFN-gamma and tumor necrosis factor-alpha and augmented blood levels of IL-4 in NOD mice pretreated with hIL-13. hIL-13 treatment also increased the blood levels of IgE and inhibited the transfer of type 1 diabetes by spleen cells from a diabetic donor to irradiated recipients. Taken together, these data add hIL-13 to the list of cytokines capable of downregulating immunoinflammatory diabetogenic pathways in NOD mice, and further support the concept that IL-4-related anti-inflammatory cytokines might have a role in the prevention of type 1 diabetes.</AbstractText></Abstract><AuthorList CompleteYN="Y"><Author ValidYN="Y"><LastName>Zaccone</LastName><ForeName>P</ForeName><Initials>P</Initials><AffiliationInfo><Affiliation>Institute of Microbiology, University of Catania, Italy.</Affiliation></AffiliationInfo></Author><Author ValidYN="Y"><LastName>Phillips</LastName><ForeName>J</ForeName><Initials>J</Initials></Author><Author ValidYN="Y"><LastName>Conget</LastName><ForeName>I</ForeName><Initials>I</Initials></Author><Author ValidYN="Y"><LastName>Gomis</LastName><ForeName>R</ForeName><Initials>R</Initials></Author><Author ValidYN="Y"><LastName>Haskins</LastName><ForeName>K</ForeName><Initials>K</Initials></Author><Author ValidYN="Y"><LastName>Minty</LastName><ForeName>A</ForeName><Initials>A</Initials></Author><Author ValidYN="Y"><LastName>Bendtzen</LastName><ForeName>K</ForeName><Initials>K</Initials></Author><Author ValidYN="Y"><LastName>Cooke</LastName><ForeName>A</ForeName><Initials>A</Initials></Author><Author ValidYN="Y"><LastName>Nicoletti</LastName><ForeName>F</ForeName><Initials>F</Initials></Author></AuthorList><Language>eng</Language><PublicationTypeList><PublicationType UI="D016428">Journal Article</PublicationType></PublicationTypeList></Article><MedlineJournalInfo><Country>United States</Country><MedlineTA>Diabetes</MedlineTA><NlmUniqueID>0372763</NlmUniqueID><ISSNLinking>0012-1797</ISSNLinking></MedlineJournalInfo><ChemicalList><Chemical><RegistryNumber>0</RegistryNumber><NameOfSubstance UI="D018793">Interleukin-13</NameOfSubstance></Chemical><Chemical><RegistryNumber>0</RegistryNumber><NameOfSubstance UI="D014409">Tumor Necrosis Factor-alpha</NameOfSubstance></Chemical><Chemical><RegistryNumber>207137-56-2</RegistryNumber><NameOfSubstance UI="D015847">Interleukin-4</NameOfSubstance></Chemical><Chemical><RegistryNumber>37341-29-0</RegistryNumber><NameOfSubstance UI="D007073">Immunoglobulin E</NameOfSubstance></Chemical><Chemical><RegistryNumber>82115-62-6</RegistryNumber><NameOfSubstance UI="D007371">Interferon-gamma</NameOfSubstance></Chemical></ChemicalList><CitationSubset>IM</CitationSubset><MeshHeadingList><MeshHeading><DescriptorName UI="D000818" MajorTopicYN="N">Animals</DescriptorName></MeshHeading><MeshHeading><DescriptorName UI="D001327" MajorTopicYN="N">Autoimmune Diseases</DescriptorName><QualifierName UI="Q000517" MajorTopicYN="Y">prevention &amp; control</QualifierName></MeshHeading><MeshHeading><DescriptorName UI="D017690" MajorTopicYN="N">Cell Transplantation</DescriptorName></MeshHeading><MeshHeading><DescriptorName UI="D003922" MajorTopicYN="N">Diabetes Mellitus, Type 1</DescriptorName><QualifierName UI="Q000517" MajorTopicYN="Y">prevention &amp; control</QualifierName></MeshHeading><MeshHeading><DescriptorName UI="D018450" MajorTopicYN="N">Disease Progression</DescriptorName></MeshHeading><MeshHeading><DescriptorName UI="D005260" MajorTopicYN="N">Female</DescriptorName></MeshHeading><MeshHeading><DescriptorName UI="D006801" MajorTopicYN="N">Humans</DescriptorName></MeshHeading><MeshHeading><DescriptorName UI="D007073" MajorTopicYN="N">Immunoglobulin E</DescriptorName><QualifierName UI="Q000097" MajorTopicYN="N">blood</QualifierName></MeshHeading><MeshHeading><DescriptorName UI="D007249" MajorTopicYN="N">Inflammation</DescriptorName><QualifierName UI="Q000517" MajorTopicYN="N">prevention &amp; control</QualifierName></MeshHeading><MeshHeading><DescriptorName UI="D007371" MajorTopicYN="N">Interferon-gamma</DescriptorName><QualifierName UI="Q000037" MajorTopicYN="N">antagonists &amp; inhibitors</QualifierName><QualifierName UI="Q000097" MajorTopicYN="N">blood</QualifierName></MeshHeading><MeshHeading><DescriptorName UI="D018793" MajorTopicYN="N">Interleukin-13</DescriptorName><QualifierName UI="Q000494" MajorTopicYN="Y">pharmacology</QualifierName></MeshHeading><MeshHeading><DescriptorName UI="D015847" MajorTopicYN="N">Interleukin-4</DescriptorName><QualifierName UI="Q000097" MajorTopicYN="N">blood</QualifierName></MeshHeading><MeshHeading><DescriptorName UI="D007515" MajorTopicYN="N">Islets of Langerhans</DescriptorName><QualifierName UI="Q000187" MajorTopicYN="N">drug effects</QualifierName><QualifierName UI="Q000276" MajorTopicYN="N">immunology</QualifierName></MeshHeading><MeshHeading><DescriptorName UI="D051379" MajorTopicYN="N">Mice</DescriptorName></MeshHeading><MeshHeading><DescriptorName UI="D016688" MajorTopicYN="N">Mice, Inbred NOD</DescriptorName><QualifierName UI="Q000502" MajorTopicYN="Y">physiology</QualifierName></MeshHeading><MeshHeading><DescriptorName UI="D013154" MajorTopicYN="N">Spleen</DescriptorName><QualifierName UI="Q000166" MajorTopicYN="N">cytology</QualifierName><QualifierName UI="Q000276" MajorTopicYN="N">immunology</QualifierName></MeshHeading><MeshHeading><DescriptorName UI="D014409" MajorTopicYN="N">Tumor Necrosis Factor-alpha</DescriptorName><QualifierName UI="Q000032" MajorTopicYN="N">analysis</QualifierName><QualifierName UI="Q000037" MajorTopicYN="N">antagonists &amp; inhibitors</QualifierName></MeshHeading></MeshHeadingList></MedlineCitation><PubmedData><History><PubMedPubDate PubStatus="pubmed"><Year>1999</Year><Month>7</Month><Day>30</Day></PubMedPubDate><PubMedPubDate PubStatus="medline"><Year>1999</Year><Month>7</Month><Day>30</Day><Hour>0</Hour><Minute>1</Minute></PubMedPubDate><PubMedPubDate PubStatus="entrez"><Year>1999</Year><Month>7</Month><Day>30</Day><Hour>0</Hour><Minute>0</Minute></PubMedPubDate></History><PublicationStatus>ppublish</PublicationStatus><ArticleIdList><ArticleId IdType="pubmed">10426368</ArticleId><ArticleId IdType="doi">10.2337/diabetes.48.8.1522</ArticleId></ArticleIdList></PubmedData></PubmedArticle></PubmedArticleSet>