<?xml version="1.0" ?>
<!DOCTYPE PubmedArticleSet PUBLIC "-//NLM//DTD PubMedArticle, 1st January 2019//EN" "https://dtd.nlm.nih.gov/ncbi/pubmed/out/pubmed_190101.dtd">
<PubmedArticleSet><PubmedArticle><MedlineCitation Status="MEDLINE" Owner="NLM"><PMID Version="1">10426275</PMID><DateCompleted><Year>1999</Year><Month>10</Month><Day>08</Day></DateCompleted><DateRevised><Year>2019</Year><Month>09</Month><Day>05</Day></DateRevised><Article PubModel="Print"><Journal><ISSN IssnType="Print">0198-8859</ISSN><JournalIssue CitedMedium="Print"><Volume>60</Volume><Issue>7</Issue><PubDate><Year>1999</Year><Month>Jul</Month></PubDate></JournalIssue><Title>Human immunology</Title><ISOAbbreviation>Hum Immunol</ISOAbbreviation></Journal><ArticleTitle>NOD background genes influence T cell responses to GAD 65 in HLA-DQ8 transgenic mice.</ArticleTitle><Pagination><MedlinePgn>583-90</MedlinePgn></Pagination><Abstract><AbstractText>The major histocompatibility complex (MHC) genes play a significant role in the predisposition to insulin-dependent diabetes mellitus or type 1 diabetes. HLA-DQ8 (DQB1*0302, DQA 1*0301) genes have been shown to have the highest relative risk for human type 1 diabetes. To develop a "humanized" mouse model of diabetes, HLA-DQ8 was transgenically expressed in mice lacking endogenous class II genes. Since non-MHC background genes of the NOD influence the disease process, AP"/DQ8 mice were mated with the NOD strain and backcrossed to generate Abeta degree/DQ8/NOD mice. These mice have DQ8 as the sole MHC class II restriction element with NOD background genes at the N 2 generation. The DQ8 transgenic mice were used to identify T cell epitopes on glutamic acid decarboxylase (GAD 65), an important putative autoantigen in type 1 diabetes. The NOD background genes strongly influenced antigen processing, that is, different T cell epitopes were generated from the processing of GAD 65 in vivo in the Abeta degree/DQ8 and in the Abeta degree/DQ8/NOD mice.</AbstractText></Abstract><AuthorList CompleteYN="Y"><Author ValidYN="Y"><LastName>Abraham</LastName><ForeName>R S</ForeName><Initials>RS</Initials><AffiliationInfo><Affiliation>Department of Immunology, Division of Transplantation Surgery, Mayo Clinic, Rochester, MN 55905, USA.</Affiliation></AffiliationInfo></Author><Author ValidYN="Y"><LastName>Wilson</LastName><ForeName>S B</ForeName><Initials>SB</Initials></Author><Author ValidYN="Y"><LastName>de Souza</LastName><ForeName>N F</ForeName><Initials>NF</Initials><Suffix>Jr</Suffix></Author><Author ValidYN="Y"><LastName>Strominger</LastName><ForeName>J L</ForeName><Initials>JL</Initials></Author><Author ValidYN="Y"><LastName>Munn</LastName><ForeName>S R</ForeName><Initials>SR</Initials></Author><Author ValidYN="Y"><LastName>David</LastName><ForeName>C S</ForeName><Initials>CS</Initials></Author></AuthorList><Language>eng</Language><GrantList CompleteYN="N"><Grant><GrantID>AI-14764</GrantID><Acronym>AI</Acronym><Agency>NIAID NIH HHS</Agency><Country>United States</Country></Grant><Grant><GrantID>CA 47554</GrantID><Acronym>CA</Acronym><Agency>NCI NIH HHS</Agency><Country>United States</Country></Grant><Grant><GrantID>N01-AI-45198</GrantID><Acronym>AI</Acronym><Agency>NIAID NIH HHS</Agency><Country>United States</Country></Grant></GrantList><PublicationTypeList><PublicationType UI="D016428">Journal Article</PublicationType><PublicationType UI="D013487">Research Support, U.S. Gov't, P.H.S.</PublicationType></PublicationTypeList></Article><MedlineJournalInfo><Country>United States</Country><MedlineTA>Hum Immunol</MedlineTA><NlmUniqueID>8010936</NlmUniqueID><ISSNLinking>0198-8859</ISSNLinking></MedlineJournalInfo><ChemicalList><Chemical><RegistryNumber>0</RegistryNumber><NameOfSubstance UI="D006683">HLA-DQ Antigens</NameOfSubstance></Chemical><Chemical><RegistryNumber>0</RegistryNumber><NameOfSubstance UI="C109756">HLA-DQ8 antigen</NameOfSubstance></Chemical><Chemical><RegistryNumber>0</RegistryNumber><NameOfSubstance UI="D000949">Histocompatibility Antigens Class II</NameOfSubstance></Chemical><Chemical><RegistryNumber>EC 4.1.1.15</RegistryNumber><NameOfSubstance UI="D005968">Glutamate Decarboxylase</NameOfSubstance></Chemical></ChemicalList><CitationSubset>IM</CitationSubset><MeshHeadingList><MeshHeading><DescriptorName UI="D000818" MajorTopicYN="N">Animals</DescriptorName></MeshHeading><MeshHeading><DescriptorName UI="D017951" MajorTopicYN="N">Antigen Presentation</DescriptorName></MeshHeading><MeshHeading><DescriptorName UI="D003922" MajorTopicYN="N">Diabetes Mellitus, Type 1</DescriptorName><QualifierName UI="Q000276" MajorTopicYN="Y">immunology</QualifierName></MeshHeading><MeshHeading><DescriptorName UI="D005260" MajorTopicYN="N">Female</DescriptorName></MeshHeading><MeshHeading><DescriptorName UI="D005968" MajorTopicYN="N">Glutamate Decarboxylase</DescriptorName><QualifierName UI="Q000276" MajorTopicYN="Y">immunology</QualifierName></MeshHeading><MeshHeading><DescriptorName UI="D006683" MajorTopicYN="N">HLA-DQ Antigens</DescriptorName><QualifierName UI="Q000235" MajorTopicYN="N">genetics</QualifierName><QualifierName UI="Q000276" MajorTopicYN="Y">immunology</QualifierName></MeshHeading><MeshHeading><DescriptorName UI="D000949" MajorTopicYN="N">Histocompatibility Antigens Class II</DescriptorName><QualifierName UI="Q000096" MajorTopicYN="N">biosynthesis</QualifierName><QualifierName UI="Q000235" MajorTopicYN="N">genetics</QualifierName><QualifierName UI="Q000276" MajorTopicYN="N">immunology</QualifierName></MeshHeading><MeshHeading><DescriptorName UI="D006801" MajorTopicYN="N">Humans</DescriptorName></MeshHeading><MeshHeading><DescriptorName UI="D008297" MajorTopicYN="N">Male</DescriptorName></MeshHeading><MeshHeading><DescriptorName UI="D051379" MajorTopicYN="N">Mice</DescriptorName></MeshHeading><MeshHeading><DescriptorName UI="D016688" MajorTopicYN="N">Mice, Inbred NOD</DescriptorName></MeshHeading><MeshHeading><DescriptorName UI="D018345" MajorTopicYN="N">Mice, Knockout</DescriptorName></MeshHeading><MeshHeading><DescriptorName UI="D008822" MajorTopicYN="N">Mice, Transgenic</DescriptorName></MeshHeading><MeshHeading><DescriptorName UI="D013601" MajorTopicYN="N">T-Lymphocytes</DescriptorName><QualifierName UI="Q000276" MajorTopicYN="Y">immunology</QualifierName></MeshHeading></MeshHeadingList></MedlineCitation><PubmedData><History><PubMedPubDate PubStatus="pubmed"><Year>1999</Year><Month>7</Month><Day>30</Day><Hour>10</Hour><Minute>0</Minute></PubMedPubDate><PubMedPubDate PubStatus="medline"><Year>2001</Year><Month>3</Month><Day>28</Day><Hour>10</Hour><Minute>1</Minute></PubMedPubDate><PubMedPubDate PubStatus="entrez"><Year>1999</Year><Month>7</Month><Day>30</Day><Hour>10</Hour><Minute>0</Minute></PubMedPubDate></History><PublicationStatus>ppublish</PublicationStatus><ArticleIdList><ArticleId IdType="pubmed">10426275</ArticleId><ArticleId IdType="pii">S0198-8859(99)00057-9</ArticleId><ArticleId IdType="doi">10.1016/s0198-8859(99)00057-9</ArticleId></ArticleIdList></PubmedData></PubmedArticle></PubmedArticleSet>