<?xml version="1.0" ?>
<!DOCTYPE PubmedArticleSet PUBLIC "-//NLM//DTD PubMedArticle, 1st January 2019//EN" "https://dtd.nlm.nih.gov/ncbi/pubmed/out/pubmed_190101.dtd">
<PubmedArticleSet><PubmedArticle><MedlineCitation Status="MEDLINE" Owner="NLM"><PMID Version="1">10430937</PMID><DateCompleted><Year>1999</Year><Month>09</Month><Day>09</Day></DateCompleted><DateRevised><Year>2019</Year><Month>05</Month><Day>01</Day></DateRevised><Article PubModel="Print"><Journal><ISSN IssnType="Print">0027-8424</ISSN><JournalIssue CitedMedium="Print"><Volume>96</Volume><Issue>16</Issue><PubDate><Year>1999</Year><Month>Aug</Month><Day>03</Day></PubDate></JournalIssue><Title>Proceedings of the National Academy of Sciences of the United States of America</Title><ISOAbbreviation>Proc Natl Acad Sci U S A</ISOAbbreviation></Journal><ArticleTitle>The role of MHC class II molecules in susceptibility to type I diabetes: identification of peptide epitopes and characterization of the T cell repertoire.</ArticleTitle><Pagination><MedlinePgn>9299-304</MedlinePgn></Pagination><Abstract><AbstractText>Susceptibility to type I diabetes is linked to class II MHC alleles in both mouse and man. However, the molecular mechanisms by which MHC molecules mediate disease susceptibility are unknown. To analyze how I-A alleles predispose to, or prevent, the development of type I diabetes, we have chosen, as the first step, to investigate the immune response to an important islet cell protein in diabetes-susceptible and diabetes-resistant mice. MHC class II alleles conferring susceptibility and resistance to diabetes select completely different sets of immunogenic epitopes from the beta islet cell autoantigen glutamic acid decarboxylase 65. Peptide-binding studies, analysis of MHC restriction, and immunization with these peptide epitopes indicate that the two amino acid substitutions within the I-A(beta) chain that distinguish a diabetes-susceptibility from a diabetes-resistance allele are sufficient to alter peptide binding and MHC restriction and may also influence antigen presentation and the selection of the T cell repertoire. The data indicate that the molecular mechanisms for class II-mediated selection of immunodominant epitopes are complex and differ for each individual peptide epitope. Further study of the functional characteristics of the response to these epitopes should provide insight into mechanisms of MHC-mediated diabetes susceptibility.</AbstractText></Abstract><AuthorList CompleteYN="Y"><Author ValidYN="Y"><LastName>Chao</LastName><ForeName>C C</ForeName><Initials>CC</Initials><AffiliationInfo><Affiliation>Departments of Microbiology and Immunology, and Medicine, Stanford University Medical Center, Stanford, CA 94305, USA.</Affiliation></AffiliationInfo></Author><Author ValidYN="Y"><LastName>Sytwu</LastName><ForeName>H K</ForeName><Initials>HK</Initials></Author><Author ValidYN="Y"><LastName>Chen</LastName><ForeName>E L</ForeName><Initials>EL</Initials></Author><Author ValidYN="Y"><LastName>Toma</LastName><ForeName>J</ForeName><Initials>J</Initials></Author><Author ValidYN="Y"><LastName>McDevitt</LastName><ForeName>H O</ForeName><Initials>HO</Initials></Author></AuthorList><Language>eng</Language><PublicationTypeList><PublicationType UI="D016428">Journal Article</PublicationType><PublicationType UI="D013485">Research Support, Non-U.S. Gov't</PublicationType><PublicationType UI="D013487">Research Support, U.S. Gov't, P.H.S.</PublicationType></PublicationTypeList></Article><MedlineJournalInfo><Country>United States</Country><MedlineTA>Proc Natl Acad Sci U S A</MedlineTA><NlmUniqueID>7505876</NlmUniqueID><ISSNLinking>0027-8424</ISSNLinking></MedlineJournalInfo><ChemicalList><Chemical><RegistryNumber>0</RegistryNumber><NameOfSubstance UI="D001324">Autoantigens</NameOfSubstance></Chemical><Chemical><RegistryNumber>0</RegistryNumber><NameOfSubstance UI="D016207">Cytokines</NameOfSubstance></Chemical><Chemical><RegistryNumber>0</RegistryNumber><NameOfSubstance UI="D000939">Epitopes</NameOfSubstance></Chemical><Chemical><RegistryNumber>0</RegistryNumber><NameOfSubstance UI="D006681">HLA-D Antigens</NameOfSubstance></Chemical><Chemical><RegistryNumber>0</RegistryNumber><NameOfSubstance UI="D000949">Histocompatibility Antigens Class II</NameOfSubstance></Chemical><Chemical><RegistryNumber>0</RegistryNumber><NameOfSubstance UI="D010446">Peptide Fragments</NameOfSubstance></Chemical><Chemical><RegistryNumber>EC 4.1.1.15</RegistryNumber><NameOfSubstance UI="D005968">Glutamate Decarboxylase</NameOfSubstance></Chemical></ChemicalList><CitationSubset>IM</CitationSubset><CommentsCorrectionsList><CommentsCorrections RefType="ErratumIn"><RefSource>Proc Natl Acad Sci U S A 1999 Oct 26;96(22):12970</RefSource></CommentsCorrections></CommentsCorrectionsList><MeshHeadingList><MeshHeading><DescriptorName UI="D000483" MajorTopicYN="N">Alleles</DescriptorName></MeshHeading><MeshHeading><DescriptorName UI="D000595" MajorTopicYN="N">Amino Acid Sequence</DescriptorName></MeshHeading><MeshHeading><DescriptorName UI="D000818" MajorTopicYN="N">Animals</DescriptorName></MeshHeading><MeshHeading><DescriptorName UI="D001324" MajorTopicYN="N">Autoantigens</DescriptorName><QualifierName UI="Q000737" MajorTopicYN="N">chemistry</QualifierName><QualifierName UI="Q000276" MajorTopicYN="N">immunology</QualifierName></MeshHeading><MeshHeading><DescriptorName UI="D003433" MajorTopicYN="N">Crosses, Genetic</DescriptorName></MeshHeading><MeshHeading><DescriptorName UI="D016207" MajorTopicYN="N">Cytokines</DescriptorName><QualifierName UI="Q000096" MajorTopicYN="N">biosynthesis</QualifierName></MeshHeading><MeshHeading><DescriptorName UI="D003922" MajorTopicYN="N">Diabetes Mellitus, Type 1</DescriptorName><QualifierName UI="Q000235" MajorTopicYN="Y">genetics</QualifierName><QualifierName UI="Q000276" MajorTopicYN="Y">immunology</QualifierName></MeshHeading><MeshHeading><DescriptorName UI="D000939" MajorTopicYN="N">Epitopes</DescriptorName><QualifierName UI="Q000276" MajorTopicYN="N">immunology</QualifierName></MeshHeading><MeshHeading><DescriptorName UI="D020022" MajorTopicYN="N">Genetic Predisposition to Disease</DescriptorName><QualifierName UI="Q000517" MajorTopicYN="Y">prevention &amp; control</QualifierName></MeshHeading><MeshHeading><DescriptorName UI="D005968" MajorTopicYN="N">Glutamate Decarboxylase</DescriptorName><QualifierName UI="Q000737" MajorTopicYN="N">chemistry</QualifierName><QualifierName UI="Q000276" MajorTopicYN="Y">immunology</QualifierName></MeshHeading><MeshHeading><DescriptorName UI="D006681" MajorTopicYN="N">HLA-D Antigens</DescriptorName><QualifierName UI="Q000276" MajorTopicYN="N">immunology</QualifierName></MeshHeading><MeshHeading><DescriptorName UI="D000949" MajorTopicYN="N">Histocompatibility Antigens Class II</DescriptorName><QualifierName UI="Q000276" MajorTopicYN="N">immunology</QualifierName></MeshHeading><MeshHeading><DescriptorName UI="D006801" MajorTopicYN="N">Humans</DescriptorName></MeshHeading><MeshHeading><DescriptorName UI="D008198" MajorTopicYN="N">Lymph Nodes</DescriptorName><QualifierName UI="Q000276" MajorTopicYN="N">immunology</QualifierName></MeshHeading><MeshHeading><DescriptorName UI="D008285" MajorTopicYN="Y">Major Histocompatibility Complex</DescriptorName></MeshHeading><MeshHeading><DescriptorName UI="D051379" MajorTopicYN="N">Mice</DescriptorName></MeshHeading><MeshHeading><DescriptorName UI="D008807" MajorTopicYN="N">Mice, Inbred BALB C</DescriptorName></MeshHeading><MeshHeading><DescriptorName UI="D016688" MajorTopicYN="N">Mice, Inbred NOD</DescriptorName></MeshHeading><MeshHeading><DescriptorName UI="D008822" MajorTopicYN="N">Mice, Transgenic</DescriptorName></MeshHeading><MeshHeading><DescriptorName UI="D008969" MajorTopicYN="N">Molecular Sequence Data</DescriptorName></MeshHeading><MeshHeading><DescriptorName UI="D010446" MajorTopicYN="N">Peptide Fragments</DescriptorName><QualifierName UI="Q000737" MajorTopicYN="N">chemistry</QualifierName></MeshHeading><MeshHeading><DescriptorName UI="D013601" MajorTopicYN="N">T-Lymphocytes</DescriptorName><QualifierName UI="Q000276" MajorTopicYN="Y">immunology</QualifierName></MeshHeading></MeshHeadingList></MedlineCitation><PubmedData><History><PubMedPubDate PubStatus="pubmed"><Year>1999</Year><Month>8</Month><Day>4</Day><Hour>10</Hour><Minute>0</Minute></PubMedPubDate><PubMedPubDate PubStatus="medline"><Year>2000</Year><Month>3</Month><Day>11</Day><Hour>9</Hour><Minute>0</Minute></PubMedPubDate><PubMedPubDate PubStatus="entrez"><Year>1999</Year><Month>8</Month><Day>4</Day><Hour>10</Hour><Minute>0</Minute></PubMedPubDate></History><PublicationStatus>ppublish</PublicationStatus><ArticleIdList><ArticleId IdType="pubmed">10430937</ArticleId><ArticleId IdType="pmc">PMC17775</ArticleId><ArticleId IdType="doi">10.1073/pnas.96.16.9299</ArticleId></ArticleIdList><ReferenceList><Reference><Citation>Science. 1986 Feb 14;231(4739):733-5</Citation><ArticleIdList><ArticleId IdType="pubmed">3003909</ArticleId></ArticleIdList></Reference><Reference><Citation>J Exp Med. 1994 Sep 1;180(3):873-83</Citation><ArticleIdList><ArticleId IdType="pubmed">8064238</ArticleId></ArticleIdList></Reference><Reference><Citation>Proc Natl Acad Sci U S A. 1987 Apr;84(8):2435-9</Citation><ArticleIdList><ArticleId IdType="pubmed">2882518</ArticleId></ArticleIdList></Reference><Reference><Citation>Annu Rev Immunol. 1990;8:647-79</Citation><ArticleIdList><ArticleId IdType="pubmed">2188676</ArticleId></ArticleIdList></Reference><Reference><Citation>Nature. 1990 Jun 21;345(6277):722-4</Citation><ArticleIdList><ArticleId IdType="pubmed">2113614</ArticleId></ArticleIdList></Reference><Reference><Citation>Nature. 1990 Jun 21;345(6277):724-6</Citation><ArticleIdList><ArticleId IdType="pubmed">1972779</ArticleId></ArticleIdList></Reference><Reference><Citation>Immunogenetics. 1994;40(5):376-8</Citation><ArticleIdList><ArticleId IdType="pubmed">7927542</ArticleId></ArticleIdList></Reference><Reference><Citation>Immunogenetics. 1995;41(4):178-228</Citation><ArticleIdList><ArticleId IdType="pubmed">7890324</ArticleId></ArticleIdList></Reference><Reference><Citation>Science. 1995 May 26;268(5214):1185-8</Citation><ArticleIdList><ArticleId IdType="pubmed">7761837</ArticleId></ArticleIdList></Reference><Reference><Citation>J Immunol. 1996 Apr 1;156(7):2365-8</Citation><ArticleIdList><ArticleId IdType="pubmed">8786292</ArticleId></ArticleIdList></Reference><Reference><Citation>Immunol Rev. 1996 Jun;151:81-105</Citation><ArticleIdList><ArticleId IdType="pubmed">8872486</ArticleId></ArticleIdList></Reference><Reference><Citation>J Immunol. 1996 Dec 1;157(11):4940-5</Citation><ArticleIdList><ArticleId IdType="pubmed">8943399</ArticleId></ArticleIdList></Reference><Reference><Citation>Nat Med. 1996 Dec;2(12):1348-53</Citation><ArticleIdList><ArticleId IdType="pubmed">8946834</ArticleId></ArticleIdList></Reference><Reference><Citation>Immunogenetics. 1997;46(1):29-34</Citation><ArticleIdList><ArticleId IdType="pubmed">9148785</ArticleId></ArticleIdList></Reference><Reference><Citation>Hum Immunol. 1997 May;54(2):148-58</Citation><ArticleIdList><ArticleId IdType="pubmed">9297533</ArticleId></ArticleIdList></Reference><Reference><Citation>J Exp Med. 1997 Oct 6;186(7):1059-75</Citation><ArticleIdList><ArticleId IdType="pubmed">9314555</ArticleId></ArticleIdList></Reference><Reference><Citation>J Exp Med. 1998 Feb 2;187(3):379-87</Citation><ArticleIdList><ArticleId IdType="pubmed">9449718</ArticleId></ArticleIdList></Reference><Reference><Citation>Diabetes. 1998 Jun;47(6):894-9</Citation><ArticleIdList><ArticleId IdType="pubmed">9604865</ArticleId></ArticleIdList></Reference><Reference><Citation>Diabetes. 1998 Oct;47(10):1570-7</Citation><ArticleIdList><ArticleId IdType="pubmed">9753294</ArticleId></ArticleIdList></Reference><Reference><Citation>J Immunol. 1998 Nov 1;161(9):4489-92</Citation><ArticleIdList><ArticleId IdType="pubmed">9794372</ArticleId></ArticleIdList></Reference><Reference><Citation>Science. 1987 Mar 13;235(4794):1353-8</Citation><ArticleIdList><ArticleId IdType="pubmed">2435001</ArticleId></ArticleIdList></Reference><Reference><Citation>Nature. 1990 Jun 21;345(6277):727-9</Citation><ArticleIdList><ArticleId IdType="pubmed">2163026</ArticleId></ArticleIdList></Reference><Reference><Citation>Annu Rev Immunol. 1993;11:729-66</Citation><ArticleIdList><ArticleId IdType="pubmed">7682817</ArticleId></ArticleIdList></Reference><Reference><Citation>Cell. 1993 Sep 24;74(6):1089-100</Citation><ArticleIdList><ArticleId IdType="pubmed">8402882</ArticleId></ArticleIdList></Reference><Reference><Citation>Proc Natl Acad Sci U S A. 1993 Oct 15;90(20):9566-70</Citation><ArticleIdList><ArticleId IdType="pubmed">8415742</ArticleId></ArticleIdList></Reference><Reference><Citation>Nature. 1993 Nov 4;366(6450):69-72</Citation><ArticleIdList><ArticleId IdType="pubmed">7694152</ArticleId></ArticleIdList></Reference><Reference><Citation>Nature. 1993 Nov 4;366(6450):72-5</Citation><ArticleIdList><ArticleId IdType="pubmed">8232539</ArticleId></ArticleIdList></Reference><Reference><Citation>J Immunol. 1994 Mar 1;152(5):2279-88</Citation><ArticleIdList><ArticleId IdType="pubmed">8133041</ArticleId></ArticleIdList></Reference></ReferenceList></PubmedData></PubmedArticle></PubmedArticleSet>