<?xml version="1.0" ?>
<!DOCTYPE PubmedArticleSet PUBLIC "-//NLM//DTD PubMedArticle, 1st January 2019//EN" "https://dtd.nlm.nih.gov/ncbi/pubmed/out/pubmed_190101.dtd">
<PubmedArticleSet><PubmedArticle><MedlineCitation Status="MEDLINE" Owner="NLM"><PMID Version="1">10433063</PMID><DateCompleted><Year>1999</Year><Month>09</Month><Day>02</Day></DateCompleted><DateRevised><Year>2017</Year><Month>11</Month><Day>16</Day></DateRevised><Article PubModel="Print"><Journal><ISSN IssnType="Print">0947-7349</ISSN><JournalIssue CitedMedium="Print"><Volume>107</Volume><Issue>4</Issue><PubDate><Year>1999</Year></PubDate></JournalIssue><Title>Experimental and clinical endocrinology &amp; diabetes : official journal, German Society of Endocrinology [and] German Diabetes Association</Title><ISOAbbreviation>Exp Clin Endocrinol Diabetes</ISOAbbreviation></Journal><ArticleTitle>Screening of diabetic patients for microalbuminuria in primary care--The PROSIT-Project. Proteinuria Screening and Intervention.</ArticleTitle><Pagination><MedlinePgn>244-51</MedlinePgn></Pagination><Abstract><AbstractText>The PROSIT (Proteinuria Screening and Intervention) Project started in 1993 in order to obtain data on the prevalence of micro- and macroalbuminuria in diabetic patients treated in primary care, to establish an easy screening programme for microalbuminuria, in which also diabetic patients can participate in self-responsibility, and to implement a specific intervention programme for incipient nephropathy. In 58 representative doctor's offices 647 diabetic patients were included, who performed at home self-tests for microalbuminuria on three days within one week using the early morning urine and a newly developed qualitative immunologic test-strip for microalbuminuria. After storage they returned the same urine samples to their doctors' offices for semiquantitative retesting with the immunologic test-strip Micral-Test II. In case of positive results the proteinuria dipstick Combur-9-Test was applied in order to exclude other causes of positive microalbuminuria (e.g. urinary tract infection). Data of 569 patients (6% Type 1, 88% Type 2 and 6% secondary diabetes) could be analysed. Both qualitative self-testing for microalbuminuria at home and semiquantitative retesting in doctors' offices were found to be feasible. Based on semiquantitative retesting the prevalences of microalbuminuria (macroalbuminuria) were 19.6% (0%) in Type 1 diabetes, 17.2% (10.8%) in Type 2 diabetes and 11.7% (7.8%) in secondary diabetes. Type 2 diabetic patients showed a clear correlation between albuminuria and diabetes duration, HbA1c, serum creatinine, triglycerides as well as micro- and macrovascular complications. 227 patients with micro- or macroalbuminuria were included into the ongoing PROSIT intervention programme.</AbstractText></Abstract><AuthorList CompleteYN="Y"><Author ValidYN="Y"><LastName>Piehlmeier</LastName><ForeName>W</ForeName><Initials>W</Initials><AffiliationInfo><Affiliation>Dept. of Internal Medicine, Innenstadt, University of Munich, Germany. prosit@prosit.de</Affiliation></AffiliationInfo></Author><Author ValidYN="Y"><LastName>Renner</LastName><ForeName>R</ForeName><Initials>R</Initials></Author><Author ValidYN="Y"><LastName>Schramm</LastName><ForeName>W</ForeName><Initials>W</Initials></Author><Author ValidYN="Y"><LastName>Kimmerling</LastName><ForeName>T</ForeName><Initials>T</Initials></Author><Author ValidYN="Y"><LastName>Garbe</LastName><ForeName>S</ForeName><Initials>S</Initials></Author><Author ValidYN="Y"><LastName>Proetzsch</LastName><ForeName>R</ForeName><Initials>R</Initials></Author><Author ValidYN="Y"><LastName>Fahn</LastName><ForeName>J</ForeName><Initials>J</Initials></Author><Author ValidYN="Y"><LastName>Piwernetz</LastName><ForeName>K</ForeName><Initials>K</Initials></Author><Author ValidYN="Y"><LastName>Landgraf</LastName><ForeName>R</ForeName><Initials>R</Initials></Author></AuthorList><Language>eng</Language><PublicationTypeList><PublicationType UI="D016428">Journal Article</PublicationType><PublicationType UI="D013485">Research Support, Non-U.S. Gov't</PublicationType></PublicationTypeList></Article><MedlineJournalInfo><Country>Germany</Country><MedlineTA>Exp Clin Endocrinol Diabetes</MedlineTA><NlmUniqueID>9505926</NlmUniqueID><ISSNLinking>0947-7349</ISSNLinking></MedlineJournalInfo><ChemicalList><Chemical><RegistryNumber>0</RegistryNumber><NameOfSubstance UI="D006442">Glycated Hemoglobin A</NameOfSubstance></Chemical><Chemical><RegistryNumber>0</RegistryNumber><NameOfSubstance UI="D014280">Triglycerides</NameOfSubstance></Chemical><Chemical><RegistryNumber>97C5T2UQ7J</RegistryNumber><NameOfSubstance UI="D002784">Cholesterol</NameOfSubstance></Chemical><Chemical><RegistryNumber>AYI8EX34EU</RegistryNumber><NameOfSubstance UI="D003404">Creatinine</NameOfSubstance></Chemical></ChemicalList><CitationSubset>IM</CitationSubset><MeshHeadingList><MeshHeading><DescriptorName UI="D000328" MajorTopicYN="N">Adult</DescriptorName></MeshHeading><MeshHeading><DescriptorName UI="D000368" MajorTopicYN="N">Aged</DescriptorName></MeshHeading><MeshHeading><DescriptorName UI="D000419" MajorTopicYN="N">Albuminuria</DescriptorName><QualifierName UI="Q000150" MajorTopicYN="Y">complications</QualifierName><QualifierName UI="Q000175" MajorTopicYN="N">diagnosis</QualifierName></MeshHeading><MeshHeading><DescriptorName UI="D002784" MajorTopicYN="N">Cholesterol</DescriptorName><QualifierName UI="Q000097" MajorTopicYN="N">blood</QualifierName></MeshHeading><MeshHeading><DescriptorName UI="D003404" MajorTopicYN="N">Creatinine</DescriptorName><QualifierName UI="Q000097" MajorTopicYN="N">blood</QualifierName></MeshHeading><MeshHeading><DescriptorName UI="D003922" MajorTopicYN="N">Diabetes Mellitus, Type 1</DescriptorName><QualifierName UI="Q000150" MajorTopicYN="Y">complications</QualifierName></MeshHeading><MeshHeading><DescriptorName UI="D003924" MajorTopicYN="N">Diabetes Mellitus, Type 2</DescriptorName><QualifierName UI="Q000150" MajorTopicYN="Y">complications</QualifierName></MeshHeading><MeshHeading><DescriptorName UI="D003928" MajorTopicYN="N">Diabetic Nephropathies</DescriptorName><QualifierName UI="Q000175" MajorTopicYN="Y">diagnosis</QualifierName><QualifierName UI="Q000517" MajorTopicYN="N">prevention &amp; control</QualifierName></MeshHeading><MeshHeading><DescriptorName UI="D005260" MajorTopicYN="N">Female</DescriptorName></MeshHeading><MeshHeading><DescriptorName UI="D006442" MajorTopicYN="N">Glycated Hemoglobin A</DescriptorName><QualifierName UI="Q000032" MajorTopicYN="N">analysis</QualifierName></MeshHeading><MeshHeading><DescriptorName UI="D006801" MajorTopicYN="N">Humans</DescriptorName></MeshHeading><MeshHeading><DescriptorName UI="D007159" MajorTopicYN="N">Immunologic Tests</DescriptorName><QualifierName UI="Q000379" MajorTopicYN="N">methods</QualifierName></MeshHeading><MeshHeading><DescriptorName UI="D008297" MajorTopicYN="N">Male</DescriptorName></MeshHeading><MeshHeading><DescriptorName UI="D008403" MajorTopicYN="N">Mass Screening</DescriptorName><QualifierName UI="Q000379" MajorTopicYN="Y">methods</QualifierName></MeshHeading><MeshHeading><DescriptorName UI="D008875" MajorTopicYN="N">Middle Aged</DescriptorName></MeshHeading><MeshHeading><DescriptorName UI="D015995" MajorTopicYN="N">Prevalence</DescriptorName></MeshHeading><MeshHeading><DescriptorName UI="D011320" MajorTopicYN="N">Primary Health Care</DescriptorName></MeshHeading><MeshHeading><DescriptorName UI="D014280" MajorTopicYN="N">Triglycerides</DescriptorName><QualifierName UI="Q000097" MajorTopicYN="N">blood</QualifierName></MeshHeading><MeshHeading><DescriptorName UI="D014556" MajorTopicYN="N">Urine</DescriptorName><QualifierName UI="Q000737" MajorTopicYN="N">chemistry</QualifierName></MeshHeading></MeshHeadingList></MedlineCitation><PubmedData><History><PubMedPubDate PubStatus="pubmed"><Year>1999</Year><Month>8</Month><Day>5</Day></PubMedPubDate><PubMedPubDate PubStatus="medline"><Year>1999</Year><Month>8</Month><Day>5</Day><Hour>0</Hour><Minute>1</Minute></PubMedPubDate><PubMedPubDate PubStatus="entrez"><Year>1999</Year><Month>8</Month><Day>5</Day><Hour>0</Hour><Minute>0</Minute></PubMedPubDate></History><PublicationStatus>ppublish</PublicationStatus><ArticleIdList><ArticleId IdType="pubmed">10433063</ArticleId><ArticleId IdType="doi">10.1055/s-0029-1212107</ArticleId></ArticleIdList></PubmedData></PubmedArticle></PubmedArticleSet>