<?xml version="1.0" ?>
<!DOCTYPE PubmedArticleSet PUBLIC "-//NLM//DTD PubMedArticle, 1st January 2019//EN" "https://dtd.nlm.nih.gov/ncbi/pubmed/out/pubmed_190101.dtd">
<PubmedArticleSet><PubmedArticle><MedlineCitation Status="MEDLINE" Owner="NLM"><PMID Version="1">10432906</PMID><DateCompleted><Year>1999</Year><Month>08</Month><Day>19</Day></DateCompleted><DateRevised><Year>2019</Year><Month>05</Month><Day>14</Day></DateRevised><Article PubModel="Print"><Journal><ISSN IssnType="Print">0090-0036</ISSN><JournalIssue CitedMedium="Print"><Volume>89</Volume><Issue>8</Issue><PubDate><Year>1999</Year><Month>Aug</Month></PubDate></JournalIssue><Title>American journal of public health</Title><ISOAbbreviation>Am J Public Health</ISOAbbreviation></Journal><ArticleTitle>Prevalence of self-rated visual impairment among adults with diabetes.</ArticleTitle><Pagination><MedlinePgn>1200-5</MedlinePgn></Pagination><Abstract><AbstractText Label="OBJECTIVES" NlmCategory="OBJECTIVE">This study estimated the prevalence of self-rated visual impairment among US adults with diabetes and identified correlates of such impairment.</AbstractText><AbstractText Label="METHODS" NlmCategory="METHODS">Self-reported data from the 1995 Behavioral Risk Factor Surveillance System survey of adults 18 years and older with diabetes were analyzed. Correlates of visual impairment were examined by multiple logistic regression analysis.</AbstractText><AbstractText Label="RESULTS" NlmCategory="RESULTS">The prevalence of self-rated visual impairment was 24.8% (95% confidence interval [CI] = 22.3%, 27.3%). Among insulin users, multivariable-adjusted odds ratios were 4.9 (95% CI = 2.6, 9.2) for those who had not completed high school and 1.8 (95% CI = 1.0, 2.8) for those who had completed high school compared with those with higher levels of education. Comparable estimates of odds ratios for nonusers of insulin were 2.2 (95% CI = 1.4, 3.4) and 1.3 (95% CI = 0.9, 2.0), respectively. Among nonusers, the adjusted odds for minority adults were 2.4 (95% CI = 1.0, 3.7) times the odds for non-Hispanic Whites.</AbstractText><AbstractText Label="CONCLUSIONS" NlmCategory="CONCLUSIONS">By these data, 1.6 million US adults with diabetes reported having some degree of visual impairment. Future research on the specific causes of visual impairment may help in estimating the avoidable public health burden.</AbstractText></Abstract><AuthorList CompleteYN="Y"><Author ValidYN="Y"><LastName>Saaddine</LastName><ForeName>J B</ForeName><Initials>JB</Initials><AffiliationInfo><Affiliation>Division of Diabetes Translation, National Center for Chronic Disease Prevention and Health Promotion, Centers for Disease Control and Prevention, Atlanta, Ga. 30341-3724, USA. zna2@cdc.gov</Affiliation></AffiliationInfo></Author><Author ValidYN="Y"><LastName>Narayan</LastName><ForeName>K M</ForeName><Initials>KM</Initials></Author><Author ValidYN="Y"><LastName>Engelgau</LastName><ForeName>M M</ForeName><Initials>MM</Initials></Author><Author ValidYN="Y"><LastName>Aubert</LastName><ForeName>R E</ForeName><Initials>RE</Initials></Author><Author ValidYN="Y"><LastName>Klein</LastName><ForeName>R</ForeName><Initials>R</Initials></Author><Author ValidYN="Y"><LastName>Beckles</LastName><ForeName>G L</ForeName><Initials>GL</Initials></Author></AuthorList><Language>eng</Language><PublicationTypeList><PublicationType UI="D016428">Journal Article</PublicationType></PublicationTypeList></Article><MedlineJournalInfo><Country>United States</Country><MedlineTA>Am J Public Health</MedlineTA><NlmUniqueID>1254074</NlmUniqueID><ISSNLinking>0090-0036</ISSNLinking></MedlineJournalInfo><CitationSubset>IM</CitationSubset><MeshHeadingList><MeshHeading><DescriptorName UI="D000328" MajorTopicYN="N">Adult</DescriptorName></MeshHeading><MeshHeading><DescriptorName UI="D000368" MajorTopicYN="N">Aged</DescriptorName></MeshHeading><MeshHeading><DescriptorName UI="D001766" MajorTopicYN="N">Blindness</DescriptorName><QualifierName UI="Q000453" MajorTopicYN="Y">epidemiology</QualifierName><QualifierName UI="Q000209" MajorTopicYN="N">etiology</QualifierName></MeshHeading><MeshHeading><DescriptorName UI="D003922" MajorTopicYN="N">Diabetes Mellitus, Type 1</DescriptorName><QualifierName UI="Q000150" MajorTopicYN="Y">complications</QualifierName></MeshHeading><MeshHeading><DescriptorName UI="D003924" MajorTopicYN="N">Diabetes Mellitus, Type 2</DescriptorName><QualifierName UI="Q000150" MajorTopicYN="Y">complications</QualifierName></MeshHeading><MeshHeading><DescriptorName UI="D005260" MajorTopicYN="N">Female</DescriptorName></MeshHeading><MeshHeading><DescriptorName UI="D006801" MajorTopicYN="N">Humans</DescriptorName></MeshHeading><MeshHeading><DescriptorName UI="D008297" MajorTopicYN="N">Male</DescriptorName></MeshHeading><MeshHeading><DescriptorName UI="D008875" MajorTopicYN="N">Middle Aged</DescriptorName></MeshHeading><MeshHeading><DescriptorName UI="D015999" MajorTopicYN="N">Multivariate Analysis</DescriptorName></MeshHeading><MeshHeading><DescriptorName UI="D016017" MajorTopicYN="N">Odds Ratio</DescriptorName></MeshHeading><MeshHeading><DescriptorName UI="D015995" MajorTopicYN="N">Prevalence</DescriptorName></MeshHeading><MeshHeading><DescriptorName UI="D014481" MajorTopicYN="N" Type="Geographic">United States</DescriptorName><QualifierName UI="Q000453" MajorTopicYN="N">epidemiology</QualifierName></MeshHeading><MeshHeading><DescriptorName UI="D015354" MajorTopicYN="N">Vision, Low</DescriptorName><QualifierName UI="Q000453" MajorTopicYN="Y">epidemiology</QualifierName><QualifierName UI="Q000209" MajorTopicYN="N">etiology</QualifierName></MeshHeading></MeshHeadingList></MedlineCitation><PubmedData><History><PubMedPubDate PubStatus="pubmed"><Year>1999</Year><Month>8</Month><Day>5</Day></PubMedPubDate><PubMedPubDate PubStatus="medline"><Year>1999</Year><Month>8</Month><Day>5</Day><Hour>0</Hour><Minute>1</Minute></PubMedPubDate><PubMedPubDate PubStatus="entrez"><Year>1999</Year><Month>8</Month><Day>5</Day><Hour>0</Hour><Minute>0</Minute></PubMedPubDate></History><PublicationStatus>ppublish</PublicationStatus><ArticleIdList><ArticleId IdType="pubmed">10432906</ArticleId><ArticleId IdType="pmc">PMC1508683</ArticleId><ArticleId IdType="doi">10.2105/ajph.89.8.1200</ArticleId></ArticleIdList><ReferenceList><Reference><Citation>Am J Public Health. 1983 Jan;73(1):93-6</Citation><ArticleIdList><ArticleId IdType="pubmed">6848004</ArticleId></ArticleIdList></Reference><Reference><Citation>J Natl Med Assoc. 1997 Nov;89(11):737-44</Citation><ArticleIdList><ArticleId IdType="pubmed">9375478</ArticleId></ArticleIdList></Reference><Reference><Citation>N Engl J Med. 1985 Dec 5;313(23):1438-44</Citation><ArticleIdList><ArticleId IdType="pubmed">4058547</ArticleId></ArticleIdList></Reference><Reference><Citation>Arch Intern Med. 1989 Feb;149(2):266-72</Citation><ArticleIdList><ArticleId IdType="pubmed">2916872</ArticleId></ArticleIdList></Reference><Reference><Citation>Am J Public Health. 1989 Nov;79(11):1554-6</Citation><ArticleIdList><ArticleId IdType="pubmed">2817172</ArticleId></ArticleIdList></Reference><Reference><Citation>Arch Ophthalmol. 1990 Feb;108(2):286-90</Citation><ArticleIdList><ArticleId IdType="pubmed">2271016</ArticleId></ArticleIdList></Reference><Reference><Citation>JAMA. 1990 Nov 14;264(18):2400-5</Citation><ArticleIdList><ArticleId IdType="pubmed">2231996</ArticleId></ArticleIdList></Reference><Reference><Citation>Am J Epidemiol. 1991 Mar 1;133(5):489-500</Citation><ArticleIdList><ArticleId IdType="pubmed">2000859</ArticleId></ArticleIdList></Reference><Reference><Citation>Diabet Med. 1991 Dec;8(10):928-33</Citation><ArticleIdList><ArticleId IdType="pubmed">1838044</ArticleId></ArticleIdList></Reference><Reference><Citation>J Epidemiol Community Health. 1992 Oct;46(5):537-42</Citation><ArticleIdList><ArticleId IdType="pubmed">1479327</ArticleId></ArticleIdList></Reference><Reference><Citation>JAMA. 1993 Mar 10;269(10):1290-1</Citation><ArticleIdList><ArticleId IdType="pubmed">8437309</ArticleId></ArticleIdList></Reference><Reference><Citation>Med Decis Making. 1993 Apr-Jun;13(2):89-102</Citation><ArticleIdList><ArticleId IdType="pubmed">8483408</ArticleId></ArticleIdList></Reference><Reference><Citation>Arch Ophthalmol. 1993 May;111(5):686-91</Citation><ArticleIdList><ArticleId IdType="pubmed">8489454</ArticleId></ArticleIdList></Reference><Reference><Citation>J Clin Epidemiol. 1993 Jun;46(6):561-71</Citation><ArticleIdList><ArticleId IdType="pubmed">8501483</ArticleId></ArticleIdList></Reference><Reference><Citation>JAMA. 1993 Oct 13;270(14):1714-8</Citation><ArticleIdList><ArticleId IdType="pubmed">8411502</ArticleId></ArticleIdList></Reference><Reference><Citation>Am J Public Health. 1993 Dec;83(12):1768-72</Citation><ArticleIdList><ArticleId IdType="pubmed">8259816</ArticleId></ArticleIdList></Reference><Reference><Citation>Ophthalmology. 1994 Jan;101(1):68-76</Citation><ArticleIdList><ArticleId IdType="pubmed">8302566</ArticleId></ArticleIdList></Reference><Reference><Citation>J Am Geriatr Soc. 1994 Mar;42(3):287-92</Citation><ArticleIdList><ArticleId IdType="pubmed">8120313</ArticleId></ArticleIdList></Reference><Reference><Citation>Arch Ophthalmol. 1994 Mar;112(3):329-35</Citation><ArticleIdList><ArticleId IdType="pubmed">8129657</ArticleId></ArticleIdList></Reference><Reference><Citation>Am J Epidemiol. 1994 Apr 15;139(8):813-8</Citation><ArticleIdList><ArticleId IdType="pubmed">8178794</ArticleId></ArticleIdList></Reference><Reference><Citation>Arch Ophthalmol. 1994 May;112(5):630-8</Citation><ArticleIdList><ArticleId IdType="pubmed">8185520</ArticleId></ArticleIdList></Reference><Reference><Citation>Ophthalmology. 1994 Jun;101(6):1061-70</Citation><ArticleIdList><ArticleId IdType="pubmed">8008348</ArticleId></ArticleIdList></Reference><Reference><Citation>Am J Public Health. 1994 Oct;84(10):1669-71</Citation><ArticleIdList><ArticleId IdType="pubmed">7943494</ArticleId></ArticleIdList></Reference><Reference><Citation>Ophthalmology. 1994 Dec;101(12):1969-79</Citation><ArticleIdList><ArticleId IdType="pubmed">7997336</ArticleId></ArticleIdList></Reference><Reference><Citation>N Engl J Med. 1995 May 4;332(18):1228-9</Citation><ArticleIdList><ArticleId IdType="pubmed">7700320</ArticleId></ArticleIdList></Reference><Reference><Citation>Am J Epidemiol. 1995 Jun 1;141(11):1097-105</Citation><ArticleIdList><ArticleId IdType="pubmed">7771444</ArticleId></ArticleIdList></Reference><Reference><Citation>Public Health Rep. 1995 Mar-Apr;110(2):147-53</Citation><ArticleIdList><ArticleId IdType="pubmed">7630990</ArticleId></ArticleIdList></Reference><Reference><Citation>Qual Life Res. 1995 Aug;4(4):319-23</Citation><ArticleIdList><ArticleId IdType="pubmed">7550180</ArticleId></ArticleIdList></Reference><Reference><Citation>Ann Intern Med. 1996 Jan 1;124(1 Pt 2):164-9</Citation><ArticleIdList><ArticleId IdType="pubmed">8554212</ArticleId></ArticleIdList></Reference><Reference><Citation>J Clin Epidemiol. 1996 May;49(5):511-7</Citation><ArticleIdList><ArticleId IdType="pubmed">8636724</ArticleId></ArticleIdList></Reference><Reference><Citation>Lancet. 1996 Jul 20;348(9021):145-9</Citation><ArticleIdList><ArticleId IdType="pubmed">8684153</ArticleId></ArticleIdList></Reference><Reference><Citation>Bull World Health Organ. 1996;74(3):319-24</Citation><ArticleIdList><ArticleId IdType="pubmed">8789930</ArticleId></ArticleIdList></Reference><Reference><Citation>J Clin Epidemiol. 1996 Dec;49(12):1407-17</Citation><ArticleIdList><ArticleId IdType="pubmed">8970491</ArticleId></ArticleIdList></Reference><Reference><Citation>Aust N Z J Ophthalmol. 1996 Nov;24(4):319-25</Citation><ArticleIdList><ArticleId IdType="pubmed">8985543</ArticleId></ArticleIdList></Reference><Reference><Citation>Ophthalmology. 1984 Jan;91(1):1-9</Citation><ArticleIdList><ArticleId IdType="pubmed">6709312</ArticleId></ArticleIdList></Reference></ReferenceList></PubmedData></PubmedArticle></PubmedArticleSet>