<?xml version="1.0" ?>
<!DOCTYPE PubmedArticleSet PUBLIC "-//NLM//DTD PubMedArticle, 1st January 2019//EN" "https://dtd.nlm.nih.gov/ncbi/pubmed/out/pubmed_190101.dtd">
<PubmedArticleSet><PubmedArticle><MedlineCitation Status="MEDLINE" Owner="NLM"><PMID Version="1">10433100</PMID><DateCompleted><Year>1999</Year><Month>08</Month><Day>24</Day></DateCompleted><DateRevised><Year>2019</Year><Month>09</Month><Day>21</Day></DateRevised><Article PubModel="Print"><Journal><ISSN IssnType="Print">0891-6934</ISSN><JournalIssue CitedMedium="Print"><Volume>29</Volume><Issue>3</Issue><PubDate><Year>1999</Year></PubDate></JournalIssue><Title>Autoimmunity</Title><ISOAbbreviation>Autoimmunity</ISOAbbreviation></Journal><ArticleTitle>NKT cell cytokine imbalance in murine diabetes mellitus.</ArticleTitle><Pagination><MedlinePgn>201-14</MedlinePgn></Pagination><Abstract><AbstractText>A minor subset of murine MHC class I-restricted T cells which express both the alphabeta form of the T cell receptor and a NK lineage marker, termed NKT cells, is capable of secreting significant amounts of Interleukin-4 and Interferon-y upon activation. As such NKT cells may play a role in development of Th1 and Th2 cells during T cell ontogeny or expansion of T cells expressing a dominant cytokine pattern in the effector phase. We have studied the role of NKT cells in a murine model of disease multidose streptozotocin induced diabetes mellitus (MDSDM). In MDSDM thymic and splenic NKT cells are present at normal levels but have greatly reduced capacity to secrete Interleukin-4 upon stimulation with anti-TCR antibody compared to control mice; conversely, Interferon-y secretion is maintained. By analysis of cytokine RNA production we found that treatment of several strains of mice with streptozotocin changes the peripheral helper T cell phenotype elicited after immunization with Keyhole Limpet Hemocyanin from a mixed Th1- and Th2-type cytokine pattern (characterized by IFN-gamma and IL-4 and IL-5 expressions, respectively) to predominately Th1-type. Furthermore, susceptibility to MDSDM is significantly enhanced when NKT cells are selectively eliminated in vivo by administration of depleting anti-CD122 antibody TMbeta-1. In addition, antibody depletion of NKT cells from non-obese diabetic mice significantly accelerates onset of disease. Collectively these data support a model for development of murine diabetes mellitus in which NKT cell cytokine expression influences the development of Th1-type diabetogenic T cells.</AbstractText></Abstract><AuthorList CompleteYN="Y"><Author ValidYN="Y"><LastName>Frey</LastName><ForeName>A B</ForeName><Initials>AB</Initials><AffiliationInfo><Affiliation>Department of Cell Biology, New York University Medical Center, NY 10016, USA. freya01@popmail.med.nyu.edu</Affiliation></AffiliationInfo></Author><Author ValidYN="Y"><LastName>Rao</LastName><ForeName>T D</ForeName><Initials>TD</Initials></Author></AuthorList><Language>eng</Language><GrantList CompleteYN="Y"><Grant><GrantID>CA 16087</GrantID><Acronym>CA</Acronym><Agency>NCI NIH HHS</Agency><Country>United States</Country></Grant></GrantList><PublicationTypeList><PublicationType UI="D016428">Journal Article</PublicationType><PublicationType UI="D013485">Research Support, Non-U.S. Gov't</PublicationType><PublicationType UI="D013487">Research Support, U.S. Gov't, P.H.S.</PublicationType></PublicationTypeList></Article><MedlineJournalInfo><Country>England</Country><MedlineTA>Autoimmunity</MedlineTA><NlmUniqueID>8900070</NlmUniqueID><ISSNLinking>0891-6934</ISSNLinking></MedlineJournalInfo><ChemicalList><Chemical><RegistryNumber>0</RegistryNumber><NameOfSubstance UI="D016207">Cytokines</NameOfSubstance></Chemical><Chemical><RegistryNumber>207137-56-2</RegistryNumber><NameOfSubstance UI="D015847">Interleukin-4</NameOfSubstance></Chemical><Chemical><RegistryNumber>5W494URQ81</RegistryNumber><NameOfSubstance UI="D013311">Streptozocin</NameOfSubstance></Chemical><Chemical><RegistryNumber>82115-62-6</RegistryNumber><NameOfSubstance UI="D007371">Interferon-gamma</NameOfSubstance></Chemical></ChemicalList><CitationSubset>IM</CitationSubset><MeshHeadingList><MeshHeading><DescriptorName UI="D000818" MajorTopicYN="N">Animals</DescriptorName></MeshHeading><MeshHeading><DescriptorName UI="D016207" MajorTopicYN="N">Cytokines</DescriptorName><QualifierName UI="Q000276" MajorTopicYN="Y">immunology</QualifierName></MeshHeading><MeshHeading><DescriptorName UI="D003921" MajorTopicYN="N">Diabetes Mellitus, Experimental</DescriptorName><QualifierName UI="Q000139" MajorTopicYN="N">chemically induced</QualifierName><QualifierName UI="Q000276" MajorTopicYN="Y">immunology</QualifierName></MeshHeading><MeshHeading><DescriptorName UI="D007371" MajorTopicYN="N">Interferon-gamma</DescriptorName><QualifierName UI="Q000276" MajorTopicYN="N">immunology</QualifierName></MeshHeading><MeshHeading><DescriptorName UI="D015847" MajorTopicYN="N">Interleukin-4</DescriptorName><QualifierName UI="Q000276" MajorTopicYN="N">immunology</QualifierName></MeshHeading><MeshHeading><DescriptorName UI="D007694" MajorTopicYN="N">Killer Cells, Natural</DescriptorName><QualifierName UI="Q000276" MajorTopicYN="Y">immunology</QualifierName></MeshHeading><MeshHeading><DescriptorName UI="D051379" MajorTopicYN="N">Mice</DescriptorName></MeshHeading><MeshHeading><DescriptorName UI="D008809" MajorTopicYN="N">Mice, Inbred C3H</DescriptorName></MeshHeading><MeshHeading><DescriptorName UI="D008810" MajorTopicYN="N">Mice, Inbred C57BL</DescriptorName></MeshHeading><MeshHeading><DescriptorName UI="D013311" MajorTopicYN="N">Streptozocin</DescriptorName></MeshHeading><MeshHeading><DescriptorName UI="D018417" MajorTopicYN="N">Th1 Cells</DescriptorName><QualifierName UI="Q000276" MajorTopicYN="N">immunology</QualifierName></MeshHeading><MeshHeading><DescriptorName UI="D018418" MajorTopicYN="N">Th2 Cells</DescriptorName><QualifierName UI="Q000276" MajorTopicYN="N">immunology</QualifierName></MeshHeading></MeshHeadingList></MedlineCitation><PubmedData><History><PubMedPubDate PubStatus="pubmed"><Year>1999</Year><Month>8</Month><Day>5</Day></PubMedPubDate><PubMedPubDate PubStatus="medline"><Year>1999</Year><Month>8</Month><Day>5</Day><Hour>0</Hour><Minute>1</Minute></PubMedPubDate><PubMedPubDate PubStatus="entrez"><Year>1999</Year><Month>8</Month><Day>5</Day><Hour>0</Hour><Minute>0</Minute></PubMedPubDate></History><PublicationStatus>ppublish</PublicationStatus><ArticleIdList><ArticleId IdType="pubmed">10433100</ArticleId><ArticleId IdType="doi">10.3109/08916939908998535</ArticleId></ArticleIdList></PubmedData></PubmedArticle></PubmedArticleSet>