<?xml version="1.0" ?>
<!DOCTYPE PubmedArticleSet PUBLIC "-//NLM//DTD PubMedArticle, 1st January 2019//EN" "https://dtd.nlm.nih.gov/ncbi/pubmed/out/pubmed_190101.dtd">
<PubmedArticleSet><PubmedArticle><MedlineCitation Status="MEDLINE" Owner="NLM"><PMID Version="1">10439311</PMID><DateCompleted><Year>1999</Year><Month>10</Month><Day>04</Day></DateCompleted><DateRevised><Year>2019</Year><Month>09</Month><Day>05</Day></DateRevised><Article PubModel="Print"><Journal><ISSN IssnType="Print">0198-8859</ISSN><JournalIssue CitedMedium="Print"><Volume>60</Volume><Issue>8</Issue><PubDate><Year>1999</Year><Month>Aug</Month></PubDate></JournalIssue><Title>Human immunology</Title><ISOAbbreviation>Hum Immunol</ISOAbbreviation></Journal><ArticleTitle>CD4+ and CD8+ T-cell clones from congenital rubella syndrome patients with IDDM recognize overlapping GAD65 protein epitopes. Implications for HLA class I and II allelic linkage to disease susceptibility.</ArticleTitle><Pagination><MedlinePgn>652-64</MedlinePgn></Pagination><Abstract><AbstractText>To fully characterize human glutamic acid decarboxylase (GAD)65 protein T-cell epitopes associated with insulin-dependent diabetes mellitus (IDDM), CTL clones specific to GAD65 protein antigens were isolated from two congenital rubella syndrome (CRS)-associated IDDM patients. Overlapping nonamer T-cell epitopes recognized by both CD4+ or CD8+ CTL clones within peptides GAD65(252-266) and GAD65(274-286) were identified as sequences bounded by GAD65(255-266) with 6/9 overlapping residues, and GAD65(276-285) with 8/9 overlapping residues, respectively, using two panels of overlapping peptide analogs in cytotoxicity assays. HLA restrictive elements of the T-cell clones were also identified using a panel of B cell lines with different HLA phenotypes as targets in cytotoxicity assays. The antigenic GAD65 peptides elicited cytotoxic responses of peptide-specific CD4+ T-cell clones in the context of HLA DRB1*0404. The CD8+ T-cell clone specific to GAD65(255-263) was found to be restricted by HLA A3 and A11. Similarly, the CD8+ T-cell clone specific to GAD65(277-285) killed peptide-sensitized target cells expressing HLA B35 and B15. The observed HLA restriction of these overlapping epitopes implies that a tandem of [DRB1*0404-A11(3)] and/or a tandem of [DRB1*0404-B35(15)] might predispose CRS patients to development of IDDM.</AbstractText></Abstract><AuthorList CompleteYN="Y"><Author ValidYN="Y"><LastName>Ou</LastName><ForeName>D</ForeName><Initials>D</Initials><AffiliationInfo><Affiliation>Department of Paediatrics, Faculty of Medicine, University of British Columbia, Vancouver, Canada.</Affiliation></AffiliationInfo></Author><Author ValidYN="Y"><LastName>Jonsen</LastName><ForeName>L A</ForeName><Initials>LA</Initials></Author><Author ValidYN="Y"><LastName>Metzger</LastName><ForeName>D L</ForeName><Initials>DL</Initials></Author><Author ValidYN="Y"><LastName>Tingle</LastName><ForeName>A J</ForeName><Initials>AJ</Initials></Author></AuthorList><Language>eng</Language><PublicationTypeList><PublicationType UI="D016428">Journal Article</PublicationType><PublicationType UI="D013485">Research Support, Non-U.S. Gov't</PublicationType></PublicationTypeList></Article><MedlineJournalInfo><Country>United States</Country><MedlineTA>Hum Immunol</MedlineTA><NlmUniqueID>8010936</NlmUniqueID><ISSNLinking>0198-8859</ISSNLinking></MedlineJournalInfo><ChemicalList><Chemical><RegistryNumber>0</RegistryNumber><NameOfSubstance UI="D018984">Epitopes, T-Lymphocyte</NameOfSubstance></Chemical><Chemical><RegistryNumber>0</RegistryNumber><NameOfSubstance UI="D015395">Histocompatibility Antigens Class I</NameOfSubstance></Chemical><Chemical><RegistryNumber>0</RegistryNumber><NameOfSubstance UI="D000949">Histocompatibility Antigens Class II</NameOfSubstance></Chemical><Chemical><RegistryNumber>0</RegistryNumber><NameOfSubstance UI="D010455">Peptides</NameOfSubstance></Chemical><Chemical><RegistryNumber>EC 4.1.1.15</RegistryNumber><NameOfSubstance UI="D005968">Glutamate Decarboxylase</NameOfSubstance></Chemical></ChemicalList><CitationSubset>IM</CitationSubset><MeshHeadingList><MeshHeading><DescriptorName UI="D000293" MajorTopicYN="N">Adolescent</DescriptorName></MeshHeading><MeshHeading><DescriptorName UI="D000328" MajorTopicYN="N">Adult</DescriptorName></MeshHeading><MeshHeading><DescriptorName UI="D000595" MajorTopicYN="N">Amino Acid Sequence</DescriptorName></MeshHeading><MeshHeading><DescriptorName UI="D015496" MajorTopicYN="N">CD4-Positive T-Lymphocytes</DescriptorName><QualifierName UI="Q000276" MajorTopicYN="N">immunology</QualifierName></MeshHeading><MeshHeading><DescriptorName UI="D018414" MajorTopicYN="N">CD8-Positive T-Lymphocytes</DescriptorName><QualifierName UI="Q000276" MajorTopicYN="N">immunology</QualifierName></MeshHeading><MeshHeading><DescriptorName UI="D002999" MajorTopicYN="N">Clone Cells</DescriptorName></MeshHeading><MeshHeading><DescriptorName UI="D003602" MajorTopicYN="N">Cytotoxicity, Immunologic</DescriptorName></MeshHeading><MeshHeading><DescriptorName UI="D003922" MajorTopicYN="N">Diabetes Mellitus, Type 1</DescriptorName><QualifierName UI="Q000150" MajorTopicYN="Y">complications</QualifierName><QualifierName UI="Q000276" MajorTopicYN="Y">immunology</QualifierName></MeshHeading><MeshHeading><DescriptorName UI="D018984" MajorTopicYN="Y">Epitopes, T-Lymphocyte</DescriptorName></MeshHeading><MeshHeading><DescriptorName UI="D020022" MajorTopicYN="N">Genetic Predisposition to Disease</DescriptorName></MeshHeading><MeshHeading><DescriptorName UI="D005968" MajorTopicYN="N">Glutamate Decarboxylase</DescriptorName><QualifierName UI="Q000276" MajorTopicYN="Y">immunology</QualifierName></MeshHeading><MeshHeading><DescriptorName UI="D015395" MajorTopicYN="N">Histocompatibility Antigens Class I</DescriptorName><QualifierName UI="Q000235" MajorTopicYN="N">genetics</QualifierName></MeshHeading><MeshHeading><DescriptorName UI="D000949" MajorTopicYN="N">Histocompatibility Antigens Class II</DescriptorName><QualifierName UI="Q000235" MajorTopicYN="N">genetics</QualifierName></MeshHeading><MeshHeading><DescriptorName UI="D006801" MajorTopicYN="N">Humans</DescriptorName></MeshHeading><MeshHeading><DescriptorName UI="D008969" MajorTopicYN="N">Molecular Sequence Data</DescriptorName></MeshHeading><MeshHeading><DescriptorName UI="D010455" MajorTopicYN="N">Peptides</DescriptorName><QualifierName UI="Q000737" MajorTopicYN="N">chemistry</QualifierName><QualifierName UI="Q000276" MajorTopicYN="N">immunology</QualifierName></MeshHeading><MeshHeading><DescriptorName UI="D012410" MajorTopicYN="N">Rubella Syndrome, Congenital</DescriptorName><QualifierName UI="Q000150" MajorTopicYN="Y">complications</QualifierName><QualifierName UI="Q000276" MajorTopicYN="N">immunology</QualifierName></MeshHeading><MeshHeading><DescriptorName UI="D013602" MajorTopicYN="N">T-Lymphocytes, Cytotoxic</DescriptorName></MeshHeading></MeshHeadingList></MedlineCitation><PubmedData><History><PubMedPubDate PubStatus="pubmed"><Year>1999</Year><Month>8</Month><Day>10</Day></PubMedPubDate><PubMedPubDate PubStatus="medline"><Year>1999</Year><Month>8</Month><Day>10</Day><Hour>0</Hour><Minute>1</Minute></PubMedPubDate><PubMedPubDate PubStatus="entrez"><Year>1999</Year><Month>8</Month><Day>10</Day><Hour>0</Hour><Minute>0</Minute></PubMedPubDate></History><PublicationStatus>ppublish</PublicationStatus><ArticleIdList><ArticleId IdType="pubmed">10439311</ArticleId><ArticleId IdType="pii">S0198-8859(99)00037-3</ArticleId><ArticleId IdType="doi">10.1016/s0198-8859(99)00037-3</ArticleId></ArticleIdList></PubmedData></PubmedArticle></PubmedArticleSet>