<?xml version="1.0" ?>
<!DOCTYPE PubmedArticleSet PUBLIC "-//NLM//DTD PubMedArticle, 1st January 2019//EN" "https://dtd.nlm.nih.gov/ncbi/pubmed/out/pubmed_190101.dtd">
<PubmedArticleSet><PubmedArticle><MedlineCitation Status="MEDLINE" Owner="NLM"><PMID Version="1">10436381</PMID><DateCompleted><Year>1999</Year><Month>09</Month><Day>21</Day></DateCompleted><DateRevised><Year>2017</Year><Month>11</Month><Day>01</Day></DateRevised><Article PubModel="Print"><Journal><ISSN IssnType="Print">0001-5652</ISSN><JournalIssue CitedMedium="Print"><Volume>49</Volume><Issue>4</Issue><PubDate><Year>1999</Year><Month>Jul</Month></PubDate></JournalIssue><Title>Human heredity</Title><ISOAbbreviation>Hum Hered</ISOAbbreviation></Journal><ArticleTitle>The analysis of parental origin of alleles may detect susceptibility loci for complex disorders.</ArticleTitle><Pagination><MedlinePgn>197-204</MedlinePgn></Pagination><Abstract><AbstractText>The phenomenon of genomic imprinting describes the differential behavior of genes depending on their parental origin, and has been demonstrated in a few rare genetic disorders. In complex diseases, parent-of-origin effects have not been systematically studied, although there may be heuristic value in such an approach. Data from a genome scan performed using 356 affected sibling pair families with type 1 diabetes were examined looking for evidence of excess sharing of either maternal or paternal alleles. At the insulin gene (IDDM2), evidence for excess sharing of alleles transmitted from mothers was detected, which is consistent with transmission disequilibrium results published elsewhere. We also identified additional loci that demonstrate allele sharing predominantly from one parent: IDDM8 shows a paternal origin effect, IDDM10 shows a maternal effect, and a locus on chromosome 16q demonstrates a paternal effect. We have also evaluated these loci for confounding by differences in sex-specific meiotic recombination by performing linkage analysis using sex-specific genetic maps. The analysis of the parental origin of shared alleles from genome scans of complex disorders may provide additional evidence for linkage for known loci, help identify regions containing additional susceptibility loci, and assist the cloning of the genes involved.</AbstractText></Abstract><AuthorList CompleteYN="Y"><Author ValidYN="Y"><LastName>Paterson</LastName><ForeName>A D</ForeName><Initials>AD</Initials><AffiliationInfo><Affiliation>Neurogenetics Section, Clarke Division, Centre for Addiction and Mental Health, Department of Psychiatry, University of Toronto, Toronto, Ontario, Canada.</Affiliation></AffiliationInfo></Author><Author ValidYN="Y"><LastName>Naimark</LastName><ForeName>D M</ForeName><Initials>DM</Initials></Author><Author ValidYN="Y"><LastName>Petronis</LastName><ForeName>A</ForeName><Initials>A</Initials></Author></AuthorList><Language>eng</Language><PublicationTypeList><PublicationType UI="D016428">Journal Article</PublicationType><PublicationType UI="D013485">Research Support, Non-U.S. Gov't</PublicationType></PublicationTypeList></Article><MedlineJournalInfo><Country>Switzerland</Country><MedlineTA>Hum Hered</MedlineTA><NlmUniqueID>0200525</NlmUniqueID><ISSNLinking>0001-5652</ISSNLinking></MedlineJournalInfo><CitationSubset>IM</CitationSubset><MeshHeadingList><MeshHeading><DescriptorName UI="D000483" MajorTopicYN="Y">Alleles</DescriptorName></MeshHeading><MeshHeading><DescriptorName UI="D002879" MajorTopicYN="N">Chromosomes, Human, Pair 10</DescriptorName></MeshHeading><MeshHeading><DescriptorName UI="D002880" MajorTopicYN="N">Chromosomes, Human, Pair 11</DescriptorName></MeshHeading><MeshHeading><DescriptorName UI="D002885" MajorTopicYN="N">Chromosomes, Human, Pair 16</DescriptorName></MeshHeading><MeshHeading><DescriptorName UI="D002896" MajorTopicYN="N">Chromosomes, Human, Pair 6</DescriptorName></MeshHeading><MeshHeading><DescriptorName UI="D003922" MajorTopicYN="N">Diabetes Mellitus, Type 1</DescriptorName><QualifierName UI="Q000235" MajorTopicYN="Y">genetics</QualifierName></MeshHeading><MeshHeading><DescriptorName UI="D005220" MajorTopicYN="N">Fathers</DescriptorName></MeshHeading><MeshHeading><DescriptorName UI="D005260" MajorTopicYN="N">Female</DescriptorName></MeshHeading><MeshHeading><DescriptorName UI="D008040" MajorTopicYN="Y">Genetic Linkage</DescriptorName></MeshHeading><MeshHeading><DescriptorName UI="D020022" MajorTopicYN="Y">Genetic Predisposition to Disease</DescriptorName></MeshHeading><MeshHeading><DescriptorName UI="D018392" MajorTopicYN="Y">Genomic Imprinting</DescriptorName></MeshHeading><MeshHeading><DescriptorName UI="D005838" MajorTopicYN="N">Genotype</DescriptorName></MeshHeading><MeshHeading><DescriptorName UI="D006801" MajorTopicYN="N">Humans</DescriptorName></MeshHeading><MeshHeading><DescriptorName UI="D008297" MajorTopicYN="N">Male</DescriptorName></MeshHeading><MeshHeading><DescriptorName UI="D009035" MajorTopicYN="N">Mothers</DescriptorName></MeshHeading><MeshHeading><DescriptorName UI="D010375" MajorTopicYN="N">Pedigree</DescriptorName></MeshHeading></MeshHeadingList></MedlineCitation><PubmedData><History><PubMedPubDate PubStatus="pubmed"><Year>1999</Year><Month>8</Month><Day>7</Day></PubMedPubDate><PubMedPubDate PubStatus="medline"><Year>1999</Year><Month>8</Month><Day>7</Day><Hour>0</Hour><Minute>1</Minute></PubMedPubDate><PubMedPubDate PubStatus="entrez"><Year>1999</Year><Month>8</Month><Day>7</Day><Hour>0</Hour><Minute>0</Minute></PubMedPubDate></History><PublicationStatus>ppublish</PublicationStatus><ArticleIdList><ArticleId IdType="pubmed">10436381</ArticleId><ArticleId IdType="pii">22875</ArticleId><ArticleId IdType="doi">10.1159/000022875</ArticleId></ArticleIdList></PubmedData></PubmedArticle></PubmedArticleSet>