<?xml version="1.0" ?>
<!DOCTYPE PubmedArticleSet PUBLIC "-//NLM//DTD PubMedArticle, 1st January 2019//EN" "https://dtd.nlm.nih.gov/ncbi/pubmed/out/pubmed_190101.dtd">
<PubmedArticleSet><PubmedArticle><MedlineCitation Status="MEDLINE" Owner="NLM"><PMID Version="1">10433062</PMID><DateCompleted><Year>1999</Year><Month>09</Month><Day>02</Day></DateCompleted><DateRevised><Year>2017</Year><Month>11</Month><Day>16</Day></DateRevised><Article PubModel="Print"><Journal><ISSN IssnType="Print">0947-7349</ISSN><JournalIssue CitedMedium="Print"><Volume>107</Volume><Issue>4</Issue><PubDate><Year>1999</Year></PubDate></JournalIssue><Title>Experimental and clinical endocrinology &amp; diabetes : official journal, German Society of Endocrinology [and] German Diabetes Association</Title><ISOAbbreviation>Exp Clin Endocrinol Diabetes</ISOAbbreviation></Journal><ArticleTitle>The KID Study V: the natural history of type 2 diabetes in younger patients still practising a profession. Heterogeneity of basal and reactive C-peptide levels in relation to BMI, duration of disease, age and HbA1.</ArticleTitle><Pagination><MedlinePgn>236-43</MedlinePgn></Pagination><Abstract><AbstractText>In a detailed evaluation of the data accumulated for 493 type 2 diabetics who participated in the KID Study, pre- and postprandial C-peptide was correlated with blood glucose level, HbA1, body mass index (BMI), duration of disease and age. As described earlier the KID-Study examined a younger cohort of type 2 diabetics predominately practising a profession. Our investigations demonstrate a significant increase of pre- as well as postprandial C-peptide levels with increasing obesity. However, delta C-peptide, as an indicator at the reaction capacity of pancreatic secretion, decreases significantly and continuously. Pre- as well as postprandial C-peptide levels decrease significantly with up to 15-20 years duration of disease. The preprandial pancreatic secretion is usually even at a high normal level at such a late stage whereas the secretory reserve of normal or mildly overweight as well as of obese type 2 diabetics is more impaired. In contrast to patients with a BMI &lt; 30, obese patients with a BMI &gt; 30 will also develop impairment of basal insulin secretion over decades. The patient's age did not influence the pre- or postprandial insulin secretion. The quality of metabolic control as measured by the HbA1 has nearly exclusive impact on the secretory reserve capacity. Correlation with increasing HbA1 concentrations, the postprandial but not the preprandial C-peptide levels decreased significantly and continuously. Predictive factors for a deterioration in pancreatic function are in order of importance: the extent of obesity, the quality of metabolic control and only last the duration of diabetes. Fortunately, consistent diabetic care can have an impact on the first two.</AbstractText></Abstract><AuthorList CompleteYN="Y"><Author ValidYN="Y"><LastName>Haupt</LastName><ForeName>E</ForeName><Initials>E</Initials><AffiliationInfo><Affiliation>Saale-Klinik der BfA, Bad Kissingen, Germany.</Affiliation></AffiliationInfo></Author><Author ValidYN="Y"><LastName>Haupt</LastName><ForeName>A</ForeName><Initials>A</Initials></Author><Author ValidYN="Y"><LastName>Herrmann</LastName><ForeName>R</ForeName><Initials>R</Initials></Author><Author ValidYN="Y"><LastName>Benecke-Timp</LastName><ForeName>A</ForeName><Initials>A</Initials></Author><Author ValidYN="Y"><LastName>Vogel</LastName><ForeName>H</ForeName><Initials>H</Initials></Author><Author ValidYN="Y"><LastName>Walter</LastName><ForeName>C</ForeName><Initials>C</Initials></Author></AuthorList><Language>eng</Language><PublicationTypeList><PublicationType UI="D016428">Journal Article</PublicationType><PublicationType UI="D013485">Research Support, Non-U.S. Gov't</PublicationType></PublicationTypeList></Article><MedlineJournalInfo><Country>Germany</Country><MedlineTA>Exp Clin Endocrinol Diabetes</MedlineTA><NlmUniqueID>9505926</NlmUniqueID><ISSNLinking>0947-7349</ISSNLinking></MedlineJournalInfo><ChemicalList><Chemical><RegistryNumber>0</RegistryNumber><NameOfSubstance UI="D001786">Blood Glucose</NameOfSubstance></Chemical><Chemical><RegistryNumber>0</RegistryNumber><NameOfSubstance UI="D002096">C-Peptide</NameOfSubstance></Chemical><Chemical><RegistryNumber>0</RegistryNumber><NameOfSubstance UI="D006442">Glycated Hemoglobin A</NameOfSubstance></Chemical></ChemicalList><CitationSubset>IM</CitationSubset><MeshHeadingList><MeshHeading><DescriptorName UI="D017668" MajorTopicYN="N">Age of Onset</DescriptorName></MeshHeading><MeshHeading><DescriptorName UI="D001786" MajorTopicYN="N">Blood Glucose</DescriptorName><QualifierName UI="Q000032" MajorTopicYN="N">analysis</QualifierName></MeshHeading><MeshHeading><DescriptorName UI="D015992" MajorTopicYN="N">Body Mass Index</DescriptorName></MeshHeading><MeshHeading><DescriptorName UI="D002096" MajorTopicYN="N">C-Peptide</DescriptorName><QualifierName UI="Q000097" MajorTopicYN="Y">blood</QualifierName></MeshHeading><MeshHeading><DescriptorName UI="D002851" MajorTopicYN="N">Chromatography, High Pressure Liquid</DescriptorName></MeshHeading><MeshHeading><DescriptorName UI="D015331" MajorTopicYN="N">Cohort Studies</DescriptorName></MeshHeading><MeshHeading><DescriptorName UI="D003924" MajorTopicYN="N">Diabetes Mellitus, Type 2</DescriptorName><QualifierName UI="Q000378" MajorTopicYN="N">metabolism</QualifierName><QualifierName UI="Q000503" MajorTopicYN="Y">physiopathology</QualifierName></MeshHeading><MeshHeading><DescriptorName UI="D004651" MajorTopicYN="N">Employment</DescriptorName></MeshHeading><MeshHeading><DescriptorName UI="D005260" MajorTopicYN="N">Female</DescriptorName></MeshHeading><MeshHeading><DescriptorName UI="D006442" MajorTopicYN="N">Glycated Hemoglobin A</DescriptorName><QualifierName UI="Q000032" MajorTopicYN="N">analysis</QualifierName></MeshHeading><MeshHeading><DescriptorName UI="D006801" MajorTopicYN="N">Humans</DescriptorName></MeshHeading><MeshHeading><DescriptorName UI="D008137" MajorTopicYN="N">Longitudinal Studies</DescriptorName></MeshHeading><MeshHeading><DescriptorName UI="D008297" MajorTopicYN="N">Male</DescriptorName></MeshHeading><MeshHeading><DescriptorName UI="D008875" MajorTopicYN="N">Middle Aged</DescriptorName></MeshHeading><MeshHeading><DescriptorName UI="D009765" MajorTopicYN="N">Obesity</DescriptorName><QualifierName UI="Q000503" MajorTopicYN="Y">physiopathology</QualifierName></MeshHeading><MeshHeading><DescriptorName UI="D019518" MajorTopicYN="N">Postprandial Period</DescriptorName></MeshHeading><MeshHeading><DescriptorName UI="D011237" MajorTopicYN="Y">Predictive Value of Tests</DescriptorName></MeshHeading><MeshHeading><DescriptorName UI="D015995" MajorTopicYN="N">Prevalence</DescriptorName></MeshHeading><MeshHeading><DescriptorName UI="D011446" MajorTopicYN="N">Prospective Studies</DescriptorName></MeshHeading><MeshHeading><DescriptorName UI="D011863" MajorTopicYN="N">Radioimmunoassay</DescriptorName></MeshHeading></MeshHeadingList></MedlineCitation><PubmedData><History><PubMedPubDate PubStatus="pubmed"><Year>1999</Year><Month>8</Month><Day>5</Day></PubMedPubDate><PubMedPubDate PubStatus="medline"><Year>1999</Year><Month>8</Month><Day>5</Day><Hour>0</Hour><Minute>1</Minute></PubMedPubDate><PubMedPubDate PubStatus="entrez"><Year>1999</Year><Month>8</Month><Day>5</Day><Hour>0</Hour><Minute>0</Minute></PubMedPubDate></History><PublicationStatus>ppublish</PublicationStatus><ArticleIdList><ArticleId IdType="pubmed">10433062</ArticleId><ArticleId IdType="doi">10.1055/s-0029-1212106</ArticleId></ArticleIdList></PubmedData></PubmedArticle></PubmedArticleSet>