<?xml version="1.0" ?>
<!DOCTYPE PubmedArticleSet PUBLIC "-//NLM//DTD PubMedArticle, 1st January 2019//EN" "https://dtd.nlm.nih.gov/ncbi/pubmed/out/pubmed_190101.dtd">
<PubmedArticleSet><PubmedArticle><MedlineCitation Status="MEDLINE" Owner="NLM"><PMID Version="1">10434871</PMID><DateCompleted><Year>1999</Year><Month>08</Month><Day>13</Day></DateCompleted><DateRevised><Year>2022</Year><Month>03</Month><Day>10</Day></DateRevised><Article PubModel="Print"><Journal><ISSN IssnType="Print">0007-1161</ISSN><JournalIssue CitedMedium="Print"><Volume>83</Volume><Issue>4</Issue><PubDate><Year>1999</Year><Month>Apr</Month></PubDate></JournalIssue><Title>The British journal of ophthalmology</Title><ISOAbbreviation>Br J Ophthalmol</ISOAbbreviation></Journal><ArticleTitle>Diabetes mellitus: a risk factor in patients with Graves' orbitopathy.</ArticleTitle><Pagination><MedlinePgn>463-5</MedlinePgn></Pagination><Abstract><AbstractText Label="AIMS" NlmCategory="OBJECTIVE">To assess the prevalence of dysthyroid optic neuropathy (DON) in patients with diabetes mellitus (DM) and Graves' orbitopathy (GO) and to investigate the complications of surgery for GO in these patients.</AbstractText><AbstractText Label="METHODS" NlmCategory="METHODS">The records of 482 consecutive patients with GO referred in a 5 year period were studied. Those patients who also had DM were selected for further study. The prevalence of insulin dependent diabetes mellitus (IDDM) and non-insulin dependent diabetes mellitus (NIDDM) was registered, as well as the prevalence and course of DON. In the patients who underwent surgery for GO the postoperative complications were recorded.</AbstractText><AbstractText Label="RESULTS" NlmCategory="RESULTS">Out of 482 patients with GO, 15 (3.1%) also had DM. Eight (1.7%) had IDDM, 7 (1.4%) had NIDDM. Five patients (33.3%) three with IDDM and two with NIDDM developed DON with 50% improvement of visual acuity after treatment, whereas in the whole population of 482 GO patients 19 had DON (3.9%), showing 69.4% improvement of vision after treatment. 10 patients with GO and DM were operated for GO; in one of them an optic atrophy developed as a result of a postoperative haemorrhage directly after a three wall orbital decompression by coronal approach. No other postoperative complications occurred.</AbstractText><AbstractText Label="CONCLUSIONS" NlmCategory="CONCLUSIONS">The prevalence of IDDM in patients with GO is higher than in the normal population. DON occurs much more frequently in patients with GO and DM than in the total group of GO patients and seems to have a worse visual prognosis.</AbstractText></Abstract><AuthorList CompleteYN="Y"><Author ValidYN="Y"><LastName>Kalmann</LastName><ForeName>R</ForeName><Initials>R</Initials><AffiliationInfo><Affiliation>Orbital Center Utrecht, Donders Institute of Ophthalmology, University Hospital, Utrecht, Netherlands.</Affiliation></AffiliationInfo></Author><Author ValidYN="Y"><LastName>Mourits</LastName><ForeName>M P</ForeName><Initials>MP</Initials></Author></AuthorList><Language>eng</Language><PublicationTypeList><PublicationType UI="D016428">Journal Article</PublicationType></PublicationTypeList></Article><MedlineJournalInfo><Country>England</Country><MedlineTA>Br J Ophthalmol</MedlineTA><NlmUniqueID>0421041</NlmUniqueID><ISSNLinking>0007-1161</ISSNLinking></MedlineJournalInfo><CitationSubset>IM</CitationSubset><MeshHeadingList><MeshHeading><DescriptorName UI="D000293" MajorTopicYN="N">Adolescent</DescriptorName></MeshHeading><MeshHeading><DescriptorName UI="D000328" MajorTopicYN="N">Adult</DescriptorName></MeshHeading><MeshHeading><DescriptorName UI="D000368" MajorTopicYN="N">Aged</DescriptorName></MeshHeading><MeshHeading><DescriptorName UI="D003922" MajorTopicYN="N">Diabetes Mellitus, Type 1</DescriptorName><QualifierName UI="Q000150" MajorTopicYN="Y">complications</QualifierName><QualifierName UI="Q000453" MajorTopicYN="N">epidemiology</QualifierName></MeshHeading><MeshHeading><DescriptorName UI="D003924" MajorTopicYN="N">Diabetes Mellitus, Type 2</DescriptorName><QualifierName UI="Q000150" MajorTopicYN="Y">complications</QualifierName><QualifierName UI="Q000453" MajorTopicYN="N">epidemiology</QualifierName></MeshHeading><MeshHeading><DescriptorName UI="D005260" MajorTopicYN="N">Female</DescriptorName></MeshHeading><MeshHeading><DescriptorName UI="D006111" MajorTopicYN="N">Graves Disease</DescriptorName><QualifierName UI="Q000150" MajorTopicYN="Y">complications</QualifierName><QualifierName UI="Q000453" MajorTopicYN="N">epidemiology</QualifierName></MeshHeading><MeshHeading><DescriptorName UI="D006801" MajorTopicYN="N">Humans</DescriptorName></MeshHeading><MeshHeading><DescriptorName UI="D008297" MajorTopicYN="N">Male</DescriptorName></MeshHeading><MeshHeading><DescriptorName UI="D009426" MajorTopicYN="N" Type="Geographic">Netherlands</DescriptorName><QualifierName UI="Q000453" MajorTopicYN="N">epidemiology</QualifierName></MeshHeading><MeshHeading><DescriptorName UI="D009901" MajorTopicYN="N">Optic Nerve Diseases</DescriptorName><QualifierName UI="Q000150" MajorTopicYN="Y">complications</QualifierName><QualifierName UI="Q000453" MajorTopicYN="N">epidemiology</QualifierName></MeshHeading><MeshHeading><DescriptorName UI="D015995" MajorTopicYN="N">Prevalence</DescriptorName></MeshHeading><MeshHeading><DescriptorName UI="D012189" MajorTopicYN="N">Retrospective Studies</DescriptorName></MeshHeading><MeshHeading><DescriptorName UI="D012307" MajorTopicYN="N">Risk Factors</DescriptorName></MeshHeading></MeshHeadingList></MedlineCitation><PubmedData><History><PubMedPubDate PubStatus="pubmed"><Year>1999</Year><Month>8</Month><Day>6</Day></PubMedPubDate><PubMedPubDate PubStatus="medline"><Year>1999</Year><Month>8</Month><Day>6</Day><Hour>0</Hour><Minute>1</Minute></PubMedPubDate><PubMedPubDate PubStatus="entrez"><Year>1999</Year><Month>8</Month><Day>6</Day><Hour>0</Hour><Minute>0</Minute></PubMedPubDate></History><PublicationStatus>ppublish</PublicationStatus><ArticleIdList><ArticleId IdType="pubmed">10434871</ArticleId><ArticleId IdType="pmc">PMC1723016</ArticleId><ArticleId IdType="doi">10.1136/bjo.83.4.463</ArticleId></ArticleIdList><ReferenceList><Reference><Citation>Am J Med Sci. 1966 Sep;252(3):357-74</Citation><ArticleIdList><ArticleId IdType="pubmed">5331322</ArticleId></ArticleIdList></Reference><Reference><Citation>J Clin Endocrinol Metab. 1997 Jan;82(1):143-6</Citation><ArticleIdList><ArticleId IdType="pubmed">8989248</ArticleId></ArticleIdList></Reference><Reference><Citation>Diabetologia. 1979 Jan;16(1):5-12</Citation><ArticleIdList><ArticleId IdType="pubmed">367858</ArticleId></ArticleIdList></Reference><Reference><Citation>Lancet. 1982 Mar 13;1(8272):596-8</Citation><ArticleIdList><ArticleId IdType="pubmed">6121186</ArticleId></ArticleIdList></Reference><Reference><Citation>Endocr Rev. 1984 Spring;5(2):200-20</Citation><ArticleIdList><ArticleId IdType="pubmed">6376078</ArticleId></ArticleIdList></Reference><Reference><Citation>Arch Ophthalmol. 1984 Oct;102(10):1469-72</Citation><ArticleIdList><ArticleId IdType="pubmed">6548373</ArticleId></ArticleIdList></Reference><Reference><Citation>N Engl J Med. 1988 May 12;318(19):1217-25</Citation><ArticleIdList><ArticleId IdType="pubmed">3283552</ArticleId></ArticleIdList></Reference><Reference><Citation>Ophthalmology. 1988 Nov;95(11):1515-21</Citation><ArticleIdList><ArticleId IdType="pubmed">3211460</ArticleId></ArticleIdList></Reference><Reference><Citation>Ophthalmology. 1990 May;97(5):636-41</Citation><ArticleIdList><ArticleId IdType="pubmed">2342809</ArticleId></ArticleIdList></Reference><Reference><Citation>Clin Endocrinol (Oxf). 1992 Mar;36(3):291-4</Citation><ArticleIdList><ArticleId IdType="pubmed">1563082</ArticleId></ArticleIdList></Reference><Reference><Citation>JAMA. 1993 Jan 27;269(4):479-82</Citation><ArticleIdList><ArticleId IdType="pubmed">8419666</ArticleId></ArticleIdList></Reference><Reference><Citation>J Clin Endocrinol Metab. 1995 Jul;80(7):2112-7</Citation><ArticleIdList><ArticleId IdType="pubmed">7608264</ArticleId></ArticleIdList></Reference><Reference><Citation>Diabetes Care. 1995 Sep;18(9):1270-3</Citation><ArticleIdList><ArticleId IdType="pubmed">8612442</ArticleId></ArticleIdList></Reference><Reference><Citation>Ned Tijdschr Geneeskd. 1996 Feb 3;140(5):277-8</Citation><ArticleIdList><ArticleId IdType="pubmed">8643139</ArticleId></ArticleIdList></Reference><Reference><Citation>Br Med J. 1978 Dec 16;2(6153):1715</Citation><ArticleIdList><ArticleId IdType="pubmed">737456</ArticleId></ArticleIdList></Reference></ReferenceList></PubmedData></PubmedArticle></PubmedArticleSet>