<?xml version="1.0" ?>
<!DOCTYPE PubmedArticleSet PUBLIC "-//NLM//DTD PubMedArticle, 1st January 2019//EN" "https://dtd.nlm.nih.gov/ncbi/pubmed/out/pubmed_190101.dtd">
<PubmedArticleSet><PubmedArticle><MedlineCitation Status="MEDLINE" Owner="NLM"><PMID Version="1">10440119</PMID><DateCompleted><Year>1999</Year><Month>10</Month><Day>20</Day></DateCompleted><DateRevised><Year>2006</Year><Month>11</Month><Day>15</Day></DateRevised><Article PubModel="Print"><Journal><ISSN IssnType="Print">0012-186X</ISSN><JournalIssue CitedMedium="Print"><Volume>42</Volume><Issue>7</Issue><PubDate><Year>1999</Year><Month>Jul</Month></PubDate></JournalIssue><Title>Diabetologia</Title><ISOAbbreviation>Diabetologia</ISOAbbreviation></Journal><ArticleTitle>Large incidence variation of Type I diabetes in central-southern Italy 1990-1995: lower risk in rural areas.</ArticleTitle><Pagination><MedlinePgn>789-92</MedlinePgn></Pagination><Abstract><AbstractText Label="AIMS/HYPOTHESIS" NlmCategory="OBJECTIVE">To evaluate the relation between the incidence of childhood Type I (insulin-dependent) diabetes mellitus and the degree of urbanization in the central-southern part of Italy.</AbstractText><AbstractText Label="METHODS" NlmCategory="METHODS">The incidence was determined in two areas: area A encompasses 3 regions of central-eastern Italy (Marche, Abruzzo, Umbria), whereas area B encompasses one southern region (Campania). During 1990-1995, 706 children aged 14 or under with insulin-dependent diabetes mellitus of recent onset were registered. The completeness of the case ascertainment in the registries analysed separately for each region was high, ranging from 96.3 % to 99%.</AbstractText><AbstractText Label="RESULTS" NlmCategory="RESULTS">The age-standardized incidence was higher in area A (9.6 per 100000 person per year; 95 % confidence interval: 8.5-10.8) than in area B (5.4 per 100000 person per year; 95% confidence interval: 4.9-6.0). In both areas the standardized incidence ratios increased with the degree of urbanization (chi-squared for trend: area A= 140, p &lt; 0.0001; area B = 79, p &lt; 0.0001). The highest standardized incidence ratios were in the most urban communities.</AbstractText><AbstractText Label="CONCLUSION/INTERPRETATION" NlmCategory="CONCLUSIONS">This study showed a statistically significant difference in incidence of childhood insulin-dependent diabetes mellitus among different areas of the continental peninsula of Italy. People living in the rural communities appear to have a lower risk.</AbstractText></Abstract><AuthorList CompleteYN="Y"><Author ValidYN="Y"><LastName>Cherubini</LastName><ForeName>V</ForeName><Initials>V</Initials><AffiliationInfo><Affiliation>Institute of Paediatrics, University of Ancona, Italy.</Affiliation></AffiliationInfo></Author><Author ValidYN="Y"><LastName>Carle</LastName><ForeName>F</ForeName><Initials>F</Initials></Author><Author ValidYN="Y"><LastName>Gesuita</LastName><ForeName>R</ForeName><Initials>R</Initials></Author><Author ValidYN="Y"><LastName>Iannilli</LastName><ForeName>A</ForeName><Initials>A</Initials></Author><Author ValidYN="Y"><LastName>Tuomilehto</LastName><ForeName>J</ForeName><Initials>J</Initials></Author><Author ValidYN="Y"><LastName>Prisco</LastName><ForeName>F</ForeName><Initials>F</Initials></Author><Author ValidYN="Y"><LastName>Iafusco</LastName><ForeName>D</ForeName><Initials>D</Initials></Author><Author ValidYN="Y"><LastName>Altobelli</LastName><ForeName>E</ForeName><Initials>E</Initials></Author><Author ValidYN="Y"><LastName>Chiarelli</LastName><ForeName>F</ForeName><Initials>F</Initials></Author><Author ValidYN="Y"><LastName>De Giorgi</LastName><ForeName>G</ForeName><Initials>G</Initials></Author><Author ValidYN="Y"><LastName>Falorni</LastName><ForeName>A</ForeName><Initials>A</Initials></Author></AuthorList><Language>eng</Language><PublicationTypeList><PublicationType UI="D016428">Journal Article</PublicationType><PublicationType UI="D013485">Research Support, Non-U.S. Gov't</PublicationType></PublicationTypeList></Article><MedlineJournalInfo><Country>Germany</Country><MedlineTA>Diabetologia</MedlineTA><NlmUniqueID>0006777</NlmUniqueID><ISSNLinking>0012-186X</ISSNLinking></MedlineJournalInfo><CitationSubset>IM</CitationSubset><MeshHeadingList><MeshHeading><DescriptorName UI="D000293" MajorTopicYN="N">Adolescent</DescriptorName></MeshHeading><MeshHeading><DescriptorName UI="D002648" MajorTopicYN="N">Child</DescriptorName></MeshHeading><MeshHeading><DescriptorName UI="D002675" MajorTopicYN="N">Child, Preschool</DescriptorName></MeshHeading><MeshHeading><DescriptorName UI="D003922" MajorTopicYN="N">Diabetes Mellitus, Type 1</DescriptorName><QualifierName UI="Q000453" MajorTopicYN="Y">epidemiology</QualifierName></MeshHeading><MeshHeading><DescriptorName UI="D005260" MajorTopicYN="N">Female</DescriptorName></MeshHeading><MeshHeading><DescriptorName UI="D018740" MajorTopicYN="N">Genetic Heterogeneity</DescriptorName></MeshHeading><MeshHeading><DescriptorName UI="D006801" MajorTopicYN="N">Humans</DescriptorName></MeshHeading><MeshHeading><DescriptorName UI="D015994" MajorTopicYN="N">Incidence</DescriptorName></MeshHeading><MeshHeading><DescriptorName UI="D007558" MajorTopicYN="N" Type="Geographic">Italy</DescriptorName><QualifierName UI="Q000453" MajorTopicYN="N">epidemiology</QualifierName></MeshHeading><MeshHeading><DescriptorName UI="D008297" MajorTopicYN="N">Male</DescriptorName></MeshHeading><MeshHeading><DescriptorName UI="D012307" MajorTopicYN="N">Risk Factors</DescriptorName></MeshHeading><MeshHeading><DescriptorName UI="D012423" MajorTopicYN="N">Rural Health</DescriptorName></MeshHeading><MeshHeading><DescriptorName UI="D012959" MajorTopicYN="N">Socioeconomic Factors</DescriptorName></MeshHeading><MeshHeading><DescriptorName UI="D014504" MajorTopicYN="N">Urban Health</DescriptorName></MeshHeading></MeshHeadingList></MedlineCitation><PubmedData><History><PubMedPubDate PubStatus="pubmed"><Year>1999</Year><Month>8</Month><Day>10</Day></PubMedPubDate><PubMedPubDate PubStatus="medline"><Year>1999</Year><Month>8</Month><Day>10</Day><Hour>0</Hour><Minute>1</Minute></PubMedPubDate><PubMedPubDate PubStatus="entrez"><Year>1999</Year><Month>8</Month><Day>10</Day><Hour>0</Hour><Minute>0</Minute></PubMedPubDate></History><PublicationStatus>ppublish</PublicationStatus><ArticleIdList><ArticleId IdType="pubmed">10440119</ArticleId><ArticleId IdType="doi">10.1007/s001250051228</ArticleId></ArticleIdList></PubmedData></PubmedArticle></PubmedArticleSet>