<?xml version="1.0" ?>
<!DOCTYPE PubmedArticleSet PUBLIC "-//NLM//DTD PubMedArticle, 1st January 2019//EN" "https://dtd.nlm.nih.gov/ncbi/pubmed/out/pubmed_190101.dtd">
<PubmedArticleSet><PubmedArticle><MedlineCitation Status="MEDLINE" Owner="NLM"><PMID Version="1">10449443</PMID><DateCompleted><Year>1999</Year><Month>09</Month><Day>14</Day></DateCompleted><DateRevised><Year>2018</Year><Month>11</Month><Day>13</Day></DateRevised><Article PubModel="Print"><Journal><ISSN IssnType="Print">0021-9738</ISSN><JournalIssue CitedMedium="Print"><Volume>104</Volume><Issue>4</Issue><PubDate><Year>1999</Year><Month>Aug</Month></PubDate></JournalIssue><Title>The Journal of clinical investigation</Title><ISOAbbreviation>J Clin Invest</ISOAbbreviation></Journal><ArticleTitle>Aberrant prostaglandin synthase 2 expression defines an antigen-presenting cell defect for insulin-dependent diabetes mellitus.</ArticleTitle><Pagination><MedlinePgn>515-23</MedlinePgn></Pagination><Abstract><AbstractText>Prostaglandins (PGs) are lipid molecules that profoundly affect cellular processes including inflammation and immune response. Pathways contributing to PG output are highly regulated in antigen-presenting cells such as macrophages and monocytes, which produce large quantities of these molecules upon activation. In this report, we demonstrate aberrant constitutive expression of the normally inducible cyclooxygenase PG synthase 2 (PGS(2)/ COX-2) in nonactivated monocytes of humans with insulin-dependent diabetes mellitus (IDDM) and those with islet autoantibodies at increased risk of developing this disease. Constitutive PGS(2) appears to characterize a high risk for diabetes as it correlates with and predicts a low first-phase insulin response in autoantibody-positive subjects. Abnormal PGS(2) expression in at-risk subjects affected immune response in vitro, as the presence of a specific PGS(2) inhibitor, NS398, significantly increased IL-2 receptor alpha-chain (CD25) expression on phytohemagglutinin-stimulated T cells. The effect of PGS(2) on CD25 expression was most profound in subjects expressing both DR04 and DQbeta0302 high-risk alleles, suggesting that this cyclooxygenase interacts with diabetes-associated MHC class II antigens to limit T-cell activation. These results indicate that constitutive PGS(2) expression in monocytes defines an antigen-presenting cell defect affecting immune response, and that this expression is a novel cell-associated risk marker for IDDM.</AbstractText></Abstract><AuthorList CompleteYN="Y"><Author ValidYN="Y"><LastName>Litherland</LastName><ForeName>S A</ForeName><Initials>SA</Initials><AffiliationInfo><Affiliation>Department of Immunology, Pathology, and Laboratory Medicine, College of Medicine, College of Medicine, University of Florida, Gainesville 32610, USA.</Affiliation></AffiliationInfo></Author><Author ValidYN="Y"><LastName>Xie</LastName><ForeName>X T</ForeName><Initials>XT</Initials></Author><Author ValidYN="Y"><LastName>Hutson</LastName><ForeName>A D</ForeName><Initials>AD</Initials></Author><Author ValidYN="Y"><LastName>Wasserfall</LastName><ForeName>C</ForeName><Initials>C</Initials></Author><Author ValidYN="Y"><LastName>Whittaker</LastName><ForeName>D S</ForeName><Initials>DS</Initials></Author><Author ValidYN="Y"><LastName>She</LastName><ForeName>J X</ForeName><Initials>JX</Initials></Author><Author ValidYN="Y"><LastName>Hofig</LastName><ForeName>A</ForeName><Initials>A</Initials></Author><Author ValidYN="Y"><LastName>Dennis</LastName><ForeName>M A</ForeName><Initials>MA</Initials></Author><Author ValidYN="Y"><LastName>Fuller</LastName><ForeName>K</ForeName><Initials>K</Initials></Author><Author ValidYN="Y"><LastName>Cook</LastName><ForeName>R</ForeName><Initials>R</Initials></Author><Author ValidYN="Y"><LastName>Schatz</LastName><ForeName>D</ForeName><Initials>D</Initials></Author><Author ValidYN="Y"><LastName>Moldawer</LastName><ForeName>L L</ForeName><Initials>LL</Initials></Author><Author ValidYN="Y"><LastName>Clare-Salzler</LastName><ForeName>M J</ForeName><Initials>MJ</Initials></Author></AuthorList><Language>eng</Language><GrantList CompleteYN="Y"><Grant><GrantID>P01 142288</GrantID><Agency>PHS HHS</Agency><Country>United States</Country></Grant></GrantList><PublicationTypeList><PublicationType UI="D016428">Journal Article</PublicationType><PublicationType UI="D013485">Research Support, Non-U.S. Gov't</PublicationType><PublicationType UI="D013487">Research Support, U.S. Gov't, P.H.S.</PublicationType></PublicationTypeList></Article><MedlineJournalInfo><Country>United States</Country><MedlineTA>J Clin Invest</MedlineTA><NlmUniqueID>7802877</NlmUniqueID><ISSNLinking>0021-9738</ISSNLinking></MedlineJournalInfo><ChemicalList><Chemical><RegistryNumber>0</RegistryNumber><NameOfSubstance UI="D001323">Autoantibodies</NameOfSubstance></Chemical><Chemical><RegistryNumber>0</RegistryNumber><NameOfSubstance UI="D052246">Cyclooxygenase 2 Inhibitors</NameOfSubstance></Chemical><Chemical><RegistryNumber>0</RegistryNumber><NameOfSubstance UI="D016861">Cyclooxygenase Inhibitors</NameOfSubstance></Chemical><Chemical><RegistryNumber>0</RegistryNumber><NameOfSubstance UI="D007527">Isoenzymes</NameOfSubstance></Chemical><Chemical><RegistryNumber>0</RegistryNumber><NameOfSubstance UI="D008565">Membrane Proteins</NameOfSubstance></Chemical><Chemical><RegistryNumber>0</RegistryNumber><NameOfSubstance UI="D009578">Nitrobenzenes</NameOfSubstance></Chemical><Chemical><RegistryNumber>0</RegistryNumber><NameOfSubstance UI="D015375">Receptors, Interleukin-2</NameOfSubstance></Chemical><Chemical><RegistryNumber>0</RegistryNumber><NameOfSubstance UI="D013449">Sulfonamides</NameOfSubstance></Chemical><Chemical><RegistryNumber>0</RegistryNumber><NameOfSubstance UI="C024211">islet cell antibody</NameOfSubstance></Chemical><Chemical><RegistryNumber>123653-11-2</RegistryNumber><NameOfSubstance UI="C080955">N-(2-cyclohexyloxy-4-nitrophenyl)methanesulfonamide</NameOfSubstance></Chemical><Chemical><RegistryNumber>EC 1.14.99.1</RegistryNumber><NameOfSubstance UI="D051546">Cyclooxygenase 2</NameOfSubstance></Chemical><Chemical><RegistryNumber>EC 1.14.99.1</RegistryNumber><NameOfSubstance UI="C496540">PTGS2 protein, human</NameOfSubstance></Chemical><Chemical><RegistryNumber>EC 1.14.99.1</RegistryNumber><NameOfSubstance UI="D011451">Prostaglandin-Endoperoxide Synthases</NameOfSubstance></Chemical></ChemicalList><CitationSubset>IM</CitationSubset><MeshHeadingList><MeshHeading><DescriptorName UI="D000293" MajorTopicYN="N">Adolescent</DescriptorName></MeshHeading><MeshHeading><DescriptorName UI="D000328" MajorTopicYN="N">Adult</DescriptorName></MeshHeading><MeshHeading><DescriptorName UI="D000368" MajorTopicYN="N">Aged</DescriptorName></MeshHeading><MeshHeading><DescriptorName UI="D000483" MajorTopicYN="N">Alleles</DescriptorName></MeshHeading><MeshHeading><DescriptorName UI="D000938" MajorTopicYN="N">Antigen-Presenting Cells</DescriptorName><QualifierName UI="Q000201" MajorTopicYN="Y">enzymology</QualifierName></MeshHeading><MeshHeading><DescriptorName UI="D001323" MajorTopicYN="N">Autoantibodies</DescriptorName><QualifierName UI="Q000097" MajorTopicYN="N">blood</QualifierName></MeshHeading><MeshHeading><DescriptorName UI="D016022" MajorTopicYN="N">Case-Control Studies</DescriptorName></MeshHeading><MeshHeading><DescriptorName UI="D002648" MajorTopicYN="N">Child</DescriptorName></MeshHeading><MeshHeading><DescriptorName UI="D002675" MajorTopicYN="N">Child, Preschool</DescriptorName></MeshHeading><MeshHeading><DescriptorName UI="D051546" MajorTopicYN="N">Cyclooxygenase 2</DescriptorName></MeshHeading><MeshHeading><DescriptorName UI="D052246" MajorTopicYN="N">Cyclooxygenase 2 Inhibitors</DescriptorName></MeshHeading><MeshHeading><DescriptorName UI="D016861" MajorTopicYN="N">Cyclooxygenase Inhibitors</DescriptorName><QualifierName UI="Q000494" MajorTopicYN="N">pharmacology</QualifierName></MeshHeading><MeshHeading><DescriptorName UI="D003922" MajorTopicYN="N">Diabetes Mellitus, Type 1</DescriptorName><QualifierName UI="Q000201" MajorTopicYN="Y">enzymology</QualifierName><QualifierName UI="Q000235" MajorTopicYN="N">genetics</QualifierName><QualifierName UI="Q000276" MajorTopicYN="Y">immunology</QualifierName></MeshHeading><MeshHeading><DescriptorName UI="D005260" MajorTopicYN="N">Female</DescriptorName></MeshHeading><MeshHeading><DescriptorName UI="D005802" MajorTopicYN="N">Genes, MHC Class II</DescriptorName></MeshHeading><MeshHeading><DescriptorName UI="D006801" MajorTopicYN="N">Humans</DescriptorName></MeshHeading><MeshHeading><DescriptorName UI="D007515" MajorTopicYN="N">Islets of Langerhans</DescriptorName><QualifierName UI="Q000276" MajorTopicYN="N">immunology</QualifierName></MeshHeading><MeshHeading><DescriptorName UI="D007527" MajorTopicYN="N">Isoenzymes</DescriptorName><QualifierName UI="Q000378" MajorTopicYN="Y">metabolism</QualifierName></MeshHeading><MeshHeading><DescriptorName UI="D008297" MajorTopicYN="N">Male</DescriptorName></MeshHeading><MeshHeading><DescriptorName UI="D008565" MajorTopicYN="N">Membrane Proteins</DescriptorName></MeshHeading><MeshHeading><DescriptorName UI="D008875" MajorTopicYN="N">Middle Aged</DescriptorName></MeshHeading><MeshHeading><DescriptorName UI="D009000" MajorTopicYN="N">Monocytes</DescriptorName><QualifierName UI="Q000201" MajorTopicYN="N">enzymology</QualifierName><QualifierName UI="Q000276" MajorTopicYN="N">immunology</QualifierName></MeshHeading><MeshHeading><DescriptorName UI="D009578" MajorTopicYN="N">Nitrobenzenes</DescriptorName><QualifierName UI="Q000494" MajorTopicYN="N">pharmacology</QualifierName></MeshHeading><MeshHeading><DescriptorName UI="D011451" MajorTopicYN="N">Prostaglandin-Endoperoxide Synthases</DescriptorName><QualifierName UI="Q000378" MajorTopicYN="Y">metabolism</QualifierName></MeshHeading><MeshHeading><DescriptorName UI="D015375" MajorTopicYN="N">Receptors, Interleukin-2</DescriptorName><QualifierName UI="Q000378" MajorTopicYN="N">metabolism</QualifierName></MeshHeading><MeshHeading><DescriptorName UI="D012307" MajorTopicYN="N">Risk Factors</DescriptorName></MeshHeading><MeshHeading><DescriptorName UI="D013449" MajorTopicYN="N">Sulfonamides</DescriptorName><QualifierName UI="Q000494" MajorTopicYN="N">pharmacology</QualifierName></MeshHeading><MeshHeading><DescriptorName UI="D013601" MajorTopicYN="N">T-Lymphocytes</DescriptorName><QualifierName UI="Q000201" MajorTopicYN="N">enzymology</QualifierName><QualifierName UI="Q000276" MajorTopicYN="N">immunology</QualifierName></MeshHeading></MeshHeadingList></MedlineCitation><PubmedData><History><PubMedPubDate PubStatus="pubmed"><Year>1999</Year><Month>8</Month><Day>17</Day></PubMedPubDate><PubMedPubDate PubStatus="medline"><Year>1999</Year><Month>8</Month><Day>17</Day><Hour>0</Hour><Minute>1</Minute></PubMedPubDate><PubMedPubDate PubStatus="entrez"><Year>1999</Year><Month>8</Month><Day>17</Day><Hour>0</Hour><Minute>0</Minute></PubMedPubDate></History><PublicationStatus>ppublish</PublicationStatus><ArticleIdList><ArticleId IdType="pubmed">10449443</ArticleId><ArticleId IdType="doi">10.1172/JCI4852</ArticleId><ArticleId IdType="pmc">PMC408519</ArticleId></ArticleIdList><ReferenceList><Reference><Citation>Semin Nucl Med. 1978 Oct;8(4):283-98</Citation><ArticleIdList><ArticleId IdType="pubmed">112681</ArticleId></ArticleIdList></Reference><Reference><Citation>Diabetes. 1979 Dec;28(12):1039-57</Citation><ArticleIdList><ArticleId IdType="pubmed">510803</ArticleId></ArticleIdList></Reference><Reference><Citation>Exp Brain Res. 1985;61(1):87-90</Citation><ArticleIdList><ArticleId IdType="pubmed">3910448</ArticleId></ArticleIdList></Reference><Reference><Citation>Prostaglandins Leukot Med. 1986 Oct;24(2-3):151-61</Citation><ArticleIdList><ArticleId IdType="pubmed">3540997</ArticleId></ArticleIdList></Reference><Reference><Citation>Diabetologia. 1989 Jan;32(1):67-73</Citation><ArticleIdList><ArticleId IdType="pubmed">2785066</ArticleId></ArticleIdList></Reference><Reference><Citation>J Immunol. 1989 Jul 15;143(2):414-9</Citation><ArticleIdList><ArticleId IdType="pubmed">2525585</ArticleId></ArticleIdList></Reference><Reference><Citation>Clin Immunol Immunopathol. 1989 Sep;52(3):406-13</Citation><ArticleIdList><ArticleId IdType="pubmed">2527100</ArticleId></ArticleIdList></Reference><Reference><Citation>J Immunol. 1989 Nov 15;143(10):3148-56</Citation><ArticleIdList><ArticleId IdType="pubmed">2478619</ArticleId></ArticleIdList></Reference><Reference><Citation>Nihon Naibunpi Gakkai Zasshi. 1989 Jul 20;65(7):674-85</Citation><ArticleIdList><ArticleId IdType="pubmed">2583313</ArticleId></ArticleIdList></Reference><Reference><Citation>Diabetes. 1989 Nov;38(11):1446-55</Citation><ArticleIdList><ArticleId IdType="pubmed">2576007</ArticleId></ArticleIdList></Reference><Reference><Citation>Science. 1991 Mar 8;251(4998):1225-8</Citation><ArticleIdList><ArticleId IdType="pubmed">1900951</ArticleId></ArticleIdList></Reference><Reference><Citation>J Immunol. 1992 May 1;148(9):2845-52</Citation><ArticleIdList><ArticleId IdType="pubmed">1374102</ArticleId></ArticleIdList></Reference><Reference><Citation>J Immunol. 1992 Jun 15;148(12):3740-5</Citation><ArticleIdList><ArticleId IdType="pubmed">1534823</ArticleId></ArticleIdList></Reference><Reference><Citation>J Exp Med. 1992 Jul 1;176(1):67-77</Citation><ArticleIdList><ArticleId IdType="pubmed">1613467</ArticleId></ArticleIdList></Reference><Reference><Citation>Clin Immunol Immunopathol. 1992 Sep;64(3):188-96</Citation><ArticleIdList><ArticleId IdType="pubmed">1643751</ArticleId></ArticleIdList></Reference><Reference><Citation>J Immunol. 1992 Sep 1;149(5):1583-92</Citation><ArticleIdList><ArticleId IdType="pubmed">1380534</ArticleId></ArticleIdList></Reference><Reference><Citation>Eur J Immunol. 1994 Apr;24(4):999-1002</Citation><ArticleIdList><ArticleId IdType="pubmed">8149968</ArticleId></ArticleIdList></Reference><Reference><Citation>Eur J Immunol. 1995 Sep;25(9):2572-7</Citation><ArticleIdList><ArticleId IdType="pubmed">7589128</ArticleId></ArticleIdList></Reference><Reference><Citation>Annu Rev Biochem. 1995;64:621-51</Citation><ArticleIdList><ArticleId IdType="pubmed">7574495</ArticleId></ArticleIdList></Reference><Reference><Citation>Cell. 1995 Nov 3;83(3):345-8</Citation><ArticleIdList><ArticleId IdType="pubmed">8521461</ArticleId></ArticleIdList></Reference><Reference><Citation>J Immunol. 1996 Mar 1;156(5):1722-27</Citation><ArticleIdList><ArticleId IdType="pubmed">8596019</ArticleId></ArticleIdList></Reference><Reference><Citation>Diabetes. 1996 May;45(5):602-9</Citation><ArticleIdList><ArticleId IdType="pubmed">8621010</ArticleId></ArticleIdList></Reference><Reference><Citation>Curr Opin Immunol. 1995 Dec;7(6):793-8</Citation><ArticleIdList><ArticleId IdType="pubmed">8679122</ArticleId></ArticleIdList></Reference><Reference><Citation>J Leukoc Biol. 1996 Jul;60(1):8-26</Citation><ArticleIdList><ArticleId IdType="pubmed">8699127</ArticleId></ArticleIdList></Reference><Reference><Citation>Horm Metab Res. 1996 Jun;28(6):289-93</Citation><ArticleIdList><ArticleId IdType="pubmed">8811331</ArticleId></ArticleIdList></Reference><Reference><Citation>FEBS Lett. 1996 Oct 7;394(3):365-70</Citation><ArticleIdList><ArticleId IdType="pubmed">8830676</ArticleId></ArticleIdList></Reference><Reference><Citation>Immunol Today. 1996 Oct;17(10):481-6</Citation><ArticleIdList><ArticleId IdType="pubmed">8908814</ArticleId></ArticleIdList></Reference><Reference><Citation>Eur J Immunol. 1997 May;27(5):1207-12</Citation><ArticleIdList><ArticleId IdType="pubmed">9174612</ArticleId></ArticleIdList></Reference><Reference><Citation>Immunity. 1998 Feb;8(2):265-74</Citation><ArticleIdList><ArticleId IdType="pubmed">9492007</ArticleId></ArticleIdList></Reference><Reference><Citation>Science. 1998 Apr 10;280(5361):243-8</Citation><ArticleIdList><ArticleId IdType="pubmed">9535647</ArticleId></ArticleIdList></Reference><Reference><Citation>Am J Physiol. 1998 Apr;274(4 Pt 2):F673-9</Citation><ArticleIdList><ArticleId IdType="pubmed">9575890</ArticleId></ArticleIdList></Reference><Reference><Citation>Immunity. 1998 May;8(5):615-23</Citation><ArticleIdList><ArticleId IdType="pubmed">9620682</ArticleId></ArticleIdList></Reference><Reference><Citation>Diabetes. 1993 Jan;42(1):127-33</Citation><ArticleIdList><ArticleId IdType="pubmed">8420810</ArticleId></ArticleIdList></Reference><Reference><Citation>J Exp Med. 1993 Feb 1;177(2):567-71</Citation><ArticleIdList><ArticleId IdType="pubmed">8381158</ArticleId></ArticleIdList></Reference><Reference><Citation>J Immunol. 1993 Mar 15;150(6):2534-43</Citation><ArticleIdList><ArticleId IdType="pubmed">8450229</ArticleId></ArticleIdList></Reference><Reference><Citation>J Leukoc Biol. 1993 Apr;53(4):411-9</Citation><ArticleIdList><ArticleId IdType="pubmed">8482922</ArticleId></ArticleIdList></Reference><Reference><Citation>J Immunol. 1993 Jun 15;150(12):5321-9</Citation><ArticleIdList><ArticleId IdType="pubmed">8390534</ArticleId></ArticleIdList></Reference><Reference><Citation>J Exp Med. 1993 Nov 1;178(5):1813-7</Citation><ArticleIdList><ArticleId IdType="pubmed">7693857</ArticleId></ArticleIdList></Reference><Reference><Citation>J Clin Invest. 1994 Jan;93(1):391-6</Citation><ArticleIdList><ArticleId IdType="pubmed">8282809</ArticleId></ArticleIdList></Reference><Reference><Citation>Science. 1994 Feb 25;263(5150):1139-43</Citation><ArticleIdList><ArticleId IdType="pubmed">7509084</ArticleId></ArticleIdList></Reference><Reference><Citation>Cell. 1994 Feb 25;76(4):651-63</Citation><ArticleIdList><ArticleId IdType="pubmed">8124708</ArticleId></ArticleIdList></Reference><Reference><Citation>Science. 1994 Mar 18;263(5153):1615-8</Citation><ArticleIdList><ArticleId IdType="pubmed">8128249</ArticleId></ArticleIdList></Reference><Reference><Citation>Prostaglandins. 1994 Jan;47(1):55-9</Citation><ArticleIdList><ArticleId IdType="pubmed">8140262</ArticleId></ArticleIdList></Reference><Reference><Citation>Diabetes. 1994 May;43(5):613-21</Citation><ArticleIdList><ArticleId IdType="pubmed">8168635</ArticleId></ArticleIdList></Reference><Reference><Citation>J Biol Chem. 1994 Aug 19;269(33):21322-9</Citation><ArticleIdList><ArticleId IdType="pubmed">8063757</ArticleId></ArticleIdList></Reference><Reference><Citation>J Immunol. 1995 Feb 1;154(3):1041-7</Citation><ArticleIdList><ArticleId IdType="pubmed">7822781</ArticleId></ArticleIdList></Reference><Reference><Citation>J Exp Med. 1995 Feb 1;181(2):775-9</Citation><ArticleIdList><ArticleId IdType="pubmed">7836930</ArticleId></ArticleIdList></Reference><Reference><Citation>Eur J Immunol. 1995 Jan;25(1):59-63</Citation><ArticleIdList><ArticleId IdType="pubmed">7843254</ArticleId></ArticleIdList></Reference><Reference><Citation>Biochim Biophys Acta. 1995 Feb 9;1254(3):341-8</Citation><ArticleIdList><ArticleId IdType="pubmed">7857975</ArticleId></ArticleIdList></Reference><Reference><Citation>Immunol Today. 1995 Jan;16(1):34-8</Citation><ArticleIdList><ArticleId IdType="pubmed">7880387</ArticleId></ArticleIdList></Reference><Reference><Citation>Prostaglandins Leukot Essent Fatty Acids. 1994 Dec;51(6):385-99</Citation><ArticleIdList><ArticleId IdType="pubmed">7708803</ArticleId></ArticleIdList></Reference><Reference><Citation>J Biol Chem. 1995 May 5;270(18):10902-8</Citation><ArticleIdList><ArticleId IdType="pubmed">7738031</ArticleId></ArticleIdList></Reference><Reference><Citation>J Immunol. 1995 Jun 1;154(11):6191-202</Citation><ArticleIdList><ArticleId IdType="pubmed">7538545</ArticleId></ArticleIdList></Reference><Reference><Citation>Annu Rev Immunol. 1995;13:179-200</Citation><ArticleIdList><ArticleId IdType="pubmed">7612220</ArticleId></ArticleIdList></Reference><Reference><Citation>Pancreas. 1995 Jul;11(1):26-37</Citation><ArticleIdList><ArticleId IdType="pubmed">7667243</ArticleId></ArticleIdList></Reference></ReferenceList></PubmedData></PubmedArticle></PubmedArticleSet>