<?xml version="1.0" ?>
<!DOCTYPE PubmedArticleSet PUBLIC "-//NLM//DTD PubMedArticle, 1st January 2019//EN" "https://dtd.nlm.nih.gov/ncbi/pubmed/out/pubmed_190101.dtd">
<PubmedArticleSet><PubmedArticle><MedlineCitation Status="MEDLINE" Owner="NLM"><PMID Version="1">10447755</PMID><DateCompleted><Year>2000</Year><Month>04</Month><Day>10</Day></DateCompleted><DateRevised><Year>2019</Year><Month>05</Month><Day>13</Day></DateRevised><Article PubModel="Print"><Journal><ISSN IssnType="Print">0019-2805</ISSN><JournalIssue CitedMedium="Print"><Volume>97</Volume><Issue>3</Issue><PubDate><Year>1999</Year><Month>Jul</Month></PubDate></JournalIssue><Title>Immunology</Title><ISOAbbreviation>Immunology</ISOAbbreviation></Journal><ArticleTitle>Endogenous interleukin-12 only plays a key pathogenetic role in non-obese diabetic mouse diabetes during the very early stages of the disease.</ArticleTitle><Pagination><MedlinePgn>367-70</MedlinePgn></Pagination><Abstract><AbstractText>A rat monoclonal antibody (mAb) that neutralizes mouse interleukin-12 (IL-12) was administered to female non-obese diabetic (NOD) mice of different ages to dismantle the role of endogenous IL-12 in murine autoimmune diabetogenesis. This mAb was effective in preventing clinical, but not histological signs of spontaneous diabetes when treatment was started early in life at the age of 4 weeks and consecutively continued for 10 weeks. Delaying commencement of anti-IL-12 mAb prophylaxis until the age of 18 weeks, when NOD mice suffer from advanced insulitis, was ineffective. Anti-IL-12 mAb did not influence the course of the accelerated model of diabetes induced by cyclophosphamide. These data prove that the pathogenetic role of endogenous IL-12 in NOD mouse diabetes is restricted to the very early diabetogenic events presumably occurring prior to insulitis development.</AbstractText></Abstract><AuthorList CompleteYN="Y"><Author ValidYN="Y"><LastName>Nicoletti</LastName><ForeName>F</ForeName><Initials>F</Initials><AffiliationInfo><Affiliation>Institute of Microbiology, University of Milan, Italy.</Affiliation></AffiliationInfo></Author><Author ValidYN="Y"><LastName>Di Marco</LastName><ForeName>R</ForeName><Initials>R</Initials></Author><Author ValidYN="Y"><LastName>Zaccone</LastName><ForeName>P</ForeName><Initials>P</Initials></Author><Author ValidYN="Y"><LastName>Magro</LastName><ForeName>G</ForeName><Initials>G</Initials></Author><Author ValidYN="Y"><LastName>Di Mauro</LastName><ForeName>M</ForeName><Initials>M</Initials></Author><Author ValidYN="Y"><LastName>Grasso</LastName><ForeName>S</ForeName><Initials>S</Initials></Author><Author ValidYN="Y"><LastName>Meroni</LastName><ForeName>P L</ForeName><Initials>PL</Initials></Author></AuthorList><Language>eng</Language><PublicationTypeList><PublicationType UI="D016428">Journal Article</PublicationType></PublicationTypeList></Article><MedlineJournalInfo><Country>England</Country><MedlineTA>Immunology</MedlineTA><NlmUniqueID>0374672</NlmUniqueID><ISSNLinking>0019-2805</ISSNLinking></MedlineJournalInfo><ChemicalList><Chemical><RegistryNumber>0</RegistryNumber><NameOfSubstance UI="D000911">Antibodies, Monoclonal</NameOfSubstance></Chemical><Chemical><RegistryNumber>187348-17-0</RegistryNumber><NameOfSubstance UI="D018664">Interleukin-12</NameOfSubstance></Chemical></ChemicalList><CitationSubset>IM</CitationSubset><MeshHeadingList><MeshHeading><DescriptorName UI="D000818" MajorTopicYN="N">Animals</DescriptorName></MeshHeading><MeshHeading><DescriptorName UI="D000911" MajorTopicYN="N">Antibodies, Monoclonal</DescriptorName><QualifierName UI="Q000627" MajorTopicYN="N">therapeutic use</QualifierName></MeshHeading><MeshHeading><DescriptorName UI="D001327" MajorTopicYN="N">Autoimmune Diseases</DescriptorName><QualifierName UI="Q000276" MajorTopicYN="Y">immunology</QualifierName></MeshHeading><MeshHeading><DescriptorName UI="D003921" MajorTopicYN="N">Diabetes Mellitus, Experimental</DescriptorName><QualifierName UI="Q000276" MajorTopicYN="Y">immunology</QualifierName><QualifierName UI="Q000517" MajorTopicYN="N">prevention &amp; control</QualifierName></MeshHeading><MeshHeading><DescriptorName UI="D005260" MajorTopicYN="N">Female</DescriptorName></MeshHeading><MeshHeading><DescriptorName UI="D018664" MajorTopicYN="N">Interleukin-12</DescriptorName><QualifierName UI="Q000276" MajorTopicYN="Y">immunology</QualifierName></MeshHeading><MeshHeading><DescriptorName UI="D051379" MajorTopicYN="N">Mice</DescriptorName></MeshHeading><MeshHeading><DescriptorName UI="D016688" MajorTopicYN="N">Mice, Inbred NOD</DescriptorName></MeshHeading><MeshHeading><DescriptorName UI="D051381" MajorTopicYN="N">Rats</DescriptorName></MeshHeading></MeshHeadingList></MedlineCitation><PubmedData><History><PubMedPubDate PubStatus="pubmed"><Year>1999</Year><Month>8</Month><Day>14</Day><Hour>10</Hour><Minute>0</Minute></PubMedPubDate><PubMedPubDate PubStatus="medline"><Year>2000</Year><Month>4</Month><Day>15</Day><Hour>9</Hour><Minute>0</Minute></PubMedPubDate><PubMedPubDate PubStatus="entrez"><Year>1999</Year><Month>8</Month><Day>14</Day><Hour>10</Hour><Minute>0</Minute></PubMedPubDate></History><PublicationStatus>ppublish</PublicationStatus><ArticleIdList><ArticleId IdType="pubmed">10447755</ArticleId><ArticleId IdType="pii">imm836</ArticleId><ArticleId IdType="pmc">PMC2326864</ArticleId><ArticleId IdType="doi">10.1046/j.1365-2567.1999.00836.x</ArticleId></ArticleIdList><ReferenceList><Reference><Citation>J Autoimmun. 1991 Apr;4(2):237-48</Citation><ArticleIdList><ArticleId IdType="pubmed">1909135</ArticleId></ArticleIdList></Reference><Reference><Citation>J Clin Invest. 1991 Feb;87(2):739-42</Citation><ArticleIdList><ArticleId IdType="pubmed">1899431</ArticleId></ArticleIdList></Reference><Reference><Citation>Diabetes. 1994 May;43(5):613-21</Citation><ArticleIdList><ArticleId IdType="pubmed">8168635</ArticleId></ArticleIdList></Reference><Reference><Citation>Clin Immunol Immunopathol. 1994 May;71(2):169-75</Citation><ArticleIdList><ArticleId IdType="pubmed">8181185</ArticleId></ArticleIdList></Reference><Reference><Citation>Eur J Immunol. 1994 Aug;24(8):1843-7</Citation><ArticleIdList><ArticleId IdType="pubmed">8056041</ArticleId></ArticleIdList></Reference><Reference><Citation>Endocr Rev. 1994 Aug;15(4):516-42</Citation><ArticleIdList><ArticleId IdType="pubmed">7988484</ArticleId></ArticleIdList></Reference><Reference><Citation>J Exp Med. 1995 Feb 1;181(2):817-21</Citation><ArticleIdList><ArticleId IdType="pubmed">7836934</ArticleId></ArticleIdList></Reference><Reference><Citation>J Exp Med. 1995 Nov 1;182(5):1281-90</Citation><ArticleIdList><ArticleId IdType="pubmed">7595199</ArticleId></ArticleIdList></Reference><Reference><Citation>Immunol Rev. 1995 Apr;144:269-300</Citation><ArticleIdList><ArticleId IdType="pubmed">7590817</ArticleId></ArticleIdList></Reference><Reference><Citation>J Immunol. 1996 Feb 1;156(3):1315-21</Citation><ArticleIdList><ArticleId IdType="pubmed">8558012</ArticleId></ArticleIdList></Reference><Reference><Citation>Eur J Endocrinol. 1996 Jan;134(1):21-30</Citation><ArticleIdList><ArticleId IdType="pubmed">8590951</ArticleId></ArticleIdList></Reference><Reference><Citation>Diabetologia. 1996 Jan;39(1):119-22</Citation><ArticleIdList><ArticleId IdType="pubmed">8720612</ArticleId></ArticleIdList></Reference><Reference><Citation>J Autoimmun. 1996 Oct;9(5):645-51</Citation><ArticleIdList><ArticleId IdType="pubmed">8933280</ArticleId></ArticleIdList></Reference><Reference><Citation>Endocrinology. 1996 Dec;137(12):5567-75</Citation><ArticleIdList><ArticleId IdType="pubmed">8940385</ArticleId></ArticleIdList></Reference><Reference><Citation>Ann N Y Acad Sci. 1996 Oct 31;795:241-9</Citation><ArticleIdList><ArticleId IdType="pubmed">8958935</ArticleId></ArticleIdList></Reference><Reference><Citation>J Clin Invest. 1997 Feb 1;99(3):469-74</Citation><ArticleIdList><ArticleId IdType="pubmed">9022080</ArticleId></ArticleIdList></Reference><Reference><Citation>Diabetes. 1997 Jun;46(6):937-40</Citation><ArticleIdList><ArticleId IdType="pubmed">9166662</ArticleId></ArticleIdList></Reference><Reference><Citation>Horm Metab Res. 1997 Apr;29(4):168-71</Citation><ArticleIdList><ArticleId IdType="pubmed">9178025</ArticleId></ArticleIdList></Reference><Reference><Citation>Diabetologia. 1997 Jun;40(6):641-6</Citation><ArticleIdList><ArticleId IdType="pubmed">9222642</ArticleId></ArticleIdList></Reference><Reference><Citation>Eur J Immunol. 1997 Sep;27(9):2330-9</Citation><ArticleIdList><ArticleId IdType="pubmed">9341777</ArticleId></ArticleIdList></Reference><Reference><Citation>J Immunol. 1997 Nov 15;159(10):4686-92</Citation><ArticleIdList><ArticleId IdType="pubmed">9366391</ArticleId></ArticleIdList></Reference><Reference><Citation>Autoimmunity. 1998;27(3):179-84</Citation><ArticleIdList><ArticleId IdType="pubmed">9609135</ArticleId></ArticleIdList></Reference><Reference><Citation>Diabetes Metab Rev. 1998 Jun;14(2):129-51</Citation><ArticleIdList><ArticleId IdType="pubmed">9679667</ArticleId></ArticleIdList></Reference><Reference><Citation>J Endocrinol. 1998 Jul;158(1):69-75</Citation><ArticleIdList><ArticleId IdType="pubmed">9713328</ArticleId></ArticleIdList></Reference><Reference><Citation>J Immunol. 1998 Nov 1;161(9):5097-104</Citation><ArticleIdList><ArticleId IdType="pubmed">9794448</ArticleId></ArticleIdList></Reference><Reference><Citation>J Clin Invest. 1998 Nov 15;102(10):1807-14</Citation><ArticleIdList><ArticleId IdType="pubmed">9819366</ArticleId></ArticleIdList></Reference><Reference><Citation>Clin Exp Immunol. 1993 Mar;91(3):376-80</Citation><ArticleIdList><ArticleId IdType="pubmed">8095192</ArticleId></ArticleIdList></Reference></ReferenceList></PubmedData></PubmedArticle></PubmedArticleSet>