<?xml version="1.0" ?>
<!DOCTYPE PubmedArticleSet PUBLIC "-//NLM//DTD PubMedArticle, 1st January 2019//EN" "https://dtd.nlm.nih.gov/ncbi/pubmed/out/pubmed_190101.dtd">
<PubmedArticleSet><PubmedArticle><MedlineCitation Status="MEDLINE" Owner="NLM"><PMID Version="1">10448879</PMID><DateCompleted><Year>1999</Year><Month>09</Month><Day>22</Day></DateCompleted><DateRevised><Year>2019</Year><Month>06</Month><Day>24</Day></DateRevised><Article PubModel="Print"><Journal><ISSN IssnType="Print">0014-2999</ISSN><JournalIssue CitedMedium="Print"><Volume>376</Volume><Issue>3</Issue><PubDate><Year>1999</Year><Month>Jul</Month><Day>09</Day></PubDate></JournalIssue><Title>European journal of pharmacology</Title><ISOAbbreviation>Eur J Pharmacol</ISOAbbreviation></Journal><ArticleTitle>High rat food vitamin E content improves nerve function in streptozotocin-diabetic rats.</ArticleTitle><Pagination><MedlinePgn>217-22</MedlinePgn></Pagination><Abstract><AbstractText>Antioxidants can improve nerve dysfunction in hyperglycaemic rats. We evaluated whether the standard supplementation of rat food with vitamin E (normally added for preservation purposes) or high-dose vitamin E treatment improves nerve conduction in maturing streptozotocin-diabetic rats, a model widely used to study diabetic neuropathy. Hyperglycaemic rats received food containing 25 mg/kg (non-supplemented), 70 mg/kg (standard food) or 12 g/kg (high-dose) vitamin E. Non-diabetic controls received non-supplemented food. Sciatic and tibial sensory and motor nerve conduction velocity were decreased in all diabetic animals. In comparison with standard feeding, the non-supplemented diabetic rats showed lower plasma vitamin E levels but no significant change in nerve conduction. High-dose treatment prevented nerve dysfunction by 50%, and led to attenuated endoneurial lipid peroxidation (measured as malondialdehyde). We conclude that high doses of vitamin E, but not standard vitamin E supplementation of rat food partially prevent nerve dysfunction in young adult streptozotocin-diabetic rats.</AbstractText></Abstract><AuthorList CompleteYN="Y"><Author ValidYN="Y"><LastName>van Dam</LastName><ForeName>P S</ForeName><Initials>PS</Initials><AffiliationInfo><Affiliation>Department of Medical Pharmacology, Rudolf Magnus Institute for Neurosciences, University Medical Center, Utrecht, The Netherlands. p.s.vandam@digd.azu.nl</Affiliation></AffiliationInfo></Author><Author ValidYN="Y"><LastName>Bravenboer</LastName><ForeName>B</ForeName><Initials>B</Initials></Author><Author ValidYN="Y"><LastName>van Asbeck</LastName><ForeName>B S</ForeName><Initials>BS</Initials></Author><Author ValidYN="Y"><LastName>Marx</LastName><ForeName>J J</ForeName><Initials>JJ</Initials></Author><Author ValidYN="Y"><LastName>Gispen</LastName><ForeName>W H</ForeName><Initials>WH</Initials></Author></AuthorList><Language>eng</Language><PublicationTypeList><PublicationType UI="D016428">Journal Article</PublicationType><PublicationType UI="D013485">Research Support, Non-U.S. Gov't</PublicationType></PublicationTypeList></Article><MedlineJournalInfo><Country>Netherlands</Country><MedlineTA>Eur J Pharmacol</MedlineTA><NlmUniqueID>1254354</NlmUniqueID><ISSNLinking>0014-2999</ISSNLinking></MedlineJournalInfo><ChemicalList><Chemical><RegistryNumber>0</RegistryNumber><NameOfSubstance UI="D000900">Anti-Bacterial Agents</NameOfSubstance></Chemical><Chemical><RegistryNumber>0</RegistryNumber><NameOfSubstance UI="D000975">Antioxidants</NameOfSubstance></Chemical><Chemical><RegistryNumber>1406-18-4</RegistryNumber><NameOfSubstance UI="D014810">Vitamin E</NameOfSubstance></Chemical><Chemical><RegistryNumber>5W494URQ81</RegistryNumber><NameOfSubstance UI="D013311">Streptozocin</NameOfSubstance></Chemical></ChemicalList><CitationSubset>IM</CitationSubset><MeshHeadingList><MeshHeading><DescriptorName UI="D000818" MajorTopicYN="N">Animals</DescriptorName></MeshHeading><MeshHeading><DescriptorName UI="D000900" MajorTopicYN="N">Anti-Bacterial Agents</DescriptorName></MeshHeading><MeshHeading><DescriptorName UI="D000975" MajorTopicYN="N">Antioxidants</DescriptorName><QualifierName UI="Q000008" MajorTopicYN="N">administration &amp; dosage</QualifierName><QualifierName UI="Q000627" MajorTopicYN="Y">therapeutic use</QualifierName></MeshHeading><MeshHeading><DescriptorName UI="D003921" MajorTopicYN="N">Diabetes Mellitus, Experimental</DescriptorName><QualifierName UI="Q000139" MajorTopicYN="N">chemically induced</QualifierName><QualifierName UI="Q000188" MajorTopicYN="Y">drug therapy</QualifierName><QualifierName UI="Q000503" MajorTopicYN="N">physiopathology</QualifierName></MeshHeading><MeshHeading><DescriptorName UI="D003929" MajorTopicYN="N">Diabetic Neuropathies</DescriptorName><QualifierName UI="Q000188" MajorTopicYN="Y">drug therapy</QualifierName><QualifierName UI="Q000503" MajorTopicYN="N">physiopathology</QualifierName></MeshHeading><MeshHeading><DescriptorName UI="D005527" MajorTopicYN="Y">Food, Fortified</DescriptorName></MeshHeading><MeshHeading><DescriptorName UI="D008297" MajorTopicYN="N">Male</DescriptorName></MeshHeading><MeshHeading><DescriptorName UI="D009431" MajorTopicYN="N">Neural Conduction</DescriptorName><QualifierName UI="Q000187" MajorTopicYN="Y">drug effects</QualifierName></MeshHeading><MeshHeading><DescriptorName UI="D051381" MajorTopicYN="N">Rats</DescriptorName></MeshHeading><MeshHeading><DescriptorName UI="D017208" MajorTopicYN="N">Rats, Wistar</DescriptorName></MeshHeading><MeshHeading><DescriptorName UI="D013311" MajorTopicYN="N">Streptozocin</DescriptorName></MeshHeading><MeshHeading><DescriptorName UI="D014810" MajorTopicYN="N">Vitamin E</DescriptorName><QualifierName UI="Q000008" MajorTopicYN="N">administration &amp; dosage</QualifierName><QualifierName UI="Q000627" MajorTopicYN="Y">therapeutic use</QualifierName></MeshHeading></MeshHeadingList></MedlineCitation><PubmedData><History><PubMedPubDate PubStatus="pubmed"><Year>1999</Year><Month>8</Month><Day>17</Day></PubMedPubDate><PubMedPubDate PubStatus="medline"><Year>1999</Year><Month>8</Month><Day>17</Day><Hour>0</Hour><Minute>1</Minute></PubMedPubDate><PubMedPubDate PubStatus="entrez"><Year>1999</Year><Month>8</Month><Day>17</Day><Hour>0</Hour><Minute>0</Minute></PubMedPubDate></History><PublicationStatus>ppublish</PublicationStatus><ArticleIdList><ArticleId IdType="pubmed">10448879</ArticleId><ArticleId IdType="pii">S0014299999003763</ArticleId><ArticleId IdType="doi">10.1016/s0014-2999(99)00376-3</ArticleId></ArticleIdList></PubmedData></PubmedArticle></PubmedArticleSet>