<?xml version="1.0" ?>
<!DOCTYPE PubmedArticleSet PUBLIC "-//NLM//DTD PubMedArticle, 1st January 2019//EN" "https://dtd.nlm.nih.gov/ncbi/pubmed/out/pubmed_190101.dtd">
<PubmedArticleSet><PubmedArticle><MedlineCitation Status="MEDLINE" Owner="NLM"><PMID Version="1">10441179</PMID><DateCompleted><Year>1999</Year><Month>11</Month><Day>04</Day></DateCompleted><DateRevised><Year>2022</Year><Month>04</Month><Day>08</Day></DateRevised><Article PubModel="Print"><Journal><ISSN IssnType="Print">0896-8411</ISSN><JournalIssue CitedMedium="Print"><Volume>13</Volume><Issue>1</Issue><PubDate><Year>1999</Year><Month>Aug</Month></PubDate></JournalIssue><Title>Journal of autoimmunity</Title><ISOAbbreviation>J Autoimmun</ISOAbbreviation></Journal><ArticleTitle>One third of HLA DQ2 homozygous patients with type 1 diabetes express celiac disease-associated transglutaminase autoantibodies.</ArticleTitle><Pagination><MedlinePgn>143-8</MedlinePgn></Pagination><Abstract><AbstractText>Type 1 diabetes and celiac disease are both immunologic disorders where specific HLA alleles are associated with disease risk. We have developed a radioassay for autoantibodies to tissue transglutaminase (tTG) following the report that this enzyme is 'the' endomysial autoantigen (EMA) of celiac disease. The radioassay for transglutaminase autoantibodies is similar to that utilized for detecting anti-islet autoantibodies. The 'cut-off' for the IgA autoantibody assay was established as 3 x 100th percentile of 184 healthy control subjects at an index of 0.05. Ninety-eight of 847 patients with type 1 diabetes (11.6%) had tissue transglutaminase autoantibodies (tTG). All EMA-positive patients were positive (49/49) for transglutaminase autoantibodies, as were 49/540 EMA-negative patients. Twenty transglutaminase-positive patients consented to intestinal biopsy and 15 biopsies were positive for celiac disease. All patients with a transglutaminase level greater than 0.70 (13/13) had a positive biopsy, while none (0/3) with a level &lt;0.3 had a positive biopsy. The prevalence of transglutaminase autoantibodies was higher in diabetic patients with HLA DQ2 or DQ8. One third of DQ2 homozygous patients (22/68) expressed transglutaminase autoantibodies vs. less than 2% of patients lacking DQ2 or DQ8. A simple radioassay for IgA transglutaminase autoantibodies detects all endomysial antibody positive patients and detects transglutaminase autoantibodies in 5% of endomysial autoantibody negative patients. The prevalence of transglutaminase autoantibodies is associated with DQ2 and DQ8 and in particular DQ2 homozygosity. Autoimmunity to transglutaminase is remarkably prevalent amongst patients with type 1 diabetes expressing certain class II HLA alleles.</AbstractText><CopyrightInformation>Copyright 1999 Academic Press.</CopyrightInformation></Abstract><AuthorList CompleteYN="Y"><Author ValidYN="Y"><LastName>Bao</LastName><ForeName>F</ForeName><Initials>F</Initials><AffiliationInfo><Affiliation>Barbara Davis Center for Childhood Diabetes, University of Colorado Health Sciences Center, Denver, Colorado 80262, USA.</Affiliation></AffiliationInfo></Author><Author ValidYN="Y"><LastName>Yu</LastName><ForeName>L</ForeName><Initials>L</Initials></Author><Author ValidYN="Y"><LastName>Babu</LastName><ForeName>S</ForeName><Initials>S</Initials></Author><Author ValidYN="Y"><LastName>Wang</LastName><ForeName>T</ForeName><Initials>T</Initials></Author><Author ValidYN="Y"><LastName>Hoffenberg</LastName><ForeName>E J</ForeName><Initials>EJ</Initials></Author><Author ValidYN="Y"><LastName>Rewers</LastName><ForeName>M</ForeName><Initials>M</Initials></Author><Author ValidYN="Y"><LastName>Eisenbarth</LastName><ForeName>G S</ForeName><Initials>GS</Initials></Author></AuthorList><Language>eng</Language><GrantList CompleteYN="Y"><Grant><GrantID>DK32083</GrantID><Acronym>DK</Acronym><Agency>NIDDK NIH HHS</Agency><Country>United States</Country></Grant><Grant><GrantID>DK50979</GrantID><Acronym>DK</Acronym><Agency>NIDDK NIH HHS</Agency><Country>United States</Country></Grant><Grant><GrantID>M01 RR00069</GrantID><Acronym>RR</Acronym><Agency>NCRR NIH HHS</Agency><Country>United States</Country></Grant></GrantList><PublicationTypeList><PublicationType UI="D016428">Journal Article</PublicationType><PublicationType UI="D013485">Research Support, Non-U.S. Gov't</PublicationType><PublicationType UI="D013487">Research Support, U.S. Gov't, P.H.S.</PublicationType></PublicationTypeList></Article><MedlineJournalInfo><Country>England</Country><MedlineTA>J Autoimmun</MedlineTA><NlmUniqueID>8812164</NlmUniqueID><ISSNLinking>0896-8411</ISSNLinking></MedlineJournalInfo><ChemicalList><Chemical><RegistryNumber>0</RegistryNumber><NameOfSubstance UI="D001323">Autoantibodies</NameOfSubstance></Chemical><Chemical><RegistryNumber>0</RegistryNumber><NameOfSubstance UI="D006683">HLA-DQ Antigens</NameOfSubstance></Chemical><Chemical><RegistryNumber>0</RegistryNumber><NameOfSubstance UI="C053186">HLA-DQ2 antigen</NameOfSubstance></Chemical><Chemical><RegistryNumber>0</RegistryNumber><NameOfSubstance UI="C109756">HLA-DQ8 antigen</NameOfSubstance></Chemical><Chemical><RegistryNumber>EC 2.3.2.13</RegistryNumber><NameOfSubstance UI="D011503">Transglutaminases</NameOfSubstance></Chemical></ChemicalList><CitationSubset>IM</CitationSubset><MeshHeadingList><MeshHeading><DescriptorName UI="D000293" MajorTopicYN="N">Adolescent</DescriptorName></MeshHeading><MeshHeading><DescriptorName UI="D000328" MajorTopicYN="N">Adult</DescriptorName></MeshHeading><MeshHeading><DescriptorName UI="D000368" MajorTopicYN="N">Aged</DescriptorName></MeshHeading><MeshHeading><DescriptorName UI="D001323" MajorTopicYN="N">Autoantibodies</DescriptorName><QualifierName UI="Q000097" MajorTopicYN="Y">blood</QualifierName></MeshHeading><MeshHeading><DescriptorName UI="D016022" MajorTopicYN="N">Case-Control Studies</DescriptorName></MeshHeading><MeshHeading><DescriptorName UI="D002446" MajorTopicYN="N">Celiac Disease</DescriptorName><QualifierName UI="Q000201" MajorTopicYN="N">enzymology</QualifierName><QualifierName UI="Q000235" MajorTopicYN="N">genetics</QualifierName><QualifierName UI="Q000276" MajorTopicYN="Y">immunology</QualifierName></MeshHeading><MeshHeading><DescriptorName UI="D002648" MajorTopicYN="N">Child</DescriptorName></MeshHeading><MeshHeading><DescriptorName UI="D002675" MajorTopicYN="N">Child, Preschool</DescriptorName></MeshHeading><MeshHeading><DescriptorName UI="D003922" MajorTopicYN="N">Diabetes Mellitus, Type 1</DescriptorName><QualifierName UI="Q000201" MajorTopicYN="N">enzymology</QualifierName><QualifierName UI="Q000235" MajorTopicYN="Y">genetics</QualifierName><QualifierName UI="Q000276" MajorTopicYN="Y">immunology</QualifierName></MeshHeading><MeshHeading><DescriptorName UI="D006683" MajorTopicYN="N">HLA-DQ Antigens</DescriptorName><QualifierName UI="Q000235" MajorTopicYN="Y">genetics</QualifierName></MeshHeading><MeshHeading><DescriptorName UI="D006720" MajorTopicYN="N">Homozygote</DescriptorName></MeshHeading><MeshHeading><DescriptorName UI="D006801" MajorTopicYN="N">Humans</DescriptorName></MeshHeading><MeshHeading><DescriptorName UI="D007223" MajorTopicYN="N">Infant</DescriptorName></MeshHeading><MeshHeading><DescriptorName UI="D008875" MajorTopicYN="N">Middle Aged</DescriptorName></MeshHeading><MeshHeading><DescriptorName UI="D011869" MajorTopicYN="N">Radioligand Assay</DescriptorName></MeshHeading><MeshHeading><DescriptorName UI="D011503" MajorTopicYN="N">Transglutaminases</DescriptorName><QualifierName UI="Q000276" MajorTopicYN="Y">immunology</QualifierName></MeshHeading></MeshHeadingList></MedlineCitation><PubmedData><History><PubMedPubDate PubStatus="pubmed"><Year>1999</Year><Month>8</Month><Day>11</Day></PubMedPubDate><PubMedPubDate PubStatus="medline"><Year>1999</Year><Month>8</Month><Day>11</Day><Hour>0</Hour><Minute>1</Minute></PubMedPubDate><PubMedPubDate PubStatus="entrez"><Year>1999</Year><Month>8</Month><Day>11</Day><Hour>0</Hour><Minute>0</Minute></PubMedPubDate></History><PublicationStatus>ppublish</PublicationStatus><ArticleIdList><ArticleId IdType="pubmed">10441179</ArticleId><ArticleId IdType="doi">10.1006/jaut.1999.0303</ArticleId><ArticleId IdType="pii">S0896-8411(99)90303-7</ArticleId></ArticleIdList></PubmedData></PubmedArticle></PubmedArticleSet>