<?xml version="1.0" ?>
<!DOCTYPE PubmedArticleSet PUBLIC "-//NLM//DTD PubMedArticle, 1st January 2019//EN" "https://dtd.nlm.nih.gov/ncbi/pubmed/out/pubmed_190101.dtd">
<PubmedArticleSet><PubmedArticle><MedlineCitation Status="MEDLINE" Owner="NLM"><PMID Version="1">10440118</PMID><DateCompleted><Year>1999</Year><Month>10</Month><Day>20</Day></DateCompleted><DateRevised><Year>2022</Year><Month>04</Month><Day>08</Day></DateRevised><Article PubModel="Print"><Journal><ISSN IssnType="Print">0012-186X</ISSN><JournalIssue CitedMedium="Print"><Volume>42</Volume><Issue>7</Issue><PubDate><Year>1999</Year><Month>Jul</Month></PubDate></JournalIssue><Title>Diabetologia</Title><ISOAbbreviation>Diabetologia</ISOAbbreviation></Journal><ArticleTitle>Experimental diabetic neuropathy: an update.</ArticleTitle><Pagination><MedlinePgn>773-88</MedlinePgn></Pagination><Abstract><AbstractText>Diabetic neuropathy consists of several clinical syndromes affecting motor, sensory and autonomic nerves. Of these the most common is distal symmetric sensory polyneuropathy usually referred to as diabetic neuropathy. Animal studies, mainly in diabetic rodents, have contributed tremendously to our understanding of this disease. From these it is clear that the pathogenesis of diabetic neuropathy is multifactorial involving sequentially occurring and often closely interrelated metabolic aberrations. Major pathogenetic mechanisms include increased activity of the polyol pathway, abnormalities in vasoactive substances, non-enzymatic glycation, increased presence of free radicals, and perturbed neurotrophism. Traditionally the neuropathies accompanying Type I (insulin-dependent) and Type II (non-insulin-dependent) diabetes mellitus have been regarded as identical. Recent investigations have, however, clearly delineated distinct differences in the functional and structural expressions of the neuropathies in the two types of diabetes. Major future challenges are the identification of the differences in underlying pathogenetic mechanisms in the two types of neuropathy and in gaining a better understanding of the hierarchy of the multifactorial mechanisms underlying the disease. This will be important for designing meaningful therapies which to date have failed miserably in diabetic neuropathy.</AbstractText></Abstract><AuthorList CompleteYN="Y"><Author ValidYN="Y"><LastName>Sima</LastName><ForeName>A A</ForeName><Initials>AA</Initials><AffiliationInfo><Affiliation>Department of Pathology, Wayne State University, School of Medicine and Detroit Medical Center, Michigan 48201, USA.</Affiliation></AffiliationInfo></Author><Author ValidYN="Y"><LastName>Sugimoto</LastName><ForeName>K</ForeName><Initials>K</Initials></Author></AuthorList><Language>eng</Language><PublicationTypeList><PublicationType UI="D016428">Journal Article</PublicationType><PublicationType UI="D013485">Research Support, Non-U.S. Gov't</PublicationType><PublicationType UI="D016454">Review</PublicationType></PublicationTypeList></Article><MedlineJournalInfo><Country>Germany</Country><MedlineTA>Diabetologia</MedlineTA><NlmUniqueID>0006777</NlmUniqueID><ISSNLinking>0012-186X</ISSNLinking></MedlineJournalInfo><CitationSubset>IM</CitationSubset><MeshHeadingList><MeshHeading><DescriptorName UI="D000818" MajorTopicYN="N">Animals</DescriptorName></MeshHeading><MeshHeading><DescriptorName UI="D003921" MajorTopicYN="N">Diabetes Mellitus, Experimental</DescriptorName><QualifierName UI="Q000378" MajorTopicYN="Y">metabolism</QualifierName></MeshHeading><MeshHeading><DescriptorName UI="D003929" MajorTopicYN="N">Diabetic Neuropathies</DescriptorName><QualifierName UI="Q000378" MajorTopicYN="Y">metabolism</QualifierName></MeshHeading><MeshHeading><DescriptorName UI="D006801" MajorTopicYN="N">Humans</DescriptorName></MeshHeading></MeshHeadingList><NumberOfReferences>163</NumberOfReferences></MedlineCitation><PubmedData><History><PubMedPubDate PubStatus="pubmed"><Year>1999</Year><Month>8</Month><Day>10</Day></PubMedPubDate><PubMedPubDate PubStatus="medline"><Year>1999</Year><Month>8</Month><Day>10</Day><Hour>0</Hour><Minute>1</Minute></PubMedPubDate><PubMedPubDate PubStatus="entrez"><Year>1999</Year><Month>8</Month><Day>10</Day><Hour>0</Hour><Minute>0</Minute></PubMedPubDate></History><PublicationStatus>ppublish</PublicationStatus><ArticleIdList><ArticleId IdType="pubmed">10440118</ArticleId><ArticleId IdType="doi">10.1007/s001250051227</ArticleId></ArticleIdList></PubmedData></PubmedArticle></PubmedArticleSet>