<?xml version="1.0" ?>
<!DOCTYPE PubmedArticleSet PUBLIC "-//NLM//DTD PubMedArticle, 1st January 2019//EN" "https://dtd.nlm.nih.gov/ncbi/pubmed/out/pubmed_190101.dtd">
<PubmedArticleSet><PubmedArticle><MedlineCitation Status="MEDLINE" Owner="NLM"><PMID Version="1">10441042</PMID><DateCompleted><Year>1999</Year><Month>09</Month><Day>01</Day></DateCompleted><DateRevised><Year>2019</Year><Month>11</Month><Day>03</Day></DateRevised><Article PubModel="Print"><Journal><ISSN IssnType="Print">1520-7552</ISSN><JournalIssue CitedMedium="Print"><Volume>15</Volume><Issue>3</Issue><PubDate><MedlineDate>1999 May-Jun</MedlineDate></PubDate></JournalIssue><Title>Diabetes/metabolism research and reviews</Title><ISOAbbreviation>Diabetes Metab Res Rev</ISOAbbreviation></Journal><ArticleTitle>Glycemic control and cardiovascular disease in type 2 diabetes: a review.</ArticleTitle><Pagination><MedlinePgn>197-204</MedlinePgn></Pagination><Abstract><AbstractText>Cardiovascular disease is the major cause of morbidity and mortality in people with Type 2 diabetes, and risk of atherosclerotic disease is markedly increased in people with diabetes compared to people with normal glucose tolerance. The excess risk can not be completely explained by increased prevalence of other cardiovascular disease risk factors such as hypertension and hyperlipidaemia in people with diabetes. This review examines the role of hyperglycemia and glycemic control in cardiovascular disease in people with Type 2 diabetes. The results of prospective observational studies and randomized controlled trials are summarized. We conclude that control of hypertension and hyperlipidemia are important to reduce risk of cardiovascular disease in people with diabetes and may be more easily achieved than tight glycemic control.</AbstractText><CopyrightInformation>Copyright 1999 John Wiley &amp; Sons, Ltd.</CopyrightInformation></Abstract><AuthorList CompleteYN="Y"><Author ValidYN="Y"><LastName>Wild</LastName><ForeName>S H</ForeName><Initials>SH</Initials><AffiliationInfo><Affiliation>Epidemiology Unit, London School of Hygiene and Tropical Medicine, Keppel Street, London WC1E 7HT, UK. Sarah.Wild@nwanglia.anglox.nhs.uk</Affiliation></AffiliationInfo></Author><Author ValidYN="Y"><LastName>Dunn</LastName><ForeName>C J</ForeName><Initials>CJ</Initials></Author><Author ValidYN="Y"><LastName>McKeigue</LastName><ForeName>P M</ForeName><Initials>PM</Initials></Author><Author ValidYN="Y"><LastName>Comte</LastName><ForeName>S</ForeName><Initials>S</Initials></Author></AuthorList><Language>eng</Language><PublicationTypeList><PublicationType UI="D016428">Journal Article</PublicationType><PublicationType UI="D013485">Research Support, Non-U.S. Gov't</PublicationType><PublicationType UI="D016454">Review</PublicationType></PublicationTypeList></Article><MedlineJournalInfo><Country>England</Country><MedlineTA>Diabetes Metab Res Rev</MedlineTA><NlmUniqueID>100883450</NlmUniqueID><ISSNLinking>1520-7552</ISSNLinking></MedlineJournalInfo><CitationSubset>IM</CitationSubset><MeshHeadingList><MeshHeading><DescriptorName UI="D002318" MajorTopicYN="N">Cardiovascular Diseases</DescriptorName><QualifierName UI="Q000150" MajorTopicYN="Y">complications</QualifierName><QualifierName UI="Q000401" MajorTopicYN="N">mortality</QualifierName></MeshHeading><MeshHeading><DescriptorName UI="D003924" MajorTopicYN="N">Diabetes Mellitus, Type 2</DescriptorName><QualifierName UI="Q000150" MajorTopicYN="Y">complications</QualifierName><QualifierName UI="Q000188" MajorTopicYN="Y">drug therapy</QualifierName><QualifierName UI="Q000401" MajorTopicYN="N">mortality</QualifierName></MeshHeading><MeshHeading><DescriptorName UI="D006801" MajorTopicYN="N">Humans</DescriptorName></MeshHeading></MeshHeadingList><NumberOfReferences>72</NumberOfReferences></MedlineCitation><PubmedData><History><PubMedPubDate PubStatus="pubmed"><Year>1999</Year><Month>8</Month><Day>10</Day><Hour>10</Hour><Minute>0</Minute></PubMedPubDate><PubMedPubDate PubStatus="medline"><Year>2000</Year><Month>8</Month><Day>12</Day><Hour>11</Hour><Minute>0</Minute></PubMedPubDate><PubMedPubDate PubStatus="entrez"><Year>1999</Year><Month>8</Month><Day>10</Day><Hour>10</Hour><Minute>0</Minute></PubMedPubDate></History><PublicationStatus>ppublish</PublicationStatus><ArticleIdList><ArticleId IdType="pubmed">10441042</ArticleId><ArticleId IdType="pii">10.1002/(SICI)1520-7560(199905/06)15:3&lt;197::AID-DMRR28&gt;3.0.CO;2-F</ArticleId><ArticleId IdType="doi">10.1002/(sici)1520-7560(199905/06)15:3&lt;197::aid-dmrr28&gt;3.0.co;2-f</ArticleId></ArticleIdList></PubmedData></PubmedArticle></PubmedArticleSet>