<?xml version="1.0" ?>
<!DOCTYPE PubmedArticleSet PUBLIC "-//NLM//DTD PubMedArticle, 1st January 2019//EN" "https://dtd.nlm.nih.gov/ncbi/pubmed/out/pubmed_190101.dtd">
<PubmedArticleSet><PubmedArticle><MedlineCitation Status="MEDLINE" Owner="NLM"><PMID Version="1">10440123</PMID><DateCompleted><Year>1999</Year><Month>10</Month><Day>20</Day></DateCompleted><DateRevised><Year>2021</Year><Month>12</Month><Day>03</Day></DateRevised><Article PubModel="Print"><Journal><ISSN IssnType="Print">0012-186X</ISSN><JournalIssue CitedMedium="Print"><Volume>42</Volume><Issue>7</Issue><PubDate><Year>1999</Year><Month>Jul</Month></PubDate></JournalIssue><Title>Diabetologia</Title><ISOAbbreviation>Diabetologia</ISOAbbreviation></Journal><ArticleTitle>Impaired glucose transport and protein kinase B activation by insulin, but not okadaic acid, in adipocytes from subjects with Type II diabetes mellitus.</ArticleTitle><Pagination><MedlinePgn>819-25</MedlinePgn></Pagination><Abstract><AbstractText Label="AIMS/HYPOTHESIS" NlmCategory="OBJECTIVE">To study the effects of insulin and okadaic acid, a serine/threonine phosphatase inhibitor which does not increase PI3-kinase activity, on the rate of glucose transport and protein kinase B activation in adipocytes from healthy subjects and subjects with Type II (non-insulin-dependent) diabetes mellitus.</AbstractText><AbstractText Label="METHODS" NlmCategory="METHODS">Adipocytes were incubated with or without insulin or okadaic acid or both and glucose transport, protein kinase B activity, phosphorylation and protein expression measured.</AbstractText><AbstractText Label="RESULTS" NlmCategory="RESULTS">Insulin and okadaic acid alone increased glucose uptake to a similar degree in adipocytes from healthy subjects and, when combined, exerted a partial additive effect. The effect of insulin was reduced by about 60% in adipocytes from Type II diabetic patients, whereas the effect of okadaic acid was essentially unchanged and no further increase was seen when okadaic acid and insulin were combined. Okadaic acid increased protein kinase B activity to a greater extent (two to threefold) than insulin but only slightly increased the serine phosphorylation of protein kinase B. Adipocytes from Type II diabetic subjects exhibited both an impaired sensitivity as well as a reduced total serine phosphorylation and activation of protein kinase B in response to insulin but protein kinase B activity in response to okadaic acid was intact.</AbstractText><AbstractText Label="CONCLUSION/INTERPRETATION" NlmCategory="CONCLUSIONS">These results show that the ability of insulin to increase glucose transport and activate protein kinase B is reduced in fat cells from Type II diabetic subjects. Protein kinase B can, however, be activated by agents like okadaic acid which bypass the upstream defects in the insulin signalling pathway in Type II diabetic cells and, thus, increase glucose uptake.</AbstractText></Abstract><AuthorList CompleteYN="Y"><Author ValidYN="Y"><LastName>Rondinone</LastName><ForeName>C M</ForeName><Initials>CM</Initials><AffiliationInfo><Affiliation>Department of Internal Medicine, Sahlgrenska University Hospital, Gothenburg, Sweden.</Affiliation></AffiliationInfo></Author><Author ValidYN="Y"><LastName>Carvalho</LastName><ForeName>E</ForeName><Initials>E</Initials></Author><Author ValidYN="Y"><LastName>Wesslau</LastName><ForeName>C</ForeName><Initials>C</Initials></Author><Author ValidYN="Y"><LastName>Smith</LastName><ForeName>U P</ForeName><Initials>UP</Initials></Author></AuthorList><Language>eng</Language><PublicationTypeList><PublicationType UI="D003160">Comparative Study</PublicationType><PublicationType UI="D016428">Journal Article</PublicationType><PublicationType UI="D013485">Research Support, Non-U.S. Gov't</PublicationType><PublicationType UI="D013487">Research Support, U.S. Gov't, P.H.S.</PublicationType></PublicationTypeList></Article><MedlineJournalInfo><Country>Germany</Country><MedlineTA>Diabetologia</MedlineTA><NlmUniqueID>0006777</NlmUniqueID><ISSNLinking>0012-186X</ISSNLinking></MedlineJournalInfo><ChemicalList><Chemical><RegistryNumber>0</RegistryNumber><NameOfSubstance UI="D007328">Insulin</NameOfSubstance></Chemical><Chemical><RegistryNumber>0</RegistryNumber><NameOfSubstance UI="D011518">Proto-Oncogene Proteins</NameOfSubstance></Chemical><Chemical><RegistryNumber>1W21G5Q4N2</RegistryNumber><NameOfSubstance UI="D019319">Okadaic Acid</NameOfSubstance></Chemical><Chemical><RegistryNumber>EC 2.7.10.1</RegistryNumber><NameOfSubstance UI="D011505">Protein-Tyrosine Kinases</NameOfSubstance></Chemical><Chemical><RegistryNumber>EC 2.7.11.1</RegistryNumber><NameOfSubstance UI="D064413">3-Phosphoinositide-Dependent Protein Kinases</NameOfSubstance></Chemical><Chemical><RegistryNumber>EC 2.7.11.1</RegistryNumber><NameOfSubstance UI="D017346">Protein Serine-Threonine Kinases</NameOfSubstance></Chemical><Chemical><RegistryNumber>EC 2.7.11.1</RegistryNumber><NameOfSubstance UI="D051057">Proto-Oncogene Proteins c-akt</NameOfSubstance></Chemical><Chemical><RegistryNumber>IY9XDZ35W2</RegistryNumber><NameOfSubstance UI="D005947">Glucose</NameOfSubstance></Chemical></ChemicalList><CitationSubset>IM</CitationSubset><MeshHeadingList><MeshHeading><DescriptorName UI="D064413" MajorTopicYN="N">3-Phosphoinositide-Dependent Protein Kinases</DescriptorName></MeshHeading><MeshHeading><DescriptorName UI="D017667" MajorTopicYN="N">Adipocytes</DescriptorName><QualifierName UI="Q000378" MajorTopicYN="Y">metabolism</QualifierName></MeshHeading><MeshHeading><DescriptorName UI="D001692" MajorTopicYN="N">Biological Transport</DescriptorName></MeshHeading><MeshHeading><DescriptorName UI="D003924" MajorTopicYN="N">Diabetes Mellitus, Type 2</DescriptorName><QualifierName UI="Q000201" MajorTopicYN="Y">enzymology</QualifierName><QualifierName UI="Q000473" MajorTopicYN="N">pathology</QualifierName></MeshHeading><MeshHeading><DescriptorName UI="D005947" MajorTopicYN="N">Glucose</DescriptorName><QualifierName UI="Q000378" MajorTopicYN="Y">metabolism</QualifierName></MeshHeading><MeshHeading><DescriptorName UI="D006801" MajorTopicYN="N">Humans</DescriptorName></MeshHeading><MeshHeading><DescriptorName UI="D007328" MajorTopicYN="N">Insulin</DescriptorName><QualifierName UI="Q000494" MajorTopicYN="Y">pharmacology</QualifierName></MeshHeading><MeshHeading><DescriptorName UI="D008875" MajorTopicYN="N">Middle Aged</DescriptorName></MeshHeading><MeshHeading><DescriptorName UI="D019319" MajorTopicYN="N">Okadaic Acid</DescriptorName><QualifierName UI="Q000494" MajorTopicYN="Y">pharmacology</QualifierName></MeshHeading><MeshHeading><DescriptorName UI="D010766" MajorTopicYN="N">Phosphorylation</DescriptorName></MeshHeading><MeshHeading><DescriptorName UI="D017346" MajorTopicYN="N">Protein Serine-Threonine Kinases</DescriptorName><QualifierName UI="Q000378" MajorTopicYN="N">metabolism</QualifierName></MeshHeading><MeshHeading><DescriptorName UI="D011505" MajorTopicYN="N">Protein-Tyrosine Kinases</DescriptorName></MeshHeading><MeshHeading><DescriptorName UI="D011518" MajorTopicYN="N">Proto-Oncogene Proteins</DescriptorName><QualifierName UI="Q000378" MajorTopicYN="Y">metabolism</QualifierName></MeshHeading><MeshHeading><DescriptorName UI="D051057" MajorTopicYN="N">Proto-Oncogene Proteins c-akt</DescriptorName></MeshHeading></MeshHeadingList></MedlineCitation><PubmedData><History><PubMedPubDate PubStatus="pubmed"><Year>1999</Year><Month>8</Month><Day>10</Day></PubMedPubDate><PubMedPubDate PubStatus="medline"><Year>1999</Year><Month>8</Month><Day>10</Day><Hour>0</Hour><Minute>1</Minute></PubMedPubDate><PubMedPubDate PubStatus="entrez"><Year>1999</Year><Month>8</Month><Day>10</Day><Hour>0</Hour><Minute>0</Minute></PubMedPubDate></History><PublicationStatus>ppublish</PublicationStatus><ArticleIdList><ArticleId IdType="pubmed">10440123</ArticleId><ArticleId IdType="doi">10.1007/s001250051232</ArticleId></ArticleIdList></PubmedData></PubmedArticle></PubmedArticleSet>