<?xml version="1.0" ?>
<!DOCTYPE PubmedArticleSet PUBLIC "-//NLM//DTD PubMedArticle, 1st January 2019//EN" "https://dtd.nlm.nih.gov/ncbi/pubmed/out/pubmed_190101.dtd">
<PubmedArticleSet><PubmedArticle><MedlineCitation Status="MEDLINE" Owner="NLM"><PMID Version="1">10449528</PMID><DateCompleted><Year>1999</Year><Month>09</Month><Day>10</Day></DateCompleted><DateRevised><Year>2021</Year><Month>01</Month><Day>07</Day></DateRevised><Article PubModel="Print"><Journal><ISSN IssnType="Print">0022-1007</ISSN><JournalIssue CitedMedium="Print"><Volume>190</Volume><Issue>4</Issue><PubDate><Year>1999</Year><Month>Aug</Month><Day>16</Day></PubDate></JournalIssue><Title>The Journal of experimental medicine</Title><ISOAbbreviation>J Exp Med</ISOAbbreviation></Journal><ArticleTitle>Triggering a second T cell receptor on diabetogenic T cells can prevent induction of diabetes.</ArticleTitle><Pagination><MedlinePgn>577-83</MedlinePgn></Pagination><Abstract><AbstractText>In this paper, we test the hypothesis that triggering of a second T cell receptor (TCR) expressed on diabetogenic T cells might initiate the onset of diabetes. A cross between two TCR-transgenic strains, the BDC2.5 strain that carries diabetogenic TCRs and the A18 strain that carries receptors specific for C5, was set up to monitor development of diabetes after activation through the C5 TCR. F1 BDC2. 5 x A18 mice developed diabetes spontaneously beyond 3-4 mo of age. Although their T cells express both TCRs constitutively, the A18 receptor is expressed at extremely low levels. In vitro activation of dual TCR T cells followed by adoptive transfer into neonatal or adult F1 mice resulted in diabetes onset and death within 10 d after transfer. In contrast, in vivo immunization of F1 mice with different forms of C5 antigen not only failed to induce diabetes but protected mice from the spontaneous onset of diabetes. We propose that antigenic stimulation of cells with low levels of TCR produces signals inadequate for full activation, resulting instead in anergy.</AbstractText></Abstract><AuthorList CompleteYN="Y"><Author ValidYN="Y"><LastName>Fossati</LastName><ForeName>G</ForeName><Initials>G</Initials><AffiliationInfo><Affiliation>Division of Molecular Immunology, The National Institute for Medical Research, London NW7 1AA, United Kingdom.</Affiliation></AffiliationInfo></Author><Author ValidYN="Y"><LastName>Cooke</LastName><ForeName>A</ForeName><Initials>A</Initials></Author><Author ValidYN="Y"><LastName>Papafio</LastName><ForeName>R Q</ForeName><Initials>RQ</Initials></Author><Author ValidYN="Y"><LastName>Haskins</LastName><ForeName>K</ForeName><Initials>K</Initials></Author><Author ValidYN="Y"><LastName>Stockinger</LastName><ForeName>B</ForeName><Initials>B</Initials></Author></AuthorList><Language>eng</Language><GrantList CompleteYN="Y"><Grant><Acronym>WT_</Acronym><Agency>Wellcome Trust</Agency><Country>United Kingdom</Country></Grant></GrantList><PublicationTypeList><PublicationType UI="D016428">Journal Article</PublicationType><PublicationType UI="D013485">Research Support, Non-U.S. Gov't</PublicationType></PublicationTypeList></Article><MedlineJournalInfo><Country>United States</Country><MedlineTA>J Exp Med</MedlineTA><NlmUniqueID>2985109R</NlmUniqueID><ISSNLinking>0022-1007</ISSNLinking></MedlineJournalInfo><ChemicalList><Chemical><RegistryNumber>0</RegistryNumber><NameOfSubstance UI="D001786">Blood Glucose</NameOfSubstance></Chemical><Chemical><RegistryNumber>0</RegistryNumber><NameOfSubstance UI="D003182">Complement C5</NameOfSubstance></Chemical><Chemical><RegistryNumber>0</RegistryNumber><NameOfSubstance UI="D006183">H-2 Antigens</NameOfSubstance></Chemical><Chemical><RegistryNumber>0</RegistryNumber><NameOfSubstance UI="C108513">H-2A antigen</NameOfSubstance></Chemical><Chemical><RegistryNumber>0</RegistryNumber><NameOfSubstance UI="C068318">H-2E(k) antigen</NameOfSubstance></Chemical><Chemical><RegistryNumber>0</RegistryNumber><NameOfSubstance UI="D018398">Homeodomain Proteins</NameOfSubstance></Chemical><Chemical><RegistryNumber>0</RegistryNumber><NameOfSubstance UI="D011948">Receptors, Antigen, T-Cell</NameOfSubstance></Chemical><Chemical><RegistryNumber>0</RegistryNumber><NameOfSubstance UI="D016693">Receptors, Antigen, T-Cell, alpha-beta</NameOfSubstance></Chemical><Chemical><RegistryNumber>128559-51-3</RegistryNumber><NameOfSubstance UI="C064658">RAG-1 protein</NameOfSubstance></Chemical></ChemicalList><CitationSubset>IM</CitationSubset><MeshHeadingList><MeshHeading><DescriptorName UI="D019264" MajorTopicYN="N">Adoptive Transfer</DescriptorName></MeshHeading><MeshHeading><DescriptorName UI="D000818" MajorTopicYN="N">Animals</DescriptorName></MeshHeading><MeshHeading><DescriptorName UI="D001786" MajorTopicYN="N">Blood Glucose</DescriptorName><QualifierName UI="Q000032" MajorTopicYN="N">analysis</QualifierName></MeshHeading><MeshHeading><DescriptorName UI="D017635" MajorTopicYN="Y">Clonal Anergy</DescriptorName></MeshHeading><MeshHeading><DescriptorName UI="D003182" MajorTopicYN="N">Complement C5</DescriptorName><QualifierName UI="Q000235" MajorTopicYN="N">genetics</QualifierName><QualifierName UI="Q000276" MajorTopicYN="N">immunology</QualifierName></MeshHeading><MeshHeading><DescriptorName UI="D003922" MajorTopicYN="N">Diabetes Mellitus, Type 1</DescriptorName><QualifierName UI="Q000276" MajorTopicYN="N">immunology</QualifierName><QualifierName UI="Q000517" MajorTopicYN="Y">prevention &amp; control</QualifierName></MeshHeading><MeshHeading><DescriptorName UI="D006183" MajorTopicYN="N">H-2 Antigens</DescriptorName></MeshHeading><MeshHeading><DescriptorName UI="D018398" MajorTopicYN="N">Homeodomain Proteins</DescriptorName><QualifierName UI="Q000235" MajorTopicYN="N">genetics</QualifierName><QualifierName UI="Q000276" MajorTopicYN="N">immunology</QualifierName></MeshHeading><MeshHeading><DescriptorName UI="D007515" MajorTopicYN="N">Islets of Langerhans</DescriptorName><QualifierName UI="Q000276" MajorTopicYN="Y">immunology</QualifierName></MeshHeading><MeshHeading><DescriptorName UI="D051379" MajorTopicYN="N">Mice</DescriptorName></MeshHeading><MeshHeading><DescriptorName UI="D016688" MajorTopicYN="N">Mice, Inbred NOD</DescriptorName></MeshHeading><MeshHeading><DescriptorName UI="D008822" MajorTopicYN="N">Mice, Transgenic</DescriptorName></MeshHeading><MeshHeading><DescriptorName UI="D018448" MajorTopicYN="N">Models, Immunological</DescriptorName></MeshHeading><MeshHeading><DescriptorName UI="D011948" MajorTopicYN="Y">Receptors, Antigen, T-Cell</DescriptorName></MeshHeading><MeshHeading><DescriptorName UI="D016693" MajorTopicYN="N">Receptors, Antigen, T-Cell, alpha-beta</DescriptorName></MeshHeading><MeshHeading><DescriptorName UI="D013154" MajorTopicYN="N">Spleen</DescriptorName><QualifierName UI="Q000166" MajorTopicYN="N">cytology</QualifierName><QualifierName UI="Q000276" MajorTopicYN="N">immunology</QualifierName></MeshHeading><MeshHeading><DescriptorName UI="D013601" MajorTopicYN="N">T-Lymphocytes</DescriptorName><QualifierName UI="Q000276" MajorTopicYN="Y">immunology</QualifierName></MeshHeading></MeshHeadingList></MedlineCitation><PubmedData><History><PubMedPubDate PubStatus="pubmed"><Year>1999</Year><Month>8</Month><Day>17</Day></PubMedPubDate><PubMedPubDate PubStatus="medline"><Year>1999</Year><Month>8</Month><Day>17</Day><Hour>0</Hour><Minute>1</Minute></PubMedPubDate><PubMedPubDate PubStatus="entrez"><Year>1999</Year><Month>8</Month><Day>17</Day><Hour>0</Hour><Minute>0</Minute></PubMedPubDate></History><PublicationStatus>ppublish</PublicationStatus><ArticleIdList><ArticleId IdType="pubmed">10449528</ArticleId><ArticleId IdType="pmc">PMC2195608</ArticleId><ArticleId IdType="doi">10.1084/jem.190.4.577</ArticleId></ArticleIdList><ReferenceList><Reference><Citation>Nature. 1987 Jul 30-Aug 5;328(6129):432-4</Citation><ArticleIdList><ArticleId IdType="pubmed">3302721</ArticleId></ArticleIdList></Reference><Reference><Citation>J Exp Med. 1999 Jan 18;189(2):331-9</Citation><ArticleIdList><ArticleId IdType="pubmed">9892615</ArticleId></ArticleIdList></Reference><Reference><Citation>Diabetes. 1990 May;39(5):583-9</Citation><ArticleIdList><ArticleId IdType="pubmed">2139617</ArticleId></ArticleIdList></Reference><Reference><Citation>Science. 1990 Jun 15;248(4961):1380-8</Citation><ArticleIdList><ArticleId IdType="pubmed">1972595</ArticleId></ArticleIdList></Reference><Reference><Citation>Proc Natl Acad Sci U S A. 1992 May 1;89(9):3927-31</Citation><ArticleIdList><ArticleId IdType="pubmed">1570315</ArticleId></ArticleIdList></Reference><Reference><Citation>Cell. 1992 May 1;69(3):529-37</Citation><ArticleIdList><ArticleId IdType="pubmed">1316241</ArticleId></ArticleIdList></Reference><Reference><Citation>Nature. 1992 Sep 3;359(6390):79-82</Citation><ArticleIdList><ArticleId IdType="pubmed">1355854</ArticleId></ArticleIdList></Reference><Reference><Citation>J Immunol Methods. 1992 Oct 2;154(2):253-64</Citation><ArticleIdList><ArticleId IdType="pubmed">1401959</ArticleId></ArticleIdList></Reference><Reference><Citation>Nature. 1992 Oct 8;359(6395):547-9</Citation><ArticleIdList><ArticleId IdType="pubmed">1406974</ArticleId></ArticleIdList></Reference><Reference><Citation>J Exp Med. 1992 Dec 1;176(6):1693-702</Citation><ArticleIdList><ArticleId IdType="pubmed">1460426</ArticleId></ArticleIdList></Reference><Reference><Citation>Curr Opin Immunol. 1993 Jun;5(3):423-7</Citation><ArticleIdList><ArticleId IdType="pubmed">8347302</ArticleId></ArticleIdList></Reference><Reference><Citation>J Autoimmun. 1993 Jun;6(3):291-300</Citation><ArticleIdList><ArticleId IdType="pubmed">8397713</ArticleId></ArticleIdList></Reference><Reference><Citation>Cell. 1993 Sep 24;74(6):1089-100</Citation><ArticleIdList><ArticleId IdType="pubmed">8402882</ArticleId></ArticleIdList></Reference><Reference><Citation>Science. 1993 Oct 15;262(5132):422-4</Citation><ArticleIdList><ArticleId IdType="pubmed">8211163</ArticleId></ArticleIdList></Reference><Reference><Citation>Diabetes. 1994 Feb;43(2):197-203</Citation><ArticleIdList><ArticleId IdType="pubmed">8288043</ArticleId></ArticleIdList></Reference><Reference><Citation>Int Immunol. 1994 Feb;6(2):247-54</Citation><ArticleIdList><ArticleId IdType="pubmed">8155601</ArticleId></ArticleIdList></Reference><Reference><Citation>Int Immunol. 1994 Jun;6(6):881-5</Citation><ArticleIdList><ArticleId IdType="pubmed">8086376</ArticleId></ArticleIdList></Reference><Reference><Citation>J Exp Med. 1994 Dec 1;180(6):2089-99</Citation><ArticleIdList><ArticleId IdType="pubmed">7964486</ArticleId></ArticleIdList></Reference><Reference><Citation>Proc Natl Acad Sci U S A. 1995 Jan 17;92(2):354-8</Citation><ArticleIdList><ArticleId IdType="pubmed">7530361</ArticleId></ArticleIdList></Reference><Reference><Citation>Cell. 1995 Mar 10;80(5):695-705</Citation><ArticleIdList><ArticleId IdType="pubmed">7534214</ArticleId></ArticleIdList></Reference><Reference><Citation>J Exp Med. 1995 Apr 1;181(4):1587-91</Citation><ArticleIdList><ArticleId IdType="pubmed">7699339</ArticleId></ArticleIdList></Reference><Reference><Citation>Immunity. 1995 Jun;2(6):573-85</Citation><ArticleIdList><ArticleId IdType="pubmed">7796292</ArticleId></ArticleIdList></Reference><Reference><Citation>Eur J Immunol. 1995 Jun;25(6):1617-23</Citation><ArticleIdList><ArticleId IdType="pubmed">7614990</ArticleId></ArticleIdList></Reference><Reference><Citation>Immunity. 1995 Oct;3(4):449-58</Citation><ArticleIdList><ArticleId IdType="pubmed">7584136</ArticleId></ArticleIdList></Reference><Reference><Citation>Eur J Immunol. 1995 Oct;25(10):2813-7</Citation><ArticleIdList><ArticleId IdType="pubmed">7589076</ArticleId></ArticleIdList></Reference><Reference><Citation>J Exp Med. 1996 Apr 1;183(4):1917-21</Citation><ArticleIdList><ArticleId IdType="pubmed">8666949</ArticleId></ArticleIdList></Reference><Reference><Citation>J Exp Med. 1996 Jul 1;184(1):19-29</Citation><ArticleIdList><ArticleId IdType="pubmed">8691133</ArticleId></ArticleIdList></Reference><Reference><Citation>Proc Natl Acad Sci U S A. 1996 Aug 20;93(17):9102-7</Citation><ArticleIdList><ArticleId IdType="pubmed">8799161</ArticleId></ArticleIdList></Reference><Reference><Citation>Immunol Rev. 1996 Feb;149:5-33</Citation><ArticleIdList><ArticleId IdType="pubmed">9005219</ArticleId></ArticleIdList></Reference><Reference><Citation>Eur J Immunol. 1996 Dec;26(12):2876-84</Citation><ArticleIdList><ArticleId IdType="pubmed">8977280</ArticleId></ArticleIdList></Reference><Reference><Citation>Proc Natl Acad Sci U S A. 1997 Jan 7;94(1):213-8</Citation><ArticleIdList><ArticleId IdType="pubmed">8990188</ArticleId></ArticleIdList></Reference><Reference><Citation>J Exp Med. 1997 Jul 21;186(2):239-45</Citation><ArticleIdList><ArticleId IdType="pubmed">9221753</ArticleId></ArticleIdList></Reference><Reference><Citation>Nature. 1997 Oct 16;389(6652):737-42</Citation><ArticleIdList><ArticleId IdType="pubmed">9338786</ArticleId></ArticleIdList></Reference><Reference><Citation>J Exp Med. 1998 Jan 19;187(2):177-83</Citation><ArticleIdList><ArticleId IdType="pubmed">9432975</ArticleId></ArticleIdList></Reference><Reference><Citation>J Exp Med. 1998 Feb 2;187(3):379-87</Citation><ArticleIdList><ArticleId IdType="pubmed">9449718</ArticleId></ArticleIdList></Reference><Reference><Citation>Science. 1998 Feb 27;279(5355):1344-7</Citation><ArticleIdList><ArticleId IdType="pubmed">9478893</ArticleId></ArticleIdList></Reference><Reference><Citation>Nature. 1998 Mar 5;392(6671):86-9</Citation><ArticleIdList><ArticleId IdType="pubmed">9510252</ArticleId></ArticleIdList></Reference><Reference><Citation>J Immunol. 1998 Apr 15;160(8):3883-90</Citation><ArticleIdList><ArticleId IdType="pubmed">9558094</ArticleId></ArticleIdList></Reference><Reference><Citation>Immunity. 1998 May;8(5):563-70</Citation><ArticleIdList><ArticleId IdType="pubmed">9620677</ArticleId></ArticleIdList></Reference><Reference><Citation>Nat Med. 1998 Jul;4(7):770-1</Citation><ArticleIdList><ArticleId IdType="pubmed">9662363</ArticleId></ArticleIdList></Reference><Reference><Citation>Nat Med. 1998 Jul;4(7):781-5</Citation><ArticleIdList><ArticleId IdType="pubmed">9662368</ArticleId></ArticleIdList></Reference><Reference><Citation>J Immunol. 1998 Aug 15;161(4):1868-74</Citation><ArticleIdList><ArticleId IdType="pubmed">9712055</ArticleId></ArticleIdList></Reference><Reference><Citation>J Exp Med. 1999 Jan 18;189(2):265-78</Citation><ArticleIdList><ArticleId IdType="pubmed">9892609</ArticleId></ArticleIdList></Reference><Reference><Citation>Cell. 1987 Sep 11;50(6):819-20</Citation><ArticleIdList><ArticleId IdType="pubmed">3621346</ArticleId></ArticleIdList></Reference></ReferenceList></PubmedData></PubmedArticle></PubmedArticleSet>