<?xml version="1.0" ?>
<!DOCTYPE PubmedArticleSet PUBLIC "-//NLM//DTD PubMedArticle, 1st January 2019//EN" "https://dtd.nlm.nih.gov/ncbi/pubmed/out/pubmed_190101.dtd">
<PubmedArticleSet><PubmedArticle><MedlineCitation Status="MEDLINE" Owner="NLM"><PMID Version="1">10447516</PMID><DateCompleted><Year>1999</Year><Month>10</Month><Day>18</Day></DateCompleted><DateRevised><Year>2011</Year><Month>11</Month><Day>17</Day></DateRevised><Article PubModel="Print"><Journal><ISSN IssnType="Print">0012-186X</ISSN><JournalIssue CitedMedium="Print"><Volume>42</Volume><Issue>9</Issue><PubDate><Year>1999</Year><Month>Sep</Month></PubDate></JournalIssue><Title>Diabetologia</Title><ISOAbbreviation>Diabetologia</ISOAbbreviation></Journal><ArticleTitle>The relation of proinsulin and insulin to insulin sensitivity and acute insulin response in subjects with newly diagnosed type II diabetes: the Insulin Resistance Atherosclerosis Study.</ArticleTitle><Pagination><MedlinePgn>1060-6</MedlinePgn></Pagination><Abstract><AbstractText Label="AIMS/HYPOTHESIS" NlmCategory="OBJECTIVE">Proinsulin concentrations are increased relative to insulin concentrations in subjects with Type II (non-insulin-dependent) diabetes mellitus. This could be secondary to hyperglycaemia or insulin resistance or due to a defect in insulin secretion.</AbstractText><AbstractText Label="METHODS" NlmCategory="METHODS">We investigated the association between fasting insulin, intact proinsulin and the intact proinsulin: insulin ratio with insulin sensitivity, estimated by a frequently sampled intravenous glucose tolerance test and the minimal model and with acute insulin response (AIR) in 182 newly diagnosed Type II diabetic subjects aged 40 to 69 years. None of the subjects was receiving hypoglycaemic medication.</AbstractText><AbstractText Label="RESULTS" NlmCategory="RESULTS">Insulin sensitivity correlated inversely with fasting insulin (r(s) = -0.42) and intact proinsulin (r(s) = -0.32) (p &lt; 0.001). The intact proinsulin:insulin ratio was not correlated with insulin sensitivity. AIR correlated positively with intact proinsulin (r(s) = 0.23) and inversely with the intact proinsulin:insulin ratio (r(s) = -0.29, p &lt; 0.001). Fasting glucose correlated positively with intact proinsulin (r(s) = 0.34) and the intact proinsulin:insulin ratio (r(s) = 0.24, p &lt; 0. 001). The intact proinsulin:insulin ratio increased by decreasing AIR (quartiles of AIR from high to low: 7.8, 8.2, 9.7 and 12.1 %, p &lt; 0.001). This association was independent of age, sex, ethnicity, body mass index, fasting glucose, and insulin sensitivity.</AbstractText><AbstractText Label="CONCLUSION/INTERPRETATION" NlmCategory="CONCLUSIONS">Insulin resistance (low insulin sensitivity) was not related to the intact proinsulin:insulin ratio in subjects with Type II diabetes. In contrast, both low AIR and high fasting glucose concentrations were associated with a disproportionate increase in proinsulin concentration. These results suggest that increased intact proinsulin:insulin ratio is a marker of a defect in insulin secretion in Type II diabetic subjects.</AbstractText></Abstract><AuthorList CompleteYN="Y"><Author ValidYN="Y"><LastName>Mykkänen</LastName><ForeName>L</ForeName><Initials>L</Initials><AffiliationInfo><Affiliation>Division of Clinical Epidemiology, Department of Medicine, University of Texas Health Science Center at San Antonio, San Antonio 78284-7873, USA.</Affiliation></AffiliationInfo></Author><Author ValidYN="Y"><LastName>Zaccaro</LastName><ForeName>D J</ForeName><Initials>DJ</Initials></Author><Author ValidYN="Y"><LastName>Hales</LastName><ForeName>C N</ForeName><Initials>CN</Initials></Author><Author ValidYN="Y"><LastName>Festa</LastName><ForeName>A</ForeName><Initials>A</Initials></Author><Author ValidYN="Y"><LastName>Haffner</LastName><ForeName>S M</ForeName><Initials>SM</Initials></Author></AuthorList><Language>eng</Language><PublicationTypeList><PublicationType UI="D016428">Journal Article</PublicationType><PublicationType UI="D016448">Multicenter Study</PublicationType></PublicationTypeList></Article><MedlineJournalInfo><Country>Germany</Country><MedlineTA>Diabetologia</MedlineTA><NlmUniqueID>0006777</NlmUniqueID><ISSNLinking>0012-186X</ISSNLinking></MedlineJournalInfo><ChemicalList><Chemical><RegistryNumber>0</RegistryNumber><NameOfSubstance UI="D001786">Blood Glucose</NameOfSubstance></Chemical><Chemical><RegistryNumber>0</RegistryNumber><NameOfSubstance UI="D007328">Insulin</NameOfSubstance></Chemical><Chemical><RegistryNumber>9035-68-1</RegistryNumber><NameOfSubstance UI="D011384">Proinsulin</NameOfSubstance></Chemical></ChemicalList><CitationSubset>IM</CitationSubset><MeshHeadingList><MeshHeading><DescriptorName UI="D000328" MajorTopicYN="N">Adult</DescriptorName></MeshHeading><MeshHeading><DescriptorName UI="D000368" MajorTopicYN="N">Aged</DescriptorName></MeshHeading><MeshHeading><DescriptorName UI="D001161" MajorTopicYN="N">Arteriosclerosis</DescriptorName><QualifierName UI="Q000453" MajorTopicYN="Y">epidemiology</QualifierName><QualifierName UI="Q000503" MajorTopicYN="N">physiopathology</QualifierName></MeshHeading><MeshHeading><DescriptorName UI="D001786" MajorTopicYN="N">Blood Glucose</DescriptorName><QualifierName UI="Q000378" MajorTopicYN="N">metabolism</QualifierName></MeshHeading><MeshHeading><DescriptorName UI="D003924" MajorTopicYN="N">Diabetes Mellitus, Type 2</DescriptorName><QualifierName UI="Q000097" MajorTopicYN="Y">blood</QualifierName><QualifierName UI="Q000503" MajorTopicYN="N">physiopathology</QualifierName></MeshHeading><MeshHeading><DescriptorName UI="D005260" MajorTopicYN="N">Female</DescriptorName></MeshHeading><MeshHeading><DescriptorName UI="D005951" MajorTopicYN="N">Glucose Tolerance Test</DescriptorName></MeshHeading><MeshHeading><DescriptorName UI="D006801" MajorTopicYN="N">Humans</DescriptorName></MeshHeading><MeshHeading><DescriptorName UI="D007328" MajorTopicYN="N">Insulin</DescriptorName><QualifierName UI="Q000097" MajorTopicYN="Y">blood</QualifierName></MeshHeading><MeshHeading><DescriptorName UI="D007333" MajorTopicYN="Y">Insulin Resistance</DescriptorName></MeshHeading><MeshHeading><DescriptorName UI="D008297" MajorTopicYN="N">Male</DescriptorName></MeshHeading><MeshHeading><DescriptorName UI="D008875" MajorTopicYN="N">Middle Aged</DescriptorName></MeshHeading><MeshHeading><DescriptorName UI="D011384" MajorTopicYN="N">Proinsulin</DescriptorName><QualifierName UI="Q000097" MajorTopicYN="Y">blood</QualifierName></MeshHeading><MeshHeading><DescriptorName UI="D012044" MajorTopicYN="N">Regression Analysis</DescriptorName></MeshHeading><MeshHeading><DescriptorName UI="D012307" MajorTopicYN="N">Risk Factors</DescriptorName></MeshHeading></MeshHeadingList></MedlineCitation><PubmedData><History><PubMedPubDate PubStatus="pubmed"><Year>1999</Year><Month>8</Month><Day>14</Day></PubMedPubDate><PubMedPubDate PubStatus="medline"><Year>1999</Year><Month>8</Month><Day>14</Day><Hour>0</Hour><Minute>1</Minute></PubMedPubDate><PubMedPubDate PubStatus="entrez"><Year>1999</Year><Month>8</Month><Day>14</Day><Hour>0</Hour><Minute>0</Minute></PubMedPubDate></History><PublicationStatus>ppublish</PublicationStatus><ArticleIdList><ArticleId IdType="pubmed">10447516</ArticleId><ArticleId IdType="pii">90421060.125</ArticleId><ArticleId IdType="doi">10.1007/s001250051271</ArticleId></ArticleIdList></PubmedData></PubmedArticle></PubmedArticleSet>