<?xml version="1.0" ?>
<!DOCTYPE PubmedArticleSet PUBLIC "-//NLM//DTD PubMedArticle, 1st January 2019//EN" "https://dtd.nlm.nih.gov/ncbi/pubmed/out/pubmed_190101.dtd">
<PubmedArticleSet><PubmedArticle><MedlineCitation Status="MEDLINE" Owner="NLM"><PMID Version="1">10450508</PMID><DateCompleted><Year>1999</Year><Month>10</Month><Day>18</Day></DateCompleted><DateRevised><Year>2019</Year><Month>09</Month><Day>15</Day></DateRevised><Article PubModel="Print"><Journal><ISSN IssnType="Print">0105-2896</ISSN><JournalIssue CitedMedium="Print"><Volume>169</Volume><PubDate><Year>1999</Year><Month>Jun</Month></PubDate></JournalIssue><Title>Immunological reviews</Title><ISOAbbreviation>Immunol Rev</ISOAbbreviation></Journal><ArticleTitle>Dissecting the role of CD4+ T cells in autoimmune diabetes through the use of TCR transgenic mice.</ArticleTitle><Pagination><MedlinePgn>55-65</MedlinePgn></Pagination><Abstract><AbstractText>Insulin-dependent diabetes mellitus (IDDM) is an immunological disorder wherein autoimmune-mediated destruction of islet cells in the pancreas results in persistent hyperglycemia. The non-obese diabetic mouse model of IDDM has revealed the importance of multiple factors that impact upon the disease process; however, understanding of primary immune mechanisms leading to IDDM remains elusive. The emergence of transgenic mouse models for IDDM has made important contributions towards clarifying many of these factors, including the cell types, the various effector molecules and the genetic elements involved in the pathogenesis of IDDM. In this review, we will focus on the primary mechanism and mediators of islet beta-cell death, the impact of T-helper lymphocytes on disease progression and the potential role of major histocompatibility complex class II molecules in conferring susceptibility to IDDM.</AbstractText></Abstract><AuthorList CompleteYN="Y"><Author ValidYN="Y"><LastName>Suri</LastName><ForeName>A</ForeName><Initials>A</Initials><AffiliationInfo><Affiliation>Department of Pathology, Center for Immunology, Washington University School of Medicine, St. Louis, Missouri 63110, USA.</Affiliation></AffiliationInfo></Author><Author ValidYN="Y"><LastName>Katz</LastName><ForeName>J D</ForeName><Initials>JD</Initials></Author></AuthorList><Language>eng</Language><PublicationTypeList><PublicationType UI="D016428">Journal Article</PublicationType><PublicationType UI="D013485">Research Support, Non-U.S. Gov't</PublicationType><PublicationType UI="D013487">Research Support, U.S. Gov't, P.H.S.</PublicationType><PublicationType UI="D016454">Review</PublicationType></PublicationTypeList></Article><MedlineJournalInfo><Country>England</Country><MedlineTA>Immunol Rev</MedlineTA><NlmUniqueID>7702118</NlmUniqueID><ISSNLinking>0105-2896</ISSNLinking></MedlineJournalInfo><ChemicalList><Chemical><RegistryNumber>0</RegistryNumber><NameOfSubstance UI="D011948">Receptors, Antigen, T-Cell</NameOfSubstance></Chemical></ChemicalList><CitationSubset>IM</CitationSubset><MeshHeadingList><MeshHeading><DescriptorName UI="D000818" MajorTopicYN="N">Animals</DescriptorName></MeshHeading><MeshHeading><DescriptorName UI="D017209" MajorTopicYN="N">Apoptosis</DescriptorName></MeshHeading><MeshHeading><DescriptorName UI="D015496" MajorTopicYN="N">CD4-Positive T-Lymphocytes</DescriptorName><QualifierName UI="Q000276" MajorTopicYN="Y">immunology</QualifierName></MeshHeading><MeshHeading><DescriptorName UI="D003922" MajorTopicYN="N">Diabetes Mellitus, Type 1</DescriptorName><QualifierName UI="Q000235" MajorTopicYN="N">genetics</QualifierName><QualifierName UI="Q000276" MajorTopicYN="Y">immunology</QualifierName><QualifierName UI="Q000473" MajorTopicYN="N">pathology</QualifierName></MeshHeading><MeshHeading><DescriptorName UI="D005802" MajorTopicYN="N">Genes, MHC Class II</DescriptorName></MeshHeading><MeshHeading><DescriptorName UI="D006801" MajorTopicYN="N">Humans</DescriptorName></MeshHeading><MeshHeading><DescriptorName UI="D007515" MajorTopicYN="N">Islets of Langerhans</DescriptorName><QualifierName UI="Q000276" MajorTopicYN="N">immunology</QualifierName><QualifierName UI="Q000473" MajorTopicYN="N">pathology</QualifierName></MeshHeading><MeshHeading><DescriptorName UI="D051379" MajorTopicYN="N">Mice</DescriptorName></MeshHeading><MeshHeading><DescriptorName UI="D016688" MajorTopicYN="N">Mice, Inbred NOD</DescriptorName></MeshHeading><MeshHeading><DescriptorName UI="D008822" MajorTopicYN="N">Mice, Transgenic</DescriptorName></MeshHeading><MeshHeading><DescriptorName UI="D011948" MajorTopicYN="N">Receptors, Antigen, T-Cell</DescriptorName><QualifierName UI="Q000235" MajorTopicYN="N">genetics</QualifierName></MeshHeading></MeshHeadingList><NumberOfReferences>78</NumberOfReferences></MedlineCitation><PubmedData><History><PubMedPubDate PubStatus="pubmed"><Year>1999</Year><Month>8</Month><Day>18</Day></PubMedPubDate><PubMedPubDate PubStatus="medline"><Year>1999</Year><Month>8</Month><Day>18</Day><Hour>0</Hour><Minute>1</Minute></PubMedPubDate><PubMedPubDate PubStatus="entrez"><Year>1999</Year><Month>8</Month><Day>18</Day><Hour>0</Hour><Minute>0</Minute></PubMedPubDate></History><PublicationStatus>ppublish</PublicationStatus><ArticleIdList><ArticleId IdType="pubmed">10450508</ArticleId><ArticleId IdType="doi">10.1111/j.1600-065x.1999.tb01306.x</ArticleId></ArticleIdList></PubmedData></PubmedArticle></PubmedArticleSet>