<?xml version="1.0" ?>
<!DOCTYPE PubmedArticleSet PUBLIC "-//NLM//DTD PubMedArticle, 1st January 2019//EN" "https://dtd.nlm.nih.gov/ncbi/pubmed/out/pubmed_190101.dtd">
<PubmedArticleSet><PubmedArticle><MedlineCitation Status="MEDLINE" Owner="NLM"><PMID Version="1">10450377</PMID><DateCompleted><Year>1999</Year><Month>08</Month><Day>24</Day></DateCompleted><DateRevised><Year>2009</Year><Month>11</Month><Day>03</Day></DateRevised><Article PubModel="Print"><Journal><ISSN IssnType="Print">0950-222X</ISSN><JournalIssue CitedMedium="Print"><Volume>13 ( Pt 2)</Volume><PubDate><Year>1999</Year><Month>Apr</Month></PubDate></JournalIssue><Title>Eye (London, England)</Title><ISOAbbreviation>Eye (Lond)</ISOAbbreviation></Journal><ArticleTitle>Dinucleotide repeat polymorphisms in EDN1 and NOS3 are not associated with severe diabetic retinopathy in type 1 or type 2 diabetes.</ArticleTitle><Pagination><MedlinePgn>174-8</MedlinePgn></Pagination><Abstract><AbstractText Label="PURPOSE" NlmCategory="OBJECTIVE">Endothelin-1, and constitutive endothelial nitric oxide synthase, have been implicated in the pathogenesis of diabetic retinopathy. We therefore screened polymorphisms within the genes encoding these two vasoactive agents in a sample of individuals with 15 years of diabetes and no retinopathy (ETDRS level 10 or better) and those with severe retinopathy (ETDRS level 50 or worse).</AbstractText><AbstractText Label="METHODS" NlmCategory="METHODS">PCR primers for highly polymorphic sites within the EDN1 and NOS3 genes were used to genotype individuals with type 1 or type 2 diabetes with severe or no retinopathy. Allele frequencies were compared between groups using chi-squared analysis and adjusting for multiple comparisons.</AbstractText><AbstractText Label="RESULTS" NlmCategory="RESULTS">No significant differences were observed in allele frequencies for these two markers between the patients who had retinopathy and the patients who did not.</AbstractText><AbstractText Label="CONCLUSION" NlmCategory="CONCLUSIONS">Polymorphic variability in the EDN1 and NOS3 genes does not appear to have a major impact on determining susceptibility or resistance to diabetic retinopathy.</AbstractText></Abstract><AuthorList CompleteYN="Y"><Author ValidYN="Y"><LastName>Warpeha</LastName><ForeName>K M</ForeName><Initials>KM</Initials><AffiliationInfo><Affiliation>Division of Ophthalmology and Vision Sciences Queen's University, Belfast, UK.</Affiliation></AffiliationInfo></Author><Author ValidYN="Y"><LastName>Ah-Fat</LastName><ForeName>F</ForeName><Initials>F</Initials></Author><Author ValidYN="Y"><LastName>Harding</LastName><ForeName>S</ForeName><Initials>S</Initials></Author><Author ValidYN="Y"><LastName>Patterson</LastName><ForeName>C C</ForeName><Initials>CC</Initials></Author><Author ValidYN="Y"><LastName>Xu</LastName><ForeName>W</ForeName><Initials>W</Initials></Author><Author ValidYN="Y"><LastName>Hart</LastName><ForeName>P M</ForeName><Initials>PM</Initials></Author><Author ValidYN="Y"><LastName>Chakravarthy</LastName><ForeName>U</ForeName><Initials>U</Initials></Author><Author ValidYN="Y"><LastName>Hughes</LastName><ForeName>A E</ForeName><Initials>AE</Initials></Author></AuthorList><Language>eng</Language><PublicationTypeList><PublicationType UI="D016428">Journal Article</PublicationType><PublicationType UI="D013485">Research Support, Non-U.S. Gov't</PublicationType></PublicationTypeList></Article><MedlineJournalInfo><Country>England</Country><MedlineTA>Eye (Lond)</MedlineTA><NlmUniqueID>8703986</NlmUniqueID><ISSNLinking>0950-222X</ISSNLinking></MedlineJournalInfo><ChemicalList><Chemical><RegistryNumber>0</RegistryNumber><NameOfSubstance UI="D019332">Endothelin-1</NameOfSubstance></Chemical><Chemical><RegistryNumber>EC 1.14.13.39</RegistryNumber><NameOfSubstance UI="C496314">NOS3 protein, human</NameOfSubstance></Chemical><Chemical><RegistryNumber>EC 1.14.13.39</RegistryNumber><NameOfSubstance UI="D019001">Nitric Oxide Synthase</NameOfSubstance></Chemical><Chemical><RegistryNumber>EC 1.14.13.39</RegistryNumber><NameOfSubstance UI="D052250">Nitric Oxide Synthase Type III</NameOfSubstance></Chemical></ChemicalList><CitationSubset>IM</CitationSubset><MeshHeadingList><MeshHeading><DescriptorName UI="D000328" MajorTopicYN="N">Adult</DescriptorName></MeshHeading><MeshHeading><DescriptorName UI="D000483" MajorTopicYN="N">Alleles</DescriptorName></MeshHeading><MeshHeading><DescriptorName UI="D003922" MajorTopicYN="N">Diabetes Mellitus, Type 1</DescriptorName><QualifierName UI="Q000235" MajorTopicYN="Y">genetics</QualifierName></MeshHeading><MeshHeading><DescriptorName UI="D003924" MajorTopicYN="N">Diabetes Mellitus, Type 2</DescriptorName><QualifierName UI="Q000235" MajorTopicYN="Y">genetics</QualifierName></MeshHeading><MeshHeading><DescriptorName UI="D003930" MajorTopicYN="N">Diabetic Retinopathy</DescriptorName><QualifierName UI="Q000235" MajorTopicYN="Y">genetics</QualifierName></MeshHeading><MeshHeading><DescriptorName UI="D018900" MajorTopicYN="N">Dinucleotide Repeats</DescriptorName></MeshHeading><MeshHeading><DescriptorName UI="D019332" MajorTopicYN="N">Endothelin-1</DescriptorName><QualifierName UI="Q000235" MajorTopicYN="Y">genetics</QualifierName></MeshHeading><MeshHeading><DescriptorName UI="D020022" MajorTopicYN="N">Genetic Predisposition to Disease</DescriptorName></MeshHeading><MeshHeading><DescriptorName UI="D006801" MajorTopicYN="N">Humans</DescriptorName></MeshHeading><MeshHeading><DescriptorName UI="D019001" MajorTopicYN="N">Nitric Oxide Synthase</DescriptorName><QualifierName UI="Q000235" MajorTopicYN="Y">genetics</QualifierName></MeshHeading><MeshHeading><DescriptorName UI="D052250" MajorTopicYN="N">Nitric Oxide Synthase Type III</DescriptorName></MeshHeading><MeshHeading><DescriptorName UI="D016133" MajorTopicYN="N">Polymerase Chain Reaction</DescriptorName></MeshHeading><MeshHeading><DescriptorName UI="D011110" MajorTopicYN="N">Polymorphism, Genetic</DescriptorName></MeshHeading></MeshHeadingList></MedlineCitation><PubmedData><History><PubMedPubDate PubStatus="pubmed"><Year>1999</Year><Month>8</Month><Day>18</Day></PubMedPubDate><PubMedPubDate PubStatus="medline"><Year>1999</Year><Month>8</Month><Day>18</Day><Hour>0</Hour><Minute>1</Minute></PubMedPubDate><PubMedPubDate PubStatus="entrez"><Year>1999</Year><Month>8</Month><Day>18</Day><Hour>0</Hour><Minute>0</Minute></PubMedPubDate></History><PublicationStatus>ppublish</PublicationStatus><ArticleIdList><ArticleId IdType="pubmed">10450377</ArticleId><ArticleId IdType="doi">10.1038/eye.1999.46</ArticleId></ArticleIdList></PubmedData></PubmedArticle></PubmedArticleSet>