<?xml version="1.0" ?>
<!DOCTYPE PubmedArticleSet PUBLIC "-//NLM//DTD PubMedArticle, 1st January 2019//EN" "https://dtd.nlm.nih.gov/ncbi/pubmed/out/pubmed_190101.dtd">
<PubmedArticleSet><PubmedArticle><MedlineCitation Status="MEDLINE" Owner="NLM"><PMID Version="1">10451540</PMID><DateCompleted><Year>1999</Year><Month>12</Month><Day>02</Day></DateCompleted><DateRevised><Year>2013</Year><Month>11</Month><Day>21</Day></DateRevised><Article PubModel="Print"><Journal><ISSN IssnType="Print">0263-6484</ISSN><JournalIssue CitedMedium="Print"><Volume>17</Volume><Issue>3</Issue><PubDate><Year>1999</Year><Month>Sep</Month></PubDate></JournalIssue><Title>Cell biochemistry and function</Title><ISOAbbreviation>Cell Biochem Funct</ISOAbbreviation></Journal><ArticleTitle>The study of renin-angiotensin-aldosterone in experimental diabetes mellitus.</ArticleTitle><Pagination><MedlinePgn>193-8</MedlinePgn></Pagination><Abstract><AbstractText>It is generally accepted that hypertension and other vascular pathologies increase in diabetes mellitus (DM) patients as a result of the renin-angiotensin-aldosterone (RAA) system. In this study, changes in the renin-angiotensin-aldosterone (RAA) system level was determined in Streptozotocin (STZ)-injected rats. A total of 46 female Wistar albino rats (180-220 g body weight) was utilized in these experiments. STZ was given intraperitoneally to induce diabetes in rats. Streptozotocin (60 mg kg(-1) body weight) was dissolved in 0.1 m citrate--phosphate buffer (pH 4-5). The non-diabetic rats were injected with sterilized buffer alone to act as a control group. Blood glucose levels were 398+/-8.2 mg dl(-1), 488+/-11.75 mg dl(-1) and 658+/-29.6 mg dl(-1) at days 3, 12 and 30 respectively. The level of plasma renin activity (PRA) was measured as 7.69+/-1.07 ng ml(-1) h(-1); 1.82+/-0.22 ng ml(-1) h(-1) and 0. 67+/-0.12 ng ml(-1) h(-1) at days 3, 12 and 30, respectively. These values showed that the PRA levels are decreased with increased time period. Serum angiotensin converting enzyme (ACE, E.C. 3.4.15.1) levels were increased at days 12 and 30 (p&lt;0.05 and p&lt;0.005), whereas serum aldosterone levels were increased at days 3 and 12 (p&lt;0.05). The level of urea and creatinine increased at days 12 and 30 (p&lt;0.05 and p&lt;0.005, respectively) when compared to the control group. The data from these experiments indicate that the PRA level decreased whereas ACE activity level increased in diabetic rats compared with the control. Aldosterone levels increased at the first stage of the experiment, but then decreased by the end of the experiment as a result of changes in renin and ACE levels.</AbstractText><CopyrightInformation>Copyright 1999 John Wiley &amp; Sons, Ltd.</CopyrightInformation></Abstract><AuthorList CompleteYN="Y"><Author ValidYN="Y"><LastName>Ustündag</LastName><ForeName>B</ForeName><Initials>B</Initials><AffiliationInfo><Affiliation>Department of Biochemistry, College of Medicine; Firat University, Elazig, Turkey.</Affiliation></AffiliationInfo></Author><Author ValidYN="Y"><LastName>Cay</LastName><ForeName>M</ForeName><Initials>M</Initials></Author><Author ValidYN="Y"><LastName>Naziroglu</LastName><ForeName>M</ForeName><Initials>M</Initials></Author><Author ValidYN="Y"><LastName>Dilsiz</LastName><ForeName>N</ForeName><Initials>N</Initials></Author><Author ValidYN="Y"><LastName>Crabbe</LastName><ForeName>M J</ForeName><Initials>MJ</Initials></Author><Author ValidYN="Y"><LastName>Ilhan</LastName><ForeName>N</ForeName><Initials>N</Initials></Author></AuthorList><Language>eng</Language><PublicationTypeList><PublicationType UI="D016428">Journal Article</PublicationType></PublicationTypeList></Article><MedlineJournalInfo><Country>England</Country><MedlineTA>Cell Biochem Funct</MedlineTA><NlmUniqueID>8305874</NlmUniqueID><ISSNLinking>0263-6484</ISSNLinking></MedlineJournalInfo><ChemicalList><Chemical><RegistryNumber>0</RegistryNumber><NameOfSubstance UI="D000809">Angiotensins</NameOfSubstance></Chemical><Chemical><RegistryNumber>0</RegistryNumber><NameOfSubstance UI="D001786">Blood Glucose</NameOfSubstance></Chemical><Chemical><RegistryNumber>4964P6T9RB</RegistryNumber><NameOfSubstance UI="D000450">Aldosterone</NameOfSubstance></Chemical><Chemical><RegistryNumber>EC 3.4.15.1</RegistryNumber><NameOfSubstance UI="D007703">Peptidyl-Dipeptidase A</NameOfSubstance></Chemical><Chemical><RegistryNumber>EC 3.4.23.15</RegistryNumber><NameOfSubstance UI="D012083">Renin</NameOfSubstance></Chemical></ChemicalList><CitationSubset>IM</CitationSubset><CommentsCorrectionsList><CommentsCorrections RefType="CommentIn"><RefSource>Cell Biochem Funct. 2001 Mar;19(1):69-71, 73-4</RefSource><PMID Version="1">11223874</PMID></CommentsCorrections></CommentsCorrectionsList><MeshHeadingList><MeshHeading><DescriptorName UI="D000450" MajorTopicYN="N">Aldosterone</DescriptorName><QualifierName UI="Q000097" MajorTopicYN="Y">blood</QualifierName></MeshHeading><MeshHeading><DescriptorName UI="D000809" MajorTopicYN="N">Angiotensins</DescriptorName><QualifierName UI="Q000097" MajorTopicYN="Y">blood</QualifierName></MeshHeading><MeshHeading><DescriptorName UI="D000818" MajorTopicYN="N">Animals</DescriptorName></MeshHeading><MeshHeading><DescriptorName UI="D001786" MajorTopicYN="N">Blood Glucose</DescriptorName><QualifierName UI="Q000032" MajorTopicYN="N">analysis</QualifierName></MeshHeading><MeshHeading><DescriptorName UI="D003921" MajorTopicYN="N">Diabetes Mellitus, Experimental</DescriptorName><QualifierName UI="Q000097" MajorTopicYN="Y">blood</QualifierName></MeshHeading><MeshHeading><DescriptorName UI="D005260" MajorTopicYN="N">Female</DescriptorName></MeshHeading><MeshHeading><DescriptorName UI="D007703" MajorTopicYN="N">Peptidyl-Dipeptidase A</DescriptorName><QualifierName UI="Q000097" MajorTopicYN="N">blood</QualifierName></MeshHeading><MeshHeading><DescriptorName UI="D051381" MajorTopicYN="N">Rats</DescriptorName></MeshHeading><MeshHeading><DescriptorName UI="D017208" MajorTopicYN="N">Rats, Wistar</DescriptorName></MeshHeading><MeshHeading><DescriptorName UI="D012083" MajorTopicYN="N">Renin</DescriptorName><QualifierName UI="Q000097" MajorTopicYN="Y">blood</QualifierName></MeshHeading><MeshHeading><DescriptorName UI="D012084" MajorTopicYN="N">Renin-Angiotensin System</DescriptorName><QualifierName UI="Q000502" MajorTopicYN="Y">physiology</QualifierName></MeshHeading></MeshHeadingList></MedlineCitation><PubmedData><History><PubMedPubDate PubStatus="pubmed"><Year>1999</Year><Month>8</Month><Day>19</Day></PubMedPubDate><PubMedPubDate PubStatus="medline"><Year>1999</Year><Month>8</Month><Day>19</Day><Hour>0</Hour><Minute>1</Minute></PubMedPubDate><PubMedPubDate PubStatus="entrez"><Year>1999</Year><Month>8</Month><Day>19</Day><Hour>0</Hour><Minute>0</Minute></PubMedPubDate></History><PublicationStatus>ppublish</PublicationStatus><ArticleIdList><ArticleId IdType="pubmed">10451540</ArticleId><ArticleId IdType="pii">10.1002/(SICI)1099-0844(199909)17:3&lt;193::AID-CBF828&gt;3.0.CO;2-N</ArticleId><ArticleId IdType="doi">10.1002/(SICI)1099-0844(199909)17:3&lt;193::AID-CBF828&gt;3.0.CO;2-N</ArticleId></ArticleIdList></PubmedData></PubmedArticle></PubmedArticleSet>