<?xml version="1.0" ?>
<!DOCTYPE PubmedArticleSet PUBLIC "-//NLM//DTD PubMedArticle, 1st January 2019//EN" "https://dtd.nlm.nih.gov/ncbi/pubmed/out/pubmed_190101.dtd">
<PubmedArticleSet><PubmedArticle><MedlineCitation Status="MEDLINE" Owner="NLM"><PMID Version="1">10459535</PMID><DateCompleted><Year>1999</Year><Month>09</Month><Day>03</Day></DateCompleted><DateRevised><Year>2019</Year><Month>07</Month><Day>13</Day></DateRevised><Article PubModel="Print"><Journal><ISSN IssnType="Print">0041-1337</ISSN><JournalIssue CitedMedium="Print"><Volume>68</Volume><Issue>3</Issue><PubDate><Year>1999</Year><Month>Aug</Month><Day>15</Day></PubDate></JournalIssue><Title>Transplantation</Title><ISOAbbreviation>Transplantation</ISOAbbreviation></Journal><ArticleTitle>Induction, maintenance, and reversal of streptozotocin-induced insulin-dependent diabetes mellitus in the juvenile cynomolgus monkey (Macaca fascilularis).</ArticleTitle><Pagination><MedlinePgn>331-7</MedlinePgn></Pagination><Abstract><AbstractText Label="BACKGROUND" NlmCategory="BACKGROUND">Insulin-dependent diabetes mellitus (IDDM) is the second most prevalent chronic illness of children. Investigation of the treatment of IDDM is hindered by the lack of a reproducible and easily maintained non-human primate model of this disorder.</AbstractText><AbstractText Label="METHODS" NlmCategory="METHODS">We induced IDDM in 11 juvenile cynomolgus monkeys after a single (150 mg/kg) intravenous injection of streptozotocin (STZ). All diabetic monkeys were treated with insulin twice daily, based on a sliding scale. Subcutaneous vascular access ports were surgically placed in each monkey to facilitate serial blood sampling and drug administration. Allogeneic pancreatic islet cells from unrelated donors were subsequently transplanted into the mesenteric circulation of all STZ-treated monkeys.</AbstractText><AbstractText Label="RESULTS" NlmCategory="RESULTS">Mild, transient nausea and vomiting occurred in all animals after STZ injection; however, no additional signs of toxicity occurred. Within 36 hr, all monkeys required twice daily administration of exogenous insulin to maintain a non-ketotic state. Serum C-peptide levels decreased from &gt;1.2 ng/ml before STZ, to between 0.0 and 0.9 ng/ml after STZ, confirming islet cell destruction. Animals were maintained in an insulin-dependent state for up to 147 days without any observable clinical complications. Subcutaneous vascular access port patency was maintained up to 136 days with a single incidence of local infection. Islet cell transplantation resulted in normoglycemia within 24 hr. Serum C-peptide levels increased (range: 2-8 ng/ml) for 6 - 8 days in immune competent animals, and for 39-98 days after transplant in immunosuppressed monkeys.</AbstractText><AbstractText Label="CONCLUSIONS" NlmCategory="CONCLUSIONS">IDDM can be consistently induced and safely treated in juvenile cynomolgus monkeys. Chronic vascular access can be maintained with minimal supervision and complications. This model is appropriate for studies investigating potential treatments for IDDM including islet cell transplantation.</AbstractText></Abstract><AuthorList CompleteYN="Y"><Author ValidYN="Y"><LastName>Theriault</LastName><ForeName>B R</ForeName><Initials>BR</Initials><AffiliationInfo><Affiliation>Department of Medicine, University of Chicago, Illinois 60637, USA.</Affiliation></AffiliationInfo></Author><Author ValidYN="Y"><LastName>Thistlethwaite</LastName><ForeName>J R</ForeName><Initials>JR</Initials><Suffix>Jr</Suffix></Author><Author ValidYN="Y"><LastName>Levisetti</LastName><ForeName>M G</ForeName><Initials>MG</Initials></Author><Author ValidYN="Y"><LastName>Wardrip</LastName><ForeName>C L</ForeName><Initials>CL</Initials></Author><Author ValidYN="Y"><LastName>Szot</LastName><ForeName>G</ForeName><Initials>G</Initials></Author><Author ValidYN="Y"><LastName>Bruce</LastName><ForeName>D S</ForeName><Initials>DS</Initials></Author><Author ValidYN="Y"><LastName>Rilo</LastName><ForeName>H</ForeName><Initials>H</Initials></Author><Author ValidYN="Y"><LastName>Li</LastName><ForeName>X</ForeName><Initials>X</Initials></Author><Author ValidYN="Y"><LastName>Gray</LastName><ForeName>G S</ForeName><Initials>GS</Initials></Author><Author ValidYN="Y"><LastName>Bluestone</LastName><ForeName>J A</ForeName><Initials>JA</Initials></Author><Author ValidYN="Y"><LastName>Padrid</LastName><ForeName>P A</ForeName><Initials>PA</Initials></Author></AuthorList><Language>eng</Language><PublicationTypeList><PublicationType UI="D016428">Journal Article</PublicationType><PublicationType UI="D013485">Research Support, Non-U.S. Gov't</PublicationType></PublicationTypeList></Article><MedlineJournalInfo><Country>United States</Country><MedlineTA>Transplantation</MedlineTA><NlmUniqueID>0132144</NlmUniqueID><ISSNLinking>0041-1337</ISSNLinking></MedlineJournalInfo><ChemicalList><Chemical><RegistryNumber>0</RegistryNumber><NameOfSubstance UI="D002096">C-Peptide</NameOfSubstance></Chemical><Chemical><RegistryNumber>0</RegistryNumber><NameOfSubstance UI="D007166">Immunosuppressive Agents</NameOfSubstance></Chemical><Chemical><RegistryNumber>0</RegistryNumber><NameOfSubstance UI="D007328">Insulin</NameOfSubstance></Chemical><Chemical><RegistryNumber>5W494URQ81</RegistryNumber><NameOfSubstance UI="D013311">Streptozocin</NameOfSubstance></Chemical></ChemicalList><CitationSubset>IM</CitationSubset><MeshHeadingList><MeshHeading><DescriptorName UI="D000818" MajorTopicYN="N">Animals</DescriptorName></MeshHeading><MeshHeading><DescriptorName UI="D002096" MajorTopicYN="N">C-Peptide</DescriptorName><QualifierName UI="Q000097" MajorTopicYN="N">blood</QualifierName></MeshHeading><MeshHeading><DescriptorName UI="D002404" MajorTopicYN="N">Catheterization</DescriptorName></MeshHeading><MeshHeading><DescriptorName UI="D002675" MajorTopicYN="N">Child, Preschool</DescriptorName></MeshHeading><MeshHeading><DescriptorName UI="D002908" MajorTopicYN="N">Chronic Disease</DescriptorName></MeshHeading><MeshHeading><DescriptorName UI="D003921" MajorTopicYN="N">Diabetes Mellitus, Experimental</DescriptorName><QualifierName UI="Q000209" MajorTopicYN="Y">etiology</QualifierName><QualifierName UI="Q000517" MajorTopicYN="N">prevention &amp; control</QualifierName></MeshHeading><MeshHeading><DescriptorName UI="D003922" MajorTopicYN="N">Diabetes Mellitus, Type 1</DescriptorName><QualifierName UI="Q000209" MajorTopicYN="Y">etiology</QualifierName></MeshHeading><MeshHeading><DescriptorName UI="D004195" MajorTopicYN="N">Disease Models, Animal</DescriptorName></MeshHeading><MeshHeading><DescriptorName UI="D005268" MajorTopicYN="N">Femoral Vein</DescriptorName></MeshHeading><MeshHeading><DescriptorName UI="D005951" MajorTopicYN="N">Glucose Tolerance Test</DescriptorName></MeshHeading><MeshHeading><DescriptorName UI="D006801" MajorTopicYN="N">Humans</DescriptorName></MeshHeading><MeshHeading><DescriptorName UI="D007166" MajorTopicYN="N">Immunosuppressive Agents</DescriptorName><QualifierName UI="Q000494" MajorTopicYN="N">pharmacology</QualifierName></MeshHeading><MeshHeading><DescriptorName UI="D007328" MajorTopicYN="N">Insulin</DescriptorName><QualifierName UI="Q000627" MajorTopicYN="N">therapeutic use</QualifierName></MeshHeading><MeshHeading><DescriptorName UI="D007332" MajorTopicYN="N">Insulin Infusion Systems</DescriptorName></MeshHeading><MeshHeading><DescriptorName UI="D016381" MajorTopicYN="N">Islets of Langerhans Transplantation</DescriptorName><QualifierName UI="Q000379" MajorTopicYN="N">methods</QualifierName></MeshHeading><MeshHeading><DescriptorName UI="D007668" MajorTopicYN="N">Kidney</DescriptorName><QualifierName UI="Q000473" MajorTopicYN="N">pathology</QualifierName></MeshHeading><MeshHeading><DescriptorName UI="D008252" MajorTopicYN="N">Macaca fascicularis</DescriptorName></MeshHeading><MeshHeading><DescriptorName UI="D010179" MajorTopicYN="N">Pancreas</DescriptorName><QualifierName UI="Q000473" MajorTopicYN="N">pathology</QualifierName></MeshHeading><MeshHeading><DescriptorName UI="D013311" MajorTopicYN="N">Streptozocin</DescriptorName></MeshHeading><MeshHeading><DescriptorName UI="D014654" MajorTopicYN="N">Vascular Patency</DescriptorName></MeshHeading></MeshHeadingList></MedlineCitation><PubmedData><History><PubMedPubDate PubStatus="pubmed"><Year>1999</Year><Month>8</Month><Day>25</Day><Hour>9</Hour><Minute>0</Minute></PubMedPubDate><PubMedPubDate PubStatus="medline"><Year>2001</Year><Month>3</Month><Day>28</Day><Hour>10</Hour><Minute>1</Minute></PubMedPubDate><PubMedPubDate PubStatus="entrez"><Year>1999</Year><Month>8</Month><Day>25</Day><Hour>9</Hour><Minute>0</Minute></PubMedPubDate></History><PublicationStatus>ppublish</PublicationStatus><ArticleIdList><ArticleId IdType="pubmed">10459535</ArticleId><ArticleId IdType="doi">10.1097/00007890-199908150-00003</ArticleId></ArticleIdList></PubmedData></PubmedArticle></PubmedArticleSet>