<?xml version="1.0" ?>
<!DOCTYPE PubmedArticleSet PUBLIC "-//NLM//DTD PubMedArticle, 1st January 2019//EN" "https://dtd.nlm.nih.gov/ncbi/pubmed/out/pubmed_190101.dtd">
<PubmedArticleSet><PubmedArticle><MedlineCitation Status="MEDLINE" Owner="NLM"><PMID Version="1">10468203</PMID><DateCompleted><Year>1999</Year><Month>11</Month><Day>02</Day></DateCompleted><DateRevised><Year>2022</Year><Month>04</Month><Day>08</Day></DateRevised><Article PubModel="Print"><Journal><ISSN IssnType="Print">0891-5849</ISSN><JournalIssue CitedMedium="Print"><Volume>27</Volume><Issue>3-4</Issue><PubDate><Year>1999</Year><Month>Aug</Month></PubDate></JournalIssue><Title>Free radical biology &amp; medicine</Title><ISOAbbreviation>Free Radic Biol Med</ISOAbbreviation></Journal><ArticleTitle>Oral administration of RAC-alpha-lipoic acid modulates insulin sensitivity in patients with type-2 diabetes mellitus: a placebo-controlled pilot trial.</ArticleTitle><Pagination><MedlinePgn>309-14</MedlinePgn></Pagination><Abstract><AbstractText>Alpha-lipoic acid (ALA), a naturally occuring compound and a radical scavenger was shown to enhance glucose transport and utilization in different experimental and animal models. Clinical studies described an increase of insulin sensitivity after acute and short-term (10 d) parenteral administration of ALA. The effects of a 4-week oral treatment with alpha-lipoic acid were evaluated in a placebo-controlled, multicenter pilot study to determine see whether oral treatment also improves insulin sensitivity. Seventy-four patients with type-2 diabetes were randomized to either placebo (n = 19); or active treatment in various doses of 600 mg once daily (n = 19), twice daily (1200 mg; n = 18), or thrice daily (1800 mg; n = 18) alpha-lipoic acid. An isoglycemic glucose-clamp was done on days 0 (pre) and 29 (post). In this explorative study, analysis was done according to the number of subjects showing an improvement of insulin sensitivity after treatment. Furthermore, the effects of active vs. placebo treatment on insulin sensitivity was compared. All four groups were comparable and had a similar degree of hyperglycemia and insulin sensitivity at baseline. When compared to placebo, significantly more subjects had an increase in insulin-stimulated glucose disposal (MCR) after ALA treatment in each group. As there was no dose effect seen in the three different alpha-lipoic acid groups, all subjects receiving ALA were combined in the "active" group and then compared to placebo. This revealed significantly different changes in MCR after treatment (+27% vs. placebo; p &lt; .01). This placebo-controlled explorative study confirms previous observations of an increase of insulin sensitivity in type-2 diabetes after acute and chronic intravenous administration of ALA. The results suggest that oral administration of alpha-lipoic acid can improve insulin sensitivity in patients with type-2 diabetes. The encouraging findings of this pilot trial need to be substantiated by further investigations.</AbstractText></Abstract><AuthorList CompleteYN="Y"><Author ValidYN="Y"><LastName>Jacob</LastName><ForeName>S</ForeName><Initials>S</Initials><AffiliationInfo><Affiliation>Hypertension and Diabetes Research Unit, Max Grundig Clinic, Bühl and City Hospital, Baden-Baden, Germany. snjacob@med.uni-tuebingen.de</Affiliation></AffiliationInfo></Author><Author ValidYN="Y"><LastName>Ruus</LastName><ForeName>P</ForeName><Initials>P</Initials></Author><Author ValidYN="Y"><LastName>Hermann</LastName><ForeName>R</ForeName><Initials>R</Initials></Author><Author ValidYN="Y"><LastName>Tritschler</LastName><ForeName>H J</ForeName><Initials>HJ</Initials></Author><Author ValidYN="Y"><LastName>Maerker</LastName><ForeName>E</ForeName><Initials>E</Initials></Author><Author ValidYN="Y"><LastName>Renn</LastName><ForeName>W</ForeName><Initials>W</Initials></Author><Author ValidYN="Y"><LastName>Augustin</LastName><ForeName>H J</ForeName><Initials>HJ</Initials></Author><Author ValidYN="Y"><LastName>Dietze</LastName><ForeName>G J</ForeName><Initials>GJ</Initials></Author><Author ValidYN="Y"><LastName>Rett</LastName><ForeName>K</ForeName><Initials>K</Initials></Author></AuthorList><Language>eng</Language><PublicationTypeList><PublicationType UI="D016430">Clinical Trial</PublicationType><PublicationType UI="D016428">Journal Article</PublicationType><PublicationType UI="D016448">Multicenter Study</PublicationType><PublicationType UI="D016449">Randomized Controlled Trial</PublicationType><PublicationType UI="D013485">Research Support, Non-U.S. Gov't</PublicationType></PublicationTypeList></Article><MedlineJournalInfo><Country>United States</Country><MedlineTA>Free Radic Biol Med</MedlineTA><NlmUniqueID>8709159</NlmUniqueID><ISSNLinking>0891-5849</ISSNLinking></MedlineJournalInfo><ChemicalList><Chemical><RegistryNumber>0</RegistryNumber><NameOfSubstance UI="D016166">Free Radical Scavengers</NameOfSubstance></Chemical><Chemical><RegistryNumber>73Y7P0K73Y</RegistryNumber><NameOfSubstance UI="D008063">Thioctic Acid</NameOfSubstance></Chemical></ChemicalList><CitationSubset>IM</CitationSubset><MeshHeadingList><MeshHeading><DescriptorName UI="D000284" MajorTopicYN="N">Administration, Oral</DescriptorName></MeshHeading><MeshHeading><DescriptorName UI="D000886" MajorTopicYN="N">Anthropometry</DescriptorName></MeshHeading><MeshHeading><DescriptorName UI="D003924" MajorTopicYN="N">Diabetes Mellitus, Type 2</DescriptorName><QualifierName UI="Q000188" MajorTopicYN="Y">drug therapy</QualifierName></MeshHeading><MeshHeading><DescriptorName UI="D005260" MajorTopicYN="N">Female</DescriptorName></MeshHeading><MeshHeading><DescriptorName UI="D016166" MajorTopicYN="N">Free Radical Scavengers</DescriptorName><QualifierName UI="Q000009" MajorTopicYN="N">adverse effects</QualifierName><QualifierName UI="Q000627" MajorTopicYN="Y">therapeutic use</QualifierName></MeshHeading><MeshHeading><DescriptorName UI="D015309" MajorTopicYN="N">Glucose Clamp Technique</DescriptorName></MeshHeading><MeshHeading><DescriptorName UI="D006801" MajorTopicYN="N">Humans</DescriptorName></MeshHeading><MeshHeading><DescriptorName UI="D007333" MajorTopicYN="Y">Insulin Resistance</DescriptorName></MeshHeading><MeshHeading><DescriptorName UI="D008297" MajorTopicYN="N">Male</DescriptorName></MeshHeading><MeshHeading><DescriptorName UI="D008875" MajorTopicYN="N">Middle Aged</DescriptorName></MeshHeading><MeshHeading><DescriptorName UI="D010865" MajorTopicYN="N">Pilot Projects</DescriptorName></MeshHeading><MeshHeading><DescriptorName UI="D013237" MajorTopicYN="N">Stereoisomerism</DescriptorName></MeshHeading><MeshHeading><DescriptorName UI="D008063" MajorTopicYN="N">Thioctic Acid</DescriptorName><QualifierName UI="Q000009" MajorTopicYN="N">adverse effects</QualifierName><QualifierName UI="Q000627" MajorTopicYN="Y">therapeutic use</QualifierName></MeshHeading></MeshHeadingList></MedlineCitation><PubmedData><History><PubMedPubDate PubStatus="pubmed"><Year>1999</Year><Month>9</Month><Day>1</Day></PubMedPubDate><PubMedPubDate PubStatus="medline"><Year>1999</Year><Month>9</Month><Day>1</Day><Hour>0</Hour><Minute>1</Minute></PubMedPubDate><PubMedPubDate PubStatus="entrez"><Year>1999</Year><Month>9</Month><Day>1</Day><Hour>0</Hour><Minute>0</Minute></PubMedPubDate></History><PublicationStatus>ppublish</PublicationStatus><ArticleIdList><ArticleId IdType="pubmed">10468203</ArticleId><ArticleId IdType="pii">S0891-5849(99)00089-1</ArticleId><ArticleId IdType="doi">10.1016/s0891-5849(99)00089-1</ArticleId></ArticleIdList></PubmedData></PubmedArticle></PubmedArticleSet>