<?xml version="1.0" ?>
<!DOCTYPE PubmedArticleSet PUBLIC "-//NLM//DTD PubMedArticle, 1st January 2019//EN" "https://dtd.nlm.nih.gov/ncbi/pubmed/out/pubmed_190101.dtd">
<PubmedArticleSet><PubmedArticle><MedlineCitation Status="MEDLINE" Owner="NLM"><PMID Version="1">10468221</PMID><DateCompleted><Year>1999</Year><Month>11</Month><Day>02</Day></DateCompleted><DateRevised><Year>2019</Year><Month>08</Month><Day>26</Day></DateRevised><Article PubModel="Print"><Journal><ISSN IssnType="Print">0891-5849</ISSN><JournalIssue CitedMedium="Print"><Volume>27</Volume><Issue>3-4</Issue><PubDate><Year>1999</Year><Month>Aug</Month></PubDate></JournalIssue><Title>Free radical biology &amp; medicine</Title><ISOAbbreviation>Free Radic Biol Med</ISOAbbreviation></Journal><ArticleTitle>Constitutive differences in antioxidant defense status distinguish alloxan-resistant and alloxan-susceptible mice.</ArticleTitle><Pagination><MedlinePgn>449-55</MedlinePgn></Pagination><Abstract><AbstractText>Alloxan (AL), a potent generator of superoxide and hydroxyl radicals, selectively destroys rodent pancreatic beta-cells. Alloxan-susceptible (ALS/Lt) and AL-resistant (ALR/Lt) are inbred mouse strains derived in Japan by inbreeding CD-1 (ICR) mice with concomitant selection for high or low sensitivity to a relatively low AL dose. The present study was undertaken to examine whether resistance was mediated by differences in either systemic or beta-cell antioxidant defense status. Superoxide dismutase (SOD), catalase (CAT), glutathione reductase (GR), and glutathione peroxidase (GPX) activities were determined in tissues of AL-untreated ALR/Lt and ALS/Lt male mice at 7 weeks of age. Specific activities of pancreatic SOD1, GR, and GPX were significantly increased in ALR/Lt mice compared with ALS/Lt mice. ALR/Lt mice further exhibited higher levels of glutathione in plasma, blood, pancreas, and liver combined with lower constitutive lipid peroxides in serum, liver, and pancreas. These results support the hypothesis that the selection process leading to the development of an AL-resistant mouse strain entailed accumulation of a gene or genes contributing to upregulated antioxidant status.</AbstractText></Abstract><AuthorList CompleteYN="Y"><Author ValidYN="Y"><LastName>Mathews</LastName><ForeName>C E</ForeName><Initials>CE</Initials><AffiliationInfo><Affiliation>The Jackson Laboratory, Bar Harbor, ME 04609, USA.</Affiliation></AffiliationInfo></Author><Author ValidYN="Y"><LastName>Leiter</LastName><ForeName>E H</ForeName><Initials>EH</Initials></Author></AuthorList><Language>eng</Language><GrantList CompleteYN="Y"><Grant><GrantID>F32 DK009865</GrantID><Acronym>DK</Acronym><Agency>NIDDK NIH HHS</Agency><Country>United States</Country></Grant><Grant><GrantID>DK27722</GrantID><Acronym>DK</Acronym><Agency>NIDDK NIH HHS</Agency><Country>United States</Country></Grant><Grant><GrantID>DK36175</GrantID><Acronym>DK</Acronym><Agency>NIDDK NIH HHS</Agency><Country>United States</Country></Grant><Grant><GrantID>F32DK09865</GrantID><Acronym>DK</Acronym><Agency>NIDDK NIH HHS</Agency><Country>United States</Country></Grant></GrantList><PublicationTypeList><PublicationType UI="D003160">Comparative Study</PublicationType><PublicationType UI="D016428">Journal Article</PublicationType><PublicationType UI="D013485">Research Support, Non-U.S. Gov't</PublicationType><PublicationType UI="D013487">Research Support, U.S. Gov't, P.H.S.</PublicationType></PublicationTypeList></Article><MedlineJournalInfo><Country>United States</Country><MedlineTA>Free Radic Biol Med</MedlineTA><NlmUniqueID>8709159</NlmUniqueID><ISSNLinking>0891-5849</ISSNLinking></MedlineJournalInfo><ChemicalList><Chemical><RegistryNumber>0</RegistryNumber><NameOfSubstance UI="D000975">Antioxidants</NameOfSubstance></Chemical><Chemical><RegistryNumber>11062-77-4</RegistryNumber><NameOfSubstance UI="D013481">Superoxides</NameOfSubstance></Chemical><Chemical><RegistryNumber>3352-57-6</RegistryNumber><NameOfSubstance UI="D017665">Hydroxyl Radical</NameOfSubstance></Chemical></ChemicalList><CitationSubset>IM</CitationSubset><MeshHeadingList><MeshHeading><DescriptorName UI="D000818" MajorTopicYN="N">Animals</DescriptorName></MeshHeading><MeshHeading><DescriptorName UI="D000975" MajorTopicYN="N">Antioxidants</DescriptorName><QualifierName UI="Q000378" MajorTopicYN="Y">metabolism</QualifierName></MeshHeading><MeshHeading><DescriptorName UI="D003921" MajorTopicYN="N">Diabetes Mellitus, Experimental</DescriptorName><QualifierName UI="Q000378" MajorTopicYN="Y">metabolism</QualifierName></MeshHeading><MeshHeading><DescriptorName UI="D004198" MajorTopicYN="N">Disease Susceptibility</DescriptorName></MeshHeading><MeshHeading><DescriptorName UI="D004351" MajorTopicYN="N">Drug Resistance</DescriptorName></MeshHeading><MeshHeading><DescriptorName UI="D017665" MajorTopicYN="N">Hydroxyl Radical</DescriptorName><QualifierName UI="Q000378" MajorTopicYN="Y">metabolism</QualifierName></MeshHeading><MeshHeading><DescriptorName UI="D007668" MajorTopicYN="N">Kidney</DescriptorName><QualifierName UI="Q000378" MajorTopicYN="N">metabolism</QualifierName></MeshHeading><MeshHeading><DescriptorName UI="D008099" MajorTopicYN="N">Liver</DescriptorName><QualifierName UI="Q000378" MajorTopicYN="N">metabolism</QualifierName></MeshHeading><MeshHeading><DescriptorName UI="D008297" MajorTopicYN="N">Male</DescriptorName></MeshHeading><MeshHeading><DescriptorName UI="D051379" MajorTopicYN="N">Mice</DescriptorName></MeshHeading><MeshHeading><DescriptorName UI="D008815" MajorTopicYN="N">Mice, Inbred Strains</DescriptorName></MeshHeading><MeshHeading><DescriptorName UI="D018384" MajorTopicYN="N">Oxidative Stress</DescriptorName><QualifierName UI="Q000502" MajorTopicYN="N">physiology</QualifierName></MeshHeading><MeshHeading><DescriptorName UI="D010179" MajorTopicYN="N">Pancreas</DescriptorName><QualifierName UI="Q000378" MajorTopicYN="N">metabolism</QualifierName></MeshHeading><MeshHeading><DescriptorName UI="D051381" MajorTopicYN="N">Rats</DescriptorName></MeshHeading><MeshHeading><DescriptorName UI="D013481" MajorTopicYN="N">Superoxides</DescriptorName><QualifierName UI="Q000378" MajorTopicYN="Y">metabolism</QualifierName></MeshHeading></MeshHeadingList></MedlineCitation><PubmedData><History><PubMedPubDate PubStatus="pubmed"><Year>1999</Year><Month>9</Month><Day>1</Day></PubMedPubDate><PubMedPubDate PubStatus="medline"><Year>1999</Year><Month>9</Month><Day>1</Day><Hour>0</Hour><Minute>1</Minute></PubMedPubDate><PubMedPubDate PubStatus="entrez"><Year>1999</Year><Month>9</Month><Day>1</Day><Hour>0</Hour><Minute>0</Minute></PubMedPubDate></History><PublicationStatus>ppublish</PublicationStatus><ArticleIdList><ArticleId IdType="pubmed">10468221</ArticleId><ArticleId IdType="pii">S0891-5849(99)00084-2</ArticleId><ArticleId IdType="doi">10.1016/s0891-5849(99)00084-2</ArticleId></ArticleIdList></PubmedData></PubmedArticle></PubmedArticleSet>