<?xml version="1.0" ?>
<!DOCTYPE PubmedArticleSet PUBLIC "-//NLM//DTD PubMedArticle, 1st January 2019//EN" "https://dtd.nlm.nih.gov/ncbi/pubmed/out/pubmed_190101.dtd">
<PubmedArticleSet><PubmedArticle><MedlineCitation Status="MEDLINE" Owner="NLM"><PMID Version="1">10463710</PMID><DateCompleted><Year>1999</Year><Month>08</Month><Day>31</Day></DateCompleted><DateRevised><Year>2019</Year><Month>07</Month><Day>01</Day></DateRevised><Article PubModel="Print"><Journal><ISSN IssnType="Print">0098-7484</ISSN><JournalIssue CitedMedium="Print"><Volume>282</Volume><Issue>8</Issue><PubDate><Year>1999</Year><Month>Aug</Month><Day>25</Day></PubDate></JournalIssue><Title>JAMA</Title><ISOAbbreviation>JAMA</ISOAbbreviation></Journal><ArticleTitle>Hypoglycemia and the decision to drive a motor vehicle by persons with diabetes.</ArticleTitle><Pagination><MedlinePgn>750-4</MedlinePgn></Pagination><Abstract><AbstractText Label="CONTEXT" NlmCategory="BACKGROUND">Laboratory studies have shown impairments in driving performance among subjects with type 1 diabetes mellitus when their blood glucose (BG) level is between 2.6 and 3.6 mmol/L (47-65 mg/dL). However, to our knowledge, no data exist examining subjects' decisions to drive at various BG levels during their daily routine.</AbstractText><AbstractText Label="OBJECTIVE" NlmCategory="OBJECTIVE">To examine type 1 diabetic subjects' decisions to drive during their daily routine based on perception of BG levels compared with actual measured BG levels.</AbstractText><AbstractText Label="DESIGN AND SETTING" NlmCategory="METHODS">Two separate groups of patients were recruited 2 years apart from 4 academic medical centers.</AbstractText><AbstractText Label="PARTICIPANTS" NlmCategory="METHODS">All subjects were adults with type 1 diabetes who were drivers and who performed at least 2 BG tests per day. Group 1 (initial) subjects (n = 65) had a mean (SD) age of 38.6 (8.9) years with a mean (SD) diabetes duration of 20.5 (10.6) years, were taking 38.8 (16.8) U/d of insulin, and had a mean (SD) glycosylated hemoglobin (HbA1) level of 10.0% (1.9%). Group 2 (replication) subjects (n = 93) were 35.8 (8.0) years old with a mean diabetes duration of 17.0 (10.6) years, were taking 40.0 (15.5) U/d of insulin, and had a mean (SD) HbA1 level of 8.5% (1.6%). Each subject used a handheld computer to record data on symptoms, cognitive function, insulin dosage, food, activity, estimated and actual BG levels, and whether he/she would drive. Data were entered 3 to 6 times per day for a total of 50 to 70 collections per subject during a 3- to 4-week period.</AbstractText><AbstractText Label="MAIN OUTCOME MEASURES" NlmCategory="METHODS">Decisions to drive when subjects estimated their BG level to be less than 2.2 mmol/L (40 mg/dL), 2.2 to 2.8 mmol/L (40-50 mg/dL), 2.8 to 3.3 mmol/L (50-60 mg/dL), 3.3 to 3.9 mmol/L (60-70 mg/dL), 3.9 to 10 mmol/L (70-180 mg/dL), and more than 10 mmol/L (&gt;180 mg/dL), and driving decisions when actual BG levels were in these ranges.</AbstractText><AbstractText Label="RESULTS" NlmCategory="RESULTS">Subjects stated they would drive 43% to 44% of the time when they estimated their BG level to be 3.3 to 3.9 mmol/L (60-70 mg/dL), and 38% to 47% of the time when their actual BG level was less than 2.2 mmol/L (40 mg/dL). Logistic regression analysis demonstrated that number of autonomic symptoms, degree of impairment on cognitive function tests, and BG level estimate predicted 76% to 80% of decisions to drive (P&lt;.01 for all). Approximately 50% of subjects in each group decided to drive at least 50% of the time when their BG level was less than 3.9 mmol/L (70 mg/dL).</AbstractText><AbstractText Label="CONCLUSIONS" NlmCategory="CONCLUSIONS">Our data suggest that persons with type 1 diabetes may not judge correctly when their BG level is too low to permit safe driving and may consider driving with a low BG level even when they are aware of the low level. Health care professionals should counsel their patients about the risk of driving with hypoglycemia and the importance of measuring BG level before driving.</AbstractText></Abstract><AuthorList CompleteYN="Y"><Author ValidYN="Y"><LastName>Clarke</LastName><ForeName>W L</ForeName><Initials>WL</Initials><AffiliationInfo><Affiliation>Department of Pediatrics, The University of Virginia Health Sciences Center, Charlottesville 22908, USA. wlc@virginia.edu</Affiliation></AffiliationInfo></Author><Author ValidYN="Y"><LastName>Cox</LastName><ForeName>D J</ForeName><Initials>DJ</Initials></Author><Author ValidYN="Y"><LastName>Gonder-Frederick</LastName><ForeName>L A</ForeName><Initials>LA</Initials></Author><Author ValidYN="Y"><LastName>Kovatchev</LastName><ForeName>B</ForeName><Initials>B</Initials></Author></AuthorList><Language>eng</Language><GrantList CompleteYN="Y"><Grant><GrantID>R01-DK-28288</GrantID><Acronym>DK</Acronym><Agency>NIDDK NIH HHS</Agency><Country>United States</Country></Grant><Grant><GrantID>RR-00847</GrantID><Acronym>RR</Acronym><Agency>NCRR NIH HHS</Agency><Country>United States</Country></Grant></GrantList><PublicationTypeList><PublicationType UI="D016428">Journal Article</PublicationType><PublicationType UI="D013487">Research Support, U.S. Gov't, P.H.S.</PublicationType></PublicationTypeList></Article><MedlineJournalInfo><Country>United States</Country><MedlineTA>JAMA</MedlineTA><NlmUniqueID>7501160</NlmUniqueID><ISSNLinking>0098-7484</ISSNLinking></MedlineJournalInfo><CitationSubset>IM</CitationSubset><MeshHeadingList><MeshHeading><DescriptorName UI="D000328" MajorTopicYN="N">Adult</DescriptorName></MeshHeading><MeshHeading><DescriptorName UI="D001334" MajorTopicYN="Y">Automobile Driving</DescriptorName></MeshHeading><MeshHeading><DescriptorName UI="D003657" MajorTopicYN="N">Decision Making</DescriptorName></MeshHeading><MeshHeading><DescriptorName UI="D003922" MajorTopicYN="Y">Diabetes Mellitus, Type 1</DescriptorName><QualifierName UI="Q000097" MajorTopicYN="N">blood</QualifierName><QualifierName UI="Q000503" MajorTopicYN="N">physiopathology</QualifierName></MeshHeading><MeshHeading><DescriptorName UI="D006801" MajorTopicYN="N">Humans</DescriptorName></MeshHeading><MeshHeading><DescriptorName UI="D007003" MajorTopicYN="Y">Hypoglycemia</DescriptorName><QualifierName UI="Q000175" MajorTopicYN="N">diagnosis</QualifierName></MeshHeading><MeshHeading><DescriptorName UI="D012044" MajorTopicYN="N">Regression Analysis</DescriptorName></MeshHeading></MeshHeadingList></MedlineCitation><PubmedData><History><PubMedPubDate PubStatus="pubmed"><Year>1999</Year><Month>8</Month><Day>27</Day><Hour>9</Hour><Minute>0</Minute></PubMedPubDate><PubMedPubDate PubStatus="medline"><Year>2001</Year><Month>8</Month><Day>14</Day><Hour>10</Hour><Minute>1</Minute></PubMedPubDate><PubMedPubDate PubStatus="entrez"><Year>1999</Year><Month>8</Month><Day>27</Day><Hour>9</Hour><Minute>0</Minute></PubMedPubDate></History><PublicationStatus>ppublish</PublicationStatus><ArticleIdList><ArticleId IdType="pubmed">10463710</ArticleId><ArticleId IdType="pii">joc91069</ArticleId><ArticleId IdType="doi">10.1001/jama.282.8.750</ArticleId></ArticleIdList></PubmedData></PubmedArticle></PubmedArticleSet>