<?xml version="1.0" ?>
<!DOCTYPE PubmedArticleSet PUBLIC "-//NLM//DTD PubMedArticle, 1st January 2019//EN" "https://dtd.nlm.nih.gov/ncbi/pubmed/out/pubmed_190101.dtd">
<PubmedArticleSet><PubmedArticle><MedlineCitation Status="MEDLINE" Owner="NLM"><PMID Version="1">10463144</PMID><DateCompleted><Year>1999</Year><Month>10</Month><Day>04</Day></DateCompleted><DateRevised><Year>2019</Year><Month>11</Month><Day>03</Day></DateRevised><Article PubModel="Print"><Journal><ISSN IssnType="Print">1350-6277</ISSN><JournalIssue CitedMedium="Print"><Volume>6</Volume><Issue>3</Issue><PubDate><Year>1999</Year><Month>Jun</Month></PubDate></JournalIssue><Title>Journal of cardiovascular risk</Title><ISOAbbreviation>J Cardiovasc Risk</ISOAbbreviation></Journal><ArticleTitle>Lipids, lipoproteins and apolipoprotein (a) isoforms in type 2 diabetic patients.</ArticleTitle><Pagination><MedlinePgn>171-5</MedlinePgn></Pagination><Abstract><AbstractText Label="BACKGROUND" NlmCategory="BACKGROUND">Patients with type 2 diabetes mellitus have a greater than normal risk of developing atherosclerotic vascular diseases. Higher than normal plasma concentrations of lipoprotein (a) [Lp(a)] have been associated with premature atherosclerosis in several studies.</AbstractText><AbstractText Label="OBJECTIVE" NlmCategory="OBJECTIVE">To determine the concentrations of lipids, lipoproteins, and Lp(a) in 107 type 2 diabetic patients, and the distribution of apolipoprotein (a) [apo(a)] phenotypes for this group, and to compare the results found with results for healthy subjects.</AbstractText><AbstractText Label="RESULTS" NlmCategory="RESULTS">Plasma concentrations of cholesterol, triglycerides, and apolipoprotein B in the diabetics were significantly higher than those in control subjects. Diabetic patients had slightly lower Lp(a) concentrations than did nondiabetic subjects, but these differences were not statistically significant. Distributions of Lp(a) concentrations both in type 2 diabetic patients and in control subjects were markedly skewed, the highest prevalences being of low values.</AbstractText><AbstractText Label="CONCLUSION" NlmCategory="CONCLUSIONS">Distributions of apo(a) phenotypes for patients with type 2 diabetes mellitus and controls were remarkably alike. Smaller isoforms were similarly prevalent for the two populations, as were the null, single-band and double-band apo(a) phenotypes.</AbstractText></Abstract><AuthorList CompleteYN="Y"><Author ValidYN="Y"><LastName>Calmarza</LastName><ForeName>P</ForeName><Initials>P</Initials><AffiliationInfo><Affiliation>Hospital General Yagüe, Burgos, Spain. calmarza@bio.hgy.es</Affiliation></AffiliationInfo></Author><Author ValidYN="Y"><LastName>Vella</LastName><ForeName>J C</ForeName><Initials>JC</Initials></Author></AuthorList><Language>eng</Language><PublicationTypeList><PublicationType UI="D016428">Journal Article</PublicationType></PublicationTypeList></Article><MedlineJournalInfo><Country>England</Country><MedlineTA>J Cardiovasc Risk</MedlineTA><NlmUniqueID>9436980</NlmUniqueID><ISSNLinking>1350-6277</ISSNLinking></MedlineJournalInfo><ChemicalList><Chemical><RegistryNumber>0</RegistryNumber><NameOfSubstance UI="D001054">Apolipoproteins A</NameOfSubstance></Chemical><Chemical><RegistryNumber>0</RegistryNumber><NameOfSubstance UI="D008055">Lipids</NameOfSubstance></Chemical><Chemical><RegistryNumber>0</RegistryNumber><NameOfSubstance UI="D008074">Lipoproteins</NameOfSubstance></Chemical></ChemicalList><CitationSubset>IM</CitationSubset><MeshHeadingList><MeshHeading><DescriptorName UI="D000328" MajorTopicYN="N">Adult</DescriptorName></MeshHeading><MeshHeading><DescriptorName UI="D000368" MajorTopicYN="N">Aged</DescriptorName></MeshHeading><MeshHeading><DescriptorName UI="D001054" MajorTopicYN="N">Apolipoproteins A</DescriptorName><QualifierName UI="Q000097" MajorTopicYN="Y">blood</QualifierName></MeshHeading><MeshHeading><DescriptorName UI="D001161" MajorTopicYN="N">Arteriosclerosis</DescriptorName><QualifierName UI="Q000209" MajorTopicYN="Y">etiology</QualifierName></MeshHeading><MeshHeading><DescriptorName UI="D016022" MajorTopicYN="N">Case-Control Studies</DescriptorName></MeshHeading><MeshHeading><DescriptorName UI="D003924" MajorTopicYN="N">Diabetes Mellitus, Type 2</DescriptorName><QualifierName UI="Q000150" MajorTopicYN="Y">complications</QualifierName><QualifierName UI="Q000503" MajorTopicYN="N">physiopathology</QualifierName></MeshHeading><MeshHeading><DescriptorName UI="D005260" MajorTopicYN="N">Female</DescriptorName></MeshHeading><MeshHeading><DescriptorName UI="D006801" MajorTopicYN="N">Humans</DescriptorName></MeshHeading><MeshHeading><DescriptorName UI="D008055" MajorTopicYN="N">Lipids</DescriptorName><QualifierName UI="Q000097" MajorTopicYN="Y">blood</QualifierName></MeshHeading><MeshHeading><DescriptorName UI="D008074" MajorTopicYN="N">Lipoproteins</DescriptorName><QualifierName UI="Q000097" MajorTopicYN="Y">blood</QualifierName></MeshHeading><MeshHeading><DescriptorName UI="D008297" MajorTopicYN="N">Male</DescriptorName></MeshHeading><MeshHeading><DescriptorName UI="D008875" MajorTopicYN="N">Middle Aged</DescriptorName></MeshHeading><MeshHeading><DescriptorName UI="D010641" MajorTopicYN="N">Phenotype</DescriptorName></MeshHeading><MeshHeading><DescriptorName UI="D018570" MajorTopicYN="N">Risk Assessment</DescriptorName></MeshHeading></MeshHeadingList></MedlineCitation><PubmedData><History><PubMedPubDate PubStatus="pubmed"><Year>1999</Year><Month>8</Month><Day>27</Day></PubMedPubDate><PubMedPubDate PubStatus="medline"><Year>1999</Year><Month>8</Month><Day>27</Day><Hour>0</Hour><Minute>1</Minute></PubMedPubDate><PubMedPubDate PubStatus="entrez"><Year>1999</Year><Month>8</Month><Day>27</Day><Hour>0</Hour><Minute>0</Minute></PubMedPubDate></History><PublicationStatus>ppublish</PublicationStatus><ArticleIdList><ArticleId IdType="pubmed">10463144</ArticleId><ArticleId IdType="doi">10.1177/204748739900600308</ArticleId></ArticleIdList></PubmedData></PubmedArticle></PubmedArticleSet>