<?xml version="1.0" ?>
<!DOCTYPE PubmedArticleSet PUBLIC "-//NLM//DTD PubMedArticle, 1st January 2019//EN" "https://dtd.nlm.nih.gov/ncbi/pubmed/out/pubmed_190101.dtd">
<PubmedArticleSet><PubmedArticle><MedlineCitation Status="MEDLINE" Owner="NLM"><PMID Version="1">10460772</PMID><DateCompleted><Year>2000</Year><Month>01</Month><Day>12</Day></DateCompleted><DateRevised><Year>2019</Year><Month>05</Month><Day>01</Day></DateRevised><Article PubModel="Print"><Journal><ISSN IssnType="Print">0007-1161</ISSN><JournalIssue CitedMedium="Print"><Volume>83</Volume><Issue>9</Issue><PubDate><Year>1999</Year><Month>Sep</Month></PubDate></JournalIssue><Title>The British journal of ophthalmology</Title><ISOAbbreviation>Br J Ophthalmol</ISOAbbreviation></Journal><ArticleTitle>Diabetic versus non-diabetic colour vision after cataract surgery.</ArticleTitle><Pagination><MedlinePgn>1042-5</MedlinePgn></Pagination><Abstract><AbstractText Label="AIMS" NlmCategory="OBJECTIVE">To examine whether the colour vision abnormalities found in phakic patients with diabetes mellitus is preserved after removal of the lens by cataract surgery.</AbstractText><AbstractText Label="METHODS" NlmCategory="METHODS">21 diabetic (16 IDDM and five NIDDM) and 19 non-diabetic patients of comparable age, postoperative visual acuity, and sex distribution, all aphakic or pseudophakic following cataract surgery, had their monocular colour vision examined using the Farnsworth-Munsell 100 hue test. The fundus status of the diabetic patients ranged from no retinopathy to photocoagulation treated proliferative diabetic retinopathy. Patients with macular oedema were specifically excluded from the study.</AbstractText><AbstractText Label="RESULTS" NlmCategory="RESULTS">The error scores of both the diabetic (mean 146 (SD 94)) and the non-diabetic patients (83 (79)) did not deviate significantly from the age related normal range. The error score in the diabetic group was significantly higher than in the non-diabetic group (p=0.02) but the amplitude of the difference was small in comparison with previous studies of phakic subjects. The error scores in the diabetic group were not correlated with the degree of retinopathy (p&gt;0.2).</AbstractText><AbstractText Label="CONCLUSION" NlmCategory="CONCLUSIONS">After cataract surgery only a minor difference exists between the colour vision scores of diabetic and non-diabetic patients. This indicates that accelerated yellowing of the lens in diabetes is the predominant cause of the colour vision anomaly found in phakic diabetic patients.</AbstractText></Abstract><AuthorList CompleteYN="Y"><Author ValidYN="Y"><LastName>Kessel</LastName><ForeName>L</ForeName><Initials>L</Initials><AffiliationInfo><Affiliation>Department of Ophthalmology, Herlev Hospital, University of Copenhagen, Denmark.</Affiliation></AffiliationInfo></Author><Author ValidYN="Y"><LastName>Alsing</LastName><ForeName>A</ForeName><Initials>A</Initials></Author><Author ValidYN="Y"><LastName>Larsen</LastName><ForeName>M</ForeName><Initials>M</Initials></Author></AuthorList><Language>eng</Language><PublicationTypeList><PublicationType UI="D016428">Journal Article</PublicationType><PublicationType UI="D013485">Research Support, Non-U.S. Gov't</PublicationType></PublicationTypeList></Article><MedlineJournalInfo><Country>England</Country><MedlineTA>Br J Ophthalmol</MedlineTA><NlmUniqueID>0421041</NlmUniqueID><ISSNLinking>0007-1161</ISSNLinking></MedlineJournalInfo><CitationSubset>IM</CitationSubset><MeshHeadingList><MeshHeading><DescriptorName UI="D000328" MajorTopicYN="N">Adult</DescriptorName></MeshHeading><MeshHeading><DescriptorName UI="D000368" MajorTopicYN="N">Aged</DescriptorName></MeshHeading><MeshHeading><DescriptorName UI="D001035" MajorTopicYN="N">Aphakia</DescriptorName><QualifierName UI="Q000503" MajorTopicYN="N">physiopathology</QualifierName></MeshHeading><MeshHeading><DescriptorName UI="D002386" MajorTopicYN="N">Cataract</DescriptorName><QualifierName UI="Q000150" MajorTopicYN="Y">complications</QualifierName></MeshHeading><MeshHeading><DescriptorName UI="D002387" MajorTopicYN="N">Cataract Extraction</DescriptorName></MeshHeading><MeshHeading><DescriptorName UI="D003117" MajorTopicYN="N">Color Vision Defects</DescriptorName><QualifierName UI="Q000175" MajorTopicYN="N">diagnosis</QualifierName><QualifierName UI="Q000209" MajorTopicYN="Y">etiology</QualifierName></MeshHeading><MeshHeading><DescriptorName UI="D003922" MajorTopicYN="N">Diabetes Mellitus, Type 1</DescriptorName><QualifierName UI="Q000150" MajorTopicYN="Y">complications</QualifierName></MeshHeading><MeshHeading><DescriptorName UI="D003924" MajorTopicYN="N">Diabetes Mellitus, Type 2</DescriptorName><QualifierName UI="Q000150" MajorTopicYN="Y">complications</QualifierName></MeshHeading><MeshHeading><DescriptorName UI="D003930" MajorTopicYN="N">Diabetic Retinopathy</DescriptorName><QualifierName UI="Q000150" MajorTopicYN="N">complications</QualifierName></MeshHeading><MeshHeading><DescriptorName UI="D005260" MajorTopicYN="N">Female</DescriptorName></MeshHeading><MeshHeading><DescriptorName UI="D006801" MajorTopicYN="N">Humans</DescriptorName></MeshHeading><MeshHeading><DescriptorName UI="D008297" MajorTopicYN="N">Male</DescriptorName></MeshHeading><MeshHeading><DescriptorName UI="D008875" MajorTopicYN="N">Middle Aged</DescriptorName></MeshHeading><MeshHeading><DescriptorName UI="D019591" MajorTopicYN="N">Pseudophakia</DescriptorName><QualifierName UI="Q000503" MajorTopicYN="N">physiopathology</QualifierName></MeshHeading></MeshHeadingList></MedlineCitation><PubmedData><History><PubMedPubDate PubStatus="pubmed"><Year>1999</Year><Month>8</Month><Day>26</Day></PubMedPubDate><PubMedPubDate PubStatus="medline"><Year>1999</Year><Month>8</Month><Day>26</Day><Hour>0</Hour><Minute>1</Minute></PubMedPubDate><PubMedPubDate PubStatus="entrez"><Year>1999</Year><Month>8</Month><Day>26</Day><Hour>0</Hour><Minute>0</Minute></PubMedPubDate></History><PublicationStatus>ppublish</PublicationStatus><ArticleIdList><ArticleId IdType="pubmed">10460772</ArticleId><ArticleId IdType="pmc">PMC1723195</ArticleId><ArticleId IdType="doi">10.1136/bjo.83.9.1042</ArticleId></ArticleIdList><ReferenceList><Reference><Citation>Trans Ophthalmol Soc U K. 1972;92:69-78</Citation><ArticleIdList><ArticleId IdType="pubmed">4541523</ArticleId></ArticleIdList></Reference><Reference><Citation>Proc Natl Acad Sci U S A. 1978 Jun;75(6):2918-22</Citation><ArticleIdList><ArticleId IdType="pubmed">275862</ArticleId></ArticleIdList></Reference><Reference><Citation>Am J Ophthalmol. 1982 May;93(5):635-42</Citation><ArticleIdList><ArticleId IdType="pubmed">6979252</ArticleId></ArticleIdList></Reference><Reference><Citation>Br J Ophthalmol. 1982 Dec;66(12):759-61</Citation><ArticleIdList><ArticleId IdType="pubmed">6756466</ArticleId></ArticleIdList></Reference><Reference><Citation>Diabetes Care. 1983 Mar-Apr;6(2):144-8</Citation><ArticleIdList><ArticleId IdType="pubmed">6851807</ArticleId></ArticleIdList></Reference><Reference><Citation>Proc Natl Acad Sci U S A. 1984 Jan;81(2):583-7</Citation><ArticleIdList><ArticleId IdType="pubmed">6582514</ArticleId></ArticleIdList></Reference><Reference><Citation>Bull Soc Ophtalmol Fr. 1954 May;4:323-30</Citation><ArticleIdList><ArticleId IdType="pubmed">13230833</ArticleId></ArticleIdList></Reference><Reference><Citation>Invest Ophthalmol Vis Sci. 1986 May;27(5):791-4</Citation><ArticleIdList><ArticleId IdType="pubmed">3700028</ArticleId></ArticleIdList></Reference><Reference><Citation>Acta Ophthalmol Suppl. 1987;182:100-2</Citation><ArticleIdList><ArticleId IdType="pubmed">2837042</ArticleId></ArticleIdList></Reference><Reference><Citation>Ophthalmology. 1988 May;95(5):693-8</Citation><ArticleIdList><ArticleId IdType="pubmed">3262851</ArticleId></ArticleIdList></Reference><Reference><Citation>Invest Ophthalmol Vis Sci. 1993 Aug;34(9):2607</Citation><ArticleIdList><ArticleId IdType="pubmed">8344784</ArticleId></ArticleIdList></Reference><Reference><Citation>Br J Ophthalmol. 1994 Oct;78(10):754-6</Citation><ArticleIdList><ArticleId IdType="pubmed">7803350</ArticleId></ArticleIdList></Reference><Reference><Citation>Eye (Lond). 1996;10 ( Pt 1):113-6</Citation><ArticleIdList><ArticleId IdType="pubmed">8763315</ArticleId></ArticleIdList></Reference><Reference><Citation>Arch Ophthalmol. 1985 Sep;103(9):1317-24</Citation><ArticleIdList><ArticleId IdType="pubmed">4038123</ArticleId></ArticleIdList></Reference></ReferenceList></PubmedData></PubmedArticle></PubmedArticleSet>