<?xml version="1.0" ?>
<!DOCTYPE PubmedArticleSet PUBLIC "-//NLM//DTD PubMedArticle, 1st January 2019//EN" "https://dtd.nlm.nih.gov/ncbi/pubmed/out/pubmed_190101.dtd">
<PubmedArticleSet><PubmedArticle><MedlineCitation Status="MEDLINE" Owner="NLM"><PMID Version="1">10469372</PMID><DateCompleted><Year>1999</Year><Month>10</Month><Day>21</Day></DateCompleted><DateRevised><Year>2021</Year><Month>12</Month><Day>03</Day></DateRevised><Article PubModel="Print"><Journal><ISSN IssnType="Print">0085-2538</ISSN><JournalIssue CitedMedium="Print"><Volume>56</Volume><Issue>3</Issue><PubDate><Year>1999</Year><Month>Sep</Month></PubDate></JournalIssue><Title>Kidney international</Title><ISOAbbreviation>Kidney Int</ISOAbbreviation></Journal><ArticleTitle>Renin-angiotensin blockade lowers MCP-1 expression in diabetic rats.</ArticleTitle><Pagination><MedlinePgn>1037-48</MedlinePgn></Pagination><Abstract><AbstractText Label="BACKGROUND" NlmCategory="BACKGROUND">Glomerular macrophage accumulation in diabetes implicates monocyte recruitment mechanisms in the pathogenesis of diabetic nephropathy. To test the hypothesis that overexpression of monocyte chemoattractant protein-1 (MCP-1), a monocyte chemoattractant, is attenuated by renin-angiotensin system (RAS) inhibition, we assessed expression of genes regulating monocyte transmigration in the glomeruli of diabetic rats.</AbstractText><AbstractText Label="METHODS" NlmCategory="METHODS">Competitive reverse transcription-polymerase chain reaction (RT-PCR) was used to semiquantitate mRNA expression in glomeruli harvested by sieving at serial intervals after the induction of diabetes by streptozotocin in Munich-Wistar rats. Although subject to limitations, competitive RT-PCR provides an objective measure suited to the minute quantities of RNA extractable from glomerular isolates.</AbstractText><AbstractText Label="RESULTS" NlmCategory="RESULTS">Time-dependent elevation of MCP-1 expression was dramatically suppressed by treatment with the angiotensin-converting enzyme inhibitor enalapril or the AT1 receptor antagonist candesartan, and was closely associated with effects on proteinuria and glomerular macrophage number. By contrast, no sustained suppression of the cell adhesion molecules intercellular adhesion molecule-1 or vascular cell adhesion molecule-1 or the classic MCP-1 stimulators tumor necrosis factor-alpha or interleukin-1beta followed RAS inhibition, and suppression of transforming growth factor-beta1 expression was transient.</AbstractText><AbstractText Label="CONCLUSION" NlmCategory="CONCLUSIONS">These data suggest that glomerular macrophage recruitment in experimental diabetes is largely determined by angiotensin-stimulated MCP-1 expression. We conclude that the RAS is an important regulator of local MCP-1 expression, either directly or through glomerular hemodynamic effects, and that our data strongly implicate macrophage recruitment and activation in the pathogenesis of early diabetic glomerular injury.</AbstractText></Abstract><AuthorList CompleteYN="Y"><Author ValidYN="Y"><LastName>Kato</LastName><ForeName>S</ForeName><Initials>S</Initials><AffiliationInfo><Affiliation>Department of Medicine, Brigham and Women's Hospital, Boston, Massachusetts 02115, USA.</Affiliation></AffiliationInfo></Author><Author ValidYN="Y"><LastName>Luyckx</LastName><ForeName>V A</ForeName><Initials>VA</Initials></Author><Author ValidYN="Y"><LastName>Ots</LastName><ForeName>M</ForeName><Initials>M</Initials></Author><Author ValidYN="Y"><LastName>Lee</LastName><ForeName>K W</ForeName><Initials>KW</Initials></Author><Author ValidYN="Y"><LastName>Ziai</LastName><ForeName>F</ForeName><Initials>F</Initials></Author><Author ValidYN="Y"><LastName>Troy</LastName><ForeName>J L</ForeName><Initials>JL</Initials></Author><Author ValidYN="Y"><LastName>Brenner</LastName><ForeName>B M</ForeName><Initials>BM</Initials></Author><Author ValidYN="Y"><LastName>MacKenzie</LastName><ForeName>H S</ForeName><Initials>HS</Initials></Author></AuthorList><Language>eng</Language><PublicationTypeList><PublicationType UI="D016428">Journal Article</PublicationType><PublicationType UI="D013485">Research Support, Non-U.S. Gov't</PublicationType></PublicationTypeList></Article><MedlineJournalInfo><Country>United States</Country><MedlineTA>Kidney Int</MedlineTA><NlmUniqueID>0323470</NlmUniqueID><ISSNLinking>0085-2538</ISSNLinking></MedlineJournalInfo><ChemicalList><Chemical><RegistryNumber>0</RegistryNumber><NameOfSubstance UI="D057911">Angiotensin Receptor Antagonists</NameOfSubstance></Chemical><Chemical><RegistryNumber>0</RegistryNumber><NameOfSubstance UI="D000806">Angiotensin-Converting Enzyme Inhibitors</NameOfSubstance></Chemical><Chemical><RegistryNumber>0</RegistryNumber><NameOfSubstance UI="D001562">Benzimidazoles</NameOfSubstance></Chemical><Chemical><RegistryNumber>0</RegistryNumber><NameOfSubstance UI="D001713">Biphenyl Compounds</NameOfSubstance></Chemical><Chemical><RegistryNumber>0</RegistryNumber><NameOfSubstance UI="D018932">Chemokine CCL2</NameOfSubstance></Chemical><Chemical><RegistryNumber>0</RegistryNumber><NameOfSubstance UI="D016207">Cytokines</NameOfSubstance></Chemical><Chemical><RegistryNumber>0</RegistryNumber><NameOfSubstance UI="D017931">DNA Primers</NameOfSubstance></Chemical><Chemical><RegistryNumber>0</RegistryNumber><NameOfSubstance UI="D006133">Growth Substances</NameOfSubstance></Chemical><Chemical><RegistryNumber>0</RegistryNumber><NameOfSubstance UI="D012333">RNA, Messenger</NameOfSubstance></Chemical><Chemical><RegistryNumber>0</RegistryNumber><NameOfSubstance UI="D044140">Receptor, Angiotensin, Type 1</NameOfSubstance></Chemical><Chemical><RegistryNumber>0</RegistryNumber><NameOfSubstance UI="D044139">Receptor, Angiotensin, Type 2</NameOfSubstance></Chemical><Chemical><RegistryNumber>0</RegistryNumber><NameOfSubstance UI="D013777">Tetrazoles</NameOfSubstance></Chemical><Chemical><RegistryNumber>69PN84IO1A</RegistryNumber><NameOfSubstance UI="D004656">Enalapril</NameOfSubstance></Chemical><Chemical><RegistryNumber>S8Q36MD2XX</RegistryNumber><NameOfSubstance UI="C081643">candesartan</NameOfSubstance></Chemical></ChemicalList><CitationSubset>IM</CitationSubset><MeshHeadingList><MeshHeading><DescriptorName UI="D057911" MajorTopicYN="N">Angiotensin Receptor Antagonists</DescriptorName></MeshHeading><MeshHeading><DescriptorName UI="D000806" MajorTopicYN="N">Angiotensin-Converting Enzyme Inhibitors</DescriptorName><QualifierName UI="Q000494" MajorTopicYN="N">pharmacology</QualifierName></MeshHeading><MeshHeading><DescriptorName UI="D000818" MajorTopicYN="N">Animals</DescriptorName></MeshHeading><MeshHeading><DescriptorName UI="D001483" MajorTopicYN="N">Base Sequence</DescriptorName></MeshHeading><MeshHeading><DescriptorName UI="D001562" MajorTopicYN="N">Benzimidazoles</DescriptorName><QualifierName UI="Q000494" MajorTopicYN="N">pharmacology</QualifierName></MeshHeading><MeshHeading><DescriptorName UI="D001713" MajorTopicYN="N">Biphenyl Compounds</DescriptorName></MeshHeading><MeshHeading><DescriptorName UI="D018932" MajorTopicYN="N">Chemokine CCL2</DescriptorName><QualifierName UI="Q000235" MajorTopicYN="Y">genetics</QualifierName></MeshHeading><MeshHeading><DescriptorName UI="D016207" MajorTopicYN="N">Cytokines</DescriptorName><QualifierName UI="Q000235" MajorTopicYN="N">genetics</QualifierName></MeshHeading><MeshHeading><DescriptorName UI="D017931" MajorTopicYN="N">DNA Primers</DescriptorName><QualifierName UI="Q000235" MajorTopicYN="N">genetics</QualifierName></MeshHeading><MeshHeading><DescriptorName UI="D003921" MajorTopicYN="N">Diabetes Mellitus, Experimental</DescriptorName><QualifierName UI="Q000235" MajorTopicYN="Y">genetics</QualifierName><QualifierName UI="Q000473" MajorTopicYN="N">pathology</QualifierName><QualifierName UI="Q000503" MajorTopicYN="N">physiopathology</QualifierName></MeshHeading><MeshHeading><DescriptorName UI="D003928" MajorTopicYN="N">Diabetic Nephropathies</DescriptorName><QualifierName UI="Q000209" MajorTopicYN="N">etiology</QualifierName><QualifierName UI="Q000473" MajorTopicYN="N">pathology</QualifierName><QualifierName UI="Q000503" MajorTopicYN="N">physiopathology</QualifierName></MeshHeading><MeshHeading><DescriptorName UI="D004656" MajorTopicYN="N">Enalapril</DescriptorName><QualifierName UI="Q000494" MajorTopicYN="N">pharmacology</QualifierName></MeshHeading><MeshHeading><DescriptorName UI="D015870" MajorTopicYN="N">Gene Expression</DescriptorName><QualifierName UI="Q000187" MajorTopicYN="N">drug effects</QualifierName></MeshHeading><MeshHeading><DescriptorName UI="D006133" MajorTopicYN="N">Growth Substances</DescriptorName><QualifierName UI="Q000235" MajorTopicYN="N">genetics</QualifierName></MeshHeading><MeshHeading><DescriptorName UI="D007678" MajorTopicYN="N">Kidney Glomerulus</DescriptorName><QualifierName UI="Q000473" MajorTopicYN="N">pathology</QualifierName><QualifierName UI="Q000503" MajorTopicYN="N">physiopathology</QualifierName></MeshHeading><MeshHeading><DescriptorName UI="D008264" MajorTopicYN="N">Macrophages</DescriptorName><QualifierName UI="Q000473" MajorTopicYN="N">pathology</QualifierName><QualifierName UI="Q000502" MajorTopicYN="N">physiology</QualifierName></MeshHeading><MeshHeading><DescriptorName UI="D008297" MajorTopicYN="N">Male</DescriptorName></MeshHeading><MeshHeading><DescriptorName UI="D011507" MajorTopicYN="N">Proteinuria</DescriptorName><QualifierName UI="Q000209" MajorTopicYN="N">etiology</QualifierName></MeshHeading><MeshHeading><DescriptorName UI="D012333" MajorTopicYN="N">RNA, Messenger</DescriptorName><QualifierName UI="Q000235" MajorTopicYN="N">genetics</QualifierName><QualifierName UI="Q000378" MajorTopicYN="N">metabolism</QualifierName></MeshHeading><MeshHeading><DescriptorName UI="D051381" MajorTopicYN="N">Rats</DescriptorName></MeshHeading><MeshHeading><DescriptorName UI="D017208" MajorTopicYN="N">Rats, Wistar</DescriptorName></MeshHeading><MeshHeading><DescriptorName UI="D044140" MajorTopicYN="N">Receptor, Angiotensin, Type 1</DescriptorName></MeshHeading><MeshHeading><DescriptorName UI="D044139" MajorTopicYN="N">Receptor, Angiotensin, Type 2</DescriptorName></MeshHeading><MeshHeading><DescriptorName UI="D012084" MajorTopicYN="N">Renin-Angiotensin System</DescriptorName><QualifierName UI="Q000187" MajorTopicYN="Y">drug effects</QualifierName><QualifierName UI="Q000235" MajorTopicYN="N">genetics</QualifierName><QualifierName UI="Q000502" MajorTopicYN="N">physiology</QualifierName></MeshHeading><MeshHeading><DescriptorName UI="D020133" MajorTopicYN="N">Reverse Transcriptase Polymerase Chain Reaction</DescriptorName></MeshHeading><MeshHeading><DescriptorName UI="D013777" MajorTopicYN="N">Tetrazoles</DescriptorName><QualifierName UI="Q000494" MajorTopicYN="N">pharmacology</QualifierName></MeshHeading></MeshHeadingList></MedlineCitation><PubmedData><History><PubMedPubDate PubStatus="pubmed"><Year>1999</Year><Month>9</Month><Day>1</Day></PubMedPubDate><PubMedPubDate PubStatus="medline"><Year>1999</Year><Month>9</Month><Day>1</Day><Hour>0</Hour><Minute>1</Minute></PubMedPubDate><PubMedPubDate PubStatus="entrez"><Year>1999</Year><Month>9</Month><Day>1</Day><Hour>0</Hour><Minute>0</Minute></PubMedPubDate></History><PublicationStatus>ppublish</PublicationStatus><ArticleIdList><ArticleId IdType="pubmed">10469372</ArticleId><ArticleId IdType="pii">S0085-2538(15)46382-3</ArticleId><ArticleId IdType="doi">10.1046/j.1523-1755.1999.00643.x</ArticleId></ArticleIdList></PubmedData></PubmedArticle></PubmedArticleSet>