<?xml version="1.0" ?>
<!DOCTYPE PubmedArticleSet PUBLIC "-//NLM//DTD PubMedArticle, 1st January 2019//EN" "https://dtd.nlm.nih.gov/ncbi/pubmed/out/pubmed_190101.dtd">
<PubmedArticleSet><PubmedArticle><MedlineCitation Status="MEDLINE" Owner="NLM"><PMID Version="1">10467761</PMID><DateCompleted><Year>1999</Year><Month>09</Month><Day>15</Day></DateCompleted><DateRevised><Year>2022</Year><Month>04</Month><Day>09</Day></DateRevised><Article PubModel="Print"><Journal><ISSN IssnType="Print">0022-1465</ISSN><JournalIssue CitedMedium="Print"><Volume>40</Volume><Issue>2</Issue><PubDate><Year>1999</Year><Month>Jun</Month></PubDate></JournalIssue><Title>Journal of health and social behavior</Title><ISOAbbreviation>J Health Soc Behav</ISOAbbreviation></Journal><ArticleTitle>A biopsychosocial model of glycemic control in diabetes: stress, coping and regimen adherence.</ArticleTitle><Pagination><MedlinePgn>141-58</MedlinePgn></Pagination><Abstract><AbstractText>This study examines stress, coping, and regimen adherence as determinants of chronic and transient metabolic control in diabetes. We also examine the interaction of biologic vulnerability and psychosocial risk factors to see if Type 1 (insulin dependent diabetes mellitus) or Type 2 (noninsulin dependent diabetes mellitus) diabetes had greater responsiveness to psychosocial risk factors. Analyses of data from insulin-treated adults with Type 1 (N = 57) and Type 2 (N = 61) diabetes supported the biopsychosocial model. For Type 1 diabetes, self-controlling persons had better glycemic control and emotional persons had worse (because of differences in stress). All of these associations were mediated by regimen compliance. For Type 2 diabetes, self-controlling persons had better glycemic control for reasons other than regimen compliance. There was an interaction between biologic and psychosocial factors, with psychosocial factors accounting for more variance in glycemic control within Type 1 patients. Stable psychosocial resources (i.e., education, being married, and positive coping styles) were associated with better chronic glycemic control, while stress and regimen nonadherence were associated with worse transient glycemic control.</AbstractText></Abstract><AuthorList CompleteYN="Y"><Author ValidYN="Y"><LastName>Peyrot</LastName><ForeName>M</ForeName><Initials>M</Initials><AffiliationInfo><Affiliation>Loyola College Center for Social &amp; Community Research, Baltimore, MD 21210-2699, USA. mpeyrot@loyola.edu</Affiliation></AffiliationInfo></Author><Author ValidYN="Y"><LastName>McMurry</LastName><ForeName>J F</ForeName><Initials>JF</Initials><Suffix>Jr</Suffix></Author><Author ValidYN="Y"><LastName>Kruger</LastName><ForeName>D F</ForeName><Initials>DF</Initials></Author></AuthorList><Language>eng</Language><PublicationTypeList><PublicationType UI="D003160">Comparative Study</PublicationType><PublicationType UI="D016428">Journal Article</PublicationType></PublicationTypeList></Article><MedlineJournalInfo><Country>United States</Country><MedlineTA>J Health Soc Behav</MedlineTA><NlmUniqueID>0103130</NlmUniqueID><ISSNLinking>0022-1465</ISSNLinking></MedlineJournalInfo><ChemicalList><Chemical><RegistryNumber>0</RegistryNumber><NameOfSubstance UI="D001786">Blood Glucose</NameOfSubstance></Chemical><Chemical><RegistryNumber>0</RegistryNumber><NameOfSubstance UI="D006442">Glycated Hemoglobin A</NameOfSubstance></Chemical></ChemicalList><CitationSubset>IM</CitationSubset><MeshHeadingList><MeshHeading><DescriptorName UI="D000223" MajorTopicYN="N">Adaptation, Psychological</DescriptorName><QualifierName UI="Q000502" MajorTopicYN="N">physiology</QualifierName></MeshHeading><MeshHeading><DescriptorName UI="D000328" MajorTopicYN="N">Adult</DescriptorName></MeshHeading><MeshHeading><DescriptorName UI="D000704" MajorTopicYN="N">Analysis of Variance</DescriptorName></MeshHeading><MeshHeading><DescriptorName UI="D001786" MajorTopicYN="N">Blood Glucose</DescriptorName><QualifierName UI="Q000502" MajorTopicYN="Y">physiology</QualifierName></MeshHeading><MeshHeading><DescriptorName UI="D003922" MajorTopicYN="N">Diabetes Mellitus, Type 1</DescriptorName><QualifierName UI="Q000503" MajorTopicYN="N">physiopathology</QualifierName><QualifierName UI="Q000523" MajorTopicYN="Y">psychology</QualifierName></MeshHeading><MeshHeading><DescriptorName UI="D003924" MajorTopicYN="N">Diabetes Mellitus, Type 2</DescriptorName><QualifierName UI="Q000503" MajorTopicYN="N">physiopathology</QualifierName><QualifierName UI="Q000523" MajorTopicYN="Y">psychology</QualifierName></MeshHeading><MeshHeading><DescriptorName UI="D005260" MajorTopicYN="N">Female</DescriptorName></MeshHeading><MeshHeading><DescriptorName UI="D006442" MajorTopicYN="N">Glycated Hemoglobin A</DescriptorName><QualifierName UI="Q000378" MajorTopicYN="N">metabolism</QualifierName></MeshHeading><MeshHeading><DescriptorName UI="D006801" MajorTopicYN="N">Humans</DescriptorName></MeshHeading><MeshHeading><DescriptorName UI="D008297" MajorTopicYN="N">Male</DescriptorName></MeshHeading><MeshHeading><DescriptorName UI="D008875" MajorTopicYN="N">Middle Aged</DescriptorName></MeshHeading><MeshHeading><DescriptorName UI="D010349" MajorTopicYN="N">Patient Compliance</DescriptorName><QualifierName UI="Q000523" MajorTopicYN="Y">psychology</QualifierName></MeshHeading><MeshHeading><DescriptorName UI="D013315" MajorTopicYN="N">Stress, Psychological</DescriptorName><QualifierName UI="Q000503" MajorTopicYN="Y">physiopathology</QualifierName></MeshHeading></MeshHeadingList></MedlineCitation><PubmedData><History><PubMedPubDate PubStatus="pubmed"><Year>1999</Year><Month>9</Month><Day>1</Day><Hour>9</Hour><Minute>0</Minute></PubMedPubDate><PubMedPubDate PubStatus="medline"><Year>2001</Year><Month>3</Month><Day>28</Day><Hour>10</Hour><Minute>1</Minute></PubMedPubDate><PubMedPubDate PubStatus="entrez"><Year>1999</Year><Month>9</Month><Day>1</Day><Hour>9</Hour><Minute>0</Minute></PubMedPubDate></History><PublicationStatus>ppublish</PublicationStatus><ArticleIdList><ArticleId IdType="pubmed">10467761</ArticleId></ArticleIdList></PubmedData></PubmedArticle></PubmedArticleSet>