<?xml version="1.0" ?>
<!DOCTYPE PubmedArticleSet PUBLIC "-//NLM//DTD PubMedArticle, 1st January 2019//EN" "https://dtd.nlm.nih.gov/ncbi/pubmed/out/pubmed_190101.dtd">
<PubmedArticleSet><PubmedArticle><MedlineCitation Status="MEDLINE" Owner="NLM"><PMID Version="1">10479482</PMID><DateCompleted><Year>1999</Year><Month>10</Month><Day>19</Day></DateCompleted><DateRevised><Year>2007</Year><Month>11</Month><Day>15</Day></DateRevised><Article PubModel="Print"><Journal><ISSN IssnType="Print">1096-7192</ISSN><JournalIssue CitedMedium="Print"><Volume>68</Volume><Issue>1</Issue><PubDate><Year>1999</Year><Month>Sep</Month></PubDate></JournalIssue><Title>Molecular genetics and metabolism</Title><ISOAbbreviation>Mol Genet Metab</ISOAbbreviation></Journal><ArticleTitle>A type 2 diabetes-associated polymorphic ARE motif affecting expression of PPP1R3 is involved in RNA-protein interactions.</ArticleTitle><Pagination><MedlinePgn>48-55</MedlinePgn></Pagination><Abstract><AbstractText>We have previously described a polymorphism in the 3' untranslated region (UTR) of the PPP1R3 gene that encodes the muscle-specific glycogen-targeting regulatory PP1 subunit. This polymorphism alters the distance between two putative mRNA-destabilizing ATTTA (AUUUA) motifs and is distinguished by a 10-nucleotide (allele ARE1) vs a 2-nucleotide interval (allele ARE2). ARE2 is associated with insulin resistance as well as increased prevalence of type 2 diabetes in the Pima Indians, and correlates with reduced expression of this subunit in vivo, causing a 10-fold half-life reduction of reporter mRNA in NIH3T3 cells. Gel shift assays, Northwestern blotting, and RNA-protein UV crosslinking revealed three proteins (43, 80, and 139 kDa) binding to the polymorphic ARE region in these cells. The interactions are sequence specific, and can be suppressed by an unlabeled competitor in a dose-dependent manner. The less stable ARE2 allele shows at least 2-fold higher relative protein binding, indicating that the polymorphic ARE region has a mRNA-destabilizing role. We suggest that the increased protein binding to ARE2 contributes to a faster degradation of PPP1R3 mRNA carrying this allele, and the resulting lower concentration of the protein contributes to insulin resistance, thus increasing the risk for development of type 2 diabetes.</AbstractText></Abstract><AuthorList CompleteYN="Y"><Author ValidYN="Y"><LastName>Xia</LastName><ForeName>J</ForeName><Initials>J</Initials><AffiliationInfo><Affiliation>Phoenix Epidemiology and Clinical Research Branch, National Institutes of Health, Phoenix, Arizona 85016, USA.</Affiliation></AffiliationInfo></Author><Author ValidYN="Y"><LastName>Bogardus</LastName><ForeName>C</ForeName><Initials>C</Initials></Author><Author ValidYN="Y"><LastName>Prochazka</LastName><ForeName>M</ForeName><Initials>M</Initials></Author></AuthorList><Language>eng</Language><PublicationTypeList><PublicationType UI="D016428">Journal Article</PublicationType></PublicationTypeList></Article><MedlineJournalInfo><Country>United States</Country><MedlineTA>Mol Genet Metab</MedlineTA><NlmUniqueID>9805456</NlmUniqueID><ISSNLinking>1096-7192</ISSNLinking></MedlineJournalInfo><ChemicalList><Chemical><RegistryNumber>0</RegistryNumber><NameOfSubstance UI="D020413">3' Untranslated Regions</NameOfSubstance></Chemical><Chemical><RegistryNumber>0</RegistryNumber><NameOfSubstance UI="D015347">RNA Probes</NameOfSubstance></Chemical><Chemical><RegistryNumber>0</RegistryNumber><NameOfSubstance UI="D012333">RNA, Messenger</NameOfSubstance></Chemical><Chemical><RegistryNumber>0</RegistryNumber><NameOfSubstance UI="D016601">RNA-Binding Proteins</NameOfSubstance></Chemical><Chemical><RegistryNumber>EC 3.1.3.-</RegistryNumber><NameOfSubstance UI="C114205">PPP1R3A protein, human</NameOfSubstance></Chemical><Chemical><RegistryNumber>EC 3.1.3.16</RegistryNumber><NameOfSubstance UI="D010749">Phosphoprotein Phosphatases</NameOfSubstance></Chemical></ChemicalList><CitationSubset>IM</CitationSubset><MeshHeadingList><MeshHeading><DescriptorName UI="D020413" MajorTopicYN="N">3' Untranslated Regions</DescriptorName></MeshHeading><MeshHeading><DescriptorName UI="D016475" MajorTopicYN="N">3T3 Cells</DescriptorName></MeshHeading><MeshHeading><DescriptorName UI="D000818" MajorTopicYN="N">Animals</DescriptorName></MeshHeading><MeshHeading><DescriptorName UI="D001665" MajorTopicYN="N">Binding Sites</DescriptorName><QualifierName UI="Q000235" MajorTopicYN="N">genetics</QualifierName></MeshHeading><MeshHeading><DescriptorName UI="D002478" MajorTopicYN="N">Cells, Cultured</DescriptorName></MeshHeading><MeshHeading><DescriptorName UI="D003593" MajorTopicYN="N">Cytoplasm</DescriptorName><QualifierName UI="Q000378" MajorTopicYN="N">metabolism</QualifierName></MeshHeading><MeshHeading><DescriptorName UI="D003924" MajorTopicYN="N">Diabetes Mellitus, Type 2</DescriptorName><QualifierName UI="Q000201" MajorTopicYN="N">enzymology</QualifierName><QualifierName UI="Q000235" MajorTopicYN="Y">genetics</QualifierName></MeshHeading><MeshHeading><DescriptorName UI="D005786" MajorTopicYN="N">Gene Expression Regulation</DescriptorName></MeshHeading><MeshHeading><DescriptorName UI="D006801" MajorTopicYN="N">Humans</DescriptorName></MeshHeading><MeshHeading><DescriptorName UI="D051379" MajorTopicYN="N">Mice</DescriptorName></MeshHeading><MeshHeading><DescriptorName UI="D016297" MajorTopicYN="N">Mutagenesis, Site-Directed</DescriptorName></MeshHeading><MeshHeading><DescriptorName UI="D010749" MajorTopicYN="N">Phosphoprotein Phosphatases</DescriptorName><QualifierName UI="Q000235" MajorTopicYN="Y">genetics</QualifierName><QualifierName UI="Q000378" MajorTopicYN="N">metabolism</QualifierName></MeshHeading><MeshHeading><DescriptorName UI="D011110" MajorTopicYN="N">Polymorphism, Genetic</DescriptorName></MeshHeading><MeshHeading><DescriptorName UI="D011485" MajorTopicYN="N">Protein Binding</DescriptorName></MeshHeading><MeshHeading><DescriptorName UI="D015347" MajorTopicYN="N">RNA Probes</DescriptorName></MeshHeading><MeshHeading><DescriptorName UI="D012333" MajorTopicYN="N">RNA, Messenger</DescriptorName><QualifierName UI="Q000378" MajorTopicYN="Y">metabolism</QualifierName></MeshHeading><MeshHeading><DescriptorName UI="D016601" MajorTopicYN="N">RNA-Binding Proteins</DescriptorName><QualifierName UI="Q000378" MajorTopicYN="Y">metabolism</QualifierName></MeshHeading><MeshHeading><DescriptorName UI="D012045" MajorTopicYN="N">Regulatory Sequences, Nucleic Acid</DescriptorName></MeshHeading></MeshHeadingList></MedlineCitation><PubmedData><History><PubMedPubDate PubStatus="pubmed"><Year>1999</Year><Month>9</Month><Day>10</Day></PubMedPubDate><PubMedPubDate PubStatus="medline"><Year>1999</Year><Month>9</Month><Day>10</Day><Hour>0</Hour><Minute>1</Minute></PubMedPubDate><PubMedPubDate PubStatus="entrez"><Year>1999</Year><Month>9</Month><Day>10</Day><Hour>0</Hour><Minute>0</Minute></PubMedPubDate></History><PublicationStatus>ppublish</PublicationStatus><ArticleIdList><ArticleId IdType="pubmed">10479482</ArticleId><ArticleId IdType="doi">10.1006/mgme.1999.2884</ArticleId><ArticleId IdType="pii">S1096-7192(99)92884-6</ArticleId></ArticleIdList></PubmedData></PubmedArticle></PubmedArticleSet>