<?xml version="1.0" ?>
<!DOCTYPE PubmedArticleSet PUBLIC "-//NLM//DTD PubMedArticle, 1st January 2019//EN" "https://dtd.nlm.nih.gov/ncbi/pubmed/out/pubmed_190101.dtd">
<PubmedArticleSet><PubmedArticle><MedlineCitation Status="MEDLINE" Owner="NLM"><PMID Version="1">10477212</PMID><DateCompleted><Year>1999</Year><Month>10</Month><Day>18</Day></DateCompleted><DateRevised><Year>2022</Year><Month>03</Month><Day>10</Day></DateRevised><Article PubModel="Print"><Journal><ISSN IssnType="Print">0742-3071</ISSN><JournalIssue CitedMedium="Print"><Volume>16</Volume><Issue>8</Issue><PubDate><Year>1999</Year><Month>Aug</Month></PubDate></JournalIssue><Title>Diabetic medicine : a journal of the British Diabetic Association</Title><ISOAbbreviation>Diabet Med</ISOAbbreviation></Journal><ArticleTitle>Gastrointestinal symptoms in Chinese patients with Type 2 diabetes mellitus.</ArticleTitle><Pagination><MedlinePgn>670-4</MedlinePgn></Pagination><Abstract><AbstractText Label="AIMS" NlmCategory="OBJECTIVE">To examine and compare gastrointestinal (GI) symptoms in Hong Kong Chinese Type 2 diabetic outpatients and non-diabetic control subjects.</AbstractText><AbstractText Label="METHODS" NlmCategory="METHODS">A total of 149 Chinese Type 2 diabetic patients (66 men and 83 women, age (mean +/- SD) 46.8+/-11.1 years) newly referred to the diabetes clinic of the Prince of Wales Hospital, Hong Kong were examined. Sixty-five age and sex-matched non-diabetic subjects were recruited from the community as controls (22 men and 43 women, age (mean +/- SD) 46.5+/-6.6 years, P = 0.820). All patients were interviewed regarding GI symptoms over the past year, using a questionnaire that covered 14 items. A scoring system from 0 to 4 was used to grade severity.</AbstractText><AbstractText Label="RESULTS" NlmCategory="RESULTS">Diabetic patients had higher blood pressure, fasting plasma glucose and glycated haemoglobin and were more often smokers than control subjects. Of the 149 diabetic subjects, 105 (70.5+/-45.8%) had GI symptoms while only 20 (30.8%) of the 65 control subjects had GI symptoms (P&lt;0.001). The respective percentages of upper and lower GI symptoms in diabetic and normal subjects were 44.3% vs. 24.6% (P = 0.006) and 54.4% vs. 13.9% (P&lt;0.001). The three commonest GI symptoms in diabetic patients were diarrhoea (34.9%), constipation (27.5%) and epigastric fullness (16.8%). After adjustment for age, sex, duration of diagnosed diabetes and smoking, patients with or without metformin had similar percentages or scores for GI symptoms. On multivariate analysis using age, body mass index, fasting plasma glucose, glycated haemoglobin, duration of diagnosed diabetes and presence of peripheral neuropathy as independent variables, duration of diabetes was the only independent parameter associated with total score for GI symptoms (beta = 0.116, P = 0.003), for upper GI symptoms (beta = 0.073, P = 0.005) and for lower GI symptom (beta = 0.043, P = 0.020).</AbstractText><AbstractText Label="CONCLUSIONS" NlmCategory="CONCLUSIONS">Up to 70% of the Chinese Type 2 diabetic outpatients have GI symptoms, which is a much higher rate than in non-diabetic control subjects. Duration of diabetes is the most important factor associated with the presence of such GI symptoms.</AbstractText></Abstract><AuthorList CompleteYN="Y"><Author ValidYN="Y"><LastName>Ko</LastName><ForeName>G T</ForeName><Initials>GT</Initials><AffiliationInfo><Affiliation>Department of Medicine and Therapeutics, Chinese University of Hong Kong, Prince of Wales Hospital, Shatin, New Territories. gtc_ko@hotmail.com</Affiliation></AffiliationInfo></Author><Author ValidYN="Y"><LastName>Chan</LastName><ForeName>W B</ForeName><Initials>WB</Initials></Author><Author ValidYN="Y"><LastName>Chan</LastName><ForeName>J C</ForeName><Initials>JC</Initials></Author><Author ValidYN="Y"><LastName>Tsang</LastName><ForeName>L W</ForeName><Initials>LW</Initials></Author><Author ValidYN="Y"><LastName>Cockram</LastName><ForeName>C S</ForeName><Initials>CS</Initials></Author></AuthorList><Language>eng</Language><PublicationTypeList><PublicationType UI="D016428">Journal Article</PublicationType></PublicationTypeList></Article><MedlineJournalInfo><Country>England</Country><MedlineTA>Diabet Med</MedlineTA><NlmUniqueID>8500858</NlmUniqueID><ISSNLinking>0742-3071</ISSNLinking></MedlineJournalInfo><ChemicalList><Chemical><RegistryNumber>0</RegistryNumber><NameOfSubstance UI="D001786">Blood Glucose</NameOfSubstance></Chemical></ChemicalList><CitationSubset>IM</CitationSubset><MeshHeadingList><MeshHeading><DescriptorName UI="D000328" MajorTopicYN="N">Adult</DescriptorName></MeshHeading><MeshHeading><DescriptorName UI="D044466" MajorTopicYN="N">Asians</DescriptorName></MeshHeading><MeshHeading><DescriptorName UI="D001786" MajorTopicYN="N">Blood Glucose</DescriptorName><QualifierName UI="Q000032" MajorTopicYN="N">analysis</QualifierName></MeshHeading><MeshHeading><DescriptorName UI="D001794" MajorTopicYN="N">Blood Pressure</DescriptorName></MeshHeading><MeshHeading><DescriptorName UI="D002681" MajorTopicYN="N" Type="Geographic">China</DescriptorName><QualifierName UI="Q000208" MajorTopicYN="N">ethnology</QualifierName></MeshHeading><MeshHeading><DescriptorName UI="D003924" MajorTopicYN="N">Diabetes Mellitus, Type 2</DescriptorName><QualifierName UI="Q000097" MajorTopicYN="N">blood</QualifierName><QualifierName UI="Q000503" MajorTopicYN="Y">physiopathology</QualifierName></MeshHeading><MeshHeading><DescriptorName UI="D005260" MajorTopicYN="N">Female</DescriptorName></MeshHeading><MeshHeading><DescriptorName UI="D005767" MajorTopicYN="N">Gastrointestinal Diseases</DescriptorName><QualifierName UI="Q000145" MajorTopicYN="N">classification</QualifierName><QualifierName UI="Q000453" MajorTopicYN="Y">epidemiology</QualifierName><QualifierName UI="Q000503" MajorTopicYN="Y">physiopathology</QualifierName></MeshHeading><MeshHeading><DescriptorName UI="D006723" MajorTopicYN="N" Type="Geographic">Hong Kong</DescriptorName><QualifierName UI="Q000453" MajorTopicYN="N">epidemiology</QualifierName></MeshHeading><MeshHeading><DescriptorName UI="D006801" MajorTopicYN="N">Humans</DescriptorName></MeshHeading><MeshHeading><DescriptorName UI="D008297" MajorTopicYN="N">Male</DescriptorName></MeshHeading><MeshHeading><DescriptorName UI="D008875" MajorTopicYN="N">Middle Aged</DescriptorName></MeshHeading><MeshHeading><DescriptorName UI="D010045" MajorTopicYN="N">Outpatients</DescriptorName></MeshHeading><MeshHeading><DescriptorName UI="D011795" MajorTopicYN="N">Surveys and Questionnaires</DescriptorName></MeshHeading></MeshHeadingList></MedlineCitation><PubmedData><History><PubMedPubDate PubStatus="pubmed"><Year>1999</Year><Month>9</Month><Day>7</Day></PubMedPubDate><PubMedPubDate PubStatus="medline"><Year>1999</Year><Month>9</Month><Day>7</Day><Hour>0</Hour><Minute>1</Minute></PubMedPubDate><PubMedPubDate PubStatus="entrez"><Year>1999</Year><Month>9</Month><Day>7</Day><Hour>0</Hour><Minute>0</Minute></PubMedPubDate></History><PublicationStatus>ppublish</PublicationStatus><ArticleIdList><ArticleId IdType="pubmed">10477212</ArticleId><ArticleId IdType="doi">10.1046/j.1464-5491.1999.00135.x</ArticleId></ArticleIdList></PubmedData></PubmedArticle></PubmedArticleSet>