<?xml version="1.0" ?>
<!DOCTYPE PubmedArticleSet PUBLIC "-//NLM//DTD PubMedArticle, 1st January 2019//EN" "https://dtd.nlm.nih.gov/ncbi/pubmed/out/pubmed_190101.dtd">
<PubmedArticleSet><PubmedArticle><MedlineCitation Status="MEDLINE" Owner="NLM"><PMID Version="1">10478880</PMID><DateCompleted><Year>1999</Year><Month>10</Month><Day>20</Day></DateCompleted><DateRevised><Year>2022</Year><Month>03</Month><Day>21</Day></DateRevised><Article PubModel="Print"><Journal><ISSN IssnType="Print">0192-0790</ISSN><JournalIssue CitedMedium="Print"><Volume>29</Volume><Issue>2</Issue><PubDate><Year>1999</Year><Month>Sep</Month></PubDate></JournalIssue><Title>Journal of clinical gastroenterology</Title><ISOAbbreviation>J Clin Gastroenterol</ISOAbbreviation></Journal><ArticleTitle>Gastrointestinal motor dysfunction, symptoms, and neuropathy in noninsulin-dependent (type 2) diabetes mellitus.</ArticleTitle><Pagination><MedlinePgn>171-7</MedlinePgn></Pagination><Abstract><AbstractText>Although relatively frequent. diabetic involvement of digestive tract motility has not been investigated extensively in different organs. The authors studied esophageal, gastric, and gallbladder motor function in 35 type 2 (noninsulin-dependent) diabetic patients to determine the extent of gut involvement. Of these patients, 27 (77%) had peripheral neuropathy, 12 (34%) had both peripheral and autonomic neuropathy, and 22 (63%) had gastrointestinal symptoms. Esophageal manometric abnormalities were recorded in 18 patients, and delayed radionuclide emptying of the esophagus was documented in 16 patients, with a 83% concordance between the two tests. Scintigraphic gastric emptying of solids was delayed in 56% of patients, whereas gallbladder emptying after cholecystokinin stimulation was reduced in 69% of them. In 74% of patients at least one of the viscera under investigation showed abnormal motor function; however, only 36% of patients displayed involvement of the three organs. Gastrointestinal symptoms, duration and therapy of diabetes, previous poor glycemic control, and retinopathy did not correlate with the presence or the extent of motor disorders. Neuropathy was not predictive of gastrointestinal involvement and its extent; however, when motor abnormalities were present in patients with neuropathy, these were usually more severe. Gastrointestinal motor disorders are frequent and widespread in type 2 diabetics, regardless of symptoms. Autonomic neuropathy has a poor predictive value on motor disorders (0.75 for the esophagus, 0.5 for the stomach, 0.8 for the gallbladder), thus suggesting the coexistence of other pathophysiologic mechanisms.</AbstractText></Abstract><AuthorList CompleteYN="Y"><Author ValidYN="Y"><LastName>Annese</LastName><ForeName>V</ForeName><Initials>V</Initials><AffiliationInfo><Affiliation>Section of Gastroenterology, CSS-IRCSS, San Giovanni Rotondo Hospital, Italy.</Affiliation></AffiliationInfo></Author><Author ValidYN="Y"><LastName>Bassotti</LastName><ForeName>G</ForeName><Initials>G</Initials></Author><Author ValidYN="Y"><LastName>Caruso</LastName><ForeName>N</ForeName><Initials>N</Initials></Author><Author ValidYN="Y"><LastName>De Cosmo</LastName><ForeName>S</ForeName><Initials>S</Initials></Author><Author ValidYN="Y"><LastName>Gabbrielli</LastName><ForeName>A</ForeName><Initials>A</Initials></Author><Author ValidYN="Y"><LastName>Modoni</LastName><ForeName>S</ForeName><Initials>S</Initials></Author><Author ValidYN="Y"><LastName>Frusciante</LastName><ForeName>V</ForeName><Initials>V</Initials></Author><Author ValidYN="Y"><LastName>Andriulli</LastName><ForeName>A</ForeName><Initials>A</Initials></Author></AuthorList><Language>eng</Language><PublicationTypeList><PublicationType UI="D016428">Journal Article</PublicationType></PublicationTypeList></Article><MedlineJournalInfo><Country>United States</Country><MedlineTA>J Clin Gastroenterol</MedlineTA><NlmUniqueID>7910017</NlmUniqueID><ISSNLinking>0192-0790</ISSNLinking></MedlineJournalInfo><ChemicalList><Chemical><RegistryNumber>0</RegistryNumber><NameOfSubstance UI="D019275">Radiopharmaceuticals</NameOfSubstance></Chemical><Chemical><RegistryNumber>556Q0P6PB1</RegistryNumber><NameOfSubstance UI="D013671">Technetium Tc 99m Sulfur Colloid</NameOfSubstance></Chemical></ChemicalList><CitationSubset>IM</CitationSubset><MeshHeadingList><MeshHeading><DescriptorName UI="D000328" MajorTopicYN="N">Adult</DescriptorName></MeshHeading><MeshHeading><DescriptorName UI="D000368" MajorTopicYN="N">Aged</DescriptorName></MeshHeading><MeshHeading><DescriptorName UI="D001342" MajorTopicYN="N">Autonomic Nervous System Diseases</DescriptorName><QualifierName UI="Q000175" MajorTopicYN="N">diagnosis</QualifierName><QualifierName UI="Q000453" MajorTopicYN="N">epidemiology</QualifierName></MeshHeading><MeshHeading><DescriptorName UI="D016022" MajorTopicYN="N">Case-Control Studies</DescriptorName></MeshHeading><MeshHeading><DescriptorName UI="D003924" MajorTopicYN="N">Diabetes Mellitus, Type 2</DescriptorName><QualifierName UI="Q000150" MajorTopicYN="Y">complications</QualifierName><QualifierName UI="Q000453" MajorTopicYN="N">epidemiology</QualifierName><QualifierName UI="Q000503" MajorTopicYN="N">physiopathology</QualifierName></MeshHeading><MeshHeading><DescriptorName UI="D003929" MajorTopicYN="N">Diabetic Neuropathies</DescriptorName><QualifierName UI="Q000175" MajorTopicYN="N">diagnosis</QualifierName><QualifierName UI="Q000453" MajorTopicYN="Y">epidemiology</QualifierName></MeshHeading><MeshHeading><DescriptorName UI="D015154" MajorTopicYN="N">Esophageal Motility Disorders</DescriptorName><QualifierName UI="Q000175" MajorTopicYN="N">diagnosis</QualifierName><QualifierName UI="Q000453" MajorTopicYN="Y">epidemiology</QualifierName><QualifierName UI="Q000209" MajorTopicYN="N">etiology</QualifierName></MeshHeading><MeshHeading><DescriptorName UI="D005260" MajorTopicYN="N">Female</DescriptorName></MeshHeading><MeshHeading><DescriptorName UI="D016473" MajorTopicYN="N">Gallbladder Emptying</DescriptorName></MeshHeading><MeshHeading><DescriptorName UI="D005746" MajorTopicYN="N">Gastric Emptying</DescriptorName></MeshHeading><MeshHeading><DescriptorName UI="D005769" MajorTopicYN="Y">Gastrointestinal Motility</DescriptorName></MeshHeading><MeshHeading><DescriptorName UI="D006801" MajorTopicYN="N">Humans</DescriptorName></MeshHeading><MeshHeading><DescriptorName UI="D008297" MajorTopicYN="N">Male</DescriptorName></MeshHeading><MeshHeading><DescriptorName UI="D008365" MajorTopicYN="N">Manometry</DescriptorName></MeshHeading><MeshHeading><DescriptorName UI="D008875" MajorTopicYN="N">Middle Aged</DescriptorName></MeshHeading><MeshHeading><DescriptorName UI="D019275" MajorTopicYN="N">Radiopharmaceuticals</DescriptorName></MeshHeading><MeshHeading><DescriptorName UI="D013671" MajorTopicYN="N">Technetium Tc 99m Sulfur Colloid</DescriptorName></MeshHeading></MeshHeadingList></MedlineCitation><PubmedData><History><PubMedPubDate PubStatus="pubmed"><Year>1999</Year><Month>9</Month><Day>9</Day></PubMedPubDate><PubMedPubDate PubStatus="medline"><Year>1999</Year><Month>9</Month><Day>9</Day><Hour>0</Hour><Minute>1</Minute></PubMedPubDate><PubMedPubDate PubStatus="entrez"><Year>1999</Year><Month>9</Month><Day>9</Day><Hour>0</Hour><Minute>0</Minute></PubMedPubDate></History><PublicationStatus>ppublish</PublicationStatus><ArticleIdList><ArticleId IdType="pubmed">10478880</ArticleId><ArticleId IdType="doi">10.1097/00004836-199909000-00014</ArticleId></ArticleIdList></PubmedData></PubmedArticle></PubmedArticleSet>