<?xml version="1.0" ?>
<!DOCTYPE PubmedArticleSet PUBLIC "-//NLM//DTD PubMedArticle, 1st January 2019//EN" "https://dtd.nlm.nih.gov/ncbi/pubmed/out/pubmed_190101.dtd">
<PubmedArticleSet><PubmedArticle><MedlineCitation Status="MEDLINE" Owner="NLM"><PMID Version="1">10477206</PMID><DateCompleted><Year>1999</Year><Month>10</Month><Day>18</Day></DateCompleted><DateRevised><Year>2019</Year><Month>08</Month><Day>31</Day></DateRevised><Article PubModel="Print"><Journal><ISSN IssnType="Print">0742-3071</ISSN><JournalIssue CitedMedium="Print"><Volume>16</Volume><Issue>8</Issue><PubDate><Year>1999</Year><Month>Aug</Month></PubDate></JournalIssue><Title>Diabetic medicine : a journal of the British Diabetic Association</Title><ISOAbbreviation>Diabet Med</ISOAbbreviation></Journal><ArticleTitle>Is undetected autonomic dysfunction responsible for sudden death in Type 1 diabetes mellitus? The 'dead in bed' syndrome revisited.</ArticleTitle><Pagination><MedlinePgn>626-31</MedlinePgn></Pagination><Abstract><AbstractText Label="AIMS" NlmCategory="OBJECTIVE">Sudden nocturnal death in young persons with Type 1 diabetes mellitus has been recently described, and is known as the 'dead in bed' syndrome. Its aetiology is unknown, and we have therefore explored the details of all papers recording the syndrome, to formulate a hypothesis of causation.</AbstractText><AbstractText Label="METHODS" NlmCategory="METHODS">Literature review of 'dead in bed' reports as well as of nocturnal hypoglycaemia, and autonomic dysfunction in relation to baroreceptor-cardiac reflex sensitivity.</AbstractText><AbstractText Label="RESULTS" NlmCategory="RESULTS">Clinical reports of 'dead in bed' cases strongly suggest that nocturnal hypoglycaemia is a likely precipitant, but that the death is sudden and probably arrhythmic. Ventricular dysrhythmias may occur in the context of early autonomic neuropathy, with relative sympathetic overactivity, in young Type 1 diabetic persons.</AbstractText><AbstractText Label="CONCLUSION" NlmCategory="CONCLUSIONS">We conclude that the 'dead in bed' syndrome probably occurs in Type 1 diabetic persons with early autonomic neuropathy, resulting in relative sympathetic overactivity. In such persons, risks of ventricular dysrhythmias will be compounded by nocturnal hypoglycaemia, which may be associated with an increase in the electrocardiographic Q-T interval, and Q-T dispersion. This could lead to the observed sudden death in undisturbed beds. Further research in this area is urgently needed, in particular into the possible protective use of drugs that modulate the autonomic nervous system.</AbstractText></Abstract><AuthorList CompleteYN="Y"><Author ValidYN="Y"><LastName>Weston</LastName><ForeName>P J</ForeName><Initials>PJ</Initials><AffiliationInfo><Affiliation>Diabetes Research Unit, University Hospital Aintree, Liverpool, UK.</Affiliation></AffiliationInfo></Author><Author ValidYN="Y"><LastName>Gill</LastName><ForeName>G V</ForeName><Initials>GV</Initials></Author></AuthorList><Language>eng</Language><PublicationTypeList><PublicationType UI="D016428">Journal Article</PublicationType><PublicationType UI="D016454">Review</PublicationType></PublicationTypeList></Article><MedlineJournalInfo><Country>England</Country><MedlineTA>Diabet Med</MedlineTA><NlmUniqueID>8500858</NlmUniqueID><ISSNLinking>0742-3071</ISSNLinking></MedlineJournalInfo><CitationSubset>IM</CitationSubset><CommentsCorrectionsList><CommentsCorrections RefType="CommentIn"><RefSource>Diabet Med. 1999 Aug;16(8):623-5</RefSource><PMID Version="1">10477205</PMID></CommentsCorrections></CommentsCorrectionsList><MeshHeadingList><MeshHeading><DescriptorName UI="D001342" MajorTopicYN="N">Autonomic Nervous System Diseases</DescriptorName><QualifierName UI="Q000401" MajorTopicYN="N">mortality</QualifierName><QualifierName UI="Q000503" MajorTopicYN="Y">physiopathology</QualifierName></MeshHeading><MeshHeading><DescriptorName UI="D002940" MajorTopicYN="N">Circadian Rhythm</DescriptorName></MeshHeading><MeshHeading><DescriptorName UI="D016757" MajorTopicYN="Y">Death, Sudden, Cardiac</DescriptorName></MeshHeading><MeshHeading><DescriptorName UI="D003922" MajorTopicYN="N">Diabetes Mellitus, Type 1</DescriptorName><QualifierName UI="Q000401" MajorTopicYN="N">mortality</QualifierName><QualifierName UI="Q000503" MajorTopicYN="Y">physiopathology</QualifierName></MeshHeading><MeshHeading><DescriptorName UI="D003929" MajorTopicYN="N">Diabetic Neuropathies</DescriptorName><QualifierName UI="Q000401" MajorTopicYN="N">mortality</QualifierName><QualifierName UI="Q000503" MajorTopicYN="Y">physiopathology</QualifierName></MeshHeading><MeshHeading><DescriptorName UI="D006801" MajorTopicYN="N">Humans</DescriptorName></MeshHeading><MeshHeading><DescriptorName UI="D007003" MajorTopicYN="N">Hypoglycemia</DescriptorName></MeshHeading><MeshHeading><DescriptorName UI="D008954" MajorTopicYN="N">Models, Biological</DescriptorName></MeshHeading><MeshHeading><DescriptorName UI="D009203" MajorTopicYN="N">Myocardial Infarction</DescriptorName><QualifierName UI="Q000401" MajorTopicYN="Y">mortality</QualifierName></MeshHeading></MeshHeadingList><NumberOfReferences>44</NumberOfReferences></MedlineCitation><PubmedData><History><PubMedPubDate PubStatus="pubmed"><Year>1999</Year><Month>9</Month><Day>7</Day></PubMedPubDate><PubMedPubDate PubStatus="medline"><Year>1999</Year><Month>9</Month><Day>7</Day><Hour>0</Hour><Minute>1</Minute></PubMedPubDate><PubMedPubDate PubStatus="entrez"><Year>1999</Year><Month>9</Month><Day>7</Day><Hour>0</Hour><Minute>0</Minute></PubMedPubDate></History><PublicationStatus>ppublish</PublicationStatus><ArticleIdList><ArticleId IdType="pubmed">10477206</ArticleId><ArticleId IdType="doi">10.1046/j.1464-5491.1999.00121.x</ArticleId></ArticleIdList></PubmedData></PubmedArticle></PubmedArticleSet>