<?xml version="1.0" ?>
<!DOCTYPE PubmedArticleSet PUBLIC "-//NLM//DTD PubMedArticle, 1st January 2019//EN" "https://dtd.nlm.nih.gov/ncbi/pubmed/out/pubmed_190101.dtd">
<PubmedArticleSet><PubmedArticle><MedlineCitation Status="MEDLINE" Owner="NLM"><PMID Version="1">10479666</PMID><DateCompleted><Year>1999</Year><Month>10</Month><Day>07</Day></DateCompleted><DateRevised><Year>2019</Year><Month>08</Month><Day>31</Day></DateRevised><Article PubModel="Print"><Journal><ISSN IssnType="Print">1079-5642</ISSN><JournalIssue CitedMedium="Print"><Volume>19</Volume><Issue>9</Issue><PubDate><Year>1999</Year><Month>Sep</Month></PubDate></JournalIssue><Title>Arteriosclerosis, thrombosis, and vascular biology</Title><ISOAbbreviation>Arterioscler Thromb Vasc Biol</ISOAbbreviation></Journal><ArticleTitle>Decreased protection by HDL from poorly controlled type 2 diabetic subjects against LDL oxidation may Be due to the abnormal composition of HDL.</ArticleTitle><Pagination><MedlinePgn>2226-33</MedlinePgn></Pagination><Abstract><AbstractText>High plasma triglyceride concentrations in diabetic subjects increase their risk for developing coronary heart disease. Numerous studies have shown that the high density lipoprotein (HDL) composition is abnormal in type 2 diabetic subjects. One study has shown that HDL (lipoprotein A-I) isolated from subjects with non-insulin-dependent diabetes mellitus exhibits a decreased capacity to induce cholesterol efflux. The current study examined the effect of HDL(2) and HDL(3) subfractions from poorly controlled type 2 diabetic and control subjects on THP-1 macrophage-mediated low density lipoprotein (LDL) oxidation. The composition and protective effects of HDL(2), but not of HDL(3), differed significantly between control and diabetic subjects. HDL(2) from diabetics were triglyceride enriched and cholesterol depleted compared with those from controls. Control HDL(2) inhibited LDL oxidation, as assessed by lipid peroxides and electrophoretic mobility, significantly (P&lt;0.05) more than did diabetic HDL(2) in both the fasting and postprandial state. In addition, HDL(2) from diabetics did not protect against apolipoprotein B-100 fragmentation in LDL. Cross-linking in apolipoprotein A-I, oxidized in the presence of LDL, was extensive in HDL(2) from diabetics compared with that from controls. Serum triglyceride concentrations were negatively correlated with protection by HDL(2) (r=-0.673, P&lt;0.05) in diabetic but not in control subjects. HDL(2)-associated platelet-activating factor acetylhydrolase activity was positively correlated with protection by HDL(2) in control (r=0.872, P&lt;0.002) but not in diabetic subjects. In conclusion, compositional alterations in HDL(2) from poorly controlled type 2 diabetic subjects may reduce its antiatherogenic properties.</AbstractText></Abstract><AuthorList CompleteYN="Y"><Author ValidYN="Y"><LastName>Gowri</LastName><ForeName>M S</ForeName><Initials>MS</Initials><AffiliationInfo><Affiliation>Metabolic Research Group, Veterans Affairs Medical Center and Department of Internal Medicine, College of Medicine, University of Kentucky, Lexington, USA.</Affiliation></AffiliationInfo></Author><Author ValidYN="Y"><LastName>Van der Westhuyzen</LastName><ForeName>D R</ForeName><Initials>DR</Initials></Author><Author ValidYN="Y"><LastName>Bridges</LastName><ForeName>S R</ForeName><Initials>SR</Initials></Author><Author ValidYN="Y"><LastName>Anderson</LastName><ForeName>J W</ForeName><Initials>JW</Initials></Author></AuthorList><Language>eng</Language><GrantList CompleteYN="Y"><Grant><GrantID>R01HL59376</GrantID><Acronym>HL</Acronym><Agency>NHLBI NIH HHS</Agency><Country>United States</Country></Grant></GrantList><PublicationTypeList><PublicationType UI="D016428">Journal Article</PublicationType><PublicationType UI="D013485">Research Support, Non-U.S. Gov't</PublicationType><PublicationType UI="D013487">Research Support, U.S. Gov't, P.H.S.</PublicationType></PublicationTypeList></Article><MedlineJournalInfo><Country>United States</Country><MedlineTA>Arterioscler Thromb Vasc Biol</MedlineTA><NlmUniqueID>9505803</NlmUniqueID><ISSNLinking>1079-5642</ISSNLinking></MedlineJournalInfo><ChemicalList><Chemical><RegistryNumber>0</RegistryNumber><NameOfSubstance UI="D008076">Cholesterol, HDL</NameOfSubstance></Chemical><Chemical><RegistryNumber>0</RegistryNumber><NameOfSubstance UI="D008075">Lipoproteins, HDL</NameOfSubstance></Chemical><Chemical><RegistryNumber>0</RegistryNumber><NameOfSubstance UI="D008077">Lipoproteins, LDL</NameOfSubstance></Chemical><Chemical><RegistryNumber>0</RegistryNumber><NameOfSubstance UI="D014280">Triglycerides</NameOfSubstance></Chemical><Chemical><RegistryNumber>0</RegistryNumber><NameOfSubstance UI="C099252">oxidized low density lipoprotein</NameOfSubstance></Chemical></ChemicalList><CitationSubset>IM</CitationSubset><MeshHeadingList><MeshHeading><DescriptorName UI="D002460" MajorTopicYN="N">Cell Line</DescriptorName></MeshHeading><MeshHeading><DescriptorName UI="D008076" MajorTopicYN="N">Cholesterol, HDL</DescriptorName><QualifierName UI="Q000032" MajorTopicYN="N">analysis</QualifierName></MeshHeading><MeshHeading><DescriptorName UI="D003924" MajorTopicYN="N">Diabetes Mellitus, Type 2</DescriptorName><QualifierName UI="Q000097" MajorTopicYN="Y">blood</QualifierName></MeshHeading><MeshHeading><DescriptorName UI="D006801" MajorTopicYN="N">Humans</DescriptorName></MeshHeading><MeshHeading><DescriptorName UI="D008075" MajorTopicYN="N">Lipoproteins, HDL</DescriptorName><QualifierName UI="Q000737" MajorTopicYN="Y">chemistry</QualifierName><QualifierName UI="Q000502" MajorTopicYN="Y">physiology</QualifierName></MeshHeading><MeshHeading><DescriptorName UI="D008077" MajorTopicYN="N">Lipoproteins, LDL</DescriptorName><QualifierName UI="Q000097" MajorTopicYN="Y">blood</QualifierName></MeshHeading><MeshHeading><DescriptorName UI="D008264" MajorTopicYN="N">Macrophages</DescriptorName><QualifierName UI="Q000502" MajorTopicYN="N">physiology</QualifierName></MeshHeading><MeshHeading><DescriptorName UI="D008297" MajorTopicYN="N">Male</DescriptorName></MeshHeading><MeshHeading><DescriptorName UI="D008875" MajorTopicYN="N">Middle Aged</DescriptorName></MeshHeading><MeshHeading><DescriptorName UI="D010084" MajorTopicYN="N">Oxidation-Reduction</DescriptorName></MeshHeading><MeshHeading><DescriptorName UI="D012016" MajorTopicYN="N">Reference Values</DescriptorName></MeshHeading><MeshHeading><DescriptorName UI="D012044" MajorTopicYN="N">Regression Analysis</DescriptorName></MeshHeading><MeshHeading><DescriptorName UI="D014280" MajorTopicYN="N">Triglycerides</DescriptorName><QualifierName UI="Q000032" MajorTopicYN="N">analysis</QualifierName></MeshHeading></MeshHeadingList></MedlineCitation><PubmedData><History><PubMedPubDate PubStatus="pubmed"><Year>1999</Year><Month>9</Month><Day>10</Day></PubMedPubDate><PubMedPubDate PubStatus="medline"><Year>1999</Year><Month>9</Month><Day>10</Day><Hour>0</Hour><Minute>1</Minute></PubMedPubDate><PubMedPubDate PubStatus="entrez"><Year>1999</Year><Month>9</Month><Day>10</Day><Hour>0</Hour><Minute>0</Minute></PubMedPubDate></History><PublicationStatus>ppublish</PublicationStatus><ArticleIdList><ArticleId IdType="pubmed">10479666</ArticleId><ArticleId IdType="doi">10.1161/01.atv.19.9.2226</ArticleId></ArticleIdList></PubmedData></PubmedArticle></PubmedArticleSet>