<?xml version="1.0" ?>
<!DOCTYPE PubmedArticleSet PUBLIC "-//NLM//DTD PubMedArticle, 1st January 2019//EN" "https://dtd.nlm.nih.gov/ncbi/pubmed/out/pubmed_190101.dtd">
<PubmedArticleSet><PubmedArticle><MedlineCitation Status="MEDLINE" Owner="NLM"><PMID Version="1">10475998</PMID><DateCompleted><Year>1999</Year><Month>10</Month><Day>20</Day></DateCompleted><DateRevised><Year>2019</Year><Month>09</Month><Day>05</Day></DateRevised><Article PubModel="Print"><Journal><ISSN IssnType="Print">0954-6820</ISSN><JournalIssue CitedMedium="Print"><Volume>246</Volume><Issue>3</Issue><PubDate><Year>1999</Year><Month>Sep</Month></PubDate></JournalIssue><Title>Journal of internal medicine</Title><ISOAbbreviation>J Intern Med</ISOAbbreviation></Journal><ArticleTitle>Increased QT dispersion during hypoglycaemia in patients with type 2 diabetes mellitus.</ArticleTitle><Pagination><MedlinePgn>299-307</MedlinePgn></Pagination><Abstract><AbstractText Label="OBJECTIVES" NlmCategory="OBJECTIVE">To study effects of insulin-induced hypoglycaemia on the cardiac repolarization, using QT interval measurements, in patients with type 2 diabetes.</AbstractText><AbstractText Label="DESIGN" NlmCategory="METHODS">Hypoglycaemia was induced by an i.v. insulin-infusion and blood glucose was clamped at 2.7 mmol L-1 for 60 min (T = 90-150 min) in two experiments, with (+GLIB) and without (-GLIB) glibenclamide. In a third experiment, with similar hyperinsulinaemia, glucose was clamped at a euglycaemic level (;5 mmol L-1). ECG was continuously recorded for arrhythmia-monitoring, and 12-lead ECGs were recorded at T = 0 and 150 min. QT intervals were measured, and we determined QT dispersion (difference between the maximum and the minimum QT interval) reflecting interlead variability of repolarization.</AbstractText><AbstractText Label="SUBJECTS" NlmCategory="METHODS">Thirteen patients with type 2 diabetes, on combined insulin and glibenclamide treatment, were studied during hypoglycaemia, and eight of them participated in the euglycaemic experiment.</AbstractText><AbstractText Label="RESULTS" NlmCategory="RESULTS">No significant arrhythmias were seen during hypoglycaemia but the mean QT intervals and QT dispersion increased significantly (P &lt; 0.001), with no differences between -GLIB and +GLIB. During the euglycaemic clamp all QT measurements remained unchanged. Serum potassium decreased significantly (P &lt; 0.001) during all three clamps, but the decrease was more pronounced during hypoglycaemia. The change in potassium was not correlated to the degree of QT prolongation or QT dispersion.</AbstractText><AbstractText Label="CONCLUSIONS" NlmCategory="CONCLUSIONS">Significant changes in the repolarization of the heart can be seen during hypoglycaemia in patients with type 2 diabetes, indicating an increased risk of arrhythmia at low blood glucose levels.</AbstractText></Abstract><AuthorList CompleteYN="Y"><Author ValidYN="Y"><LastName>Landstedt-Hallin</LastName><ForeName>L</ForeName><Initials>L</Initials><AffiliationInfo><Affiliation>Division of Internal Medicine, Karolinska Institute, Danderyd Hospital, Sweden. Lena.Landstedt-Hallin@kids.ki.se</Affiliation></AffiliationInfo></Author><Author ValidYN="Y"><LastName>Englund</LastName><ForeName>A</ForeName><Initials>A</Initials></Author><Author ValidYN="Y"><LastName>Adamson</LastName><ForeName>U</ForeName><Initials>U</Initials></Author><Author ValidYN="Y"><LastName>Lins</LastName><ForeName>P E</ForeName><Initials>PE</Initials></Author></AuthorList><Language>eng</Language><PublicationTypeList><PublicationType UI="D016428">Journal Article</PublicationType><PublicationType UI="D013485">Research Support, Non-U.S. Gov't</PublicationType></PublicationTypeList></Article><MedlineJournalInfo><Country>England</Country><MedlineTA>J Intern Med</MedlineTA><NlmUniqueID>8904841</NlmUniqueID><ISSNLinking>0954-6820</ISSNLinking></MedlineJournalInfo><ChemicalList><Chemical><RegistryNumber>0</RegistryNumber><NameOfSubstance UI="D007004">Hypoglycemic Agents</NameOfSubstance></Chemical><Chemical><RegistryNumber>0</RegistryNumber><NameOfSubstance UI="D007328">Insulin</NameOfSubstance></Chemical><Chemical><RegistryNumber>SX6K58TVWC</RegistryNumber><NameOfSubstance UI="D005905">Glyburide</NameOfSubstance></Chemical></ChemicalList><CitationSubset>IM</CitationSubset><MeshHeadingList><MeshHeading><DescriptorName UI="D000368" MajorTopicYN="N">Aged</DescriptorName></MeshHeading><MeshHeading><DescriptorName UI="D001145" MajorTopicYN="N">Arrhythmias, Cardiac</DescriptorName><QualifierName UI="Q000097" MajorTopicYN="N">blood</QualifierName><QualifierName UI="Q000139" MajorTopicYN="Y">chemically induced</QualifierName><QualifierName UI="Q000503" MajorTopicYN="N">physiopathology</QualifierName></MeshHeading><MeshHeading><DescriptorName UI="D003924" MajorTopicYN="N">Diabetes Mellitus, Type 2</DescriptorName><QualifierName UI="Q000097" MajorTopicYN="N">blood</QualifierName><QualifierName UI="Q000188" MajorTopicYN="N">drug therapy</QualifierName><QualifierName UI="Q000503" MajorTopicYN="Y">physiopathology</QualifierName></MeshHeading><MeshHeading><DescriptorName UI="D004562" MajorTopicYN="N">Electrocardiography</DescriptorName><QualifierName UI="Q000187" MajorTopicYN="N">drug effects</QualifierName></MeshHeading><MeshHeading><DescriptorName UI="D005260" MajorTopicYN="N">Female</DescriptorName></MeshHeading><MeshHeading><DescriptorName UI="D015309" MajorTopicYN="N">Glucose Clamp Technique</DescriptorName></MeshHeading><MeshHeading><DescriptorName UI="D005905" MajorTopicYN="N">Glyburide</DescriptorName><QualifierName UI="Q000009" MajorTopicYN="Y">adverse effects</QualifierName></MeshHeading><MeshHeading><DescriptorName UI="D006329" MajorTopicYN="N">Heart Conduction System</DescriptorName><QualifierName UI="Q000503" MajorTopicYN="Y">physiopathology</QualifierName></MeshHeading><MeshHeading><DescriptorName UI="D006801" MajorTopicYN="N">Humans</DescriptorName></MeshHeading><MeshHeading><DescriptorName UI="D007003" MajorTopicYN="N">Hypoglycemia</DescriptorName><QualifierName UI="Q000097" MajorTopicYN="N">blood</QualifierName><QualifierName UI="Q000503" MajorTopicYN="Y">physiopathology</QualifierName></MeshHeading><MeshHeading><DescriptorName UI="D007004" MajorTopicYN="N">Hypoglycemic Agents</DescriptorName><QualifierName UI="Q000009" MajorTopicYN="Y">adverse effects</QualifierName></MeshHeading><MeshHeading><DescriptorName UI="D007328" MajorTopicYN="N">Insulin</DescriptorName><QualifierName UI="Q000008" MajorTopicYN="N">administration &amp; dosage</QualifierName><QualifierName UI="Q000097" MajorTopicYN="Y">blood</QualifierName></MeshHeading><MeshHeading><DescriptorName UI="D008297" MajorTopicYN="N">Male</DescriptorName></MeshHeading><MeshHeading><DescriptorName UI="D008875" MajorTopicYN="N">Middle Aged</DescriptorName></MeshHeading><MeshHeading><DescriptorName UI="D013997" MajorTopicYN="N">Time Factors</DescriptorName></MeshHeading></MeshHeadingList></MedlineCitation><PubmedData><History><PubMedPubDate PubStatus="pubmed"><Year>1999</Year><Month>9</Month><Day>4</Day></PubMedPubDate><PubMedPubDate PubStatus="medline"><Year>1999</Year><Month>9</Month><Day>4</Day><Hour>0</Hour><Minute>1</Minute></PubMedPubDate><PubMedPubDate PubStatus="entrez"><Year>1999</Year><Month>9</Month><Day>4</Day><Hour>0</Hour><Minute>0</Minute></PubMedPubDate></History><PublicationStatus>ppublish</PublicationStatus><ArticleIdList><ArticleId IdType="pubmed">10475998</ArticleId><ArticleId IdType="pii">jim528</ArticleId><ArticleId IdType="doi">10.1046/j.1365-2796.1999.00528.x</ArticleId></ArticleIdList></PubmedData></PubmedArticle></PubmedArticleSet>