<?xml version="1.0" ?>
<!DOCTYPE PubmedArticleSet PUBLIC "-//NLM//DTD PubMedArticle, 1st January 2019//EN" "https://dtd.nlm.nih.gov/ncbi/pubmed/out/pubmed_190101.dtd">
<PubmedArticleSet><PubmedArticle><MedlineCitation Status="MEDLINE" Owner="NLM"><PMID Version="1">10476932</PMID><DateCompleted><Year>1999</Year><Month>10</Month><Day>22</Day></DateCompleted><DateRevised><Year>2004</Year><Month>11</Month><Day>18</Day></DateRevised><Article PubModel="Print"><Journal><ISSN IssnType="Print">1079-9907</ISSN><JournalIssue CitedMedium="Print"><Volume>19</Volume><Issue>8</Issue><PubDate><Year>1999</Year><Month>Aug</Month></PubDate></JournalIssue><Title>Journal of interferon &amp; cytokine research : the official journal of the International Society for Interferon and Cytokine Research</Title><ISOAbbreviation>J Interferon Cytokine Res</ISOAbbreviation></Journal><ArticleTitle>Oral use of interferon-alpha delays the onset of insulin-dependent diabetes mellitus in nonobese diabetes mice.</ArticleTitle><Pagination><MedlinePgn>877-9</MedlinePgn></Pagination><Abstract><AbstractText>Insulin-dependent diabetes mellitus (IDDM) in the nonobese diabetes (NOD) mouse model is thought to be an autoimmune CD4 Th1-like cell-mediated disease. We tested the efficacy of oral use of interferon-alpha (IFN-alpha) therapy on IDDM in NOD mice. Using urine and blood sugar levels as indicators of IDDM, oral administration of murine IFN-alpha (100 IU/body) to NOD mice significantly delayed the onset of symptomatic diabetes. However, oral use of IFN-alpha did not prevent diabetic NOD mice from losing weight once NOD mice were symptomatic, suggesting that orally administered IFN-alpha is a prophylactic rather than therapeutic approach to the management of IDDM.</AbstractText></Abstract><AuthorList CompleteYN="Y"><Author ValidYN="Y"><LastName>Tanaka-Kataoka</LastName><ForeName>M</ForeName><Initials>M</Initials><AffiliationInfo><Affiliation>Fujisaki Institute, Hayashibara Biochemical Labs., Inc., Okayama, Japan.</Affiliation></AffiliationInfo></Author><Author ValidYN="Y"><LastName>Kunikata</LastName><ForeName>T</ForeName><Initials>T</Initials></Author><Author ValidYN="Y"><LastName>Takayama</LastName><ForeName>S</ForeName><Initials>S</Initials></Author><Author ValidYN="Y"><LastName>Iwaki</LastName><ForeName>K</ForeName><Initials>K</Initials></Author><Author ValidYN="Y"><LastName>Fujii</LastName><ForeName>M</ForeName><Initials>M</Initials></Author><Author ValidYN="Y"><LastName>Ohashi</LastName><ForeName>K</ForeName><Initials>K</Initials></Author><Author ValidYN="Y"><LastName>Ikeda</LastName><ForeName>M</ForeName><Initials>M</Initials></Author><Author ValidYN="Y"><LastName>Kurimoto</LastName><ForeName>M</ForeName><Initials>M</Initials></Author></AuthorList><Language>eng</Language><PublicationTypeList><PublicationType UI="D016428">Journal Article</PublicationType></PublicationTypeList></Article><MedlineJournalInfo><Country>United States</Country><MedlineTA>J Interferon Cytokine Res</MedlineTA><NlmUniqueID>9507088</NlmUniqueID><ISSNLinking>1079-9907</ISSNLinking></MedlineJournalInfo><ChemicalList><Chemical><RegistryNumber>0</RegistryNumber><NameOfSubstance UI="D000276">Adjuvants, Immunologic</NameOfSubstance></Chemical><Chemical><RegistryNumber>0</RegistryNumber><NameOfSubstance UI="D001786">Blood Glucose</NameOfSubstance></Chemical><Chemical><RegistryNumber>0</RegistryNumber><NameOfSubstance UI="D016898">Interferon-alpha</NameOfSubstance></Chemical></ChemicalList><CitationSubset>IM</CitationSubset><MeshHeadingList><MeshHeading><DescriptorName UI="D000276" MajorTopicYN="N">Adjuvants, Immunologic</DescriptorName><QualifierName UI="Q000627" MajorTopicYN="Y">therapeutic use</QualifierName></MeshHeading><MeshHeading><DescriptorName UI="D000284" MajorTopicYN="N">Administration, Oral</DescriptorName></MeshHeading><MeshHeading><DescriptorName UI="D017668" MajorTopicYN="N">Age of Onset</DescriptorName></MeshHeading><MeshHeading><DescriptorName UI="D000818" MajorTopicYN="N">Animals</DescriptorName></MeshHeading><MeshHeading><DescriptorName UI="D001786" MajorTopicYN="N">Blood Glucose</DescriptorName><QualifierName UI="Q000378" MajorTopicYN="N">metabolism</QualifierName></MeshHeading><MeshHeading><DescriptorName UI="D003920" MajorTopicYN="N">Diabetes Mellitus</DescriptorName><QualifierName UI="Q000378" MajorTopicYN="N">metabolism</QualifierName></MeshHeading><MeshHeading><DescriptorName UI="D003922" MajorTopicYN="N">Diabetes Mellitus, Type 1</DescriptorName><QualifierName UI="Q000188" MajorTopicYN="Y">drug therapy</QualifierName><QualifierName UI="Q000378" MajorTopicYN="N">metabolism</QualifierName></MeshHeading><MeshHeading><DescriptorName UI="D016898" MajorTopicYN="N">Interferon-alpha</DescriptorName><QualifierName UI="Q000627" MajorTopicYN="Y">therapeutic use</QualifierName></MeshHeading><MeshHeading><DescriptorName UI="D051379" MajorTopicYN="N">Mice</DescriptorName></MeshHeading><MeshHeading><DescriptorName UI="D016688" MajorTopicYN="N">Mice, Inbred NOD</DescriptorName></MeshHeading><MeshHeading><DescriptorName UI="D009765" MajorTopicYN="N">Obesity</DescriptorName></MeshHeading><MeshHeading><DescriptorName UI="D015431" MajorTopicYN="N">Weight Loss</DescriptorName><QualifierName UI="Q000187" MajorTopicYN="N">drug effects</QualifierName></MeshHeading></MeshHeadingList></MedlineCitation><PubmedData><History><PubMedPubDate PubStatus="pubmed"><Year>1999</Year><Month>9</Month><Day>7</Day></PubMedPubDate><PubMedPubDate PubStatus="medline"><Year>1999</Year><Month>9</Month><Day>7</Day><Hour>0</Hour><Minute>1</Minute></PubMedPubDate><PubMedPubDate PubStatus="entrez"><Year>1999</Year><Month>9</Month><Day>7</Day><Hour>0</Hour><Minute>0</Minute></PubMedPubDate></History><PublicationStatus>ppublish</PublicationStatus><ArticleIdList><ArticleId IdType="pubmed">10476932</ArticleId><ArticleId IdType="doi">10.1089/107999099313398</ArticleId></ArticleIdList></PubmedData></PubmedArticle></PubmedArticleSet>