<?xml version="1.0" ?>
<!DOCTYPE PubmedArticleSet PUBLIC "-//NLM//DTD PubMedArticle, 1st January 2019//EN" "https://dtd.nlm.nih.gov/ncbi/pubmed/out/pubmed_190101.dtd">
<PubmedArticleSet><PubmedArticle><MedlineCitation Status="MEDLINE" Owner="NLM"><PMID Version="1">10470079</PMID><DateCompleted><Year>1999</Year><Month>09</Month><Day>24</Day></DateCompleted><DateRevised><Year>2011</Year><Month>11</Month><Day>17</Day></DateRevised><Article PubModel="Print"><Journal><ISSN IssnType="Print">1078-8956</ISSN><JournalIssue CitedMedium="Print"><Volume>5</Volume><Issue>9</Issue><PubDate><Year>1999</Year><Month>Sep</Month></PubDate></JournalIssue><Title>Nature medicine</Title><ISOAbbreviation>Nat Med</ISOAbbreviation></Journal><ArticleTitle>Identification of an MHC class I-restricted autoantigen in type 1 diabetes by screening an organ-specific cDNA library.</ArticleTitle><Pagination><MedlinePgn>1026-31</MedlinePgn></Pagination><Abstract><AbstractText>Type 1 diabetes is an autoimmune disease in which the insulin-producing pancreatic beta cells are destroyed at an early age by an immune process that involves both CD4 and CD8 T lymphocytes. The identification of autoantigens in diabetes is very important for the design of antigen-specific immunotherapy. By screening a pancreatic islet cDNA library, we have identified the autoantigen recognized by highly pathogenic CD8 T cells in the non-obese diabetic mouse, one of the best animal models for human diabetes. This is the first identification, to our knowledge, of a CD8 T-cell epitope in an autoimmune disease. The peptide recognized by the cells is in the same region of the insulin B chain as the epitope recognized by previously isolated pathogenic CD4 T cells. This has very important implications for the potential use of insulin in preventative therapy.</AbstractText></Abstract><AuthorList CompleteYN="Y"><Author ValidYN="Y"><LastName>Wong</LastName><ForeName>F S</ForeName><Initials>FS</Initials><AffiliationInfo><Affiliation>Section of Immunobiology, Yale School of Medicine, 310 Cedar Street, New Haven, Connecticut 06520-8011, USA. susan.wong@yale.edu</Affiliation></AffiliationInfo></Author><Author ValidYN="Y"><LastName>Karttunen</LastName><ForeName>J</ForeName><Initials>J</Initials></Author><Author ValidYN="Y"><LastName>Dumont</LastName><ForeName>C</ForeName><Initials>C</Initials></Author><Author ValidYN="Y"><LastName>Wen</LastName><ForeName>L</ForeName><Initials>L</Initials></Author><Author ValidYN="Y"><LastName>Visintin</LastName><ForeName>I</ForeName><Initials>I</Initials></Author><Author ValidYN="Y"><LastName>Pilip</LastName><ForeName>I M</ForeName><Initials>IM</Initials></Author><Author ValidYN="Y"><LastName>Shastri</LastName><ForeName>N</ForeName><Initials>N</Initials></Author><Author ValidYN="Y"><LastName>Pamer</LastName><ForeName>E G</ForeName><Initials>EG</Initials></Author><Author ValidYN="Y"><LastName>Janeway</LastName><ForeName>C A</ForeName><Initials>CA</Initials><Suffix>Jr</Suffix></Author></AuthorList><Language>eng</Language><GrantList CompleteYN="Y"><Grant><GrantID>DK-53015</GrantID><Acronym>DK</Acronym><Agency>NIDDK NIH HHS</Agency><Country>United States</Country></Grant></GrantList><PublicationTypeList><PublicationType UI="D016428">Journal Article</PublicationType><PublicationType UI="D013485">Research Support, Non-U.S. Gov't</PublicationType><PublicationType UI="D013487">Research Support, U.S. Gov't, P.H.S.</PublicationType></PublicationTypeList></Article><MedlineJournalInfo><Country>United States</Country><MedlineTA>Nat Med</MedlineTA><NlmUniqueID>9502015</NlmUniqueID><ISSNLinking>1078-8956</ISSNLinking></MedlineJournalInfo><ChemicalList><Chemical><RegistryNumber>0</RegistryNumber><NameOfSubstance UI="D001324">Autoantigens</NameOfSubstance></Chemical><Chemical><RegistryNumber>0</RegistryNumber><NameOfSubstance UI="D018984">Epitopes, T-Lymphocyte</NameOfSubstance></Chemical><Chemical><RegistryNumber>0</RegistryNumber><NameOfSubstance UI="D015395">Histocompatibility Antigens Class I</NameOfSubstance></Chemical><Chemical><RegistryNumber>0</RegistryNumber><NameOfSubstance UI="D007328">Insulin</NameOfSubstance></Chemical><Chemical><RegistryNumber>0</RegistryNumber><NameOfSubstance UI="D010455">Peptides</NameOfSubstance></Chemical><Chemical><RegistryNumber>82115-62-6</RegistryNumber><NameOfSubstance UI="D007371">Interferon-gamma</NameOfSubstance></Chemical></ChemicalList><CitationSubset>IM</CitationSubset><CommentsCorrectionsList><CommentsCorrections RefType="CommentIn"><RefSource>Nat Med. 1999 Sep;5(9):992-3</RefSource><PMID Version="1">10470072</PMID></CommentsCorrections></CommentsCorrectionsList><MeshHeadingList><MeshHeading><DescriptorName UI="D000595" MajorTopicYN="N">Amino Acid Sequence</DescriptorName></MeshHeading><MeshHeading><DescriptorName UI="D000818" MajorTopicYN="N">Animals</DescriptorName></MeshHeading><MeshHeading><DescriptorName UI="D001324" MajorTopicYN="N">Autoantigens</DescriptorName><QualifierName UI="Q000276" MajorTopicYN="Y">immunology</QualifierName></MeshHeading><MeshHeading><DescriptorName UI="D018414" MajorTopicYN="N">CD8-Positive T-Lymphocytes</DescriptorName><QualifierName UI="Q000276" MajorTopicYN="Y">immunology</QualifierName><QualifierName UI="Q000473" MajorTopicYN="N">pathology</QualifierName></MeshHeading><MeshHeading><DescriptorName UI="D019556" MajorTopicYN="N">COS Cells</DescriptorName></MeshHeading><MeshHeading><DescriptorName UI="D002999" MajorTopicYN="N">Clone Cells</DescriptorName><QualifierName UI="Q000276" MajorTopicYN="N">immunology</QualifierName><QualifierName UI="Q000473" MajorTopicYN="N">pathology</QualifierName></MeshHeading><MeshHeading><DescriptorName UI="D003001" MajorTopicYN="N">Cloning, Molecular</DescriptorName></MeshHeading><MeshHeading><DescriptorName UI="D003922" MajorTopicYN="N">Diabetes Mellitus, Type 1</DescriptorName><QualifierName UI="Q000235" MajorTopicYN="N">genetics</QualifierName><QualifierName UI="Q000276" MajorTopicYN="Y">immunology</QualifierName></MeshHeading><MeshHeading><DescriptorName UI="D018984" MajorTopicYN="N">Epitopes, T-Lymphocyte</DescriptorName><QualifierName UI="Q000737" MajorTopicYN="N">chemistry</QualifierName><QualifierName UI="Q000235" MajorTopicYN="N">genetics</QualifierName><QualifierName UI="Q000276" MajorTopicYN="N">immunology</QualifierName></MeshHeading><MeshHeading><DescriptorName UI="D015723" MajorTopicYN="Y">Gene Library</DescriptorName></MeshHeading><MeshHeading><DescriptorName UI="D015395" MajorTopicYN="N">Histocompatibility Antigens Class I</DescriptorName><QualifierName UI="Q000276" MajorTopicYN="Y">immunology</QualifierName></MeshHeading><MeshHeading><DescriptorName UI="D007328" MajorTopicYN="N">Insulin</DescriptorName><QualifierName UI="Q000737" MajorTopicYN="N">chemistry</QualifierName><QualifierName UI="Q000235" MajorTopicYN="N">genetics</QualifierName><QualifierName UI="Q000276" MajorTopicYN="N">immunology</QualifierName></MeshHeading><MeshHeading><DescriptorName UI="D007371" MajorTopicYN="N">Interferon-gamma</DescriptorName><QualifierName UI="Q000096" MajorTopicYN="N">biosynthesis</QualifierName></MeshHeading><MeshHeading><DescriptorName UI="D007515" MajorTopicYN="N">Islets of Langerhans</DescriptorName><QualifierName UI="Q000276" MajorTopicYN="Y">immunology</QualifierName><QualifierName UI="Q000378" MajorTopicYN="N">metabolism</QualifierName><QualifierName UI="Q000473" MajorTopicYN="N">pathology</QualifierName></MeshHeading><MeshHeading><DescriptorName UI="D008213" MajorTopicYN="N">Lymphocyte Activation</DescriptorName></MeshHeading><MeshHeading><DescriptorName UI="D018655" MajorTopicYN="N">Lymphocyte Count</DescriptorName></MeshHeading><MeshHeading><DescriptorName UI="D051379" MajorTopicYN="N">Mice</DescriptorName></MeshHeading><MeshHeading><DescriptorName UI="D016688" MajorTopicYN="N">Mice, Inbred NOD</DescriptorName></MeshHeading><MeshHeading><DescriptorName UI="D008815" MajorTopicYN="N">Mice, Inbred Strains</DescriptorName></MeshHeading><MeshHeading><DescriptorName UI="D009928" MajorTopicYN="N">Organ Specificity</DescriptorName></MeshHeading><MeshHeading><DescriptorName UI="D010455" MajorTopicYN="N">Peptides</DescriptorName><QualifierName UI="Q000737" MajorTopicYN="N">chemistry</QualifierName><QualifierName UI="Q000235" MajorTopicYN="N">genetics</QualifierName><QualifierName UI="Q000276" MajorTopicYN="N">immunology</QualifierName></MeshHeading></MeshHeadingList></MedlineCitation><PubmedData><History><PubMedPubDate PubStatus="pubmed"><Year>1999</Year><Month>9</Month><Day>2</Day><Hour>9</Hour><Minute>0</Minute></PubMedPubDate><PubMedPubDate PubStatus="medline"><Year>2001</Year><Month>3</Month><Day>23</Day><Hour>10</Hour><Minute>1</Minute></PubMedPubDate><PubMedPubDate PubStatus="entrez"><Year>1999</Year><Month>9</Month><Day>2</Day><Hour>9</Hour><Minute>0</Minute></PubMedPubDate></History><PublicationStatus>ppublish</PublicationStatus><ArticleIdList><ArticleId IdType="pubmed">10470079</ArticleId><ArticleId IdType="doi">10.1038/12465</ArticleId></ArticleIdList></PubmedData></PubmedArticle></PubmedArticleSet>