<?xml version="1.0" ?>
<!DOCTYPE PubmedArticleSet PUBLIC "-//NLM//DTD PubMedArticle, 1st January 2019//EN" "https://dtd.nlm.nih.gov/ncbi/pubmed/out/pubmed_190101.dtd">
<PubmedArticleSet><PubmedArticle><MedlineCitation Status="MEDLINE" Owner="NLM"><PMID Version="1">10477218</PMID><DateCompleted><Year>1999</Year><Month>10</Month><Day>18</Day></DateCompleted><DateRevised><Year>2019</Year><Month>08</Month><Day>31</Day></DateRevised><Article PubModel="Print"><Journal><ISSN IssnType="Print">0742-3071</ISSN><JournalIssue CitedMedium="Print"><Volume>16</Volume><Issue>8</Issue><PubDate><Year>1999</Year><Month>Aug</Month></PubDate></JournalIssue><Title>Diabetic medicine : a journal of the British Diabetic Association</Title><ISOAbbreviation>Diabet Med</ISOAbbreviation></Journal><ArticleTitle>Episodic hyperglycaemia in pregnant women with well-controlled Type 1 diabetes mellitus: a major potential factor underlying macrosomia.</ArticleTitle><Pagination><MedlinePgn>702-6</MedlinePgn></Pagination><Abstract><AbstractText Label="AIMS" NlmCategory="OBJECTIVE">To test the common assumption that pregnant women who are sufficiently motivated to achieve very good HbA1c levels will record home blood glucose data accurately.</AbstractText><AbstractText Label="METHODS" NlmCategory="METHODS">A new device was used to download information from electronic blood glucose meters to assess the extent of selectivity in patient glucose diary-keeping.</AbstractText><AbstractText Label="RESULTS" NlmCategory="RESULTS">In an index case, a woman with excellent ambient HbA1c (5.9%; upper limit of normal 6.1%) was observed to have 68% of preprandial blood glucose readings above the target range of 3.5-6.5 mmol/l and a mean (+/- SD) level of 8.9+/-3.9 mmol/l in the corresponding period. No such impression was conveyed by the home monitoring diary. Six pregnant women with well controlled Type 1 diabetes (mean HbA1c 6.6+/-0.2%) exhibited between 42 and 68% of preprandial readings above the target range.</AbstractText><AbstractText Label="CONCLUSIONS" NlmCategory="CONCLUSIONS">The frequency of hyperglycaemia has hitherto been underestimated in well controlled pregnant women whose near-perfect home monitoring record is apparently corroborated by near-normal HbA1c levels. These observations provide a hypothesis for understanding of the disappointing continuance of macrosomia despite excellent HbA1c levels throughout pregnancy.</AbstractText></Abstract><AuthorList CompleteYN="Y"><Author ValidYN="Y"><LastName>Kyne-Grzebalski</LastName><ForeName>D</ForeName><Initials>D</Initials><AffiliationInfo><Affiliation>Diabetes Unit, Royal Victoria Infirmary, Newcastle upon Tyne, UK.</Affiliation></AffiliationInfo></Author><Author ValidYN="Y"><LastName>Wood</LastName><ForeName>L</ForeName><Initials>L</Initials></Author><Author ValidYN="Y"><LastName>Marshall</LastName><ForeName>S M</ForeName><Initials>SM</Initials></Author><Author ValidYN="Y"><LastName>Taylor</LastName><ForeName>R</ForeName><Initials>R</Initials></Author></AuthorList><Language>eng</Language><PublicationTypeList><PublicationType UI="D002363">Case Reports</PublicationType><PublicationType UI="D016428">Journal Article</PublicationType></PublicationTypeList></Article><MedlineJournalInfo><Country>England</Country><MedlineTA>Diabet Med</MedlineTA><NlmUniqueID>8500858</NlmUniqueID><ISSNLinking>0742-3071</ISSNLinking></MedlineJournalInfo><ChemicalList><Chemical><RegistryNumber>0</RegistryNumber><NameOfSubstance UI="D015415">Biomarkers</NameOfSubstance></Chemical><Chemical><RegistryNumber>0</RegistryNumber><NameOfSubstance UI="D001786">Blood Glucose</NameOfSubstance></Chemical><Chemical><RegistryNumber>0</RegistryNumber><NameOfSubstance UI="D006442">Glycated Hemoglobin A</NameOfSubstance></Chemical></ChemicalList><CitationSubset>IM</CitationSubset><CommentsCorrectionsList><CommentsCorrections RefType="ErratumIn"><RefSource>Diabet Med 1999 Oct;16(10):following 884</RefSource></CommentsCorrections><CommentsCorrections RefType="CommentIn"><RefSource>Diabet Med. 1999 Aug;16(8):621-2</RefSource><PMID Version="1">10477204</PMID></CommentsCorrections></CommentsCorrectionsList><MeshHeadingList><MeshHeading><DescriptorName UI="D000328" MajorTopicYN="N">Adult</DescriptorName></MeshHeading><MeshHeading><DescriptorName UI="D015415" MajorTopicYN="N">Biomarkers</DescriptorName><QualifierName UI="Q000097" MajorTopicYN="N">blood</QualifierName></MeshHeading><MeshHeading><DescriptorName UI="D001724" MajorTopicYN="N">Birth Weight</DescriptorName></MeshHeading><MeshHeading><DescriptorName UI="D001786" MajorTopicYN="N">Blood Glucose</DescriptorName><QualifierName UI="Q000378" MajorTopicYN="Y">metabolism</QualifierName></MeshHeading><MeshHeading><DescriptorName UI="D015190" MajorTopicYN="Y">Blood Glucose Self-Monitoring</DescriptorName></MeshHeading><MeshHeading><DescriptorName UI="D002940" MajorTopicYN="N">Circadian Rhythm</DescriptorName><QualifierName UI="Q000502" MajorTopicYN="Y">physiology</QualifierName></MeshHeading><MeshHeading><DescriptorName UI="D003922" MajorTopicYN="N">Diabetes Mellitus, Type 1</DescriptorName><QualifierName UI="Q000097" MajorTopicYN="Y">blood</QualifierName></MeshHeading><MeshHeading><DescriptorName UI="D005260" MajorTopicYN="N">Female</DescriptorName></MeshHeading><MeshHeading><DescriptorName UI="D005320" MajorTopicYN="N">Fetal Macrosomia</DescriptorName><QualifierName UI="Q000453" MajorTopicYN="Y">epidemiology</QualifierName></MeshHeading><MeshHeading><DescriptorName UI="D006442" MajorTopicYN="N">Glycated Hemoglobin A</DescriptorName><QualifierName UI="Q000032" MajorTopicYN="Y">analysis</QualifierName></MeshHeading><MeshHeading><DescriptorName UI="D006801" MajorTopicYN="N">Humans</DescriptorName></MeshHeading><MeshHeading><DescriptorName UI="D006943" MajorTopicYN="N">Hyperglycemia</DescriptorName><QualifierName UI="Q000150" MajorTopicYN="Y">complications</QualifierName></MeshHeading><MeshHeading><DescriptorName UI="D007231" MajorTopicYN="N">Infant, Newborn</DescriptorName></MeshHeading><MeshHeading><DescriptorName UI="D011247" MajorTopicYN="N">Pregnancy</DescriptorName></MeshHeading><MeshHeading><DescriptorName UI="D011254" MajorTopicYN="N">Pregnancy in Diabetics</DescriptorName><QualifierName UI="Q000097" MajorTopicYN="Y">blood</QualifierName></MeshHeading><MeshHeading><DescriptorName UI="D012307" MajorTopicYN="N">Risk Factors</DescriptorName></MeshHeading></MeshHeadingList></MedlineCitation><PubmedData><History><PubMedPubDate PubStatus="pubmed"><Year>1999</Year><Month>9</Month><Day>7</Day></PubMedPubDate><PubMedPubDate PubStatus="medline"><Year>1999</Year><Month>9</Month><Day>7</Day><Hour>0</Hour><Minute>1</Minute></PubMedPubDate><PubMedPubDate PubStatus="entrez"><Year>1999</Year><Month>9</Month><Day>7</Day><Hour>0</Hour><Minute>0</Minute></PubMedPubDate></History><PublicationStatus>ppublish</PublicationStatus><ArticleIdList><ArticleId IdType="pubmed">10477218</ArticleId><ArticleId IdType="doi">10.1046/j.1464-5491.1999.00131.x</ArticleId></ArticleIdList></PubmedData></PubmedArticle></PubmedArticleSet>