<?xml version="1.0" ?>
<!DOCTYPE PubmedArticleSet PUBLIC "-//NLM//DTD PubMedArticle, 1st January 2019//EN" "https://dtd.nlm.nih.gov/ncbi/pubmed/out/pubmed_190101.dtd">
<PubmedArticleSet><PubmedArticle><MedlineCitation Status="MEDLINE" Owner="NLM"><PMID Version="1">10480770</PMID><DateCompleted><Year>1999</Year><Month>11</Month><Day>03</Day></DateCompleted><DateRevised><Year>2019</Year><Month>05</Month><Day>15</Day></DateRevised><Article PubModel="Print"><Journal><ISSN IssnType="Print">0149-5992</ISSN><JournalIssue CitedMedium="Print"><Volume>22</Volume><Issue>8</Issue><PubDate><Year>1999</Year><Month>Aug</Month></PubDate></JournalIssue><Title>Diabetes care</Title><ISOAbbreviation>Diabetes Care</ISOAbbreviation></Journal><ArticleTitle>Effects of repeated hypoglycemia on cognitive function: a psychometrically validated reanalysis of the Diabetes Control and Complications Trial data.</ArticleTitle><Pagination><MedlinePgn>1273-7</MedlinePgn></Pagination><Abstract><AbstractText Label="OBJECTIVE" NlmCategory="OBJECTIVE">To test the conclusion that there is no association between multiple episodes of severe hypoglycemia and cognitive decrements by reanalyzing the data from the Diabetes Control and Complications Trial (DCCT) with psychometrically validated cognitive factors and to conduct a novel analysis of the association between individual differences in baseline cognitive ability and episodes of severe hypoglycemia documented after baseline.</AbstractText><AbstractText Label="RESEARCH DESIGN AND METHODS" NlmCategory="METHODS">The factor structure of cognitive ability in the neuropsychological data from the DCCT study was derived. Four cognitive factors (spatial ability, processing speed, memory, and verbal ability) were extracted. Changes in patients' cognitive scores for each year of follow-up were obtained, and paired comparisons of these change scores were performed between groups experiencing zero and five or more hypoglycemic episodes. The association between cognitive ability at baseline and number of subsequent episodes of severe hypoglycemia was also examined.</AbstractText><AbstractText Label="RESULTS" NlmCategory="RESULTS">Repeated episodes of hypoglycemia were found not to be associated with cognitive decline in any of the validated cognitive factors. No significant association was found between prospectively documented numbers of severe hypoglycemic episodes and baseline cognitive ability level.</AbstractText><AbstractText Label="CONCLUSIONS" NlmCategory="CONCLUSIONS">Repeated episodes of hypoglycemia were not related to cognitive decrement, and initial mental ability level was not associated with eventual numbers of hypoglycemic episodes in this group of patients.</AbstractText></Abstract><AuthorList CompleteYN="Y"><Author ValidYN="Y"><LastName>Austin</LastName><ForeName>E J</ForeName><Initials>EJ</Initials><AffiliationInfo><Affiliation>Department of Psychology, University of Edinburgh, Scotland.</Affiliation></AffiliationInfo></Author><Author ValidYN="Y"><LastName>Deary</LastName><ForeName>I J</ForeName><Initials>IJ</Initials></Author></AuthorList><Language>eng</Language><PublicationTypeList><PublicationType UI="D016428">Journal Article</PublicationType></PublicationTypeList></Article><MedlineJournalInfo><Country>United States</Country><MedlineTA>Diabetes Care</MedlineTA><NlmUniqueID>7805975</NlmUniqueID><ISSNLinking>0149-5992</ISSNLinking></MedlineJournalInfo><CitationSubset>IM</CitationSubset><MeshHeadingList><MeshHeading><DescriptorName UI="D000293" MajorTopicYN="N">Adolescent</DescriptorName></MeshHeading><MeshHeading><DescriptorName UI="D000328" MajorTopicYN="N">Adult</DescriptorName></MeshHeading><MeshHeading><DescriptorName UI="D002986" MajorTopicYN="N">Clinical Trials as Topic</DescriptorName></MeshHeading><MeshHeading><DescriptorName UI="D003072" MajorTopicYN="N">Cognition Disorders</DescriptorName><QualifierName UI="Q000209" MajorTopicYN="Y">etiology</QualifierName></MeshHeading><MeshHeading><DescriptorName UI="D003922" MajorTopicYN="N">Diabetes Mellitus, Type 1</DescriptorName><QualifierName UI="Q000150" MajorTopicYN="N">complications</QualifierName><QualifierName UI="Q000523" MajorTopicYN="Y">psychology</QualifierName></MeshHeading><MeshHeading><DescriptorName UI="D005163" MajorTopicYN="N">Factor Analysis, Statistical</DescriptorName></MeshHeading><MeshHeading><DescriptorName UI="D006801" MajorTopicYN="N">Humans</DescriptorName></MeshHeading><MeshHeading><DescriptorName UI="D007003" MajorTopicYN="N">Hypoglycemia</DescriptorName><QualifierName UI="Q000150" MajorTopicYN="N">complications</QualifierName><QualifierName UI="Q000523" MajorTopicYN="Y">psychology</QualifierName></MeshHeading><MeshHeading><DescriptorName UI="D007206" MajorTopicYN="N">Individuality</DescriptorName></MeshHeading><MeshHeading><DescriptorName UI="D009483" MajorTopicYN="N">Neuropsychological Tests</DescriptorName></MeshHeading><MeshHeading><DescriptorName UI="D012008" MajorTopicYN="N">Recurrence</DescriptorName></MeshHeading><MeshHeading><DescriptorName UI="D015203" MajorTopicYN="N">Reproducibility of Results</DescriptorName></MeshHeading><MeshHeading><DescriptorName UI="D012189" MajorTopicYN="N">Retrospective Studies</DescriptorName></MeshHeading></MeshHeadingList></MedlineCitation><PubmedData><History><PubMedPubDate PubStatus="pubmed"><Year>1999</Year><Month>9</Month><Day>10</Day></PubMedPubDate><PubMedPubDate PubStatus="medline"><Year>1999</Year><Month>9</Month><Day>10</Day><Hour>0</Hour><Minute>1</Minute></PubMedPubDate><PubMedPubDate PubStatus="entrez"><Year>1999</Year><Month>9</Month><Day>10</Day><Hour>0</Hour><Minute>0</Minute></PubMedPubDate></History><PublicationStatus>ppublish</PublicationStatus><ArticleIdList><ArticleId IdType="pubmed">10480770</ArticleId><ArticleId IdType="doi">10.2337/diacare.22.8.1273</ArticleId></ArticleIdList></PubmedData></PubmedArticle></PubmedArticleSet>