<?xml version="1.0" ?>
<!DOCTYPE PubmedArticleSet PUBLIC "-//NLM//DTD PubMedArticle, 1st January 2019//EN" "https://dtd.nlm.nih.gov/ncbi/pubmed/out/pubmed_190101.dtd">
<PubmedArticleSet><PubmedArticle><MedlineCitation Status="MEDLINE" Owner="NLM"><PMID Version="1">10480525</PMID><DateCompleted><Year>1999</Year><Month>11</Month><Day>10</Day></DateCompleted><DateRevised><Year>2022</Year><Month>03</Month><Day>17</Day></DateRevised><Article PubModel="Print"><Journal><ISSN IssnType="Print">0149-5992</ISSN><JournalIssue CitedMedium="Print"><Volume>22</Volume><Issue>9</Issue><PubDate><Year>1999</Year><Month>Sep</Month></PubDate></JournalIssue><Title>Diabetes care</Title><ISOAbbreviation>Diabetes Care</ISOAbbreviation></Journal><ArticleTitle>Urinary excretion of albumin in adolescents with type 1 diabetes: persistent versus intermittent microalbuminuria and relationship to duration of diabetes, sex, and metabolic control.</ArticleTitle><Pagination><MedlinePgn>1555-60</MedlinePgn></Pagination><Abstract><AbstractText Label="OBJECTIVE" NlmCategory="OBJECTIVE">Urinary excretion of albumin is a marker for incipient diabetic nephropathy in adults. The intra-individual variability, as well as the relationship to duration of diabetes, onset of the disease, and long-term metabolic control, have not been evaluated in a large sample of pediatric patients.</AbstractText><AbstractText Label="RESEARCH DESIGN AND METHODS" NlmCategory="METHODS">A total of 5,722 nocturnal urinary albumin excretion rates were determined in 447 children, adolescents, and young adults with type 1 diabetes, comprising 1,821 years of observation. Excretion rates were related to duration of diabetes, age at onset of diabetes, sex, blood pressure, and metabolic control.</AbstractText><AbstractText Label="RESULTS" NlmCategory="RESULTS">Based on repeated measurements in individual patients, the positive predictive value of one sample was 76%, the negative 99.5%. After a duration of diabetes of 11 years, 5% of patients displayed persistent microalbuminuria (10% after 13 years). The duration of diabetes until persistent microalbuminuria was identical for patients with prepubertal or pubertal onset of diabetes. In addition to duration, female sex (P &lt; 0.03) and insufficient long-term metabolic control (P &lt; 0.03) contributed significantly and independently to urinary albumin excretion.</AbstractText><AbstractText Label="CONCLUSIONS" NlmCategory="CONCLUSIONS">Determination of urinary albumin excretion rate is useful in pediatric patients. Female subjects with a long duration of diabetes and insufficient metabolic control are especially at risk for microalbuminuria. Even if persistent microalbuminuria usually becomes evident in patients aged &gt; 11 years, the prepubertal duration of diabetes contributes equally to this risk. Good metabolic control therefore should be aspired to from the onset of diabetes.</AbstractText></Abstract><AuthorList CompleteYN="Y"><Author ValidYN="Y"><LastName>Holl</LastName><ForeName>R W</ForeName><Initials>RW</Initials><AffiliationInfo><Affiliation>Department of Pediatrics, University of Ulm, Germany. reinhard.w.holl@paediat.med.uni-giessen.de</Affiliation></AffiliationInfo></Author><Author ValidYN="Y"><LastName>Grabert</LastName><ForeName>M</ForeName><Initials>M</Initials></Author><Author ValidYN="Y"><LastName>Thon</LastName><ForeName>A</ForeName><Initials>A</Initials></Author><Author ValidYN="Y"><LastName>Heinze</LastName><ForeName>E</ForeName><Initials>E</Initials></Author></AuthorList><Language>eng</Language><PublicationTypeList><PublicationType UI="D016428">Journal Article</PublicationType><PublicationType UI="D013485">Research Support, Non-U.S. Gov't</PublicationType></PublicationTypeList></Article><MedlineJournalInfo><Country>United States</Country><MedlineTA>Diabetes Care</MedlineTA><NlmUniqueID>7805975</NlmUniqueID><ISSNLinking>0149-5992</ISSNLinking></MedlineJournalInfo><ChemicalList><Chemical><RegistryNumber>0</RegistryNumber><NameOfSubstance UI="D015415">Biomarkers</NameOfSubstance></Chemical></ChemicalList><CitationSubset>IM</CitationSubset><MeshHeadingList><MeshHeading><DescriptorName UI="D000293" MajorTopicYN="N">Adolescent</DescriptorName></MeshHeading><MeshHeading><DescriptorName UI="D017668" MajorTopicYN="N">Age of Onset</DescriptorName></MeshHeading><MeshHeading><DescriptorName UI="D000419" MajorTopicYN="N">Albuminuria</DescriptorName><QualifierName UI="Q000209" MajorTopicYN="Y">etiology</QualifierName></MeshHeading><MeshHeading><DescriptorName UI="D015415" MajorTopicYN="N">Biomarkers</DescriptorName><QualifierName UI="Q000652" MajorTopicYN="N">urine</QualifierName></MeshHeading><MeshHeading><DescriptorName UI="D001794" MajorTopicYN="N">Blood Pressure</DescriptorName><QualifierName UI="Q000502" MajorTopicYN="N">physiology</QualifierName></MeshHeading><MeshHeading><DescriptorName UI="D003922" MajorTopicYN="N">Diabetes Mellitus, Type 1</DescriptorName><QualifierName UI="Q000150" MajorTopicYN="N">complications</QualifierName><QualifierName UI="Q000652" MajorTopicYN="Y">urine</QualifierName></MeshHeading><MeshHeading><DescriptorName UI="D003928" MajorTopicYN="N">Diabetic Nephropathies</DescriptorName><QualifierName UI="Q000175" MajorTopicYN="Y">diagnosis</QualifierName><QualifierName UI="Q000652" MajorTopicYN="N">urine</QualifierName></MeshHeading><MeshHeading><DescriptorName UI="D005260" MajorTopicYN="N">Female</DescriptorName></MeshHeading><MeshHeading><DescriptorName UI="D006801" MajorTopicYN="N">Humans</DescriptorName></MeshHeading><MeshHeading><DescriptorName UI="D008297" MajorTopicYN="N">Male</DescriptorName></MeshHeading><MeshHeading><DescriptorName UI="D011627" MajorTopicYN="N">Puberty</DescriptorName><QualifierName UI="Q000378" MajorTopicYN="N">metabolism</QualifierName></MeshHeading><MeshHeading><DescriptorName UI="D013997" MajorTopicYN="N">Time Factors</DescriptorName></MeshHeading></MeshHeadingList></MedlineCitation><PubmedData><History><PubMedPubDate PubStatus="pubmed"><Year>1999</Year><Month>9</Month><Day>10</Day></PubMedPubDate><PubMedPubDate PubStatus="medline"><Year>1999</Year><Month>9</Month><Day>10</Day><Hour>0</Hour><Minute>1</Minute></PubMedPubDate><PubMedPubDate PubStatus="entrez"><Year>1999</Year><Month>9</Month><Day>10</Day><Hour>0</Hour><Minute>0</Minute></PubMedPubDate></History><PublicationStatus>ppublish</PublicationStatus><ArticleIdList><ArticleId IdType="pubmed">10480525</ArticleId><ArticleId IdType="doi">10.2337/diacare.22.9.1555</ArticleId></ArticleIdList></PubmedData></PubmedArticle></PubmedArticleSet>