<?xml version="1.0" ?>
<!DOCTYPE PubmedArticleSet PUBLIC "-//NLM//DTD PubMedArticle, 1st January 2019//EN" "https://dtd.nlm.nih.gov/ncbi/pubmed/out/pubmed_190101.dtd">
<PubmedArticleSet><PubmedArticle><MedlineCitation Status="MEDLINE" Owner="NLM"><PMID Version="1">10480605</PMID><DateCompleted><Year>1999</Year><Month>09</Month><Day>30</Day></DateCompleted><DateRevised><Year>2019</Year><Month>05</Month><Day>15</Day></DateRevised><Article PubModel="Print"><Journal><ISSN IssnType="Print">0012-1797</ISSN><JournalIssue CitedMedium="Print"><Volume>48</Volume><Issue>9</Issue><PubDate><Year>1999</Year><Month>Sep</Month></PubDate></JournalIssue><Title>Diabetes</Title><ISOAbbreviation>Diabetes</ISOAbbreviation></Journal><ArticleTitle>A defect late in stimulus-secretion coupling impairs insulin secretion in Goto-Kakizaki diabetic rats.</ArticleTitle><Pagination><MedlinePgn>1754-62</MedlinePgn></Pagination><Abstract><AbstractText>A widely accepted genetically determined rodent model for human type 2 diabetes is the Goto-Kakizaki (GK) rat; however, the lesion(s) in the pancreatic islets of these rats has not been identified. Herein, intact islets from GK rats (aged 8-14 weeks) were studied, both immediately after isolation and after 18 h in tissue culture. Despite intact contents of insulin and protein, GK islets had markedly deficient insulin release in response to glucose, as well as to pure mitochondrial fuels or a non-nutrient membrane-depolarizing stimulus (40 mmol/l K+). In contrast, mastoparan (which activates GTP-binding proteins [GBPs]) completely circumvented any secretory defect. Basal and stimulated levels of adenine and guanine nucleotides, the activation of phospholipase C by Ca2+ or glucose, the secretory response to pertussis toxin, and the activation of selected low-molecular weight GBPs were not impaired. Defects were found, however, in the autophosphorylation and catalytic activity of cytosolic nucleoside diphosphokinase (NDPK), which may provide compartmentalized GTP pools to activate G-proteins; a deficient content of phosphoinositides was also detected. These studies identify novel, heretofore unappreciated, defects late in signal transduction in the islets of our colony of GK rats, possibly occurring at the site of activation by NDPK of a mastoparan-sensitive G-protein-dependent step in exocytosis.</AbstractText></Abstract><AuthorList CompleteYN="Y"><Author ValidYN="Y"><LastName>Metz</LastName><ForeName>S A</ForeName><Initials>SA</Initials><AffiliationInfo><Affiliation>Pacific Northwest Research Institute, Seattle, Washington 98122, USA. smetz@pnri.org</Affiliation></AffiliationInfo></Author><Author ValidYN="Y"><LastName>Meredith</LastName><ForeName>M</ForeName><Initials>M</Initials></Author><Author ValidYN="Y"><LastName>Vadakekalam</LastName><ForeName>J</ForeName><Initials>J</Initials></Author><Author ValidYN="Y"><LastName>Rabaglia</LastName><ForeName>M E</ForeName><Initials>ME</Initials></Author><Author ValidYN="Y"><LastName>Kowluru</LastName><ForeName>A</ForeName><Initials>A</Initials></Author></AuthorList><Language>eng</Language><GrantList CompleteYN="Y"><Grant><GrantID>DK-37312</GrantID><Acronym>DK</Acronym><Agency>NIDDK NIH HHS</Agency><Country>United States</Country></Grant></GrantList><PublicationTypeList><PublicationType UI="D016428">Journal Article</PublicationType><PublicationType UI="D013485">Research Support, Non-U.S. Gov't</PublicationType><PublicationType UI="D013486">Research Support, U.S. Gov't, Non-P.H.S.</PublicationType><PublicationType UI="D013487">Research Support, U.S. Gov't, P.H.S.</PublicationType></PublicationTypeList></Article><MedlineJournalInfo><Country>United States</Country><MedlineTA>Diabetes</MedlineTA><NlmUniqueID>0372763</NlmUniqueID><ISSNLinking>0012-1797</ISSNLinking></MedlineJournalInfo><ChemicalList><Chemical><RegistryNumber>0</RegistryNumber><NameOfSubstance UI="D007328">Insulin</NameOfSubstance></Chemical><Chemical><RegistryNumber>0</RegistryNumber><NameOfSubstance UI="D011685">Purine Nucleotides</NameOfSubstance></Chemical><Chemical><RegistryNumber>EC 3.1.4.-</RegistryNumber><NameOfSubstance UI="D010738">Type C Phospholipases</NameOfSubstance></Chemical></ChemicalList><CitationSubset>IM</CitationSubset><MeshHeadingList><MeshHeading><DescriptorName UI="D000818" MajorTopicYN="N">Animals</DescriptorName></MeshHeading><MeshHeading><DescriptorName UI="D003921" MajorTopicYN="N">Diabetes Mellitus, Experimental</DescriptorName><QualifierName UI="Q000503" MajorTopicYN="Y">physiopathology</QualifierName></MeshHeading><MeshHeading><DescriptorName UI="D003924" MajorTopicYN="N">Diabetes Mellitus, Type 2</DescriptorName><QualifierName UI="Q000503" MajorTopicYN="Y">physiopathology</QualifierName></MeshHeading><MeshHeading><DescriptorName UI="D004195" MajorTopicYN="N">Disease Models, Animal</DescriptorName></MeshHeading><MeshHeading><DescriptorName UI="D006801" MajorTopicYN="N">Humans</DescriptorName></MeshHeading><MeshHeading><DescriptorName UI="D007328" MajorTopicYN="N">Insulin</DescriptorName><QualifierName UI="Q000378" MajorTopicYN="Y">metabolism</QualifierName></MeshHeading><MeshHeading><DescriptorName UI="D000078790" MajorTopicYN="N">Insulin Secretion</DescriptorName></MeshHeading><MeshHeading><DescriptorName UI="D007515" MajorTopicYN="N">Islets of Langerhans</DescriptorName><QualifierName UI="Q000378" MajorTopicYN="Y">metabolism</QualifierName></MeshHeading><MeshHeading><DescriptorName UI="D011685" MajorTopicYN="N">Purine Nucleotides</DescriptorName><QualifierName UI="Q000378" MajorTopicYN="N">metabolism</QualifierName></MeshHeading><MeshHeading><DescriptorName UI="D051381" MajorTopicYN="N">Rats</DescriptorName></MeshHeading><MeshHeading><DescriptorName UI="D011919" MajorTopicYN="N">Rats, Inbred Strains</DescriptorName></MeshHeading><MeshHeading><DescriptorName UI="D017208" MajorTopicYN="N">Rats, Wistar</DescriptorName></MeshHeading><MeshHeading><DescriptorName UI="D012636" MajorTopicYN="N">Secretory Rate</DescriptorName></MeshHeading><MeshHeading><DescriptorName UI="D015398" MajorTopicYN="N">Signal Transduction</DescriptorName><QualifierName UI="Q000502" MajorTopicYN="N">physiology</QualifierName></MeshHeading><MeshHeading><DescriptorName UI="D010738" MajorTopicYN="N">Type C Phospholipases</DescriptorName><QualifierName UI="Q000378" MajorTopicYN="N">metabolism</QualifierName></MeshHeading></MeshHeadingList></MedlineCitation><PubmedData><History><PubMedPubDate PubStatus="pubmed"><Year>1999</Year><Month>9</Month><Day>10</Day></PubMedPubDate><PubMedPubDate PubStatus="medline"><Year>1999</Year><Month>9</Month><Day>10</Day><Hour>0</Hour><Minute>1</Minute></PubMedPubDate><PubMedPubDate PubStatus="entrez"><Year>1999</Year><Month>9</Month><Day>10</Day><Hour>0</Hour><Minute>0</Minute></PubMedPubDate></History><PublicationStatus>ppublish</PublicationStatus><ArticleIdList><ArticleId IdType="pubmed">10480605</ArticleId><ArticleId IdType="doi">10.2337/diabetes.48.9.1754</ArticleId></ArticleIdList></PubmedData></PubmedArticle></PubmedArticleSet>