<?xml version="1.0" ?>
<!DOCTYPE PubmedArticleSet PUBLIC "-//NLM//DTD PubMedArticle, 1st January 2019//EN" "https://dtd.nlm.nih.gov/ncbi/pubmed/out/pubmed_190101.dtd">
<PubmedArticleSet><PubmedArticle><MedlineCitation Status="MEDLINE" Owner="NLM"><PMID Version="1">10480704</PMID><DateCompleted><Year>1999</Year><Month>10</Month><Day>13</Day></DateCompleted><DateRevised><Year>2019</Year><Month>05</Month><Day>13</Day></DateRevised><Article PubModel="Print"><Journal><ISSN IssnType="Print">0300-5771</ISSN><JournalIssue CitedMedium="Print"><Volume>28</Volume><Issue>4</Issue><PubDate><Year>1999</Year><Month>Aug</Month></PubDate></JournalIssue><Title>International journal of epidemiology</Title><ISOAbbreviation>Int J Epidemiol</ISOAbbreviation></Journal><ArticleTitle>Serum true insulin concentration and the risk of clinical non-insulin dependent diabetes during long-term follow-up.</ArticleTitle><Pagination><MedlinePgn>735-41</MedlinePgn></Pagination><Abstract><AbstractText Label="BACKGROUND" NlmCategory="BACKGROUND">There is considerable evidence that insulin resistance with compensatory hyperinsulinaemia is an early and modifiable defect in the pathogenesis of non-insulin dependent diabetes (NIDDM). Current data, however, are largely based on studies that have used insulin assays which cross-react with proinsulin and other insulin precursors. Using a specific assay, we have addressed the hypothesis that an elevation of serum true insulin concentration, reflecting insulin resistance, is an early event in the pathogenesis of NIDDM.</AbstractText><AbstractText Label="METHODS" NlmCategory="METHODS">We have used a prospective cohort study design in which a group of 5550 non-diabetic men aged 40-59 years, from 18 British towns, have been followed for incident cases of physician-diagnosed NIDDM for an average of period of 14.8 years (range 13.5-15 years). We have estimated the incidence of physician-diagnosed NIDDM by quintile of non-fasting serum true insulin concentration at entry into the study.</AbstractText><AbstractText Label="RESULTS" NlmCategory="RESULTS">There were 168 cases of clinically diagnosed NIDDM among the group of 5550 men during follow-up. Mean serum insulin at entry (geometric mean and 95% range, adjusted for time of sampling) was significantly higher in men who subsequently developed NIDDM than in the rest of the cohort, 19.5 mU/l (4.3-88.2) versus 12.2 mU/l (2.7-54.0), P &lt; 0.0001. There was a highly significant linear trend of increasing risk of NIDDM by quintile of serum insulin which was not attenuated substantially after adjustment for age and body mass index (BMI) and additional lifestyle and biological factors associated with serum insulin and risk of NIDDM. However, in men with non-fasting serum glucose &gt; or =6.1 mmol/l at baseline (80th percentile, n = 1125, 82 cases), the risk of NIDDM, adjusted for age and BMI, was higher in the first quintile of serum insulin than in all other quintiles.</AbstractText><AbstractText Label="CONCLUSION" NlmCategory="CONCLUSIONS">These findings are consistent with the hypothesis that the majority of cases of adult onset NIDDM in this population are characterized by the early development of insulin resistance with compensatory true hyperinsulinaemia.</AbstractText></Abstract><AuthorList CompleteYN="Y"><Author ValidYN="Y"><LastName>Perry</LastName><ForeName>I J</ForeName><Initials>IJ</Initials><AffiliationInfo><Affiliation>Department of Primary Care and Population Sciences, The Royal Free Hospital School of Medicine, London, UK. i.perry@ucc.ie</Affiliation></AffiliationInfo></Author><Author ValidYN="Y"><LastName>Wannamethee</LastName><ForeName>S G</ForeName><Initials>SG</Initials></Author><Author ValidYN="Y"><LastName>Shaper</LastName><ForeName>A G</ForeName><Initials>AG</Initials></Author><Author ValidYN="Y"><LastName>Alberti</LastName><ForeName>K G</ForeName><Initials>KG</Initials></Author></AuthorList><Language>eng</Language><GrantList CompleteYN="Y"><Grant><Agency>Wellcome Trust</Agency><Country>United Kingdom</Country></Grant></GrantList><PublicationTypeList><PublicationType UI="D016430">Clinical Trial</PublicationType><PublicationType UI="D003160">Comparative Study</PublicationType><PublicationType UI="D016428">Journal Article</PublicationType><PublicationType UI="D016449">Randomized Controlled Trial</PublicationType><PublicationType UI="D013485">Research Support, Non-U.S. Gov't</PublicationType></PublicationTypeList></Article><MedlineJournalInfo><Country>England</Country><MedlineTA>Int J Epidemiol</MedlineTA><NlmUniqueID>7802871</NlmUniqueID><ISSNLinking>0300-5771</ISSNLinking></MedlineJournalInfo><ChemicalList><Chemical><RegistryNumber>0</RegistryNumber><NameOfSubstance UI="D015415">Biomarkers</NameOfSubstance></Chemical><Chemical><RegistryNumber>0</RegistryNumber><NameOfSubstance UI="D001786">Blood Glucose</NameOfSubstance></Chemical><Chemical><RegistryNumber>0</RegistryNumber><NameOfSubstance UI="D007328">Insulin</NameOfSubstance></Chemical></ChemicalList><CitationSubset>IM</CitationSubset><MeshHeadingList><MeshHeading><DescriptorName UI="D000328" MajorTopicYN="N">Adult</DescriptorName></MeshHeading><MeshHeading><DescriptorName UI="D000367" MajorTopicYN="N">Age Factors</DescriptorName></MeshHeading><MeshHeading><DescriptorName UI="D015415" MajorTopicYN="N">Biomarkers</DescriptorName><QualifierName UI="Q000097" MajorTopicYN="N">blood</QualifierName></MeshHeading><MeshHeading><DescriptorName UI="D001786" MajorTopicYN="N">Blood Glucose</DescriptorName><QualifierName UI="Q000378" MajorTopicYN="N">metabolism</QualifierName></MeshHeading><MeshHeading><DescriptorName UI="D015992" MajorTopicYN="N">Body Mass Index</DescriptorName></MeshHeading><MeshHeading><DescriptorName UI="D003924" MajorTopicYN="N">Diabetes Mellitus, Type 2</DescriptorName><QualifierName UI="Q000097" MajorTopicYN="N">blood</QualifierName><QualifierName UI="Q000175" MajorTopicYN="N">diagnosis</QualifierName><QualifierName UI="Q000453" MajorTopicYN="Y">epidemiology</QualifierName></MeshHeading><MeshHeading><DescriptorName UI="D004797" MajorTopicYN="N">Enzyme-Linked Immunosorbent Assay</DescriptorName></MeshHeading><MeshHeading><DescriptorName UI="D005500" MajorTopicYN="N">Follow-Up Studies</DescriptorName></MeshHeading><MeshHeading><DescriptorName UI="D006801" MajorTopicYN="N">Humans</DescriptorName></MeshHeading><MeshHeading><DescriptorName UI="D015994" MajorTopicYN="N">Incidence</DescriptorName></MeshHeading><MeshHeading><DescriptorName UI="D007328" MajorTopicYN="N">Insulin</DescriptorName><QualifierName UI="Q000097" MajorTopicYN="Y">blood</QualifierName></MeshHeading><MeshHeading><DescriptorName UI="D007333" MajorTopicYN="Y">Insulin Resistance</DescriptorName></MeshHeading><MeshHeading><DescriptorName UI="D008297" MajorTopicYN="N">Male</DescriptorName></MeshHeading><MeshHeading><DescriptorName UI="D008875" MajorTopicYN="N">Middle Aged</DescriptorName></MeshHeading><MeshHeading><DescriptorName UI="D015995" MajorTopicYN="N">Prevalence</DescriptorName></MeshHeading><MeshHeading><DescriptorName UI="D011446" MajorTopicYN="N">Prospective Studies</DescriptorName></MeshHeading><MeshHeading><DescriptorName UI="D012042" MajorTopicYN="N">Registries</DescriptorName><QualifierName UI="Q000706" MajorTopicYN="N">statistics &amp; numerical data</QualifierName></MeshHeading><MeshHeading><DescriptorName UI="D012307" MajorTopicYN="N">Risk Factors</DescriptorName></MeshHeading><MeshHeading><DescriptorName UI="D006113" MajorTopicYN="N">United Kingdom</DescriptorName><QualifierName UI="Q000453" MajorTopicYN="N">epidemiology</QualifierName></MeshHeading></MeshHeadingList></MedlineCitation><PubmedData><History><PubMedPubDate PubStatus="pubmed"><Year>1999</Year><Month>9</Month><Day>10</Day></PubMedPubDate><PubMedPubDate PubStatus="medline"><Year>1999</Year><Month>9</Month><Day>10</Day><Hour>0</Hour><Minute>1</Minute></PubMedPubDate><PubMedPubDate PubStatus="entrez"><Year>1999</Year><Month>9</Month><Day>10</Day><Hour>0</Hour><Minute>0</Minute></PubMedPubDate></History><PublicationStatus>ppublish</PublicationStatus><ArticleIdList><ArticleId IdType="pubmed">10480704</ArticleId><ArticleId IdType="doi">10.1093/ije/28.4.735</ArticleId></ArticleIdList></PubmedData></PubmedArticle></PubmedArticleSet>