<?xml version="1.0" ?>
<!DOCTYPE PubmedArticleSet PUBLIC "-//NLM//DTD PubMedArticle, 1st January 2019//EN" "https://dtd.nlm.nih.gov/ncbi/pubmed/out/pubmed_190101.dtd">
<PubmedArticleSet><PubmedArticle><MedlineCitation Status="MEDLINE" Owner="NLM"><PMID Version="1">10480608</PMID><DateCompleted><Year>1999</Year><Month>09</Month><Day>30</Day></DateCompleted><DateRevised><Year>2022</Year><Month>03</Month><Day>10</Day></DateRevised><Article PubModel="Print"><Journal><ISSN IssnType="Print">0012-1797</ISSN><JournalIssue CitedMedium="Print"><Volume>48</Volume><Issue>9</Issue><PubDate><Year>1999</Year><Month>Sep</Month></PubDate></JournalIssue><Title>Diabetes</Title><ISOAbbreviation>Diabetes</ISOAbbreviation></Journal><ArticleTitle>Comparison of tests of beta-cell function across a range of glucose tolerance from normal to diabetes.</ArticleTitle><Pagination><MedlinePgn>1779-86</MedlinePgn></Pagination><Abstract><AbstractText>Adequate comparisons of the relative performance of different tests of beta-cell function are not available. We compared discrimination of commonly used in vivo tests of beta-cell function across a range of glucose tolerance in seven subjects with normal glucose tolerance (NGT), eight subjects with impaired glucose tolerance (IGT), and nine subjects with type 2 diabetes. In random order, each subject underwent two of each of the following tests: 1) frequently sampled 0.3-g/kg intravenous glucose tolerance test (FSIVGTT) with MinMod analysis; 2) homeostasis model assessment (HOMA) from three samples at 5-min intervals with a model incorporating immunoreactive or specific insulin measurements; and 3) continuous infusion of 180 mg x min(-1) x m(-2) glucose with model assessment (CIGMA) of three samples at 50, 55, and 60 min (1-h CIGMA) and at 110, 115, and 120 min (2-h CIGMA). The discrimination of each test was assessed by the ratio of the within-subject SD to the underlying between-subject SD, the discriminant ratio (DR). The degree to which tests measured the same physiological variable was assessed using Pearson's correlation coefficient adjusted for attenuation due to test imprecision. An unbiased line of equivalence, taking into account the imprecision of both tests, was used to compare results. Beta-cell function assessed from HOMA and beta-cell function assessed from CIGMA (CIGMA%beta) (using immunoreactive insulin) had higher DRs than first-phase intravenous glucose tolerance test-derived incremental insulin peak, area, insulin-to-glucose index, and acute insulin response to glucose from FSIVGTT-MinMod. CIGMA%beta (immunoreactive insulin) had the highest DR. FSIVGTT-derived first-phase insulin response tests correlated only moderately with HOMA and CIGMA. Using specific rather than immunoreactive insulin for HOMA and CIGMA did not improve discriminatory power. Simple tests such as HOMA and CIGMA, using immunoreactive insulin, offer better beta-cell function discrimination across subjects with NGT, IGT, and type 2 diabetes than measurements derived from FSIVGTT first-phase insulin response.</AbstractText></Abstract><AuthorList CompleteYN="Y"><Author ValidYN="Y"><LastName>Hermans</LastName><ForeName>M P</ForeName><Initials>MP</Initials><AffiliationInfo><Affiliation>Nuffield Department of Clinical Medicine, Radcliffe Infirmary, Oxford University, UK. hermans@diab.ucl.ac.be</Affiliation></AffiliationInfo></Author><Author ValidYN="Y"><LastName>Levy</LastName><ForeName>J C</ForeName><Initials>JC</Initials></Author><Author ValidYN="Y"><LastName>Morris</LastName><ForeName>R J</ForeName><Initials>RJ</Initials></Author><Author ValidYN="Y"><LastName>Turner</LastName><ForeName>R C</ForeName><Initials>RC</Initials></Author></AuthorList><Language>eng</Language><PublicationTypeList><PublicationType UI="D016430">Clinical Trial</PublicationType><PublicationType UI="D003160">Comparative Study</PublicationType><PublicationType UI="D016428">Journal Article</PublicationType><PublicationType UI="D016449">Randomized Controlled Trial</PublicationType><PublicationType UI="D013485">Research Support, Non-U.S. Gov't</PublicationType></PublicationTypeList></Article><MedlineJournalInfo><Country>United States</Country><MedlineTA>Diabetes</MedlineTA><NlmUniqueID>0372763</NlmUniqueID><ISSNLinking>0012-1797</ISSNLinking></MedlineJournalInfo><CitationSubset>IM</CitationSubset><MeshHeadingList><MeshHeading><DescriptorName UI="D000704" MajorTopicYN="N">Analysis of Variance</DescriptorName></MeshHeading><MeshHeading><DescriptorName UI="D003924" MajorTopicYN="N">Diabetes Mellitus, Type 2</DescriptorName><QualifierName UI="Q000503" MajorTopicYN="Y">physiopathology</QualifierName></MeshHeading><MeshHeading><DescriptorName UI="D005951" MajorTopicYN="N">Glucose Tolerance Test</DescriptorName></MeshHeading><MeshHeading><DescriptorName UI="D006706" MajorTopicYN="N">Homeostasis</DescriptorName></MeshHeading><MeshHeading><DescriptorName UI="D006801" MajorTopicYN="N">Humans</DescriptorName></MeshHeading><MeshHeading><DescriptorName UI="D007333" MajorTopicYN="N">Insulin Resistance</DescriptorName></MeshHeading><MeshHeading><DescriptorName UI="D007515" MajorTopicYN="N">Islets of Langerhans</DescriptorName><QualifierName UI="Q000502" MajorTopicYN="Y">physiology</QualifierName></MeshHeading><MeshHeading><DescriptorName UI="D008875" MajorTopicYN="N">Middle Aged</DescriptorName></MeshHeading><MeshHeading><DescriptorName UI="D011237" MajorTopicYN="N">Predictive Value of Tests</DescriptorName></MeshHeading><MeshHeading><DescriptorName UI="D011863" MajorTopicYN="N">Radioimmunoassay</DescriptorName></MeshHeading><MeshHeading><DescriptorName UI="D012016" MajorTopicYN="N">Reference Values</DescriptorName></MeshHeading><MeshHeading><DescriptorName UI="D015203" MajorTopicYN="N">Reproducibility of Results</DescriptorName></MeshHeading></MeshHeadingList></MedlineCitation><PubmedData><History><PubMedPubDate PubStatus="pubmed"><Year>1999</Year><Month>9</Month><Day>10</Day></PubMedPubDate><PubMedPubDate PubStatus="medline"><Year>1999</Year><Month>9</Month><Day>10</Day><Hour>0</Hour><Minute>1</Minute></PubMedPubDate><PubMedPubDate PubStatus="entrez"><Year>1999</Year><Month>9</Month><Day>10</Day><Hour>0</Hour><Minute>0</Minute></PubMedPubDate></History><PublicationStatus>ppublish</PublicationStatus><ArticleIdList><ArticleId IdType="pubmed">10480608</ArticleId><ArticleId IdType="doi">10.2337/diabetes.48.9.1779</ArticleId></ArticleIdList></PubmedData></PubmedArticle></PubmedArticleSet>