<?xml version="1.0" ?>
<!DOCTYPE PubmedArticleSet PUBLIC "-//NLM//DTD PubMedArticle, 1st January 2019//EN" "https://dtd.nlm.nih.gov/ncbi/pubmed/out/pubmed_190101.dtd">
<PubmedArticleSet><PubmedArticle><MedlineCitation Status="MEDLINE" Owner="NLM"><PMID Version="1">10480769</PMID><DateCompleted><Year>1999</Year><Month>11</Month><Day>03</Day></DateCompleted><DateRevised><Year>2019</Year><Month>05</Month><Day>15</Day></DateRevised><Article PubModel="Print"><Journal><ISSN IssnType="Print">0149-5992</ISSN><JournalIssue CitedMedium="Print"><Volume>22</Volume><Issue>8</Issue><PubDate><Year>1999</Year><Month>Aug</Month></PubDate></JournalIssue><Title>Diabetes care</Title><ISOAbbreviation>Diabetes Care</ISOAbbreviation></Journal><ArticleTitle>Weight change and duration of overweight and obesity in the incidence of type 2 diabetes.</ArticleTitle><Pagination><MedlinePgn>1266-72</MedlinePgn></Pagination><Abstract><AbstractText Label="OBJECTIVE" NlmCategory="OBJECTIVE">To examine the relationship between weight change and duration of overweight and obesity and the incidence of type 2 diabetes in a cohort of middle-aged British men.</AbstractText><AbstractText Label="RESEARCH DESIGN AND METHODS" NlmCategory="METHODS">We carried out a prospective study of cardiovascular disease in men aged 40-59 years at screening (1978-1980), drawn from one general practice in 24 British towns, who completed a postal questionnaire 5 years later (Q5) and for whom data on BMI at year 1 (Q1) and Q5 were available (n = 7,100). Men with diabetes at Q1 or Q5 and men with hyperglycemia at Q1 were excluded from the study (n = 184). The main outcome measure was type 2 diabetes (physician-diagnosed) during a mean follow-up period of 12 years starting at Q5 (1983-1985).</AbstractText><AbstractText Label="RESULTS" NlmCategory="RESULTS">In the 6,916 men with no history or evidence of diabetes, there were 237 incident cases of type 2 diabetes during the mean follow-up period of 12 years, a rate of 3.2/1,000 person-years. Substantial weight gain (&gt;10%) was associated with a significant increase in risk of type 2 diabetes compared with that in men with stable weight (relative risk [RR] 1.61 [95% CI 1.01-2.56]) after adjustment for age, initial BMI, and other risk factors. Excluding men who developed diabetes within 4 years after the period of weight change increased the risk further (1.81 [1.09-3.00]). After adjustment and exclusion of men who developed diabetes early in the follow-up, weight loss (&gt; or =4%) was associated with a reduction in the risk of type 2 diabetes, compared with that in the stable group, that reached marginal significance (0.65 [0.42-1.03], P = 0.07). A test for trend that fitted weight change as a continuous covariate showed the risk of diabetes to increase significantly from maximum weight loss to maximum weight gain (P = 0.0009). The lower risk associated with weight loss was seen in obese (&gt; or =28 kg/m2) and nonobese subjects and in men with normal (&lt;6.1 mmol/l) and high (&gt; or =6.1 mmol/l) nonfasting blood glucose levels. Although not statistically significant, this is consistent with a benefit from weight loss. Risk of type 2 diabetes increased progressively and significantly with increasing levels of initial BMI and also with the duration of overweight and obesity (P&lt;0.0001).</AbstractText><AbstractText Label="CONCLUSIONS" NlmCategory="CONCLUSIONS">This study confirms the critical importance of overweight and obesity, particularly of long duration, in the development of type 2 diabetes. The data support current public health recommendations to reduce the risk of type 2 diabetes by preventing weight gain in middle-aged men who are not overweight and by encouraging weight loss in overweight and obese men.</AbstractText></Abstract><AuthorList CompleteYN="Y"><Author ValidYN="Y"><LastName>Wannamethee</LastName><ForeName>S G</ForeName><Initials>SG</Initials><AffiliationInfo><Affiliation>Department of Primary Care and Population Sciences, The Royal Free and University College Medical School, London, UK.</Affiliation></AffiliationInfo></Author><Author ValidYN="Y"><LastName>Shaper</LastName><ForeName>A G</ForeName><Initials>AG</Initials></Author></AuthorList><Language>eng</Language><PublicationTypeList><PublicationType UI="D016428">Journal Article</PublicationType><PublicationType UI="D013485">Research Support, Non-U.S. Gov't</PublicationType></PublicationTypeList></Article><MedlineJournalInfo><Country>United States</Country><MedlineTA>Diabetes Care</MedlineTA><NlmUniqueID>7805975</NlmUniqueID><ISSNLinking>0149-5992</ISSNLinking></MedlineJournalInfo><ChemicalList><Chemical><RegistryNumber>0</RegistryNumber><NameOfSubstance UI="D001786">Blood Glucose</NameOfSubstance></Chemical></ChemicalList><CitationSubset>IM</CitationSubset><MeshHeadingList><MeshHeading><DescriptorName UI="D000328" MajorTopicYN="N">Adult</DescriptorName></MeshHeading><MeshHeading><DescriptorName UI="D001786" MajorTopicYN="N">Blood Glucose</DescriptorName><QualifierName UI="Q000378" MajorTopicYN="N">metabolism</QualifierName></MeshHeading><MeshHeading><DescriptorName UI="D015992" MajorTopicYN="N">Body Mass Index</DescriptorName></MeshHeading><MeshHeading><DescriptorName UI="D001835" MajorTopicYN="N">Body Weight</DescriptorName><QualifierName UI="Q000502" MajorTopicYN="Y">physiology</QualifierName></MeshHeading><MeshHeading><DescriptorName UI="D003430" MajorTopicYN="N">Cross-Sectional Studies</DescriptorName></MeshHeading><MeshHeading><DescriptorName UI="D003920" MajorTopicYN="N">Diabetes Mellitus</DescriptorName><QualifierName UI="Q000453" MajorTopicYN="Y">epidemiology</QualifierName></MeshHeading><MeshHeading><DescriptorName UI="D003924" MajorTopicYN="N">Diabetes Mellitus, Type 2</DescriptorName><QualifierName UI="Q000453" MajorTopicYN="Y">epidemiology</QualifierName><QualifierName UI="Q000503" MajorTopicYN="N">physiopathology</QualifierName></MeshHeading><MeshHeading><DescriptorName UI="D006801" MajorTopicYN="N">Humans</DescriptorName></MeshHeading><MeshHeading><DescriptorName UI="D015994" MajorTopicYN="N">Incidence</DescriptorName></MeshHeading><MeshHeading><DescriptorName UI="D008297" MajorTopicYN="N">Male</DescriptorName></MeshHeading><MeshHeading><DescriptorName UI="D008875" MajorTopicYN="N">Middle Aged</DescriptorName></MeshHeading><MeshHeading><DescriptorName UI="D009765" MajorTopicYN="Y">Obesity</DescriptorName></MeshHeading><MeshHeading><DescriptorName UI="D012307" MajorTopicYN="N">Risk Factors</DescriptorName></MeshHeading><MeshHeading><DescriptorName UI="D011795" MajorTopicYN="N">Surveys and Questionnaires</DescriptorName></MeshHeading><MeshHeading><DescriptorName UI="D016896" MajorTopicYN="N">Treatment Outcome</DescriptorName></MeshHeading><MeshHeading><DescriptorName UI="D006113" MajorTopicYN="N">United Kingdom</DescriptorName><QualifierName UI="Q000453" MajorTopicYN="N">epidemiology</QualifierName></MeshHeading><MeshHeading><DescriptorName UI="D015431" MajorTopicYN="N">Weight Loss</DescriptorName><QualifierName UI="Q000502" MajorTopicYN="N">physiology</QualifierName></MeshHeading></MeshHeadingList></MedlineCitation><PubmedData><History><PubMedPubDate PubStatus="pubmed"><Year>1999</Year><Month>9</Month><Day>10</Day></PubMedPubDate><PubMedPubDate PubStatus="medline"><Year>1999</Year><Month>9</Month><Day>10</Day><Hour>0</Hour><Minute>1</Minute></PubMedPubDate><PubMedPubDate PubStatus="entrez"><Year>1999</Year><Month>9</Month><Day>10</Day><Hour>0</Hour><Minute>0</Minute></PubMedPubDate></History><PublicationStatus>ppublish</PublicationStatus><ArticleIdList><ArticleId IdType="pubmed">10480769</ArticleId><ArticleId IdType="doi">10.2337/diacare.22.8.1266</ArticleId></ArticleIdList></PubmedData></PubmedArticle></PubmedArticleSet>