<?xml version="1.0" ?>
<!DOCTYPE PubmedArticleSet PUBLIC "-//NLM//DTD PubMedArticle, 1st January 2019//EN" "https://dtd.nlm.nih.gov/ncbi/pubmed/out/pubmed_190101.dtd">
<PubmedArticleSet><PubmedArticle><MedlineCitation Status="MEDLINE" Owner="NLM"><PMID Version="1">10480505</PMID><DateCompleted><Year>1999</Year><Month>11</Month><Day>10</Day></DateCompleted><DateRevised><Year>2019</Year><Month>05</Month><Day>15</Day></DateRevised><Article PubModel="Print"><Journal><ISSN IssnType="Print">0149-5992</ISSN><JournalIssue CitedMedium="Print"><Volume>22</Volume><Issue>9</Issue><PubDate><Year>1999</Year><Month>Sep</Month></PubDate></JournalIssue><Title>Diabetes care</Title><ISOAbbreviation>Diabetes Care</ISOAbbreviation></Journal><ArticleTitle>Daily alcohol consumption and the risk of type 2 diabetes in Japanese men: the Osaka Health Survey.</ArticleTitle><Pagination><MedlinePgn>1432-7</MedlinePgn></Pagination><Abstract><AbstractText Label="OBJECTIVE" NlmCategory="OBJECTIVE">To investigate the relationship between daily alcohol consumption and the risk of type 2 diabetes in a large Japanese cohort.</AbstractText><AbstractText Label="RESEARCH DESIGN AND METHODS" NlmCategory="METHODS">We enrolled 6,362 Japanese men aged 35-61 years who did not have diabetes, impaired fasting glucose, hypertension, or liver cirrhosis at study entry. Type 2 diabetes was defined as a fasting plasma glucose (FPG) level &gt; or =126 mg/dl or was diagnosed by a physician. Data on alcohol consumption were obtained from questionnaires. We confirmed 456 cases of type 2 diabetes during the 62,016 person-years of follow-up.</AbstractText><AbstractText Label="RESULTS" NlmCategory="RESULTS">The relationship between daily alcohol consumption and the risk of type 2 diabetes among lean men and among men with a higher BMI was paradoxical. Among lean men (BMI &lt; or =22.0 kg/m2), heavy drinking was associated with an increased risk of type 2 diabetes. Men who consumed &gt; or =50.1 ml/day of alcohol had a relative risk (RR) of 2.48 (95% CI 1.31-4.71) compared with nondrinkers after adjusting for age, BMI, regular physical exercise, parental history of diabetes, smoking habits, and FPG level. However, among men with a BMI &gt; or =22.1 kg/m2, moderate drinking (29.1-50.0 ml/day) was associated with a decreased risk of type 2 diabetes. Daily moderate drinkers had a multiple adjusted RR of 0.58 (0.39-0.87) compared with nondrinkers.</AbstractText><AbstractText Label="CONCLUSIONS" NlmCategory="CONCLUSIONS">Among men with a BMI &gt; or =22.1 kg/m2, moderate alcohol consumption was associated with a reduced risk of type 2 diabetes, but among lean men (BMI &lt; or =22.0 kg/m2), heavy alcohol consumption was associated with an increased risk of type 2 diabetes.</AbstractText></Abstract><AuthorList CompleteYN="Y"><Author ValidYN="Y"><LastName>Tsumura</LastName><ForeName>K</ForeName><Initials>K</Initials><AffiliationInfo><Affiliation>Second Department of Internal Medicine, Osaka City University Medical School, Osaka, Japan.</Affiliation></AffiliationInfo></Author><Author ValidYN="Y"><LastName>Hayashi</LastName><ForeName>T</ForeName><Initials>T</Initials></Author><Author ValidYN="Y"><LastName>Suematsu</LastName><ForeName>C</ForeName><Initials>C</Initials></Author><Author ValidYN="Y"><LastName>Endo</LastName><ForeName>G</ForeName><Initials>G</Initials></Author><Author ValidYN="Y"><LastName>Fujii</LastName><ForeName>S</ForeName><Initials>S</Initials></Author><Author ValidYN="Y"><LastName>Okada</LastName><ForeName>K</ForeName><Initials>K</Initials></Author></AuthorList><Language>eng</Language><PublicationTypeList><PublicationType UI="D016428">Journal Article</PublicationType></PublicationTypeList></Article><MedlineJournalInfo><Country>United States</Country><MedlineTA>Diabetes Care</MedlineTA><NlmUniqueID>7805975</NlmUniqueID><ISSNLinking>0149-5992</ISSNLinking></MedlineJournalInfo><ChemicalList><Chemical><RegistryNumber>0</RegistryNumber><NameOfSubstance UI="D001786">Blood Glucose</NameOfSubstance></Chemical></ChemicalList><CitationSubset>IM</CitationSubset><MeshHeadingList><MeshHeading><DescriptorName UI="D000328" MajorTopicYN="N">Adult</DescriptorName></MeshHeading><MeshHeading><DescriptorName UI="D000428" MajorTopicYN="N">Alcohol Drinking</DescriptorName><QualifierName UI="Q000009" MajorTopicYN="Y">adverse effects</QualifierName></MeshHeading><MeshHeading><DescriptorName UI="D001786" MajorTopicYN="N">Blood Glucose</DescriptorName><QualifierName UI="Q000378" MajorTopicYN="N">metabolism</QualifierName></MeshHeading><MeshHeading><DescriptorName UI="D015992" MajorTopicYN="N">Body Mass Index</DescriptorName></MeshHeading><MeshHeading><DescriptorName UI="D003924" MajorTopicYN="N">Diabetes Mellitus, Type 2</DescriptorName><QualifierName UI="Q000139" MajorTopicYN="Y">chemically induced</QualifierName><QualifierName UI="Q000175" MajorTopicYN="N">diagnosis</QualifierName></MeshHeading><MeshHeading><DescriptorName UI="D004334" MajorTopicYN="N">Drug Administration Schedule</DescriptorName></MeshHeading><MeshHeading><DescriptorName UI="D006801" MajorTopicYN="N">Humans</DescriptorName></MeshHeading><MeshHeading><DescriptorName UI="D007564" MajorTopicYN="N" Type="Geographic">Japan</DescriptorName></MeshHeading><MeshHeading><DescriptorName UI="D008297" MajorTopicYN="N">Male</DescriptorName></MeshHeading><MeshHeading><DescriptorName UI="D008875" MajorTopicYN="N">Middle Aged</DescriptorName></MeshHeading><MeshHeading><DescriptorName UI="D012307" MajorTopicYN="N">Risk Factors</DescriptorName></MeshHeading><MeshHeading><DescriptorName UI="D011795" MajorTopicYN="N">Surveys and Questionnaires</DescriptorName></MeshHeading></MeshHeadingList></MedlineCitation><PubmedData><History><PubMedPubDate PubStatus="pubmed"><Year>1999</Year><Month>9</Month><Day>10</Day></PubMedPubDate><PubMedPubDate PubStatus="medline"><Year>1999</Year><Month>9</Month><Day>10</Day><Hour>0</Hour><Minute>1</Minute></PubMedPubDate><PubMedPubDate PubStatus="entrez"><Year>1999</Year><Month>9</Month><Day>10</Day><Hour>0</Hour><Minute>0</Minute></PubMedPubDate></History><PublicationStatus>ppublish</PublicationStatus><ArticleIdList><ArticleId IdType="pubmed">10480505</ArticleId><ArticleId IdType="doi">10.2337/diacare.22.9.1432</ArticleId></ArticleIdList></PubmedData></PubmedArticle></PubmedArticleSet>