<?xml version="1.0" ?>
<!DOCTYPE PubmedArticleSet PUBLIC "-//NLM//DTD PubMedArticle, 1st January 2019//EN" "https://dtd.nlm.nih.gov/ncbi/pubmed/out/pubmed_190101.dtd">
<PubmedArticleSet><PubmedArticle><MedlineCitation Status="MEDLINE" Owner="NLM"><PMID Version="1">10480600</PMID><DateCompleted><Year>1999</Year><Month>09</Month><Day>30</Day></DateCompleted><DateRevised><Year>2019</Year><Month>05</Month><Day>15</Day></DateRevised><Article PubModel="Print"><Journal><ISSN IssnType="Print">0012-1797</ISSN><JournalIssue CitedMedium="Print"><Volume>48</Volume><Issue>9</Issue><PubDate><Year>1999</Year><Month>Sep</Month></PubDate></JournalIssue><Title>Diabetes</Title><ISOAbbreviation>Diabetes</ISOAbbreviation></Journal><ArticleTitle>Insulin B-chain reactive CD4+ regulatory T-cells induced by oral insulin treatment protect from type 1 diabetes by blocking the cytokine secretion and pancreatic infiltration of diabetogenic effector T-cells.</ArticleTitle><Pagination><MedlinePgn>1720-9</MedlinePgn></Pagination><Abstract><AbstractText>The mechanism of protection from type 1 diabetes conferred by regulatory T-cells induced by oral insulin treatment of NOD mice is not well understood. We demonstrate that oral insulin feeding of NOD mice induces the function of insulin B-chain reactive CD4+ regulatory T-cells, which compete with diabetogenic effector T-cells for the recognition of insulin in NOD.Scid recipient mice. These effector T-cells become deprived of interleukin (IL)-2 and interferon (IFN)-gamma and are unable to expand and migrate to the pancreas. Type 1 diabetes-protective splenic regulatory T-cells secrete relatively little transforming growth factor (TGF)-beta1, suggesting that TGF-beta may not contribute to the inactivation of effector T-cells in NOD.Scid recipients. The observed preferential infiltration of insulin-reactive regulatory T-cells rather than effector T-cells in the pancreas results in a nondestructive insulitis that correlates with an increased intrapancreatic expression of macrophage inflammatory protein-1beta. Thus, oral insulin therapy overcomes a deficiency in regulatory T-cells and protects against type 1 diabetes by inducing insulin B-chain reactive regulatory T-cells to block cytokine secretion and migration of diabetogenic effector T-cells to the pancreas. Our data emphasize that continuous oral insulin feeding over a prolonged period is required to prevent type 1 diabetes.</AbstractText></Abstract><AuthorList CompleteYN="Y"><Author ValidYN="Y"><LastName>Bergerot</LastName><ForeName>I</ForeName><Initials>I</Initials><AffiliationInfo><Affiliation>Autoimmunity/Diabetes Group, The John P. Robarts Research Institute, London, Ontario, Canada.</Affiliation></AffiliationInfo></Author><Author ValidYN="Y"><LastName>Arreaza</LastName><ForeName>G A</ForeName><Initials>GA</Initials></Author><Author ValidYN="Y"><LastName>Cameron</LastName><ForeName>M J</ForeName><Initials>MJ</Initials></Author><Author ValidYN="Y"><LastName>Burdick</LastName><ForeName>M D</ForeName><Initials>MD</Initials></Author><Author ValidYN="Y"><LastName>Strieter</LastName><ForeName>R M</ForeName><Initials>RM</Initials></Author><Author ValidYN="Y"><LastName>Chensue</LastName><ForeName>S W</ForeName><Initials>SW</Initials></Author><Author ValidYN="Y"><LastName>Chakrabarti</LastName><ForeName>S</ForeName><Initials>S</Initials></Author><Author ValidYN="Y"><LastName>Delovitch</LastName><ForeName>T L</ForeName><Initials>TL</Initials></Author></AuthorList><Language>eng</Language><GrantList CompleteYN="Y"><Grant><GrantID>HL31693</GrantID><Acronym>HL</Acronym><Agency>NHLBI NIH HHS</Agency><Country>United States</Country></Grant><Grant><GrantID>P50HL46487</GrantID><Acronym>HL</Acronym><Agency>NHLBI NIH HHS</Agency><Country>United States</Country></Grant></GrantList><PublicationTypeList><PublicationType UI="D016428">Journal Article</PublicationType><PublicationType UI="D013485">Research Support, Non-U.S. Gov't</PublicationType><PublicationType UI="D013486">Research Support, U.S. Gov't, Non-P.H.S.</PublicationType><PublicationType UI="D013487">Research Support, U.S. Gov't, P.H.S.</PublicationType></PublicationTypeList></Article><MedlineJournalInfo><Country>United States</Country><MedlineTA>Diabetes</MedlineTA><NlmUniqueID>0372763</NlmUniqueID><ISSNLinking>0012-1797</ISSNLinking></MedlineJournalInfo><ChemicalList><Chemical><RegistryNumber>0</RegistryNumber><NameOfSubstance UI="D016207">Cytokines</NameOfSubstance></Chemical><Chemical><RegistryNumber>0</RegistryNumber><NameOfSubstance UI="D007004">Hypoglycemic Agents</NameOfSubstance></Chemical><Chemical><RegistryNumber>0</RegistryNumber><NameOfSubstance UI="D007328">Insulin</NameOfSubstance></Chemical><Chemical><RegistryNumber>0</RegistryNumber><NameOfSubstance UI="D010446">Peptide Fragments</NameOfSubstance></Chemical></ChemicalList><CitationSubset>IM</CitationSubset><MeshHeadingList><MeshHeading><DescriptorName UI="D000284" MajorTopicYN="N">Administration, Oral</DescriptorName></MeshHeading><MeshHeading><DescriptorName UI="D019264" MajorTopicYN="N">Adoptive Transfer</DescriptorName></MeshHeading><MeshHeading><DescriptorName UI="D000818" MajorTopicYN="N">Animals</DescriptorName></MeshHeading><MeshHeading><DescriptorName UI="D015496" MajorTopicYN="N">CD4-Positive T-Lymphocytes</DescriptorName><QualifierName UI="Q000187" MajorTopicYN="Y">drug effects</QualifierName><QualifierName UI="Q000276" MajorTopicYN="N">immunology</QualifierName></MeshHeading><MeshHeading><DescriptorName UI="D016207" MajorTopicYN="N">Cytokines</DescriptorName><QualifierName UI="Q000378" MajorTopicYN="Y">metabolism</QualifierName></MeshHeading><MeshHeading><DescriptorName UI="D003922" MajorTopicYN="N">Diabetes Mellitus, Type 1</DescriptorName><QualifierName UI="Q000276" MajorTopicYN="N">immunology</QualifierName><QualifierName UI="Q000517" MajorTopicYN="Y">prevention &amp; control</QualifierName></MeshHeading><MeshHeading><DescriptorName UI="D007004" MajorTopicYN="N">Hypoglycemic Agents</DescriptorName><QualifierName UI="Q000737" MajorTopicYN="N">chemistry</QualifierName><QualifierName UI="Q000276" MajorTopicYN="N">immunology</QualifierName><QualifierName UI="Q000627" MajorTopicYN="Y">therapeutic use</QualifierName></MeshHeading><MeshHeading><DescriptorName UI="D007328" MajorTopicYN="N">Insulin</DescriptorName><QualifierName UI="Q000737" MajorTopicYN="N">chemistry</QualifierName><QualifierName UI="Q000276" MajorTopicYN="N">immunology</QualifierName><QualifierName UI="Q000627" MajorTopicYN="Y">therapeutic use</QualifierName></MeshHeading><MeshHeading><DescriptorName UI="D051379" MajorTopicYN="N">Mice</DescriptorName></MeshHeading><MeshHeading><DescriptorName UI="D016688" MajorTopicYN="N">Mice, Inbred NOD</DescriptorName></MeshHeading><MeshHeading><DescriptorName UI="D010179" MajorTopicYN="N">Pancreas</DescriptorName><QualifierName UI="Q000276" MajorTopicYN="N">immunology</QualifierName></MeshHeading><MeshHeading><DescriptorName UI="D010446" MajorTopicYN="N">Peptide Fragments</DescriptorName><QualifierName UI="Q000276" MajorTopicYN="N">immunology</QualifierName></MeshHeading><MeshHeading><DescriptorName UI="D050378" MajorTopicYN="N">T-Lymphocytes, Regulatory</DescriptorName><QualifierName UI="Q000187" MajorTopicYN="N">drug effects</QualifierName><QualifierName UI="Q000276" MajorTopicYN="N">immunology</QualifierName></MeshHeading></MeshHeadingList></MedlineCitation><PubmedData><History><PubMedPubDate PubStatus="pubmed"><Year>1999</Year><Month>9</Month><Day>10</Day></PubMedPubDate><PubMedPubDate PubStatus="medline"><Year>1999</Year><Month>9</Month><Day>10</Day><Hour>0</Hour><Minute>1</Minute></PubMedPubDate><PubMedPubDate PubStatus="entrez"><Year>1999</Year><Month>9</Month><Day>10</Day><Hour>0</Hour><Minute>0</Minute></PubMedPubDate></History><PublicationStatus>ppublish</PublicationStatus><ArticleIdList><ArticleId IdType="pubmed">10480600</ArticleId><ArticleId IdType="doi">10.2337/diabetes.48.9.1720</ArticleId></ArticleIdList></PubmedData></PubmedArticle></PubmedArticleSet>