<?xml version="1.0" ?>
<!DOCTYPE PubmedArticleSet PUBLIC "-//NLM//DTD PubMedArticle, 1st January 2019//EN" "https://dtd.nlm.nih.gov/ncbi/pubmed/out/pubmed_190101.dtd">
<PubmedArticleSet><PubmedArticle><MedlineCitation Status="MEDLINE" Owner="NLM"><PMID Version="1">10480774</PMID><DateCompleted><Year>1999</Year><Month>11</Month><Day>03</Day></DateCompleted><DateRevised><Year>2022</Year><Month>03</Month><Day>18</Day></DateRevised><Article PubModel="Print"><Journal><ISSN IssnType="Print">0149-5992</ISSN><JournalIssue CitedMedium="Print"><Volume>22</Volume><Issue>8</Issue><PubDate><Year>1999</Year><Month>Aug</Month></PubDate></JournalIssue><Title>Diabetes care</Title><ISOAbbreviation>Diabetes Care</ISOAbbreviation></Journal><ArticleTitle>Treatment of symptomatic diabetic polyneuropathy with the antioxidant alpha-lipoic acid: a 7-month multicenter randomized controlled trial (ALADIN III Study). ALADIN III Study Group. Alpha-Lipoic Acid in Diabetic Neuropathy.</ArticleTitle><Pagination><MedlinePgn>1296-301</MedlinePgn></Pagination><Abstract><AbstractText Label="OBJECTIVE" NlmCategory="OBJECTIVE">To evaluate the efficacy and safety of alpha-lipoic acid given intravenously, followed by oral treatment in type 2 diabetic patients with symptomatic polyneuropathy.</AbstractText><AbstractText Label="RESEARCH DESIGN AND METHODS" NlmCategory="METHODS">In a multicenter randomized double-blind placebo-controlled trial (Alpha-Lipoic Acid in Diabetic Neuropathy [ALADIN] III Study), 509 outpatients were randomly assigned to sequential treatment with 600 mg alpha-lipoic acid once daily intravenously for 3 weeks, followed by 600 mg alpha-lipoic acid three times a day orally for 6 months (A-A; n = 167); 600 mg alpha-lipoic acid once daily intravenously for 3 weeks, followed by placebo three times a day orally for 6 months (A-P; n = 174); and placebo once daily intravenously for 3 weeks, followed by placebo three times a day orally for 6 months (P-P; n = 168). Outcome measures included the Total Symptom Score (TSS) for neuropathic symptoms (pain, burning, paresthesias, and numbness) in the feet, and the Neuropathy Impairment Score (NIS). Data analysis was based on the intention to treat.</AbstractText><AbstractText Label="RESULTS" NlmCategory="RESULTS">No significant differences between the groups were noted for the demographic variables and the nerve function parameters at baseline. The TSS in the feet decreased from baseline to day 19 (median [range]) by -3.7 (-12.6 to 5.0) points in the group given alpha-lipoic acid intravenously and by -3.0 (-12.3 to 8.0) points in the placebo group (P = 0.447), but the area under curve on a daily basis was significantly smaller in the active as compared with the placebo group (85.6 [0-219] vs. 95.9 [5.5-220]); P = 0.033). After 7 months, the changes in the TSS from baseline were not significantly different between the three groups studied, which could be due to increasing intercenter variability in the TSS during the trial. The NIS decreased after 19 days by -4.34+/-0.35 points (mean +/- SEM) in A-A and A-P and -3.49+/-0.58 points in P-P (P = 0.02 for alpha-lipoic acid versus placebo) and after 7 months by -5.82+/-0.73 points in A-A, -5.76+/-0.69 points in A-P, and -4.37+/-0.83 points in P-P (P = 0.09 for A-A vs. P-P). The rates of adverse events were not different between the groups throughout the study.</AbstractText><AbstractText Label="CONCLUSIONS" NlmCategory="CONCLUSIONS">These findings indicate that a 3-week intravenous treatment with alpha-lipoic acid, followed by a 6-month oral treatment, had no effect on neuropathic symptoms distinguishable from placebo to a clinically meaningful degree, possibly due to increasing intercenter variability in symptom scoring during the study. However, this treatment was associated with a favorable effect on neuropathic deficits without causing significant adverse reactions. Long-term trials that focus on neuropathic deficits rather than symptoms as the primary criterion of efficacy are needed to see whether oral treatment with alpha-lipoic acid over several years may slow or reverse the progression of diabetic neuropathy.</AbstractText></Abstract><AuthorList CompleteYN="Y"><Author ValidYN="Y"><LastName>Ziegler</LastName><ForeName>D</ForeName><Initials>D</Initials><AffiliationInfo><Affiliation>Diabetes-Forschungsinstitut an der Heinrich-Heine-Universität, Düsseldorf, Germany. dan.ziegler@dfi.uni-duesseldorf.de</Affiliation></AffiliationInfo></Author><Author ValidYN="Y"><LastName>Hanefeld</LastName><ForeName>M</ForeName><Initials>M</Initials></Author><Author ValidYN="Y"><LastName>Ruhnau</LastName><ForeName>K J</ForeName><Initials>KJ</Initials></Author><Author ValidYN="Y"><LastName>Hasche</LastName><ForeName>H</ForeName><Initials>H</Initials></Author><Author ValidYN="Y"><LastName>Lobisch</LastName><ForeName>M</ForeName><Initials>M</Initials></Author><Author ValidYN="Y"><LastName>Schütte</LastName><ForeName>K</ForeName><Initials>K</Initials></Author><Author ValidYN="Y"><LastName>Kerum</LastName><ForeName>G</ForeName><Initials>G</Initials></Author><Author ValidYN="Y"><LastName>Malessa</LastName><ForeName>R</ForeName><Initials>R</Initials></Author></AuthorList><Language>eng</Language><PublicationTypeList><PublicationType UI="D016430">Clinical Trial</PublicationType><PublicationType UI="D016428">Journal Article</PublicationType><PublicationType UI="D016448">Multicenter Study</PublicationType><PublicationType UI="D016449">Randomized Controlled Trial</PublicationType><PublicationType UI="D013485">Research Support, Non-U.S. Gov't</PublicationType></PublicationTypeList></Article><MedlineJournalInfo><Country>United States</Country><MedlineTA>Diabetes Care</MedlineTA><NlmUniqueID>7805975</NlmUniqueID><ISSNLinking>0149-5992</ISSNLinking></MedlineJournalInfo><ChemicalList><Chemical><RegistryNumber>0</RegistryNumber><NameOfSubstance UI="D000975">Antioxidants</NameOfSubstance></Chemical><Chemical><RegistryNumber>73Y7P0K73Y</RegistryNumber><NameOfSubstance UI="D008063">Thioctic Acid</NameOfSubstance></Chemical></ChemicalList><CitationSubset>IM</CitationSubset><MeshHeadingList><MeshHeading><DescriptorName UI="D000284" MajorTopicYN="N">Administration, Oral</DescriptorName></MeshHeading><MeshHeading><DescriptorName UI="D000975" MajorTopicYN="N">Antioxidants</DescriptorName><QualifierName UI="Q000627" MajorTopicYN="Y">therapeutic use</QualifierName></MeshHeading><MeshHeading><DescriptorName UI="D003924" MajorTopicYN="N">Diabetes Mellitus, Type 2</DescriptorName><QualifierName UI="Q000150" MajorTopicYN="N">complications</QualifierName><QualifierName UI="Q000188" MajorTopicYN="Y">drug therapy</QualifierName></MeshHeading><MeshHeading><DescriptorName UI="D003929" MajorTopicYN="N">Diabetic Neuropathies</DescriptorName><QualifierName UI="Q000188" MajorTopicYN="Y">drug therapy</QualifierName></MeshHeading><MeshHeading><DescriptorName UI="D004311" MajorTopicYN="N">Double-Blind Method</DescriptorName></MeshHeading><MeshHeading><DescriptorName UI="D005260" MajorTopicYN="N">Female</DescriptorName></MeshHeading><MeshHeading><DescriptorName UI="D005500" MajorTopicYN="N">Follow-Up Studies</DescriptorName></MeshHeading><MeshHeading><DescriptorName UI="D006801" MajorTopicYN="N">Humans</DescriptorName></MeshHeading><MeshHeading><DescriptorName UI="D007275" MajorTopicYN="N">Injections, Intravenous</DescriptorName></MeshHeading><MeshHeading><DescriptorName UI="D008297" MajorTopicYN="N">Male</DescriptorName></MeshHeading><MeshHeading><DescriptorName UI="D008875" MajorTopicYN="N">Middle Aged</DescriptorName></MeshHeading><MeshHeading><DescriptorName UI="D008063" MajorTopicYN="N">Thioctic Acid</DescriptorName><QualifierName UI="Q000627" MajorTopicYN="Y">therapeutic use</QualifierName></MeshHeading><MeshHeading><DescriptorName UI="D016896" MajorTopicYN="N">Treatment Outcome</DescriptorName></MeshHeading></MeshHeadingList></MedlineCitation><PubmedData><History><PubMedPubDate PubStatus="pubmed"><Year>1999</Year><Month>9</Month><Day>10</Day></PubMedPubDate><PubMedPubDate PubStatus="medline"><Year>1999</Year><Month>9</Month><Day>10</Day><Hour>0</Hour><Minute>1</Minute></PubMedPubDate><PubMedPubDate PubStatus="entrez"><Year>1999</Year><Month>9</Month><Day>10</Day><Hour>0</Hour><Minute>0</Minute></PubMedPubDate></History><PublicationStatus>ppublish</PublicationStatus><ArticleIdList><ArticleId IdType="pubmed">10480774</ArticleId><ArticleId IdType="doi">10.2337/diacare.22.8.1296</ArticleId></ArticleIdList></PubmedData></PubmedArticle></PubmedArticleSet>