<?xml version="1.0" ?>
<!DOCTYPE PubmedArticleSet PUBLIC "-//NLM//DTD PubMedArticle, 1st January 2019//EN" "https://dtd.nlm.nih.gov/ncbi/pubmed/out/pubmed_190101.dtd">
<PubmedArticleSet><PubmedArticle><MedlineCitation Status="MEDLINE" Owner="NLM"><PMID Version="1">10480766</PMID><DateCompleted><Year>1999</Year><Month>11</Month><Day>03</Day></DateCompleted><DateRevised><Year>2019</Year><Month>05</Month><Day>15</Day></DateRevised><Article PubModel="Print"><Journal><ISSN IssnType="Print">0149-5992</ISSN><JournalIssue CitedMedium="Print"><Volume>22</Volume><Issue>8</Issue><PubDate><Year>1999</Year><Month>Aug</Month></PubDate></JournalIssue><Title>Diabetes care</Title><ISOAbbreviation>Diabetes Care</ISOAbbreviation></Journal><ArticleTitle>Use of a plastic insulin dosage guide to correct blood glucose levels out of the target range and for carbohydrate counting in subjects with type 1 diabetes.</ArticleTitle><Pagination><MedlinePgn>1252-7</MedlinePgn></Pagination><Abstract><AbstractText Label="OBJECTIVE" NlmCategory="OBJECTIVE">To improve glycemic control, a hand-held plastic Insulin Dosage Guide was developed to correct blood glucose levels outside of the target range.</AbstractText><AbstractText Label="RESEARCH DESIGN AND METHODS" NlmCategory="METHODS">Protocol 1: Some 40 children (mean age 10.6+/-4.6 years) were randomly assigned for 3 months to use a written-on-paper algorithm or the Insulin Dosage Guide to correct abnormal blood glucose levels. Mean HbA1c and blood glucose levels and time to teach insulin dosage correction were compared. Protocol 2: The Insulin Dosage Guide was used by 83 subjects (mean age 11.4+/-4.3 years) for 1 year, and mean HbA1c levels, blood glucose levels, and number of consecutive high blood glucose values taken before and after the year were compared. Protocol 3: Some 20 patients (mean age 10.1+/-3.7 years) using rapid-acting insulin and 64 patients (mean age 15.9+/-3.6 years) using an insulin pump and rapid-acting insulin used the Insulin Dosage Guide and had mean blood glucose levels, HbA1c, and percentage of blood glucose levels outside of the target range determined.</AbstractText><AbstractText Label="RESULTS" NlmCategory="RESULTS">Protocol 1: There was a significant reduction in mean HbA1c (P = 0.04) and blood glucose levels (P = 0.05) and in the time needed to teach how to correct blood glucose values using the Insulin Dosage Guide compared with the paper algorithm. Protocol 2: There was a decrease in mean HbA1c levels (P = 0.0001) and a decrease in the mean number of consecutive blood glucose levels (P = 0.001) over the 1-year time period. Protocol 3: With rapid-acting insulin, there was a significant increase in the percentage of blood glucose levels within the target range (1 month, P = 0.04; at 3 months, P = 0.03). With the insulin pump, there was a high rate (90%) of blood glucose levels in the target range during pump initiation when the Insulin Dosage Guide was used.</AbstractText><AbstractText Label="CONCLUSIONS" NlmCategory="CONCLUSIONS">This inexpensive hand-held plastic card, which is portable and easy to use, may help patients improve glycemia and successfully manage diabetes.</AbstractText></Abstract><AuthorList CompleteYN="Y"><Author ValidYN="Y"><LastName>Kaufman</LastName><ForeName>F R</ForeName><Initials>FR</Initials><AffiliationInfo><Affiliation>Childrens Hospital Los Angeles, Department of Pediatrics, University of Southern California, School of Medicine, California, USA. fkaufman@chla.usc.edu.</Affiliation></AffiliationInfo></Author><Author ValidYN="Y"><LastName>Halvorson</LastName><ForeName>M</ForeName><Initials>M</Initials></Author><Author ValidYN="Y"><LastName>Carpenter</LastName><ForeName>S</ForeName><Initials>S</Initials></Author></AuthorList><Language>eng</Language><PublicationTypeList><PublicationType UI="D016430">Clinical Trial</PublicationType><PublicationType UI="D016428">Journal Article</PublicationType><PublicationType UI="D016449">Randomized Controlled Trial</PublicationType><PublicationType UI="D013485">Research Support, Non-U.S. Gov't</PublicationType></PublicationTypeList></Article><MedlineJournalInfo><Country>United States</Country><MedlineTA>Diabetes Care</MedlineTA><NlmUniqueID>7805975</NlmUniqueID><ISSNLinking>0149-5992</ISSNLinking></MedlineJournalInfo><ChemicalList><Chemical><RegistryNumber>0</RegistryNumber><NameOfSubstance UI="D001786">Blood Glucose</NameOfSubstance></Chemical><Chemical><RegistryNumber>0</RegistryNumber><NameOfSubstance UI="D004040">Dietary Carbohydrates</NameOfSubstance></Chemical></ChemicalList><CitationSubset>IM</CitationSubset><MeshHeadingList><MeshHeading><DescriptorName UI="D000293" MajorTopicYN="N">Adolescent</DescriptorName></MeshHeading><MeshHeading><DescriptorName UI="D000328" MajorTopicYN="N">Adult</DescriptorName></MeshHeading><MeshHeading><DescriptorName UI="D001786" MajorTopicYN="N">Blood Glucose</DescriptorName><QualifierName UI="Q000378" MajorTopicYN="N">metabolism</QualifierName></MeshHeading><MeshHeading><DescriptorName UI="D002648" MajorTopicYN="N">Child</DescriptorName></MeshHeading><MeshHeading><DescriptorName UI="D002675" MajorTopicYN="N">Child, Preschool</DescriptorName></MeshHeading><MeshHeading><DescriptorName UI="D003922" MajorTopicYN="N">Diabetes Mellitus, Type 1</DescriptorName><QualifierName UI="Q000188" MajorTopicYN="Y">drug therapy</QualifierName><QualifierName UI="Q000378" MajorTopicYN="N">metabolism</QualifierName></MeshHeading><MeshHeading><DescriptorName UI="D004040" MajorTopicYN="N">Dietary Carbohydrates</DescriptorName><QualifierName UI="Q000494" MajorTopicYN="Y">pharmacology</QualifierName></MeshHeading><MeshHeading><DescriptorName UI="D004305" MajorTopicYN="N">Dose-Response Relationship, Drug</DescriptorName></MeshHeading><MeshHeading><DescriptorName UI="D006801" MajorTopicYN="N">Humans</DescriptorName></MeshHeading><MeshHeading><DescriptorName UI="D017410" MajorTopicYN="N">Practice Guidelines as Topic</DescriptorName></MeshHeading></MeshHeadingList></MedlineCitation><PubmedData><History><PubMedPubDate PubStatus="pubmed"><Year>1999</Year><Month>9</Month><Day>10</Day></PubMedPubDate><PubMedPubDate PubStatus="medline"><Year>1999</Year><Month>9</Month><Day>10</Day><Hour>0</Hour><Minute>1</Minute></PubMedPubDate><PubMedPubDate PubStatus="entrez"><Year>1999</Year><Month>9</Month><Day>10</Day><Hour>0</Hour><Minute>0</Minute></PubMedPubDate></History><PublicationStatus>ppublish</PublicationStatus><ArticleIdList><ArticleId IdType="pubmed">10480766</ArticleId><ArticleId IdType="doi">10.2337/diacare.22.8.1252</ArticleId></ArticleIdList></PubmedData></PubmedArticle></PubmedArticleSet>