<?xml version="1.0" ?>
<!DOCTYPE PubmedArticleSet PUBLIC "-//NLM//DTD PubMedArticle, 1st January 2019//EN" "https://dtd.nlm.nih.gov/ncbi/pubmed/out/pubmed_190101.dtd">
<PubmedArticleSet><PubmedArticle><MedlineCitation Status="MEDLINE" Owner="NLM"><PMID Version="1">10480523</PMID><DateCompleted><Year>1999</Year><Month>11</Month><Day>10</Day></DateCompleted><DateRevised><Year>2022</Year><Month>03</Month><Day>11</Day></DateRevised><Article PubModel="Print"><Journal><ISSN IssnType="Print">0149-5992</ISSN><JournalIssue CitedMedium="Print"><Volume>22</Volume><Issue>9</Issue><PubDate><Year>1999</Year><Month>Sep</Month></PubDate></JournalIssue><Title>Diabetes care</Title><ISOAbbreviation>Diabetes Care</ISOAbbreviation></Journal><ArticleTitle>Serum levels of advanced glycation end products are increased in patients with type 2 diabetes and coronary heart disease.</ArticleTitle><Pagination><MedlinePgn>1543-8</MedlinePgn></Pagination><Abstract><AbstractText Label="OBJECTIVE" NlmCategory="OBJECTIVE">To investigate whether serum levels of advanced glycation end products (AGEs) and the glycoxidation product Nepsilon-(carboxymethyl)lysine (CML) are increased in patients with type 2 diabetes compared with nondiabetic control subjects and whether levels of AGEs and/or CML differ in patients with type 2 diabetes with or without coronary heart disease (CHD).</AbstractText><AbstractText Label="RESEARCH DESIGN AND METHODS" NlmCategory="METHODS">Serum levels of AGEs and CML were measured with an immunoassay in 32 men and 21 women aged 59.3+/-6.2 years (means +/- SD) with type 2 diabetes for 7.3 + 3.1 years and in 17 men and 17 women aged 56.2+/-4.2 years without diabetes. Of the patients with diabetes, 18 had CHD.</AbstractText><AbstractText Label="RESULTS" NlmCategory="RESULTS">The serum levels of AGEs and CML were significantly increased in patients with type 2 diabetes compared with nondiabetic control subjects (median [5th-95th percentile]: AGEs 7.4 [4.4-10.9] vs. 4.2 [1.6-6.4] U/ml, P &lt; 0.0001; CML 15.6 [5.6-29.9] vs. 8.6 [4.4-25.9] U/ml, P &lt; 0.0001). The median level of AGEs but not CML was significantly increased in patients with type 2 diabetes and CHD compared with patients without CHD (8.1 [6.4-10.9] vs. 7.1 [3.5-9.8] U/ml, P = 0.03). There were significant positive correlations between serum levels of AGEs and CML in both patients and control subjects.</AbstractText><AbstractText Label="CONCLUSIONS" NlmCategory="CONCLUSIONS">Levels of AGEs and CML were significantly increased in patients with type 2 diabetes compared with nondiabetic control subjects, and levels of AGEs but not CML were significantly higher in patients with type 2 diabetes and CHD than in patients without diabetes. These results may indicate a role for non-CML AGEs in the development of macrovascular disease in patients with type 2 diabetes.</AbstractText></Abstract><AuthorList CompleteYN="Y"><Author ValidYN="Y"><LastName>Kilhovd</LastName><ForeName>B K</ForeName><Initials>BK</Initials><AffiliationInfo><Affiliation>Aker Diabetes Research Centre, Department of Endocrinology, Aker University Hospital, Oslo, Norway. b.k.kilhovd@ioks.uio.no</Affiliation></AffiliationInfo></Author><Author ValidYN="Y"><LastName>Berg</LastName><ForeName>T J</ForeName><Initials>TJ</Initials></Author><Author ValidYN="Y"><LastName>Birkeland</LastName><ForeName>K I</ForeName><Initials>KI</Initials></Author><Author ValidYN="Y"><LastName>Thorsby</LastName><ForeName>P</ForeName><Initials>P</Initials></Author><Author ValidYN="Y"><LastName>Hanssen</LastName><ForeName>K F</ForeName><Initials>KF</Initials></Author></AuthorList><Language>eng</Language><PublicationTypeList><PublicationType UI="D016430">Clinical Trial</PublicationType><PublicationType UI="D018848">Controlled Clinical Trial</PublicationType><PublicationType UI="D016428">Journal Article</PublicationType><PublicationType UI="D013485">Research Support, Non-U.S. Gov't</PublicationType></PublicationTypeList></Article><MedlineJournalInfo><Country>United States</Country><MedlineTA>Diabetes Care</MedlineTA><NlmUniqueID>7805975</NlmUniqueID><ISSNLinking>0149-5992</ISSNLinking></MedlineJournalInfo><ChemicalList><Chemical><RegistryNumber>0</RegistryNumber><NameOfSubstance UI="D000939">Epitopes</NameOfSubstance></Chemical><Chemical><RegistryNumber>0</RegistryNumber><NameOfSubstance UI="D017127">Glycation End Products, Advanced</NameOfSubstance></Chemical><Chemical><RegistryNumber>70YDX3Z2O7</RegistryNumber><NameOfSubstance UI="C048496">N(6)-carboxymethyllysine</NameOfSubstance></Chemical><Chemical><RegistryNumber>K3Z4F929H6</RegistryNumber><NameOfSubstance UI="D008239">Lysine</NameOfSubstance></Chemical></ChemicalList><CitationSubset>IM</CitationSubset><CommentsCorrectionsList><CommentsCorrections RefType="CommentIn"><RefSource>Diabetes Care. 2000 Sep;23(9):1441-2</RefSource><PMID Version="1">10977055</PMID></CommentsCorrections></CommentsCorrectionsList><MeshHeadingList><MeshHeading><DescriptorName UI="D000368" MajorTopicYN="N">Aged</DescriptorName></MeshHeading><MeshHeading><DescriptorName UI="D003327" MajorTopicYN="N">Coronary Disease</DescriptorName><QualifierName UI="Q000097" MajorTopicYN="Y">blood</QualifierName><QualifierName UI="Q000209" MajorTopicYN="N">etiology</QualifierName></MeshHeading><MeshHeading><DescriptorName UI="D003924" MajorTopicYN="N">Diabetes Mellitus, Type 2</DescriptorName><QualifierName UI="Q000097" MajorTopicYN="Y">blood</QualifierName></MeshHeading><MeshHeading><DescriptorName UI="D003925" MajorTopicYN="N">Diabetic Angiopathies</DescriptorName><QualifierName UI="Q000097" MajorTopicYN="Y">blood</QualifierName></MeshHeading><MeshHeading><DescriptorName UI="D000939" MajorTopicYN="N">Epitopes</DescriptorName><QualifierName UI="Q000097" MajorTopicYN="N">blood</QualifierName></MeshHeading><MeshHeading><DescriptorName UI="D005260" MajorTopicYN="N">Female</DescriptorName></MeshHeading><MeshHeading><DescriptorName UI="D017127" MajorTopicYN="N">Glycation End Products, Advanced</DescriptorName><QualifierName UI="Q000097" MajorTopicYN="Y">blood</QualifierName></MeshHeading><MeshHeading><DescriptorName UI="D006801" MajorTopicYN="N">Humans</DescriptorName></MeshHeading><MeshHeading><DescriptorName UI="D008239" MajorTopicYN="N">Lysine</DescriptorName><QualifierName UI="Q000031" MajorTopicYN="N">analogs &amp; derivatives</QualifierName><QualifierName UI="Q000276" MajorTopicYN="N">immunology</QualifierName></MeshHeading><MeshHeading><DescriptorName UI="D008297" MajorTopicYN="N">Male</DescriptorName></MeshHeading><MeshHeading><DescriptorName UI="D008875" MajorTopicYN="N">Middle Aged</DescriptorName></MeshHeading><MeshHeading><DescriptorName UI="D015999" MajorTopicYN="N">Multivariate Analysis</DescriptorName></MeshHeading><MeshHeading><DescriptorName UI="D012307" MajorTopicYN="N">Risk Factors</DescriptorName></MeshHeading></MeshHeadingList></MedlineCitation><PubmedData><History><PubMedPubDate PubStatus="pubmed"><Year>1999</Year><Month>9</Month><Day>10</Day></PubMedPubDate><PubMedPubDate PubStatus="medline"><Year>1999</Year><Month>9</Month><Day>10</Day><Hour>0</Hour><Minute>1</Minute></PubMedPubDate><PubMedPubDate PubStatus="entrez"><Year>1999</Year><Month>9</Month><Day>10</Day><Hour>0</Hour><Minute>0</Minute></PubMedPubDate></History><PublicationStatus>ppublish</PublicationStatus><ArticleIdList><ArticleId IdType="pubmed">10480523</ArticleId><ArticleId IdType="doi">10.2337/diacare.22.9.1543</ArticleId></ArticleIdList></PubmedData></PubmedArticle></PubmedArticleSet>